solid ascii
  facet normal 7.064577e-001 -7.072730e-001 -2.612251e-002
    outer loop
      vertex   -1.775139e+000 1.600000e+000 1.314575e-001
      vertex   -1.875099e+000 1.500000e+000 1.356566e-001
      vertex   -1.780000e+000 1.600000e+000 2.179871e-016
    endloop
  endfacet
  facet normal 7.035659e-001 -7.064985e-001 -7.651740e-002
    outer loop
      vertex   -1.775139e+000 1.600000e+000 1.314575e-001
      vertex   -1.860423e+000 1.500000e+000 2.706059e-001
      vertex   -1.875099e+000 1.500000e+000 1.356566e-001
    endloop
  endfacet
  facet normal 7.022132e-001 -7.076610e-001 -7.818188e-002
    outer loop
      vertex   -1.775139e+000 1.600000e+000 1.314575e-001
      vertex   -1.760583e+000 1.600000e+000 2.621970e-001
      vertex   -1.860423e+000 1.500000e+000 2.706059e-001
    endloop
  endfacet
  facet normal 6.965639e-001 -7.061385e-001 -1.271502e-001
    outer loop
      vertex   -1.860423e+000 1.500000e+000 2.706059e-001
      vertex   -1.760583e+000 1.600000e+000 2.621970e-001
      vertex   -1.836047e+000 1.500000e+000 4.041444e-001
    endloop
  endfacet
  facet normal 6.941590e-001 -7.080293e-001 -1.297608e-001
    outer loop
      vertex   -1.836047e+000 1.500000e+000 4.041444e-001
      vertex   -1.760583e+000 1.600000e+000 2.621970e-001
      vertex   -1.736411e+000 1.600000e+000 3.915045e-001
    endloop
  endfacet
  facet normal 6.823421e-001 -7.083779e-001 -1.805824e-001
    outer loop
      vertex   -1.802098e+000 1.500000e+000 5.355759e-001
      vertex   -1.736411e+000 1.600000e+000 3.915045e-001
      vertex   -1.702756e+000 1.600000e+000 5.186737e-001
    endloop
  endfacet
  facet normal 6.668300e-001 -7.087069e-001 -2.303740e-001
    outer loop
      vertex   -1.758755e+000 1.500000e+000 6.642152e-001
      vertex   -1.702756e+000 1.600000e+000 5.186737e-001
      vertex   -1.659801e+000 1.600000e+000 6.430102e-001
    endloop
  endfacet
  facet normal 6.477096e-001 -7.090165e-001 -2.788690e-001
    outer loop
      vertex   -1.706242e+000 1.500000e+000 7.893915e-001
      vertex   -1.659801e+000 1.600000e+000 6.430102e-001
      vertex   -1.607780e+000 1.600000e+000 7.638347e-001
    endloop
  endfacet
  facet normal 6.250869e-001 -7.093066e-001 -3.258076e-001
    outer loop
      vertex   -1.644833e+000 1.500000e+000 9.104523e-001
      vertex   -1.607780e+000 1.600000e+000 7.638347e-001
      vertex   -1.546978e+000 1.600000e+000 8.804874e-001
    endloop
  endfacet
  facet normal 5.990864e-001 -7.095773e-001 -3.709386e-001
    outer loop
      vertex   -1.574849e+000 1.500000e+000 1.026766e+000
      vertex   -1.546978e+000 1.600000e+000 8.804874e-001
      vertex   -1.477728e+000 1.600000e+000 9.923312e-001
    endloop
  endfacet
  facet normal 5.698507e-001 -7.098288e-001 -4.140208e-001
    outer loop
      vertex   -1.496655e+000 1.500000e+000 1.137728e+000
      vertex   -1.477728e+000 1.600000e+000 9.923312e-001
      vertex   -1.400406e+000 1.600000e+000 1.098755e+000
    endloop
  endfacet
  facet normal 5.375393e-001 -7.100611e-001 -4.548238e-001
    outer loop
      vertex   -1.410658e+000 1.500000e+000 1.242757e+000
      vertex   -1.400406e+000 1.600000e+000 1.098755e+000
      vertex   -1.315436e+000 1.600000e+000 1.199178e+000
    endloop
  endfacet
  facet normal 5.023281e-001 -7.102742e-001 -4.931298e-001
    outer loop
      vertex   -1.317306e+000 1.500000e+000 1.341307e+000
      vertex   -1.315436e+000 1.600000e+000 1.199178e+000
      vertex   -1.223281e+000 1.600000e+000 1.293052e+000
    endloop
  endfacet
  facet normal 4.644082e-001 -7.104682e-001 -5.287343e-001
    outer loop
      vertex   -1.217086e+000 1.500000e+000 1.432865e+000
      vertex   -1.223281e+000 1.600000e+000 1.293052e+000
      vertex   -1.124446e+000 1.600000e+000 1.379863e+000
    endloop
  endfacet
  facet normal 4.239852e-001 -7.106432e-001 -5.614471e-001
    outer loop
      vertex   -1.110521e+000 1.500000e+000 1.516952e+000
      vertex   -1.124446e+000 1.600000e+000 1.379863e+000
      vertex   -1.019469e+000 1.600000e+000 1.459138e+000
    endloop
  endfacet
  facet normal 3.812777e-001 -7.107991e-001 -5.910939e-001
    outer loop
      vertex   -9.981666e-001 1.500000e+000 1.593130e+000
      vertex   -1.019469e+000 1.600000e+000 1.459138e+000
      vertex   -9.089235e-001 1.600000e+000 1.530444e+000
    endloop
  endfacet
  facet normal 3.365165e-001 -7.109360e-001 -6.175165e-001
    outer loop
      vertex   -8.806079e-001 1.500000e+000 1.661003e+000
      vertex   -9.089235e-001 1.600000e+000 1.530444e+000
      vertex   -7.934143e-001 1.600000e+000 1.593391e+000
    endloop
  endfacet
  facet normal 2.899432e-001 -7.110540e-001 -6.405741e-001
    outer loop
      vertex   -7.584581e-001 1.500000e+000 1.720215e+000
      vertex   -7.934143e-001 1.600000e+000 1.593391e+000
      vertex   -6.735717e-001 1.600000e+000 1.647635e+000
    endloop
  endfacet
  facet normal 2.418089e-001 -7.111530e-001 -6.601438e-001
    outer loop
      vertex   -6.323541e-001 1.500000e+000 1.770460e+000
      vertex   -6.735717e-001 1.600000e+000 1.647635e+000
      vertex   -5.500502e-001 1.600000e+000 1.692881e+000
    endloop
  endfacet
  facet normal 1.923731e-001 -7.112332e-001 -6.761213e-001
    outer loop
      vertex   -5.029533e-001 1.500000e+000 1.811474e+000
      vertex   -5.500502e-001 1.600000e+000 1.692881e+000
      vertex   -4.235246e-001 1.600000e+000 1.728880e+000
    endloop
  endfacet
  facet normal 1.419020e-001 -7.112945e-001 -6.884214e-001
    outer loop
      vertex   -3.709303e-001 1.500000e+000 1.843044e+000
      vertex   -4.235246e-001 1.600000e+000 1.728880e+000
      vertex   -2.946859e-001 1.600000e+000 1.755437e+000
    endloop
  endfacet
  facet normal 9.066726e-002 -7.113369e-001 -6.969787e-001
    outer loop
      vertex   -2.369735e-001 1.500000e+000 1.865005e+000
      vertex   -2.946859e-001 1.600000e+000 1.755437e+000
      vertex   -1.642377e-001 1.600000e+000 1.772407e+000
    endloop
  endfacet
  facet normal 3.894470e-002 -7.113604e-001 -7.017476e-001
    outer loop
      vertex   -1.017811e-001 1.500000e+000 1.877243e+000
      vertex   -1.642377e-001 1.600000e+000 1.772407e+000
      vertex   -3.289245e-002 1.600000e+000 1.779696e+000
    endloop
  endfacet
  facet normal -1.298739e-002 -7.113652e-001 -7.027026e-001
    outer loop
      vertex   3.394180e-002 1.500000e+000 1.879694e+000
      vertex   -3.289245e-002 1.600000e+000 1.779696e+000
      vertex   9.863243e-002 1.600000e+000 1.777265e+000
    endloop
  endfacet
  facet normal -6.484961e-002 -7.113510e-001 -6.998387e-001
    outer loop
      vertex   1.694878e-001 1.500000e+000 1.872344e+000
      vertex   9.863243e-002 1.600000e+000 1.777265e+000
      vertex   2.296186e-001 1.600000e+000 1.765128e+000
    endloop
  endfacet
  facet normal -1.163629e-001 -7.113180e-001 -6.931712e-001
    outer loop
      vertex   3.041502e-001 1.500000e+000 1.855234e+000
      vertex   2.296186e-001 1.600000e+000 1.765128e+000
      vertex   3.593507e-001 1.600000e+000 1.743349e+000
    endloop
  endfacet
  facet normal -1.672501e-001 -7.112662e-001 -6.827355e-001
    outer loop
      vertex   4.372268e-001 1.500000e+000 1.828451e+000
      vertex   3.593507e-001 1.600000e+000 1.743349e+000
      vertex   4.871201e-001 1.600000e+000 1.712050e+000
    endloop
  endfacet
  facet normal -2.172372e-001 -7.111955e-001 -6.685873e-001
    outer loop
      vertex   5.680240e-001 1.500000e+000 1.792135e+000
      vertex   4.871201e-001 1.600000e+000 1.712050e+000
      vertex   6.122291e-001 1.600000e+000 1.671399e+000
    endloop
  endfacet
  facet normal -2.660551e-001 -7.111059e-001 -6.508019e-001
    outer loop
      vertex   6.958597e-001 1.500000e+000 1.746476e+000
      vertex   6.122291e-001 1.600000e+000 1.671399e+000
      vertex   7.339942e-001 1.600000e+000 1.621620e+000
    endloop
  endfacet
  facet normal -3.134408e-001 -7.109974e-001 -6.294741e-001
    outer loop
      vertex   8.200676e-001 1.500000e+000 1.691712e+000
      vertex   7.339942e-001 1.600000e+000 1.621620e+000
      vertex   8.517506e-001 1.600000e+000 1.562985e+000
    endloop
  endfacet
  facet normal -3.591389e-001 -7.108699e-001 -6.047175e-001
    outer loop
      vertex   9.400000e-001 1.500000e+000 1.628128e+000
      vertex   8.517506e-001 1.600000e+000 1.562985e+000
      vertex   9.648550e-001 1.600000e+000 1.495812e+000
    endloop
  endfacet
  facet normal -4.029028e-001 -7.107235e-001 -5.766641e-001
    outer loop
      vertex   1.055032e+000 1.500000e+000 1.556055e+000
      vertex   9.648550e-001 1.600000e+000 1.495812e+000
      vertex   1.072690e+000 1.600000e+000 1.420471e+000
    endloop
  endfacet
  facet normal -4.444962e-001 -7.105581e-001 -5.454634e-001
    outer loop
      vertex   1.164563e+000 1.500000e+000 1.475870e+000
      vertex   1.072690e+000 1.600000e+000 1.420471e+000
      vertex   1.174666e+000 1.600000e+000 1.337371e+000
    endloop
  endfacet
  facet normal -4.836942e-001 -7.103736e-001 -5.112820e-001
    outer loop
      vertex   1.268023e+000 1.500000e+000 1.387991e+000
      vertex   1.174666e+000 1.600000e+000 1.337371e+000
      vertex   1.270226e+000 1.600000e+000 1.246967e+000
    endloop
  endfacet
  facet normal -5.202846e-001 -7.101701e-001 -4.743021e-001
    outer loop
      vertex   1.364872e+000 1.500000e+000 1.292875e+000
      vertex   1.270226e+000 1.600000e+000 1.246967e+000
      vertex   1.358849e+000 1.600000e+000 1.149752e+000
    endloop
  endfacet
  facet normal -5.540688e-001 -7.099474e-001 -4.347211e-001
    outer loop
      vertex   1.454605e+000 1.500000e+000 1.191019e+000
      vertex   1.358849e+000 1.600000e+000 1.149752e+000
      vertex   1.440050e+000 1.600000e+000 1.046258e+000
    endloop
  endfacet
  facet normal -5.848634e-001 -7.097055e-001 -3.927505e-001
    outer loop
      vertex   1.536754e+000 1.500000e+000 1.082953e+000
      vertex   1.440050e+000 1.600000e+000 1.046258e+000
      vertex   1.513387e+000 1.600000e+000 9.370492e-001
    endloop
  endfacet
  facet normal -6.125004e-001 -7.094444e-001 -3.486144e-001
    outer loop
      vertex   1.610891e+000 1.500000e+000 9.692413e-001
      vertex   1.513387e+000 1.600000e+000 9.370492e-001
      vertex   1.578457e+000 1.600000e+000 8.227229e-001
    endloop
  endfacet
  facet normal -6.368287e-001 -7.091639e-001 -3.025488e-001
    outer loop
      vertex   1.676631e+000 1.500000e+000 8.504763e-001
      vertex   1.578457e+000 1.600000e+000 8.227229e-001
      vertex   1.634907e+000 1.600000e+000 7.039031e-001
    endloop
  endfacet
  facet normal -6.577147e-001 -7.088641e-001 -2.548000e-001
    outer loop
      vertex   1.733628e+000 1.500000e+000 7.272775e-001
      vertex   1.634907e+000 1.600000e+000 7.039031e-001
      vertex   1.682427e+000 1.600000e+000 5.812389e-001
    endloop
  endfacet
  facet normal -6.750430e-001 -7.085448e-001 -2.056238e-001
    outer loop
      vertex   1.781588e+000 1.500000e+000 6.002869e-001
      vertex   1.682427e+000 1.600000e+000 5.812389e-001
      vertex   1.720759e+000 1.600000e+000 4.554001e-001
    endloop
  endfacet
  facet normal -6.887171e-001 -7.082060e-001 -1.552834e-001
    outer loop
      vertex   1.820259e+000 1.500000e+000 4.701667e-001
      vertex   1.720759e+000 1.600000e+000 4.554001e-001
      vertex   1.749692e+000 1.600000e+000 3.270741e-001
    endloop
  endfacet
  facet normal -6.986598e-001 -7.078476e-001 -1.040488e-001
    outer loop
      vertex   1.849440e+000 1.500000e+000 3.375952e-001
      vertex   1.749692e+000 1.600000e+000 3.270741e-001
      vertex   1.769069e+000 1.600000e+000 1.969618e-001
    endloop
  endfacet
  facet normal -7.048139e-001 -7.074695e-001 -5.219482e-002
    outer loop
      vertex   1.868979e+000 1.500000e+000 2.032638e-001
      vertex   1.769069e+000 1.600000e+000 1.969618e-001
      vertex   1.778784e+000 1.600000e+000 6.577367e-002
    endloop
  endfacet
  facet normal -7.071420e-001 -7.070716e-001 -0.000000e+000
    outer loop
      vertex   1.878774e+000 1.500000e+000 6.787254e-002
      vertex   1.778784e+000 1.600000e+000 6.577367e-002
      vertex   1.778784e+000 1.600000e+000 -6.577367e-002
    endloop
  endfacet
  facet normal -7.056838e-001 -7.066851e-001 5.105364e-002
    outer loop
      vertex   1.878774e+000 1.500000e+000 -6.787254e-002
      vertex   1.778784e+000 1.600000e+000 -6.577367e-002
      vertex   1.868979e+000 1.500000e+000 -2.032638e-001
    endloop
  endfacet
  facet normal -7.071420e-001 -7.070716e-001 0.000000e+000
    outer loop
      vertex   1.878774e+000 1.500000e+000 -6.787254e-002
      vertex   1.878774e+000 1.500000e+000 6.787254e-002
      vertex   1.778784e+000 1.600000e+000 -6.577367e-002
    endloop
  endfacet
  facet normal 6.859037e-001 -7.057961e-001 -1.771666e-001
    outer loop
      vertex   -1.836047e+000 1.500000e+000 4.041444e-001
      vertex   -1.736411e+000 1.600000e+000 3.915045e-001
      vertex   -1.802098e+000 1.500000e+000 5.355759e-001
    endloop
  endfacet
  facet normal 6.716380e-001 -7.054716e-001 -2.263012e-001
    outer loop
      vertex   -1.802098e+000 1.500000e+000 5.355759e-001
      vertex   -1.702756e+000 1.600000e+000 5.186737e-001
      vertex   -1.758755e+000 1.500000e+000 6.642152e-001
    endloop
  endfacet
  facet normal 6.538392e-001 -7.051649e-001 -2.742932e-001
    outer loop
      vertex   -1.758755e+000 1.500000e+000 6.642152e-001
      vertex   -1.659801e+000 1.600000e+000 6.430102e-001
      vertex   -1.706242e+000 1.500000e+000 7.893915e-001
    endloop
  endfacet
  facet normal 6.325983e-001 -7.048762e-001 -3.208876e-001
    outer loop
      vertex   -1.706242e+000 1.500000e+000 7.893915e-001
      vertex   -1.607780e+000 1.600000e+000 7.638347e-001
      vertex   -1.644833e+000 1.500000e+000 9.104523e-001
    endloop
  endfacet
  facet normal 6.080252e-001 -7.046055e-001 -3.658366e-001
    outer loop
      vertex   -1.644833e+000 1.500000e+000 9.104523e-001
      vertex   -1.546978e+000 1.600000e+000 8.804874e-001
      vertex   -1.574849e+000 1.500000e+000 1.026766e+000
    endloop
  endfacet
  facet normal 5.802472e-001 -7.043529e-001 -4.089012e-001
    outer loop
      vertex   -1.574849e+000 1.500000e+000 1.026766e+000
      vertex   -1.477728e+000 1.600000e+000 9.923312e-001
      vertex   -1.496655e+000 1.500000e+000 1.137728e+000
    endloop
  endfacet
  facet normal 5.494093e-001 -7.041184e-001 -4.498519e-001
    outer loop
      vertex   -1.496655e+000 1.500000e+000 1.137728e+000
      vertex   -1.400406e+000 1.600000e+000 1.098755e+000
      vertex   -1.410658e+000 1.500000e+000 1.242757e+000
    endloop
  endfacet
  facet normal 5.156725e-001 -7.039021e-001 -4.884709e-001
    outer loop
      vertex   -1.410658e+000 1.500000e+000 1.242757e+000
      vertex   -1.315436e+000 1.600000e+000 1.199178e+000
      vertex   -1.317306e+000 1.500000e+000 1.341307e+000
    endloop
  endfacet
  facet normal 4.792136e-001 -7.037040e-001 -5.245522e-001
    outer loop
      vertex   -1.317306e+000 1.500000e+000 1.341307e+000
      vertex   -1.223281e+000 1.600000e+000 1.293052e+000
      vertex   -1.217086e+000 1.500000e+000 1.432865e+000
    endloop
  endfacet
  facet normal 4.402242e-001 -7.035242e-001 -5.579036e-001
    outer loop
      vertex   -1.217086e+000 1.500000e+000 1.432865e+000
      vertex   -1.124446e+000 1.600000e+000 1.379863e+000
      vertex   -1.110521e+000 1.500000e+000 1.516952e+000
    endloop
  endfacet
  facet normal 3.989092e-001 -7.033627e-001 -5.883471e-001
    outer loop
      vertex   -1.110521e+000 1.500000e+000 1.516952e+000
      vertex   -1.019469e+000 1.600000e+000 1.459138e+000
      vertex   -9.981666e-001 1.500000e+000 1.593130e+000
    endloop
  endfacet
  facet normal 3.554864e-001 -7.032196e-001 -6.157204e-001
    outer loop
      vertex   -9.981666e-001 1.500000e+000 1.593130e+000
      vertex   -9.089235e-001 1.600000e+000 1.530444e+000
      vertex   -8.806079e-001 1.500000e+000 1.661003e+000
    endloop
  endfacet
  facet normal 3.101845e-001 -7.030949e-001 -6.398775e-001
    outer loop
      vertex   -8.806079e-001 1.500000e+000 1.661003e+000
      vertex   -7.934143e-001 1.600000e+000 1.593391e+000
      vertex   -7.584581e-001 1.500000e+000 1.720215e+000
    endloop
  endfacet
  facet normal 2.632427e-001 -7.029886e-001 -6.606893e-001
    outer loop
      vertex   -7.584581e-001 1.500000e+000 1.720215e+000
      vertex   -6.735717e-001 1.600000e+000 1.647635e+000
      vertex   -6.323541e-001 1.500000e+000 1.770460e+000
    endloop
  endfacet
  facet normal 2.149088e-001 -7.029007e-001 -6.780448e-001
    outer loop
      vertex   -6.323541e-001 1.500000e+000 1.770460e+000
      vertex   -5.500502e-001 1.600000e+000 1.692881e+000
      vertex   -5.029533e-001 1.500000e+000 1.811474e+000
    endloop
  endfacet
  facet normal 1.654384e-001 -7.028314e-001 -6.918513e-001
    outer loop
      vertex   -5.029533e-001 1.500000e+000 1.811474e+000
      vertex   -4.235246e-001 1.600000e+000 1.728880e+000
      vertex   -3.709303e-001 1.500000e+000 1.843044e+000
    endloop
  endfacet
  facet normal 1.150928e-001 -7.027805e-001 -7.020351e-001
    outer loop
      vertex   -3.709303e-001 1.500000e+000 1.843044e+000
      vertex   -2.946859e-001 1.600000e+000 1.755437e+000
      vertex   -2.369735e-001 1.500000e+000 1.865005e+000
    endloop
  endfacet
  facet normal 6.413840e-002 -7.027481e-001 -7.085417e-001
    outer loop
      vertex   -2.369735e-001 1.500000e+000 1.865005e+000
      vertex   -1.642377e-001 1.600000e+000 1.772407e+000
      vertex   -1.017811e-001 1.500000e+000 1.877243e+000
    endloop
  endfacet
  facet normal 1.284467e-002 -7.027342e-001 -7.113365e-001
    outer loop
      vertex   -1.017811e-001 1.500000e+000 1.877243e+000
      vertex   -3.289245e-002 1.600000e+000 1.779696e+000
      vertex   3.394180e-002 1.500000e+000 1.879694e+000
    endloop
  endfacet
  facet normal -3.851701e-002 -7.027388e-001 -7.104045e-001
    outer loop
      vertex   3.394180e-002 1.500000e+000 1.879694e+000
      vertex   9.863243e-002 1.600000e+000 1.777265e+000
      vertex   1.694878e-001 1.500000e+000 1.872344e+000
    endloop
  endfacet
  facet normal -8.967492e-002 -7.027620e-001 -7.057507e-001
    outer loop
      vertex   1.694878e-001 1.500000e+000 1.872344e+000
      vertex   2.296186e-001 1.600000e+000 1.765128e+000
      vertex   3.041502e-001 1.500000e+000 1.855234e+000
    endloop
  endfacet
  facet normal -1.403584e-001 -7.028036e-001 -6.973999e-001
    outer loop
      vertex   3.041502e-001 1.500000e+000 1.855234e+000
      vertex   3.593507e-001 1.600000e+000 1.743349e+000
      vertex   4.372268e-001 1.500000e+000 1.828451e+000
    endloop
  endfacet
  facet normal -1.902995e-001 -7.028637e-001 -6.853967e-001
    outer loop
      vertex   4.372268e-001 1.500000e+000 1.828451e+000
      vertex   4.871201e-001 1.600000e+000 1.712050e+000
      vertex   5.680240e-001 1.500000e+000 1.792135e+000
    endloop
  endfacet
  facet normal -2.392340e-001 -7.029423e-001 -6.698053e-001
    outer loop
      vertex   5.680240e-001 1.500000e+000 1.792135e+000
      vertex   6.122291e-001 1.600000e+000 1.671399e+000
      vertex   6.958597e-001 1.500000e+000 1.746476e+000
    endloop
  endfacet
  facet normal -2.869033e-001 -7.030394e-001 -6.507089e-001
    outer loop
      vertex   6.958597e-001 1.500000e+000 1.746476e+000
      vertex   7.339942e-001 1.600000e+000 1.621620e+000
      vertex   8.200676e-001 1.500000e+000 1.691712e+000
    endloop
  endfacet
  facet normal -3.330556e-001 -7.031549e-001 -6.282095e-001
    outer loop
      vertex   8.200676e-001 1.500000e+000 1.691712e+000
      vertex   8.517506e-001 1.600000e+000 1.562985e+000
      vertex   9.400000e-001 1.500000e+000 1.628128e+000
    endloop
  endfacet
  facet normal -3.774472e-001 -7.032888e-001 -6.024271e-001
    outer loop
      vertex   9.400000e-001 1.500000e+000 1.628128e+000
      vertex   9.648550e-001 1.600000e+000 1.495812e+000
      vertex   1.055032e+000 1.500000e+000 1.556055e+000
    endloop
  endfacet
  facet normal -4.198441e-001 -7.034411e-001 -5.734993e-001
    outer loop
      vertex   1.055032e+000 1.500000e+000 1.556055e+000
      vertex   1.072690e+000 1.600000e+000 1.420471e+000
      vertex   1.164563e+000 1.500000e+000 1.475870e+000
    endloop
  endfacet
  facet normal -4.600227e-001 -7.036118e-001 -5.415806e-001
    outer loop
      vertex   1.164563e+000 1.500000e+000 1.475870e+000
      vertex   1.174666e+000 1.600000e+000 1.337371e+000
      vertex   1.268023e+000 1.500000e+000 1.387991e+000
    endloop
  endfacet
  facet normal -4.977717e-001 -7.038007e-001 -5.068411e-001
    outer loop
      vertex   1.268023e+000 1.500000e+000 1.387991e+000
      vertex   1.270226e+000 1.600000e+000 1.246967e+000
      vertex   1.364872e+000 1.500000e+000 1.292875e+000
    endloop
  endfacet
  facet normal -5.328925e-001 -7.040079e-001 -4.694661e-001
    outer loop
      vertex   1.364872e+000 1.500000e+000 1.292875e+000
      vertex   1.358849e+000 1.600000e+000 1.149752e+000
      vertex   1.454605e+000 1.500000e+000 1.191019e+000
    endloop
  endfacet
  facet normal -5.652011e-001 -7.042334e-001 -4.296547e-001
    outer loop
      vertex   1.454605e+000 1.500000e+000 1.191019e+000
      vertex   1.440050e+000 1.600000e+000 1.046258e+000
      vertex   1.536754e+000 1.500000e+000 1.082953e+000
    endloop
  endfacet
  facet normal -5.945282e-001 -7.044769e-001 -3.876190e-001
    outer loop
      vertex   1.536754e+000 1.500000e+000 1.082953e+000
      vertex   1.513387e+000 1.600000e+000 9.370492e-001
      vertex   1.610891e+000 1.500000e+000 9.692413e-001
    endloop
  endfacet
  facet normal -6.207207e-001 -7.047386e-001 -3.435829e-001
    outer loop
      vertex   1.610891e+000 1.500000e+000 9.692413e-001
      vertex   1.578457e+000 1.600000e+000 8.227229e-001
      vertex   1.676631e+000 1.500000e+000 8.504763e-001
    endloop
  endfacet
  facet normal -6.436426e-001 -7.050183e-001 -2.977808e-001
    outer loop
      vertex   1.676631e+000 1.500000e+000 8.504763e-001
      vertex   1.634907e+000 1.600000e+000 7.039031e-001
      vertex   1.733628e+000 1.500000e+000 7.272775e-001
    endloop
  endfacet
  facet normal -6.631750e-001 -7.053160e-001 -2.504561e-001
    outer loop
      vertex   1.733628e+000 1.500000e+000 7.272775e-001
      vertex   1.682427e+000 1.600000e+000 5.812389e-001
      vertex   1.781588e+000 1.500000e+000 6.002869e-001
    endloop
  endfacet
  facet normal -6.792174e-001 -7.056316e-001 -2.018605e-001
    outer loop
      vertex   1.781588e+000 1.500000e+000 6.002869e-001
      vertex   1.720759e+000 1.600000e+000 4.554001e-001
      vertex   1.820259e+000 1.500000e+000 4.701667e-001
    endloop
  endfacet
  facet normal -6.916882e-001 -7.059651e-001 -1.522521e-001
    outer loop
      vertex   1.820259e+000 1.500000e+000 4.701667e-001
      vertex   1.749692e+000 1.600000e+000 3.270741e-001
      vertex   1.849440e+000 1.500000e+000 3.375952e-001
    endloop
  endfacet
  facet normal -7.005247e-001 -7.063163e-001 -1.018941e-001
    outer loop
      vertex   1.849440e+000 1.500000e+000 3.375952e-001
      vertex   1.769069e+000 1.600000e+000 1.969618e-001
      vertex   1.868979e+000 1.500000e+000 2.032638e-001
    endloop
  endfacet
  facet normal -7.056838e-001 -7.066851e-001 -5.105364e-002
    outer loop
      vertex   1.868979e+000 1.500000e+000 2.032638e-001
      vertex   1.778784e+000 1.600000e+000 6.577367e-002
      vertex   1.878774e+000 1.500000e+000 6.787254e-002
    endloop
  endfacet
  facet normal -7.048139e-001 -7.074695e-001 5.219482e-002
    outer loop
      vertex   1.778784e+000 1.600000e+000 -6.577367e-002
      vertex   1.769069e+000 1.600000e+000 -1.969618e-001
      vertex   1.868979e+000 1.500000e+000 -2.032638e-001
    endloop
  endfacet
  facet normal -7.005247e-001 -7.063163e-001 1.018941e-001
    outer loop
      vertex   1.868979e+000 1.500000e+000 -2.032638e-001
      vertex   1.769069e+000 1.600000e+000 -1.969618e-001
      vertex   1.849440e+000 1.500000e+000 -3.375952e-001
    endloop
  endfacet
  facet normal -6.986598e-001 -7.078476e-001 1.040488e-001
    outer loop
      vertex   1.849440e+000 1.500000e+000 -3.375952e-001
      vertex   1.769069e+000 1.600000e+000 -1.969618e-001
      vertex   1.749692e+000 1.600000e+000 -3.270741e-001
    endloop
  endfacet
  facet normal -6.887171e-001 -7.082060e-001 1.552834e-001
    outer loop
      vertex   1.820259e+000 1.500000e+000 -4.701667e-001
      vertex   1.749692e+000 1.600000e+000 -3.270741e-001
      vertex   1.720759e+000 1.600000e+000 -4.554001e-001
    endloop
  endfacet
  facet normal -6.750430e-001 -7.085448e-001 2.056238e-001
    outer loop
      vertex   1.781588e+000 1.500000e+000 -6.002869e-001
      vertex   1.720759e+000 1.600000e+000 -4.554001e-001
      vertex   1.682427e+000 1.600000e+000 -5.812389e-001
    endloop
  endfacet
  facet normal -6.577147e-001 -7.088641e-001 2.548000e-001
    outer loop
      vertex   1.733628e+000 1.500000e+000 -7.272775e-001
      vertex   1.682427e+000 1.600000e+000 -5.812389e-001
      vertex   1.634907e+000 1.600000e+000 -7.039031e-001
    endloop
  endfacet
  facet normal -6.368287e-001 -7.091639e-001 3.025488e-001
    outer loop
      vertex   1.676631e+000 1.500000e+000 -8.504763e-001
      vertex   1.634907e+000 1.600000e+000 -7.039031e-001
      vertex   1.578457e+000 1.600000e+000 -8.227229e-001
    endloop
  endfacet
  facet normal -6.125004e-001 -7.094444e-001 3.486144e-001
    outer loop
      vertex   1.610891e+000 1.500000e+000 -9.692413e-001
      vertex   1.578457e+000 1.600000e+000 -8.227229e-001
      vertex   1.513387e+000 1.600000e+000 -9.370492e-001
    endloop
  endfacet
  facet normal -5.848634e-001 -7.097055e-001 3.927505e-001
    outer loop
      vertex   1.536754e+000 1.500000e+000 -1.082953e+000
      vertex   1.513387e+000 1.600000e+000 -9.370492e-001
      vertex   1.440050e+000 1.600000e+000 -1.046258e+000
    endloop
  endfacet
  facet normal -5.540688e-001 -7.099474e-001 4.347211e-001
    outer loop
      vertex   1.454605e+000 1.500000e+000 -1.191019e+000
      vertex   1.440050e+000 1.600000e+000 -1.046258e+000
      vertex   1.358849e+000 1.600000e+000 -1.149752e+000
    endloop
  endfacet
  facet normal -5.202846e-001 -7.101701e-001 4.743021e-001
    outer loop
      vertex   1.364872e+000 1.500000e+000 -1.292875e+000
      vertex   1.358849e+000 1.600000e+000 -1.149752e+000
      vertex   1.270226e+000 1.600000e+000 -1.246967e+000
    endloop
  endfacet
  facet normal -4.836942e-001 -7.103736e-001 5.112820e-001
    outer loop
      vertex   1.268023e+000 1.500000e+000 -1.387991e+000
      vertex   1.270226e+000 1.600000e+000 -1.246967e+000
      vertex   1.174666e+000 1.600000e+000 -1.337371e+000
    endloop
  endfacet
  facet normal -4.444962e-001 -7.105581e-001 5.454634e-001
    outer loop
      vertex   1.164563e+000 1.500000e+000 -1.475870e+000
      vertex   1.174666e+000 1.600000e+000 -1.337371e+000
      vertex   1.072690e+000 1.600000e+000 -1.420471e+000
    endloop
  endfacet
  facet normal -4.029028e-001 -7.107235e-001 5.766641e-001
    outer loop
      vertex   1.055032e+000 1.500000e+000 -1.556055e+000
      vertex   1.072690e+000 1.600000e+000 -1.420471e+000
      vertex   9.648550e-001 1.600000e+000 -1.495812e+000
    endloop
  endfacet
  facet normal -3.591389e-001 -7.108699e-001 6.047175e-001
    outer loop
      vertex   9.400000e-001 1.500000e+000 -1.628128e+000
      vertex   9.648550e-001 1.600000e+000 -1.495812e+000
      vertex   8.517506e-001 1.600000e+000 -1.562985e+000
    endloop
  endfacet
  facet normal -3.134408e-001 -7.109974e-001 6.294741e-001
    outer loop
      vertex   8.200676e-001 1.500000e+000 -1.691712e+000
      vertex   8.517506e-001 1.600000e+000 -1.562985e+000
      vertex   7.339942e-001 1.600000e+000 -1.621620e+000
    endloop
  endfacet
  facet normal -2.660551e-001 -7.111059e-001 6.508019e-001
    outer loop
      vertex   6.958597e-001 1.500000e+000 -1.746476e+000
      vertex   7.339942e-001 1.600000e+000 -1.621620e+000
      vertex   6.122291e-001 1.600000e+000 -1.671399e+000
    endloop
  endfacet
  facet normal -2.172372e-001 -7.111955e-001 6.685873e-001
    outer loop
      vertex   5.680240e-001 1.500000e+000 -1.792135e+000
      vertex   6.122291e-001 1.600000e+000 -1.671399e+000
      vertex   4.871201e-001 1.600000e+000 -1.712050e+000
    endloop
  endfacet
  facet normal -1.672501e-001 -7.112662e-001 6.827355e-001
    outer loop
      vertex   4.372268e-001 1.500000e+000 -1.828451e+000
      vertex   4.871201e-001 1.600000e+000 -1.712050e+000
      vertex   3.593507e-001 1.600000e+000 -1.743349e+000
    endloop
  endfacet
  facet normal -1.163629e-001 -7.113180e-001 6.931712e-001
    outer loop
      vertex   3.041502e-001 1.500000e+000 -1.855234e+000
      vertex   3.593507e-001 1.600000e+000 -1.743349e+000
      vertex   2.296186e-001 1.600000e+000 -1.765128e+000
    endloop
  endfacet
  facet normal -6.484961e-002 -7.113510e-001 6.998387e-001
    outer loop
      vertex   1.694878e-001 1.500000e+000 -1.872344e+000
      vertex   2.296186e-001 1.600000e+000 -1.765128e+000
      vertex   9.863243e-002 1.600000e+000 -1.777265e+000
    endloop
  endfacet
  facet normal -1.298739e-002 -7.113652e-001 7.027026e-001
    outer loop
      vertex   3.394180e-002 1.500000e+000 -1.879694e+000
      vertex   9.863243e-002 1.600000e+000 -1.777265e+000
      vertex   -3.289245e-002 1.600000e+000 -1.779696e+000
    endloop
  endfacet
  facet normal 3.894470e-002 -7.113604e-001 7.017476e-001
    outer loop
      vertex   -1.017811e-001 1.500000e+000 -1.877243e+000
      vertex   -3.289245e-002 1.600000e+000 -1.779696e+000
      vertex   -1.642377e-001 1.600000e+000 -1.772407e+000
    endloop
  endfacet
  facet normal 9.066726e-002 -7.113369e-001 6.969787e-001
    outer loop
      vertex   -2.369735e-001 1.500000e+000 -1.865005e+000
      vertex   -1.642377e-001 1.600000e+000 -1.772407e+000
      vertex   -2.946859e-001 1.600000e+000 -1.755437e+000
    endloop
  endfacet
  facet normal 1.419020e-001 -7.112945e-001 6.884214e-001
    outer loop
      vertex   -3.709303e-001 1.500000e+000 -1.843044e+000
      vertex   -2.946859e-001 1.600000e+000 -1.755437e+000
      vertex   -4.235246e-001 1.600000e+000 -1.728880e+000
    endloop
  endfacet
  facet normal 1.923731e-001 -7.112332e-001 6.761213e-001
    outer loop
      vertex   -5.029533e-001 1.500000e+000 -1.811474e+000
      vertex   -4.235246e-001 1.600000e+000 -1.728880e+000
      vertex   -5.500502e-001 1.600000e+000 -1.692881e+000
    endloop
  endfacet
  facet normal 2.418089e-001 -7.111530e-001 6.601438e-001
    outer loop
      vertex   -6.323541e-001 1.500000e+000 -1.770460e+000
      vertex   -5.500502e-001 1.600000e+000 -1.692881e+000
      vertex   -6.735717e-001 1.600000e+000 -1.647635e+000
    endloop
  endfacet
  facet normal 2.899432e-001 -7.110540e-001 6.405741e-001
    outer loop
      vertex   -7.584581e-001 1.500000e+000 -1.720215e+000
      vertex   -6.735717e-001 1.600000e+000 -1.647635e+000
      vertex   -7.934143e-001 1.600000e+000 -1.593391e+000
    endloop
  endfacet
  facet normal 3.365165e-001 -7.109360e-001 6.175165e-001
    outer loop
      vertex   -8.806079e-001 1.500000e+000 -1.661003e+000
      vertex   -7.934143e-001 1.600000e+000 -1.593391e+000
      vertex   -9.089235e-001 1.600000e+000 -1.530444e+000
    endloop
  endfacet
  facet normal 3.812777e-001 -7.107991e-001 5.910939e-001
    outer loop
      vertex   -9.981666e-001 1.500000e+000 -1.593130e+000
      vertex   -9.089235e-001 1.600000e+000 -1.530444e+000
      vertex   -1.019469e+000 1.600000e+000 -1.459138e+000
    endloop
  endfacet
  facet normal 4.239852e-001 -7.106432e-001 5.614471e-001
    outer loop
      vertex   -1.110521e+000 1.500000e+000 -1.516952e+000
      vertex   -1.019469e+000 1.600000e+000 -1.459138e+000
      vertex   -1.124446e+000 1.600000e+000 -1.379863e+000
    endloop
  endfacet
  facet normal 4.644082e-001 -7.104682e-001 5.287343e-001
    outer loop
      vertex   -1.217086e+000 1.500000e+000 -1.432865e+000
      vertex   -1.124446e+000 1.600000e+000 -1.379863e+000
      vertex   -1.223281e+000 1.600000e+000 -1.293052e+000
    endloop
  endfacet
  facet normal 5.023281e-001 -7.102742e-001 4.931298e-001
    outer loop
      vertex   -1.317306e+000 1.500000e+000 -1.341307e+000
      vertex   -1.223281e+000 1.600000e+000 -1.293052e+000
      vertex   -1.315436e+000 1.600000e+000 -1.199178e+000
    endloop
  endfacet
  facet normal 5.375393e-001 -7.100611e-001 4.548238e-001
    outer loop
      vertex   -1.410658e+000 1.500000e+000 -1.242757e+000
      vertex   -1.315436e+000 1.600000e+000 -1.199178e+000
      vertex   -1.400406e+000 1.600000e+000 -1.098755e+000
    endloop
  endfacet
  facet normal 5.698507e-001 -7.098288e-001 4.140208e-001
    outer loop
      vertex   -1.496655e+000 1.500000e+000 -1.137728e+000
      vertex   -1.400406e+000 1.600000e+000 -1.098755e+000
      vertex   -1.477728e+000 1.600000e+000 -9.923312e-001
    endloop
  endfacet
  facet normal 5.990864e-001 -7.095773e-001 3.709386e-001
    outer loop
      vertex   -1.574849e+000 1.500000e+000 -1.026766e+000
      vertex   -1.477728e+000 1.600000e+000 -9.923312e-001
      vertex   -1.546978e+000 1.600000e+000 -8.804874e-001
    endloop
  endfacet
  facet normal 6.250869e-001 -7.093066e-001 3.258076e-001
    outer loop
      vertex   -1.644833e+000 1.500000e+000 -9.104523e-001
      vertex   -1.546978e+000 1.600000e+000 -8.804874e-001
      vertex   -1.607780e+000 1.600000e+000 -7.638347e-001
    endloop
  endfacet
  facet normal 6.477096e-001 -7.090165e-001 2.788690e-001
    outer loop
      vertex   -1.706242e+000 1.500000e+000 -7.893915e-001
      vertex   -1.607780e+000 1.600000e+000 -7.638347e-001
      vertex   -1.659801e+000 1.600000e+000 -6.430102e-001
    endloop
  endfacet
  facet normal 6.668300e-001 -7.087069e-001 2.303740e-001
    outer loop
      vertex   -1.758755e+000 1.500000e+000 -6.642152e-001
      vertex   -1.659801e+000 1.600000e+000 -6.430102e-001
      vertex   -1.702756e+000 1.600000e+000 -5.186737e-001
    endloop
  endfacet
  facet normal 6.823421e-001 -7.083779e-001 1.805824e-001
    outer loop
      vertex   -1.802098e+000 1.500000e+000 -5.355759e-001
      vertex   -1.702756e+000 1.600000e+000 -5.186737e-001
      vertex   -1.736411e+000 1.600000e+000 -3.915045e-001
    endloop
  endfacet
  facet normal 6.941590e-001 -7.080293e-001 1.297608e-001
    outer loop
      vertex   -1.836047e+000 1.500000e+000 -4.041444e-001
      vertex   -1.736411e+000 1.600000e+000 -3.915045e-001
      vertex   -1.760583e+000 1.600000e+000 -2.621970e-001
    endloop
  endfacet
  facet normal 7.022132e-001 -7.076610e-001 7.818188e-002
    outer loop
      vertex   -1.860423e+000 1.500000e+000 -2.706059e-001
      vertex   -1.760583e+000 1.600000e+000 -2.621970e-001
      vertex   -1.775139e+000 1.600000e+000 -1.314575e-001
    endloop
  endfacet
  facet normal 7.064577e-001 -7.072730e-001 2.612251e-002
    outer loop
      vertex   -1.875099e+000 1.500000e+000 -1.356566e-001
      vertex   -1.775139e+000 1.600000e+000 -1.314575e-001
      vertex   -1.780000e+000 1.600000e+000 2.179871e-016
    endloop
  endfacet
  facet normal 7.068762e-001 -7.068762e-001 -2.553658e-002
    outer loop
      vertex   -1.880000e+000 1.500000e+000 -2.302336e-016
      vertex   -1.780000e+000 1.600000e+000 2.179871e-016
      vertex   -1.875099e+000 1.500000e+000 1.356566e-001
    endloop
  endfacet
  facet normal 7.068762e-001 -7.068762e-001 2.553658e-002
    outer loop
      vertex   -1.880000e+000 1.500000e+000 -2.302336e-016
      vertex   -1.875099e+000 1.500000e+000 -1.356566e-001
      vertex   -1.780000e+000 1.600000e+000 2.179871e-016
    endloop
  endfacet
  facet normal -6.916882e-001 -7.059651e-001 1.522521e-001
    outer loop
      vertex   1.849440e+000 1.500000e+000 -3.375952e-001
      vertex   1.749692e+000 1.600000e+000 -3.270741e-001
      vertex   1.820259e+000 1.500000e+000 -4.701667e-001
    endloop
  endfacet
  facet normal -6.792174e-001 -7.056316e-001 2.018605e-001
    outer loop
      vertex   1.820259e+000 1.500000e+000 -4.701667e-001
      vertex   1.720759e+000 1.600000e+000 -4.554001e-001
      vertex   1.781588e+000 1.500000e+000 -6.002869e-001
    endloop
  endfacet
  facet normal -6.631750e-001 -7.053160e-001 2.504561e-001
    outer loop
      vertex   1.781588e+000 1.500000e+000 -6.002869e-001
      vertex   1.682427e+000 1.600000e+000 -5.812389e-001
      vertex   1.733628e+000 1.500000e+000 -7.272775e-001
    endloop
  endfacet
  facet normal -6.436426e-001 -7.050183e-001 2.977808e-001
    outer loop
      vertex   1.733628e+000 1.500000e+000 -7.272775e-001
      vertex   1.634907e+000 1.600000e+000 -7.039031e-001
      vertex   1.676631e+000 1.500000e+000 -8.504763e-001
    endloop
  endfacet
  facet normal -6.207207e-001 -7.047386e-001 3.435829e-001
    outer loop
      vertex   1.676631e+000 1.500000e+000 -8.504763e-001
      vertex   1.578457e+000 1.600000e+000 -8.227229e-001
      vertex   1.610891e+000 1.500000e+000 -9.692413e-001
    endloop
  endfacet
  facet normal -5.945282e-001 -7.044769e-001 3.876190e-001
    outer loop
      vertex   1.610891e+000 1.500000e+000 -9.692413e-001
      vertex   1.513387e+000 1.600000e+000 -9.370492e-001
      vertex   1.536754e+000 1.500000e+000 -1.082953e+000
    endloop
  endfacet
  facet normal -5.652011e-001 -7.042334e-001 4.296547e-001
    outer loop
      vertex   1.536754e+000 1.500000e+000 -1.082953e+000
      vertex   1.440050e+000 1.600000e+000 -1.046258e+000
      vertex   1.454605e+000 1.500000e+000 -1.191019e+000
    endloop
  endfacet
  facet normal -5.328925e-001 -7.040079e-001 4.694661e-001
    outer loop
      vertex   1.454605e+000 1.500000e+000 -1.191019e+000
      vertex   1.358849e+000 1.600000e+000 -1.149752e+000
      vertex   1.364872e+000 1.500000e+000 -1.292875e+000
    endloop
  endfacet
  facet normal -4.977717e-001 -7.038007e-001 5.068411e-001
    outer loop
      vertex   1.364872e+000 1.500000e+000 -1.292875e+000
      vertex   1.270226e+000 1.600000e+000 -1.246967e+000
      vertex   1.268023e+000 1.500000e+000 -1.387991e+000
    endloop
  endfacet
  facet normal -4.600227e-001 -7.036118e-001 5.415806e-001
    outer loop
      vertex   1.268023e+000 1.500000e+000 -1.387991e+000
      vertex   1.174666e+000 1.600000e+000 -1.337371e+000
      vertex   1.164563e+000 1.500000e+000 -1.475870e+000
    endloop
  endfacet
  facet normal -4.198441e-001 -7.034411e-001 5.734993e-001
    outer loop
      vertex   1.164563e+000 1.500000e+000 -1.475870e+000
      vertex   1.072690e+000 1.600000e+000 -1.420471e+000
      vertex   1.055032e+000 1.500000e+000 -1.556055e+000
    endloop
  endfacet
  facet normal -3.774472e-001 -7.032888e-001 6.024271e-001
    outer loop
      vertex   1.055032e+000 1.500000e+000 -1.556055e+000
      vertex   9.648550e-001 1.600000e+000 -1.495812e+000
      vertex   9.400000e-001 1.500000e+000 -1.628128e+000
    endloop
  endfacet
  facet normal -3.330556e-001 -7.031549e-001 6.282095e-001
    outer loop
      vertex   9.400000e-001 1.500000e+000 -1.628128e+000
      vertex   8.517506e-001 1.600000e+000 -1.562985e+000
      vertex   8.200676e-001 1.500000e+000 -1.691712e+000
    endloop
  endfacet
  facet normal -2.869033e-001 -7.030394e-001 6.507089e-001
    outer loop
      vertex   8.200676e-001 1.500000e+000 -1.691712e+000
      vertex   7.339942e-001 1.600000e+000 -1.621620e+000
      vertex   6.958597e-001 1.500000e+000 -1.746476e+000
    endloop
  endfacet
  facet normal -2.392340e-001 -7.029423e-001 6.698053e-001
    outer loop
      vertex   6.958597e-001 1.500000e+000 -1.746476e+000
      vertex   6.122291e-001 1.600000e+000 -1.671399e+000
      vertex   5.680240e-001 1.500000e+000 -1.792135e+000
    endloop
  endfacet
  facet normal -1.902995e-001 -7.028637e-001 6.853967e-001
    outer loop
      vertex   5.680240e-001 1.500000e+000 -1.792135e+000
      vertex   4.871201e-001 1.600000e+000 -1.712050e+000
      vertex   4.372268e-001 1.500000e+000 -1.828451e+000
    endloop
  endfacet
  facet normal -1.403584e-001 -7.028036e-001 6.973999e-001
    outer loop
      vertex   4.372268e-001 1.500000e+000 -1.828451e+000
      vertex   3.593507e-001 1.600000e+000 -1.743349e+000
      vertex   3.041502e-001 1.500000e+000 -1.855234e+000
    endloop
  endfacet
  facet normal -8.967492e-002 -7.027620e-001 7.057507e-001
    outer loop
      vertex   3.041502e-001 1.500000e+000 -1.855234e+000
      vertex   2.296186e-001 1.600000e+000 -1.765128e+000
      vertex   1.694878e-001 1.500000e+000 -1.872344e+000
    endloop
  endfacet
  facet normal -3.851701e-002 -7.027388e-001 7.104045e-001
    outer loop
      vertex   1.694878e-001 1.500000e+000 -1.872344e+000
      vertex   9.863243e-002 1.600000e+000 -1.777265e+000
      vertex   3.394180e-002 1.500000e+000 -1.879694e+000
    endloop
  endfacet
  facet normal 1.284467e-002 -7.027342e-001 7.113365e-001
    outer loop
      vertex   3.394180e-002 1.500000e+000 -1.879694e+000
      vertex   -3.289245e-002 1.600000e+000 -1.779696e+000
      vertex   -1.017811e-001 1.500000e+000 -1.877243e+000
    endloop
  endfacet
  facet normal 6.413840e-002 -7.027481e-001 7.085417e-001
    outer loop
      vertex   -1.017811e-001 1.500000e+000 -1.877243e+000
      vertex   -1.642377e-001 1.600000e+000 -1.772407e+000
      vertex   -2.369735e-001 1.500000e+000 -1.865005e+000
    endloop
  endfacet
  facet normal 1.150928e-001 -7.027805e-001 7.020351e-001
    outer loop
      vertex   -2.369735e-001 1.500000e+000 -1.865005e+000
      vertex   -2.946859e-001 1.600000e+000 -1.755437e+000
      vertex   -3.709303e-001 1.500000e+000 -1.843044e+000
    endloop
  endfacet
  facet normal 1.654384e-001 -7.028314e-001 6.918513e-001
    outer loop
      vertex   -3.709303e-001 1.500000e+000 -1.843044e+000
      vertex   -4.235246e-001 1.600000e+000 -1.728880e+000
      vertex   -5.029533e-001 1.500000e+000 -1.811474e+000
    endloop
  endfacet
  facet normal 2.149088e-001 -7.029007e-001 6.780448e-001
    outer loop
      vertex   -5.029533e-001 1.500000e+000 -1.811474e+000
      vertex   -5.500502e-001 1.600000e+000 -1.692881e+000
      vertex   -6.323541e-001 1.500000e+000 -1.770460e+000
    endloop
  endfacet
  facet normal 2.632427e-001 -7.029886e-001 6.606893e-001
    outer loop
      vertex   -6.323541e-001 1.500000e+000 -1.770460e+000
      vertex   -6.735717e-001 1.600000e+000 -1.647635e+000
      vertex   -7.584581e-001 1.500000e+000 -1.720215e+000
    endloop
  endfacet
  facet normal 3.101845e-001 -7.030949e-001 6.398775e-001
    outer loop
      vertex   -7.584581e-001 1.500000e+000 -1.720215e+000
      vertex   -7.934143e-001 1.600000e+000 -1.593391e+000
      vertex   -8.806079e-001 1.500000e+000 -1.661003e+000
    endloop
  endfacet
  facet normal 3.554864e-001 -7.032196e-001 6.157204e-001
    outer loop
      vertex   -8.806079e-001 1.500000e+000 -1.661003e+000
      vertex   -9.089235e-001 1.600000e+000 -1.530444e+000
      vertex   -9.981666e-001 1.500000e+000 -1.593130e+000
    endloop
  endfacet
  facet normal 3.989092e-001 -7.033627e-001 5.883471e-001
    outer loop
      vertex   -9.981666e-001 1.500000e+000 -1.593130e+000
      vertex   -1.019469e+000 1.600000e+000 -1.459138e+000
      vertex   -1.110521e+000 1.500000e+000 -1.516952e+000
    endloop
  endfacet
  facet normal 4.402242e-001 -7.035242e-001 5.579036e-001
    outer loop
      vertex   -1.110521e+000 1.500000e+000 -1.516952e+000
      vertex   -1.124446e+000 1.600000e+000 -1.379863e+000
      vertex   -1.217086e+000 1.500000e+000 -1.432865e+000
    endloop
  endfacet
  facet normal 4.792136e-001 -7.037040e-001 5.245522e-001
    outer loop
      vertex   -1.217086e+000 1.500000e+000 -1.432865e+000
      vertex   -1.223281e+000 1.600000e+000 -1.293052e+000
      vertex   -1.317306e+000 1.500000e+000 -1.341307e+000
    endloop
  endfacet
  facet normal 5.156725e-001 -7.039021e-001 4.884709e-001
    outer loop
      vertex   -1.317306e+000 1.500000e+000 -1.341307e+000
      vertex   -1.315436e+000 1.600000e+000 -1.199178e+000
      vertex   -1.410658e+000 1.500000e+000 -1.242757e+000
    endloop
  endfacet
  facet normal 5.494093e-001 -7.041184e-001 4.498519e-001
    outer loop
      vertex   -1.410658e+000 1.500000e+000 -1.242757e+000
      vertex   -1.400406e+000 1.600000e+000 -1.098755e+000
      vertex   -1.496655e+000 1.500000e+000 -1.137728e+000
    endloop
  endfacet
  facet normal 5.802472e-001 -7.043529e-001 4.089012e-001
    outer loop
      vertex   -1.496655e+000 1.500000e+000 -1.137728e+000
      vertex   -1.477728e+000 1.600000e+000 -9.923312e-001
      vertex   -1.574849e+000 1.500000e+000 -1.026766e+000
    endloop
  endfacet
  facet normal 6.080252e-001 -7.046055e-001 3.658366e-001
    outer loop
      vertex   -1.574849e+000 1.500000e+000 -1.026766e+000
      vertex   -1.546978e+000 1.600000e+000 -8.804874e-001
      vertex   -1.644833e+000 1.500000e+000 -9.104523e-001
    endloop
  endfacet
  facet normal 6.325983e-001 -7.048762e-001 3.208876e-001
    outer loop
      vertex   -1.644833e+000 1.500000e+000 -9.104523e-001
      vertex   -1.607780e+000 1.600000e+000 -7.638347e-001
      vertex   -1.706242e+000 1.500000e+000 -7.893915e-001
    endloop
  endfacet
  facet normal 6.538392e-001 -7.051649e-001 2.742932e-001
    outer loop
      vertex   -1.706242e+000 1.500000e+000 -7.893915e-001
      vertex   -1.659801e+000 1.600000e+000 -6.430102e-001
      vertex   -1.758755e+000 1.500000e+000 -6.642152e-001
    endloop
  endfacet
  facet normal 6.716380e-001 -7.054716e-001 2.263012e-001
    outer loop
      vertex   -1.758755e+000 1.500000e+000 -6.642152e-001
      vertex   -1.702756e+000 1.600000e+000 -5.186737e-001
      vertex   -1.802098e+000 1.500000e+000 -5.355759e-001
    endloop
  endfacet
  facet normal 6.859037e-001 -7.057961e-001 1.771666e-001
    outer loop
      vertex   -1.802098e+000 1.500000e+000 -5.355759e-001
      vertex   -1.736411e+000 1.600000e+000 -3.915045e-001
      vertex   -1.836047e+000 1.500000e+000 -4.041444e-001
    endloop
  endfacet
  facet normal 6.965639e-001 -7.061385e-001 1.271502e-001
    outer loop
      vertex   -1.836047e+000 1.500000e+000 -4.041444e-001
      vertex   -1.760583e+000 1.600000e+000 -2.621970e-001
      vertex   -1.860423e+000 1.500000e+000 -2.706059e-001
    endloop
  endfacet
  facet normal 7.035659e-001 -7.064985e-001 7.651740e-002
    outer loop
      vertex   -1.860423e+000 1.500000e+000 -2.706059e-001
      vertex   -1.775139e+000 1.600000e+000 -1.314575e-001
      vertex   -1.875099e+000 1.500000e+000 -1.356566e-001
    endloop
  endfacet
  facet normal 6.601326e-015 -1.000000e+000 1.274819e-015
    outer loop
      vertex   -2.245081e+000 1.500000e+000 1.487038e-001
      vertex   -2.250000e+000 1.500000e+000 0.000000e+000
      vertex   -1.880000e+000 1.500000e+000 -2.302336e-016
    endloop
  endfacet
  facet normal 6.650907e-015 -1.000000e+000 1.396544e-015
    outer loop
      vertex   -1.875099e+000 1.500000e+000 1.356566e-001
      vertex   -2.245081e+000 1.500000e+000 1.487038e-001
      vertex   -1.880000e+000 1.500000e+000 -2.302336e-016
    endloop
  endfacet
  facet normal 6.631270e-015 -1.000000e+000 8.397153e-016
    outer loop
      vertex   -1.875099e+000 1.500000e+000 1.356566e-001
      vertex   -2.230344e+000 1.500000e+000 2.967574e-001
      vertex   -2.245081e+000 1.500000e+000 1.487038e-001
    endloop
  endfacet
  facet normal 6.667782e-015 -1.000000e+000 9.202274e-016
    outer loop
      vertex   -1.875099e+000 1.500000e+000 1.356566e-001
      vertex   -1.860423e+000 1.500000e+000 2.706059e-001
      vertex   -2.230344e+000 1.500000e+000 2.967574e-001
    endloop
  endfacet
  facet normal 6.525744e-015 -1.000000e+000 -1.088954e-015
    outer loop
      vertex   -2.230344e+000 1.500000e+000 2.967574e-001
      vertex   -1.860423e+000 1.500000e+000 2.706059e-001
      vertex   -2.205855e+000 1.500000e+000 4.435133e-001
    endloop
  endfacet
  facet normal 6.478847e-015 -1.000000e+000 -1.182643e-015
    outer loop
      vertex   -2.205855e+000 1.500000e+000 4.435133e-001
      vertex   -1.860423e+000 1.500000e+000 2.706059e-001
      vertex   -1.836047e+000 1.500000e+000 4.041444e-001
    endloop
  endfacet
  facet normal 6.605685e-015 -1.000000e+000 -1.679361e-017
    outer loop
      vertex   -2.171720e+000 1.500000e+000 5.883299e-001
      vertex   -1.836047e+000 1.500000e+000 4.041444e-001
      vertex   -1.802098e+000 1.500000e+000 5.355759e-001
    endloop
  endfacet
  facet normal 6.528157e-015 -1.000000e+000 -4.734890e-016
    outer loop
      vertex   -2.128089e+000 1.500000e+000 7.305738e-001
      vertex   -1.802098e+000 1.500000e+000 5.355759e-001
      vertex   -1.758755e+000 1.500000e+000 6.642152e-001
    endloop
  endfacet
  facet normal 6.774327e-015 -1.000000e+000 7.057992e-016
    outer loop
      vertex   -2.075152e+000 1.500000e+000 8.696231e-001
      vertex   -1.758755e+000 1.500000e+000 6.642152e-001
      vertex   -1.706242e+000 1.500000e+000 7.893915e-001
    endloop
  endfacet
  facet normal 6.969699e-015 -1.000000e+000 -3.780009e-016
    outer loop
      vertex   -2.013141e+000 1.500000e+000 1.004870e+000
      vertex   -1.706242e+000 1.500000e+000 7.893915e-001
      vertex   -1.942327e+000 1.500000e+000 1.135722e+000
    endloop
  endfacet
  facet normal 6.345168e-015 -1.000000e+000 -1.267501e-015
    outer loop
      vertex   -2.013141e+000 1.500000e+000 1.004870e+000
      vertex   -2.075152e+000 1.500000e+000 8.696231e-001
      vertex   -1.706242e+000 1.500000e+000 7.893915e-001
    endloop
  endfacet
  facet normal 6.631270e-015 -1.000000e+000 -8.397153e-016
    outer loop
      vertex   -2.230344e+000 1.500000e+000 -2.967574e-001
      vertex   -1.875099e+000 1.500000e+000 -1.356566e-001
      vertex   -2.245081e+000 1.500000e+000 -1.487038e-001
    endloop
  endfacet
  facet normal 6.667782e-015 -1.000000e+000 -9.202274e-016
    outer loop
      vertex   -2.230344e+000 1.500000e+000 -2.967574e-001
      vertex   -1.860423e+000 1.500000e+000 -2.706059e-001
      vertex   -1.875099e+000 1.500000e+000 -1.356566e-001
    endloop
  endfacet
  facet normal 6.525744e-015 -1.000000e+000 1.088954e-015
    outer loop
      vertex   -2.230344e+000 1.500000e+000 -2.967574e-001
      vertex   -2.205855e+000 1.500000e+000 -4.435133e-001
      vertex   -1.860423e+000 1.500000e+000 -2.706059e-001
    endloop
  endfacet
  facet normal 6.478847e-015 -1.000000e+000 1.182643e-015
    outer loop
      vertex   -1.860423e+000 1.500000e+000 -2.706059e-001
      vertex   -2.205855e+000 1.500000e+000 -4.435133e-001
      vertex   -1.836047e+000 1.500000e+000 -4.041444e-001
    endloop
  endfacet
  facet normal 6.602305e-015 -1.000000e+000 2.295485e-017
    outer loop
      vertex   -1.836047e+000 1.500000e+000 -4.041444e-001
      vertex   -2.205855e+000 1.500000e+000 -4.435133e-001
      vertex   -2.171720e+000 1.500000e+000 -5.883299e-001
    endloop
  endfacet
  facet normal 6.544373e-015 -1.000000e+000 4.463783e-016
    outer loop
      vertex   -1.802098e+000 1.500000e+000 -5.355759e-001
      vertex   -2.171720e+000 1.500000e+000 -5.883299e-001
      vertex   -2.128089e+000 1.500000e+000 -7.305738e-001
    endloop
  endfacet
  facet normal 6.726921e-015 -1.000000e+000 -6.327773e-016
    outer loop
      vertex   -1.758755e+000 1.500000e+000 -6.642152e-001
      vertex   -2.128089e+000 1.500000e+000 -7.305738e-001
      vertex   -2.075152e+000 1.500000e+000 -8.696231e-001
    endloop
  endfacet
  facet normal 6.345168e-015 -1.000000e+000 1.267501e-015
    outer loop
      vertex   -1.706242e+000 1.500000e+000 -7.893915e-001
      vertex   -2.075152e+000 1.500000e+000 -8.696231e-001
      vertex   -2.013141e+000 1.500000e+000 -1.004870e+000
    endloop
  endfacet
  facet normal 6.969699e-015 -1.000000e+000 3.780009e-016
    outer loop
      vertex   -1.942327e+000 1.500000e+000 -1.135722e+000
      vertex   -1.706242e+000 1.500000e+000 -7.893915e-001
      vertex   -2.013141e+000 1.500000e+000 -1.004870e+000
    endloop
  endfacet
  facet normal 7.399425e-015 -1.000000e+000 8.506748e-017
    outer loop
      vertex   -1.942327e+000 1.500000e+000 -1.135722e+000
      vertex   -1.644833e+000 1.500000e+000 -9.104523e-001
      vertex   -1.706242e+000 1.500000e+000 -7.893915e-001
    endloop
  endfacet
  facet normal 6.861744e-015 -1.000000e+000 7.951338e-016
    outer loop
      vertex   -1.942327e+000 1.500000e+000 -1.135722e+000
      vertex   -1.863020e+000 1.500000e+000 -1.261609e+000
      vertex   -1.644833e+000 1.500000e+000 -9.104523e-001
    endloop
  endfacet
  facet normal 5.697056e-015 -1.000000e+000 1.518797e-015
    outer loop
      vertex   -1.644833e+000 1.500000e+000 -9.104523e-001
      vertex   -1.863020e+000 1.500000e+000 -1.261609e+000
      vertex   -1.574849e+000 1.500000e+000 -1.026766e+000
    endloop
  endfacet
  facet normal 7.188495e-015 -1.000000e+000 -3.113173e-016
    outer loop
      vertex   -1.574849e+000 1.500000e+000 -1.026766e+000
      vertex   -1.863020e+000 1.500000e+000 -1.261609e+000
      vertex   -1.775566e+000 1.500000e+000 -1.381979e+000
    endloop
  endfacet
  facet normal 6.110177e-015 -1.000000e+000 1.204518e-015
    outer loop
      vertex   -1.496655e+000 1.500000e+000 -1.137728e+000
      vertex   -1.775566e+000 1.500000e+000 -1.381979e+000
      vertex   -1.680348e+000 1.500000e+000 -1.496305e+000
    endloop
  endfacet
  facet normal 6.977796e-015 -1.000000e+000 4.596958e-016
    outer loop
      vertex   -1.410658e+000 1.500000e+000 -1.242757e+000
      vertex   -1.680348e+000 1.500000e+000 -1.496305e+000
      vertex   -1.577783e+000 1.500000e+000 -1.604089e+000
    endloop
  endfacet
  facet normal 6.435703e-015 -1.000000e+000 3.805627e-016
    outer loop
      vertex   -1.317306e+000 1.500000e+000 -1.341307e+000
      vertex   -1.577783e+000 1.500000e+000 -1.604089e+000
      vertex   -1.468318e+000 1.500000e+000 -1.704858e+000
    endloop
  endfacet
  facet normal 6.312244e-015 -1.000000e+000 7.004595e-016
    outer loop
      vertex   -1.217086e+000 1.500000e+000 -1.432865e+000
      vertex   -1.468318e+000 1.500000e+000 -1.704858e+000
      vertex   -1.352433e+000 1.500000e+000 -1.798173e+000
    endloop
  endfacet
  facet normal 6.174387e-015 -1.000000e+000 1.005268e-015
    outer loop
      vertex   -1.110521e+000 1.500000e+000 -1.516952e+000
      vertex   -1.352433e+000 1.500000e+000 -1.798173e+000
      vertex   -1.230633e+000 1.500000e+000 -1.883625e+000
    endloop
  endfacet
  facet normal 7.198675e-015 -1.000000e+000 3.542372e-016
    outer loop
      vertex   -9.981666e-001 1.500000e+000 -1.593130e+000
      vertex   -1.230633e+000 1.500000e+000 -1.883625e+000
      vertex   -1.103453e+000 1.500000e+000 -1.960840e+000
    endloop
  endfacet
  facet normal 5.583833e-015 -1.000000e+000 1.033838e-015
    outer loop
      vertex   -8.806079e-001 1.500000e+000 -1.661003e+000
      vertex   -1.103453e+000 1.500000e+000 -1.960840e+000
      vertex   -9.714473e-001 1.500000e+000 -2.029480e+000
    endloop
  endfacet
  facet normal 6.699314e-015 -1.000000e+000 4.120446e-016
    outer loop
      vertex   -7.584581e-001 1.500000e+000 -1.720215e+000
      vertex   -9.714473e-001 1.500000e+000 -2.029480e+000
      vertex   -8.351938e-001 1.500000e+000 -2.089247e+000
    endloop
  endfacet
  facet normal 5.304369e-015 -1.000000e+000 1.500613e-015
    outer loop
      vertex   -6.323541e-001 1.500000e+000 -1.770460e+000
      vertex   -8.351938e-001 1.500000e+000 -2.089247e+000
      vertex   -6.952882e-001 1.500000e+000 -2.139877e+000
    endloop
  endfacet
  facet normal 6.483566e-015 -1.000000e+000 9.357274e-016
    outer loop
      vertex   -5.029533e-001 1.500000e+000 -1.811474e+000
      vertex   -6.952882e-001 1.500000e+000 -2.139877e+000
      vertex   -5.523423e-001 1.500000e+000 -2.181151e+000
    endloop
  endfacet
  facet normal 6.367862e-015 -1.000000e+000 1.180412e-015
    outer loop
      vertex   -3.709303e-001 1.500000e+000 -1.843044e+000
      vertex   -5.523423e-001 1.500000e+000 -2.181151e+000
      vertex   -4.069812e-001 1.500000e+000 -2.212886e+000
    endloop
  endfacet
  facet normal 6.248301e-015 -1.000000e+000 1.414426e-015
    outer loop
      vertex   -2.369735e-001 1.500000e+000 -1.865005e+000
      vertex   -4.069812e-001 1.500000e+000 -2.212886e+000
      vertex   -2.598404e-001 1.500000e+000 -2.234946e+000
    endloop
  endfacet
  facet normal 6.076141e-015 -1.000000e+000 1.039625e-015
    outer loop
      vertex   -1.017811e-001 1.500000e+000 -1.877243e+000
      vertex   -2.598404e-001 1.500000e+000 -2.234946e+000
      vertex   -1.115634e-001 1.500000e+000 -2.247232e+000
    endloop
  endfacet
  facet normal 5.991073e-015 -1.000000e+000 1.253024e-015
    outer loop
      vertex   3.394180e-002 1.500000e+000 -1.879694e+000
      vertex   -1.115634e-001 1.500000e+000 -2.247232e+000
      vertex   3.720138e-002 1.500000e+000 -2.249692e+000
    endloop
  endfacet
  facet normal 5.914715e-015 -1.000000e+000 1.252352e-015
    outer loop
      vertex   1.858035e-001 1.500000e+000 -2.242315e+000
      vertex   3.394180e-002 1.500000e+000 -1.879694e+000
      vertex   3.720138e-002 1.500000e+000 -2.249692e+000
    endloop
  endfacet
  facet normal 6.472043e-015 -1.000000e+000 1.485754e-015
    outer loop
      vertex   1.858035e-001 1.500000e+000 -2.242315e+000
      vertex   1.694878e-001 1.500000e+000 -1.872344e+000
      vertex   3.394180e-002 1.500000e+000 -1.879694e+000
    endloop
  endfacet
  facet normal 5.840248e-015 -1.000000e+000 1.457892e-015
    outer loop
      vertex   1.858035e-001 1.500000e+000 -2.242315e+000
      vertex   3.335932e-001 1.500000e+000 -2.225133e+000
      vertex   1.694878e-001 1.500000e+000 -1.872344e+000
    endloop
  endfacet
  facet normal 4.821656e-015 -1.000000e+000 9.840769e-016
    outer loop
      vertex   1.694878e-001 1.500000e+000 -1.872344e+000
      vertex   3.335932e-001 1.500000e+000 -2.225133e+000
      vertex   3.041502e-001 1.500000e+000 -1.855234e+000
    endloop
  endfacet
  facet normal 5.873274e-015 -1.000000e+000 1.067783e-015
    outer loop
      vertex   3.041502e-001 1.500000e+000 -1.855234e+000
      vertex   3.335932e-001 1.500000e+000 -2.225133e+000
      vertex   4.799242e-001 1.500000e+000 -2.198220e+000
    endloop
  endfacet
  facet normal 5.835273e-015 -1.000000e+000 1.274295e-015
    outer loop
      vertex   4.372268e-001 1.500000e+000 -1.828451e+000
      vertex   4.799242e-001 1.500000e+000 -2.198220e+000
      vertex   6.241565e-001 1.500000e+000 -2.161696e+000
    endloop
  endfacet
  facet normal 4.486155e-015 -1.000000e+000 6.814023e-016
    outer loop
      vertex   5.680240e-001 1.500000e+000 -1.792135e+000
      vertex   6.241565e-001 1.500000e+000 -2.161696e+000
      vertex   7.656596e-001 1.500000e+000 -2.115719e+000
    endloop
  endfacet
  facet normal 5.753661e-015 -1.000000e+000 1.688998e-015
    outer loop
      vertex   6.958597e-001 1.500000e+000 -1.746476e+000
      vertex   7.656596e-001 1.500000e+000 -2.115719e+000
      vertex   9.038147e-001 1.500000e+000 -2.060490e+000
    endloop
  endfacet
  facet normal 5.969298e-015 -1.000000e+000 1.355589e-015
    outer loop
      vertex   8.200676e-001 1.500000e+000 -1.691712e+000
      vertex   9.038147e-001 1.500000e+000 -2.060490e+000
      vertex   1.038018e+000 1.500000e+000 -1.996251e+000
    endloop
  endfacet
  facet normal 4.763126e-015 -1.000000e+000 6.650638e-016
    outer loop
      vertex   9.400000e-001 1.500000e+000 -1.628128e+000
      vertex   1.038018e+000 1.500000e+000 -1.996251e+000
      vertex   1.167682e+000 1.500000e+000 -1.923284e+000
    endloop
  endfacet
  facet normal 4.455114e-015 -1.000000e+000 1.366638e-015
    outer loop
      vertex   1.055032e+000 1.500000e+000 -1.556055e+000
      vertex   1.167682e+000 1.500000e+000 -1.923284e+000
      vertex   1.292239e+000 1.500000e+000 -1.841906e+000
    endloop
  endfacet
  facet normal 5.917165e-015 -1.000000e+000 2.063962e-015
    outer loop
      vertex   1.164563e+000 1.500000e+000 -1.475870e+000
      vertex   1.292239e+000 1.500000e+000 -1.841906e+000
      vertex   1.411147e+000 1.500000e+000 -1.752474e+000
    endloop
  endfacet
  facet normal 5.199628e-015 -1.000000e+000 8.233662e-016
    outer loop
      vertex   1.268023e+000 1.500000e+000 -1.387991e+000
      vertex   1.411147e+000 1.500000e+000 -1.752474e+000
      vertex   1.523884e+000 1.500000e+000 -1.655379e+000
    endloop
  endfacet
  facet normal 3.766517e-015 -1.000000e+000 4.271187e-016
    outer loop
      vertex   1.364872e+000 1.500000e+000 -1.292875e+000
      vertex   1.523884e+000 1.500000e+000 -1.655379e+000
      vertex   1.629957e+000 1.500000e+000 -1.551045e+000
    endloop
  endfacet
  facet normal 5.247400e-015 -1.000000e+000 1.322274e-015
    outer loop
      vertex   1.454605e+000 1.500000e+000 -1.191019e+000
      vertex   1.629957e+000 1.500000e+000 -1.551045e+000
      vertex   1.728902e+000 1.500000e+000 -1.439929e+000
    endloop
  endfacet
  facet normal 5.254059e-015 -1.000000e+000 1.584056e-015
    outer loop
      vertex   1.536754e+000 1.500000e+000 -1.082953e+000
      vertex   1.728902e+000 1.500000e+000 -1.439929e+000
      vertex   1.820288e+000 1.500000e+000 -1.322517e+000
    endloop
  endfacet
  facet normal 4.323400e-015 -1.000000e+000 6.770128e-016
    outer loop
      vertex   1.610891e+000 1.500000e+000 -9.692413e-001
      vertex   1.820288e+000 1.500000e+000 -1.322517e+000
      vertex   1.903714e+000 1.500000e+000 -1.199321e+000
    endloop
  endfacet
  facet normal 4.858552e-015 -1.000000e+000 6.166632e-016
    outer loop
      vertex   1.676631e+000 1.500000e+000 -8.504763e-001
      vertex   1.903714e+000 1.500000e+000 -1.199321e+000
      vertex   1.978816e+000 1.500000e+000 -1.070882e+000
    endloop
  endfacet
  facet normal 5.015814e-015 -1.000000e+000 8.322758e-016
    outer loop
      vertex   2.045265e+000 1.500000e+000 -9.377592e-001
      vertex   1.676631e+000 1.500000e+000 -8.504763e-001
      vertex   1.978816e+000 1.500000e+000 -1.070882e+000
    endloop
  endfacet
  facet normal 5.112230e-015 -1.000000e+000 1.239483e-015
    outer loop
      vertex   2.045265e+000 1.500000e+000 -9.377592e-001
      vertex   1.733628e+000 1.500000e+000 -7.272775e-001
      vertex   1.676631e+000 1.500000e+000 -8.504763e-001
    endloop
  endfacet
  facet normal 4.183791e-015 -1.000000e+000 -1.351501e-016
    outer loop
      vertex   2.045265e+000 1.500000e+000 -9.377592e-001
      vertex   2.102770e+000 1.500000e+000 -8.005362e-001
      vertex   1.733628e+000 1.500000e+000 -7.272775e-001
    endloop
  endfacet
  facet normal 4.239842e-015 -1.000000e+000 1.472844e-016
    outer loop
      vertex   1.733628e+000 1.500000e+000 -7.272775e-001
      vertex   2.102770e+000 1.500000e+000 -8.005362e-001
      vertex   1.781588e+000 1.500000e+000 -6.002869e-001
    endloop
  endfacet
  facet normal 4.227031e-015 -1.000000e+000 1.267364e-016
    outer loop
      vertex   1.781588e+000 1.500000e+000 -6.002869e-001
      vertex   2.102770e+000 1.500000e+000 -8.005362e-001
      vertex   2.151081e+000 1.500000e+000 -6.598126e-001
    endloop
  endfacet
  facet normal 4.253022e-015 -1.000000e+000 3.940124e-016
    outer loop
      vertex   1.820259e+000 1.500000e+000 -4.701667e-001
      vertex   2.151081e+000 1.500000e+000 -6.598126e-001
      vertex   2.189985e+000 1.500000e+000 -5.162038e-001
    endloop
  endfacet
  facet normal 4.261202e-015 -1.000000e+000 6.654855e-016
    outer loop
      vertex   1.849440e+000 1.500000e+000 -3.375952e-001
      vertex   2.189985e+000 1.500000e+000 -5.162038e-001
      vertex   2.219313e+000 1.500000e+000 -3.703378e-001
    endloop
  endfacet
  facet normal 4.251097e-015 -1.000000e+000 9.399086e-016
    outer loop
      vertex   1.868979e+000 1.500000e+000 -2.032638e-001
      vertex   2.219313e+000 1.500000e+000 -3.703378e-001
      vertex   2.238937e+000 1.500000e+000 -2.228524e-001
    endloop
  endfacet
  facet normal 4.195998e-015 -1.000000e+000 -2.779236e-016
    outer loop
      vertex   1.878774e+000 1.500000e+000 -6.787254e-002
      vertex   2.238937e+000 1.500000e+000 -2.228524e-001
      vertex   2.248770e+000 1.500000e+000 -7.439258e-002
    endloop
  endfacet
  facet normal 4.200896e-015 -1.000000e+000 0.000000e+000
    outer loop
      vertex   2.248770e+000 1.500000e+000 7.439258e-002
      vertex   1.878774e+000 1.500000e+000 -6.787254e-002
      vertex   2.248770e+000 1.500000e+000 -7.439258e-002
    endloop
  endfacet
  facet normal 4.200896e-015 -1.000000e+000 0.000000e+000
    outer loop
      vertex   2.248770e+000 1.500000e+000 7.439258e-002
      vertex   1.878774e+000 1.500000e+000 6.787254e-002
      vertex   1.878774e+000 1.500000e+000 -6.787254e-002
    endloop
  endfacet
  facet normal 4.195998e-015 -1.000000e+000 2.779236e-016
    outer loop
      vertex   2.248770e+000 1.500000e+000 7.439258e-002
      vertex   2.238937e+000 1.500000e+000 2.228524e-001
      vertex   1.878774e+000 1.500000e+000 6.787254e-002
    endloop
  endfacet
  facet normal 4.185298e-015 -1.000000e+000 3.027910e-016
    outer loop
      vertex   1.878774e+000 1.500000e+000 6.787254e-002
      vertex   2.238937e+000 1.500000e+000 2.228524e-001
      vertex   1.868979e+000 1.500000e+000 2.032638e-001
    endloop
  endfacet
  facet normal 4.251097e-015 -1.000000e+000 -9.399086e-016
    outer loop
      vertex   1.868979e+000 1.500000e+000 2.032638e-001
      vertex   2.238937e+000 1.500000e+000 2.228524e-001
      vertex   2.219313e+000 1.500000e+000 3.703378e-001
    endloop
  endfacet
  facet normal 4.261202e-015 -1.000000e+000 -6.654855e-016
    outer loop
      vertex   1.849440e+000 1.500000e+000 3.375952e-001
      vertex   2.219313e+000 1.500000e+000 3.703378e-001
      vertex   2.189985e+000 1.500000e+000 5.162038e-001
    endloop
  endfacet
  facet normal 4.253022e-015 -1.000000e+000 -3.940124e-016
    outer loop
      vertex   1.820259e+000 1.500000e+000 4.701667e-001
      vertex   2.189985e+000 1.500000e+000 5.162038e-001
      vertex   2.151081e+000 1.500000e+000 6.598126e-001
    endloop
  endfacet
  facet normal 4.227031e-015 -1.000000e+000 -1.267364e-016
    outer loop
      vertex   1.781588e+000 1.500000e+000 6.002869e-001
      vertex   2.151081e+000 1.500000e+000 6.598126e-001
      vertex   2.102770e+000 1.500000e+000 8.005362e-001
    endloop
  endfacet
  facet normal 4.183791e-015 -1.000000e+000 1.351501e-016
    outer loop
      vertex   1.733628e+000 1.500000e+000 7.272775e-001
      vertex   2.102770e+000 1.500000e+000 8.005362e-001
      vertex   2.045265e+000 1.500000e+000 9.377592e-001
    endloop
  endfacet
  facet normal 5.015814e-015 -1.000000e+000 -8.322758e-016
    outer loop
      vertex   1.676631e+000 1.500000e+000 8.504763e-001
      vertex   2.045265e+000 1.500000e+000 9.377592e-001
      vertex   1.978816e+000 1.500000e+000 1.070882e+000
    endloop
  endfacet
  facet normal 4.858552e-015 -1.000000e+000 -6.166632e-016
    outer loop
      vertex   1.903714e+000 1.500000e+000 1.199321e+000
      vertex   1.676631e+000 1.500000e+000 8.504763e-001
      vertex   1.978816e+000 1.500000e+000 1.070882e+000
    endloop
  endfacet
  facet normal 3.666033e-015 -1.000000e+000 1.596174e-016
    outer loop
      vertex   1.903714e+000 1.500000e+000 1.199321e+000
      vertex   1.610891e+000 1.500000e+000 9.692413e-001
      vertex   1.676631e+000 1.500000e+000 8.504763e-001
    endloop
  endfacet
  facet normal 4.323400e-015 -1.000000e+000 -6.770128e-016
    outer loop
      vertex   1.903714e+000 1.500000e+000 1.199321e+000
      vertex   1.820288e+000 1.500000e+000 1.322517e+000
      vertex   1.610891e+000 1.500000e+000 9.692413e-001
    endloop
  endfacet
  facet normal 4.652491e-015 -1.000000e+000 -8.720749e-016
    outer loop
      vertex   1.610891e+000 1.500000e+000 9.692413e-001
      vertex   1.820288e+000 1.500000e+000 1.322517e+000
      vertex   1.536754e+000 1.500000e+000 1.082953e+000
    endloop
  endfacet
  facet normal 5.254059e-015 -1.000000e+000 -1.584056e-015
    outer loop
      vertex   1.536754e+000 1.500000e+000 1.082953e+000
      vertex   1.820288e+000 1.500000e+000 1.322517e+000
      vertex   1.728902e+000 1.500000e+000 1.439929e+000
    endloop
  endfacet
  facet normal 5.247400e-015 -1.000000e+000 -1.322274e-015
    outer loop
      vertex   1.454605e+000 1.500000e+000 1.191019e+000
      vertex   1.728902e+000 1.500000e+000 1.439929e+000
      vertex   1.629957e+000 1.500000e+000 1.551045e+000
    endloop
  endfacet
  facet normal 3.766517e-015 -1.000000e+000 -4.271187e-016
    outer loop
      vertex   1.364872e+000 1.500000e+000 1.292875e+000
      vertex   1.629957e+000 1.500000e+000 1.551045e+000
      vertex   1.523884e+000 1.500000e+000 1.655379e+000
    endloop
  endfacet
  facet normal 5.199628e-015 -1.000000e+000 -8.233662e-016
    outer loop
      vertex   1.268023e+000 1.500000e+000 1.387991e+000
      vertex   1.523884e+000 1.500000e+000 1.655379e+000
      vertex   1.411147e+000 1.500000e+000 1.752474e+000
    endloop
  endfacet
  facet normal 5.917165e-015 -1.000000e+000 -2.063962e-015
    outer loop
      vertex   1.164563e+000 1.500000e+000 1.475870e+000
      vertex   1.411147e+000 1.500000e+000 1.752474e+000
      vertex   1.292239e+000 1.500000e+000 1.841906e+000
    endloop
  endfacet
  facet normal 4.455114e-015 -1.000000e+000 -1.366638e-015
    outer loop
      vertex   1.055032e+000 1.500000e+000 1.556055e+000
      vertex   1.292239e+000 1.500000e+000 1.841906e+000
      vertex   1.167682e+000 1.500000e+000 1.923284e+000
    endloop
  endfacet
  facet normal 4.763126e-015 -1.000000e+000 -6.650638e-016
    outer loop
      vertex   9.400000e-001 1.500000e+000 1.628128e+000
      vertex   1.167682e+000 1.500000e+000 1.923284e+000
      vertex   1.038018e+000 1.500000e+000 1.996251e+000
    endloop
  endfacet
  facet normal 5.969298e-015 -1.000000e+000 -1.355589e-015
    outer loop
      vertex   8.200676e-001 1.500000e+000 1.691712e+000
      vertex   1.038018e+000 1.500000e+000 1.996251e+000
      vertex   9.038147e-001 1.500000e+000 2.060490e+000
    endloop
  endfacet
  facet normal 5.753661e-015 -1.000000e+000 -1.688998e-015
    outer loop
      vertex   6.958597e-001 1.500000e+000 1.746476e+000
      vertex   9.038147e-001 1.500000e+000 2.060490e+000
      vertex   7.656596e-001 1.500000e+000 2.115719e+000
    endloop
  endfacet
  facet normal 4.486155e-015 -1.000000e+000 -6.814023e-016
    outer loop
      vertex   5.680240e-001 1.500000e+000 1.792135e+000
      vertex   7.656596e-001 1.500000e+000 2.115719e+000
      vertex   6.241565e-001 1.500000e+000 2.161696e+000
    endloop
  endfacet
  facet normal 5.835273e-015 -1.000000e+000 -1.274295e-015
    outer loop
      vertex   4.372268e-001 1.500000e+000 1.828451e+000
      vertex   6.241565e-001 1.500000e+000 2.161696e+000
      vertex   4.799242e-001 1.500000e+000 2.198220e+000
    endloop
  endfacet
  facet normal 5.873274e-015 -1.000000e+000 -1.067783e-015
    outer loop
      vertex   3.041502e-001 1.500000e+000 1.855234e+000
      vertex   4.799242e-001 1.500000e+000 2.198220e+000
      vertex   3.335932e-001 1.500000e+000 2.225133e+000
    endloop
  endfacet
  facet normal 5.840248e-015 -1.000000e+000 -1.457892e-015
    outer loop
      vertex   1.694878e-001 1.500000e+000 1.872344e+000
      vertex   3.335932e-001 1.500000e+000 2.225133e+000
      vertex   1.858035e-001 1.500000e+000 2.242315e+000
    endloop
  endfacet
  facet normal 5.914715e-015 -1.000000e+000 -1.252352e-015
    outer loop
      vertex   3.394180e-002 1.500000e+000 1.879694e+000
      vertex   1.858035e-001 1.500000e+000 2.242315e+000
      vertex   3.720138e-002 1.500000e+000 2.249692e+000
    endloop
  endfacet
  facet normal 5.991073e-015 -1.000000e+000 -1.253024e-015
    outer loop
      vertex   -1.115634e-001 1.500000e+000 2.247232e+000
      vertex   3.394180e-002 1.500000e+000 1.879694e+000
      vertex   3.720138e-002 1.500000e+000 2.249692e+000
    endloop
  endfacet
  facet normal 6.562595e-015 -1.000000e+000 -1.026764e-015
    outer loop
      vertex   -1.115634e-001 1.500000e+000 2.247232e+000
      vertex   -1.017811e-001 1.500000e+000 1.877243e+000
      vertex   3.394180e-002 1.500000e+000 1.879694e+000
    endloop
  endfacet
  facet normal 6.076141e-015 -1.000000e+000 -1.039625e-015
    outer loop
      vertex   -1.115634e-001 1.500000e+000 2.247232e+000
      vertex   -2.598404e-001 1.500000e+000 2.234946e+000
      vertex   -1.017811e-001 1.500000e+000 1.877243e+000
    endloop
  endfacet
  facet normal 5.061980e-015 -1.000000e+000 -1.487756e-015
    outer loop
      vertex   -1.017811e-001 1.500000e+000 1.877243e+000
      vertex   -2.598404e-001 1.500000e+000 2.234946e+000
      vertex   -2.369735e-001 1.500000e+000 1.865005e+000
    endloop
  endfacet
  facet normal 6.248301e-015 -1.000000e+000 -1.414426e-015
    outer loop
      vertex   -2.369735e-001 1.500000e+000 1.865005e+000
      vertex   -2.598404e-001 1.500000e+000 2.234946e+000
      vertex   -4.069812e-001 1.500000e+000 2.212886e+000
    endloop
  endfacet
  facet normal 6.367862e-015 -1.000000e+000 -1.180412e-015
    outer loop
      vertex   -3.709303e-001 1.500000e+000 1.843044e+000
      vertex   -4.069812e-001 1.500000e+000 2.212886e+000
      vertex   -5.523423e-001 1.500000e+000 2.181151e+000
    endloop
  endfacet
  facet normal 6.483566e-015 -1.000000e+000 -9.357274e-016
    outer loop
      vertex   -5.029533e-001 1.500000e+000 1.811474e+000
      vertex   -5.523423e-001 1.500000e+000 2.181151e+000
      vertex   -6.952882e-001 1.500000e+000 2.139877e+000
    endloop
  endfacet
  facet normal 5.304369e-015 -1.000000e+000 -1.500613e-015
    outer loop
      vertex   -6.323541e-001 1.500000e+000 1.770460e+000
      vertex   -6.952882e-001 1.500000e+000 2.139877e+000
      vertex   -8.351938e-001 1.500000e+000 2.089247e+000
    endloop
  endfacet
  facet normal 6.699314e-015 -1.000000e+000 -4.120446e-016
    outer loop
      vertex   -7.584581e-001 1.500000e+000 1.720215e+000
      vertex   -8.351938e-001 1.500000e+000 2.089247e+000
      vertex   -9.714473e-001 1.500000e+000 2.029480e+000
    endloop
  endfacet
  facet normal 5.583833e-015 -1.000000e+000 -1.033838e-015
    outer loop
      vertex   -8.806079e-001 1.500000e+000 1.661003e+000
      vertex   -9.714473e-001 1.500000e+000 2.029480e+000
      vertex   -1.103453e+000 1.500000e+000 1.960840e+000
    endloop
  endfacet
  facet normal 7.198675e-015 -1.000000e+000 -3.542372e-016
    outer loop
      vertex   -9.981666e-001 1.500000e+000 1.593130e+000
      vertex   -1.103453e+000 1.500000e+000 1.960840e+000
      vertex   -1.230633e+000 1.500000e+000 1.883625e+000
    endloop
  endfacet
  facet normal 6.174387e-015 -1.000000e+000 -1.005268e-015
    outer loop
      vertex   -1.110521e+000 1.500000e+000 1.516952e+000
      vertex   -1.230633e+000 1.500000e+000 1.883625e+000
      vertex   -1.352433e+000 1.500000e+000 1.798173e+000
    endloop
  endfacet
  facet normal 6.312244e-015 -1.000000e+000 -7.004595e-016
    outer loop
      vertex   -1.217086e+000 1.500000e+000 1.432865e+000
      vertex   -1.352433e+000 1.500000e+000 1.798173e+000
      vertex   -1.468318e+000 1.500000e+000 1.704858e+000
    endloop
  endfacet
  facet normal 6.435703e-015 -1.000000e+000 -3.805627e-016
    outer loop
      vertex   -1.317306e+000 1.500000e+000 1.341307e+000
      vertex   -1.468318e+000 1.500000e+000 1.704858e+000
      vertex   -1.577783e+000 1.500000e+000 1.604089e+000
    endloop
  endfacet
  facet normal 6.977796e-015 -1.000000e+000 -4.596958e-016
    outer loop
      vertex   -1.410658e+000 1.500000e+000 1.242757e+000
      vertex   -1.577783e+000 1.500000e+000 1.604089e+000
      vertex   -1.680348e+000 1.500000e+000 1.496305e+000
    endloop
  endfacet
  facet normal 6.110177e-015 -1.000000e+000 -1.204518e-015
    outer loop
      vertex   -1.496655e+000 1.500000e+000 1.137728e+000
      vertex   -1.680348e+000 1.500000e+000 1.496305e+000
      vertex   -1.775566e+000 1.500000e+000 1.381979e+000
    endloop
  endfacet
  facet normal 7.188495e-015 -1.000000e+000 3.113173e-016
    outer loop
      vertex   -1.574849e+000 1.500000e+000 1.026766e+000
      vertex   -1.775566e+000 1.500000e+000 1.381979e+000
      vertex   -1.863020e+000 1.500000e+000 1.261609e+000
    endloop
  endfacet
  facet normal 6.861744e-015 -1.000000e+000 -7.951338e-016
    outer loop
      vertex   -1.644833e+000 1.500000e+000 9.104523e-001
      vertex   -1.863020e+000 1.500000e+000 1.261609e+000
      vertex   -1.942327e+000 1.500000e+000 1.135722e+000
    endloop
  endfacet
  facet normal 7.399425e-015 -1.000000e+000 -8.506748e-017
    outer loop
      vertex   -1.706242e+000 1.500000e+000 7.893915e-001
      vertex   -1.644833e+000 1.500000e+000 9.104523e-001
      vertex   -1.942327e+000 1.500000e+000 1.135722e+000
    endloop
  endfacet
  facet normal 6.605685e-015 -1.000000e+000 1.679361e-017
    outer loop
      vertex   -1.836047e+000 1.500000e+000 -4.041444e-001
      vertex   -2.171720e+000 1.500000e+000 -5.883299e-001
      vertex   -1.802098e+000 1.500000e+000 -5.355759e-001
    endloop
  endfacet
  facet normal 6.528157e-015 -1.000000e+000 4.734890e-016
    outer loop
      vertex   -1.802098e+000 1.500000e+000 -5.355759e-001
      vertex   -2.128089e+000 1.500000e+000 -7.305738e-001
      vertex   -1.758755e+000 1.500000e+000 -6.642152e-001
    endloop
  endfacet
  facet normal 6.774327e-015 -1.000000e+000 -7.057992e-016
    outer loop
      vertex   -1.758755e+000 1.500000e+000 -6.642152e-001
      vertex   -2.075152e+000 1.500000e+000 -8.696231e-001
      vertex   -1.706242e+000 1.500000e+000 -7.893915e-001
    endloop
  endfacet
  facet normal 7.681698e-015 -1.000000e+000 -5.900073e-016
    outer loop
      vertex   -1.574849e+000 1.500000e+000 -1.026766e+000
      vertex   -1.775566e+000 1.500000e+000 -1.381979e+000
      vertex   -1.496655e+000 1.500000e+000 -1.137728e+000
    endloop
  endfacet
  facet normal 6.433065e-015 -1.000000e+000 1.039108e-015
    outer loop
      vertex   -1.496655e+000 1.500000e+000 -1.137728e+000
      vertex   -1.680348e+000 1.500000e+000 -1.496305e+000
      vertex   -1.410658e+000 1.500000e+000 -1.242757e+000
    endloop
  endfacet
  facet normal 5.811791e-015 -1.000000e+000 9.990024e-016
    outer loop
      vertex   -1.410658e+000 1.500000e+000 -1.242757e+000
      vertex   -1.577783e+000 1.500000e+000 -1.604089e+000
      vertex   -1.317306e+000 1.500000e+000 -1.341307e+000
    endloop
  endfacet
  facet normal 6.840715e-015 -1.000000e+000 2.123281e-016
    outer loop
      vertex   -1.317306e+000 1.500000e+000 -1.341307e+000
      vertex   -1.468318e+000 1.500000e+000 -1.704858e+000
      vertex   -1.217086e+000 1.500000e+000 -1.432865e+000
    endloop
  endfacet
  facet normal 6.692506e-015 -1.000000e+000 5.595729e-016
    outer loop
      vertex   -1.217086e+000 1.500000e+000 -1.432865e+000
      vertex   -1.352433e+000 1.500000e+000 -1.798173e+000
      vertex   -1.110521e+000 1.500000e+000 -1.516952e+000
    endloop
  endfacet
  facet normal 6.531189e-015 -1.000000e+000 8.883891e-016
    outer loop
      vertex   -1.110521e+000 1.500000e+000 -1.516952e+000
      vertex   -1.230633e+000 1.500000e+000 -1.883625e+000
      vertex   -9.981666e-001 1.500000e+000 -1.593130e+000
    endloop
  endfacet
  facet normal 6.059271e-015 -1.000000e+000 6.804829e-016
    outer loop
      vertex   -9.981666e-001 1.500000e+000 -1.593130e+000
      vertex   -1.103453e+000 1.500000e+000 -1.960840e+000
      vertex   -8.806079e-001 1.500000e+000 -1.661003e+000
    endloop
  endfacet
  facet normal 5.915002e-015 -1.000000e+000 9.521964e-016
    outer loop
      vertex   -8.806079e-001 1.500000e+000 -1.661003e+000
      vertex   -9.714473e-001 1.500000e+000 -2.029480e+000
      vertex   -7.584581e-001 1.500000e+000 -1.720215e+000
    endloop
  endfacet
  facet normal 7.168521e-015 -1.000000e+000 3.144785e-016
    outer loop
      vertex   -7.584581e-001 1.500000e+000 -1.720215e+000
      vertex   -8.351938e-001 1.500000e+000 -2.089247e+000
      vertex   -6.323541e-001 1.500000e+000 -1.770460e+000
    endloop
  endfacet
  facet normal 5.607111e-015 -1.000000e+000 1.449038e-015
    outer loop
      vertex   -6.323541e-001 1.500000e+000 -1.770460e+000
      vertex   -6.952882e-001 1.500000e+000 -2.139877e+000
      vertex   -5.029533e-001 1.500000e+000 -1.811474e+000
    endloop
  endfacet
  facet normal 6.936731e-015 -1.000000e+000 8.751842e-016
    outer loop
      vertex   -5.029533e-001 1.500000e+000 -1.811474e+000
      vertex   -5.523423e-001 1.500000e+000 -2.181151e+000
      vertex   -3.709303e-001 1.500000e+000 -1.843044e+000
    endloop
  endfacet
  facet normal 6.816679e-015 -1.000000e+000 1.136663e-015
    outer loop
      vertex   -3.709303e-001 1.500000e+000 -1.843044e+000
      vertex   -4.069812e-001 1.500000e+000 -2.212886e+000
      vertex   -2.369735e-001 1.500000e+000 -1.865005e+000
    endloop
  endfacet
  facet normal 5.061980e-015 -1.000000e+000 1.487756e-015
    outer loop
      vertex   -2.369735e-001 1.500000e+000 -1.865005e+000
      vertex   -2.598404e-001 1.500000e+000 -2.234946e+000
      vertex   -1.017811e-001 1.500000e+000 -1.877243e+000
    endloop
  endfacet
  facet normal 6.562595e-015 -1.000000e+000 1.026764e-015
    outer loop
      vertex   -1.017811e-001 1.500000e+000 -1.877243e+000
      vertex   -1.115634e-001 1.500000e+000 -2.247232e+000
      vertex   3.394180e-002 1.500000e+000 -1.879694e+000
    endloop
  endfacet
  facet normal 6.404494e-015 -1.000000e+000 1.340023e-015
    outer loop
      vertex   3.041502e-001 1.500000e+000 -1.855234e+000
      vertex   4.799242e-001 1.500000e+000 -2.198220e+000
      vertex   4.372268e-001 1.500000e+000 -1.828451e+000
    endloop
  endfacet
  facet normal 4.886791e-015 -1.000000e+000 7.422548e-016
    outer loop
      vertex   4.372268e-001 1.500000e+000 -1.828451e+000
      vertex   6.241565e-001 1.500000e+000 -2.161696e+000
      vertex   5.680240e-001 1.500000e+000 -1.792135e+000
    endloop
  endfacet
  facet normal 6.307179e-015 -1.000000e+000 1.793632e-015
    outer loop
      vertex   5.680240e-001 1.500000e+000 -1.792135e+000
      vertex   7.656596e-001 1.500000e+000 -2.115719e+000
      vertex   6.958597e-001 1.500000e+000 -1.746476e+000
    endloop
  endfacet
  facet normal 4.874941e-015 -1.000000e+000 1.107068e-015
    outer loop
      vertex   6.958597e-001 1.500000e+000 -1.746476e+000
      vertex   9.038147e-001 1.500000e+000 -2.060490e+000
      vertex   8.200676e-001 1.500000e+000 -1.691712e+000
    endloop
  endfacet
  facet normal 5.147403e-015 -1.000000e+000 7.673825e-016
    outer loop
      vertex   8.200676e-001 1.500000e+000 -1.691712e+000
      vertex   1.038018e+000 1.500000e+000 -1.996251e+000
      vertex   9.400000e-001 1.500000e+000 -1.628128e+000
    endloop
  endfacet
  facet normal 6.476416e-015 -1.000000e+000 1.986686e-015
    outer loop
      vertex   9.400000e-001 1.500000e+000 -1.628128e+000
      vertex   1.167682e+000 1.500000e+000 -1.923284e+000
      vertex   1.055032e+000 1.500000e+000 -1.556055e+000
    endloop
  endfacet
  facet normal 4.844592e-015 -1.000000e+000 1.689838e-015
    outer loop
      vertex   1.055032e+000 1.500000e+000 -1.556055e+000
      vertex   1.292239e+000 1.500000e+000 -1.841906e+000
      vertex   1.164563e+000 1.500000e+000 -1.475870e+000
    endloop
  endfacet
  facet normal 3.994856e-015 -1.000000e+000 3.502800e-016
    outer loop
      vertex   1.164563e+000 1.500000e+000 -1.475870e+000
      vertex   1.411147e+000 1.500000e+000 -1.752474e+000
      vertex   1.268023e+000 1.500000e+000 -1.387991e+000
    endloop
  endfacet
  facet normal 5.648040e-015 -1.000000e+000 1.252447e-015
    outer loop
      vertex   1.268023e+000 1.500000e+000 -1.387991e+000
      vertex   1.523884e+000 1.500000e+000 -1.655379e+000
      vertex   1.364872e+000 1.500000e+000 -1.292875e+000
    endloop
  endfacet
  facet normal 4.088687e-015 -1.000000e+000 7.579188e-016
    outer loop
      vertex   1.364872e+000 1.500000e+000 -1.292875e+000
      vertex   1.629957e+000 1.500000e+000 -1.551045e+000
      vertex   1.454605e+000 1.500000e+000 -1.191019e+000
    endloop
  endfacet
  facet normal 5.705419e-015 -1.000000e+000 1.827008e-015
    outer loop
      vertex   1.454605e+000 1.500000e+000 -1.191019e+000
      vertex   1.728902e+000 1.500000e+000 -1.439929e+000
      vertex   1.536754e+000 1.500000e+000 -1.082953e+000
    endloop
  endfacet
  facet normal 4.652491e-015 -1.000000e+000 8.720749e-016
    outer loop
      vertex   1.536754e+000 1.500000e+000 -1.082953e+000
      vertex   1.820288e+000 1.500000e+000 -1.322517e+000
      vertex   1.610891e+000 1.500000e+000 -9.692413e-001
    endloop
  endfacet
  facet normal 3.666033e-015 -1.000000e+000 -1.596174e-016
    outer loop
      vertex   1.610891e+000 1.500000e+000 -9.692413e-001
      vertex   1.903714e+000 1.500000e+000 -1.199321e+000
      vertex   1.676631e+000 1.500000e+000 -8.504763e-001
    endloop
  endfacet
  facet normal 4.276760e-015 -1.000000e+000 4.354227e-016
    outer loop
      vertex   1.781588e+000 1.500000e+000 -6.002869e-001
      vertex   2.151081e+000 1.500000e+000 -6.598126e-001
      vertex   1.820259e+000 1.500000e+000 -4.701667e-001
    endloop
  endfacet
  facet normal 4.294801e-015 -1.000000e+000 7.295481e-016
    outer loop
      vertex   1.820259e+000 1.500000e+000 -4.701667e-001
      vertex   2.189985e+000 1.500000e+000 -5.162038e-001
      vertex   1.849440e+000 1.500000e+000 -3.375952e-001
    endloop
  endfacet
  facet normal 4.293335e-015 -1.000000e+000 1.028477e-015
    outer loop
      vertex   1.849440e+000 1.500000e+000 -3.375952e-001
      vertex   2.219313e+000 1.500000e+000 -3.703378e-001
      vertex   1.868979e+000 1.500000e+000 -2.032638e-001
    endloop
  endfacet
  facet normal 4.185298e-015 -1.000000e+000 -3.027910e-016
    outer loop
      vertex   1.868979e+000 1.500000e+000 -2.032638e-001
      vertex   2.238937e+000 1.500000e+000 -2.228524e-001
      vertex   1.878774e+000 1.500000e+000 -6.787254e-002
    endloop
  endfacet
  facet normal 4.293335e-015 -1.000000e+000 -1.028477e-015
    outer loop
      vertex   1.868979e+000 1.500000e+000 2.032638e-001
      vertex   2.219313e+000 1.500000e+000 3.703378e-001
      vertex   1.849440e+000 1.500000e+000 3.375952e-001
    endloop
  endfacet
  facet normal 4.294801e-015 -1.000000e+000 -7.295481e-016
    outer loop
      vertex   1.849440e+000 1.500000e+000 3.375952e-001
      vertex   2.189985e+000 1.500000e+000 5.162038e-001
      vertex   1.820259e+000 1.500000e+000 4.701667e-001
    endloop
  endfacet
  facet normal 4.276760e-015 -1.000000e+000 -4.354227e-016
    outer loop
      vertex   1.820259e+000 1.500000e+000 4.701667e-001
      vertex   2.151081e+000 1.500000e+000 6.598126e-001
      vertex   1.781588e+000 1.500000e+000 6.002869e-001
    endloop
  endfacet
  facet normal 4.239842e-015 -1.000000e+000 -1.472844e-016
    outer loop
      vertex   1.781588e+000 1.500000e+000 6.002869e-001
      vertex   2.102770e+000 1.500000e+000 8.005362e-001
      vertex   1.733628e+000 1.500000e+000 7.272775e-001
    endloop
  endfacet
  facet normal 5.112230e-015 -1.000000e+000 -1.239483e-015
    outer loop
      vertex   1.733628e+000 1.500000e+000 7.272775e-001
      vertex   2.045265e+000 1.500000e+000 9.377592e-001
      vertex   1.676631e+000 1.500000e+000 8.504763e-001
    endloop
  endfacet
  facet normal 5.705419e-015 -1.000000e+000 -1.827008e-015
    outer loop
      vertex   1.536754e+000 1.500000e+000 1.082953e+000
      vertex   1.728902e+000 1.500000e+000 1.439929e+000
      vertex   1.454605e+000 1.500000e+000 1.191019e+000
    endloop
  endfacet
  facet normal 4.088687e-015 -1.000000e+000 -7.579188e-016
    outer loop
      vertex   1.454605e+000 1.500000e+000 1.191019e+000
      vertex   1.629957e+000 1.500000e+000 1.551045e+000
      vertex   1.364872e+000 1.500000e+000 1.292875e+000
    endloop
  endfacet
  facet normal 5.648040e-015 -1.000000e+000 -1.252447e-015
    outer loop
      vertex   1.364872e+000 1.500000e+000 1.292875e+000
      vertex   1.523884e+000 1.500000e+000 1.655379e+000
      vertex   1.268023e+000 1.500000e+000 1.387991e+000
    endloop
  endfacet
  facet normal 3.994856e-015 -1.000000e+000 -3.502800e-016
    outer loop
      vertex   1.268023e+000 1.500000e+000 1.387991e+000
      vertex   1.411147e+000 1.500000e+000 1.752474e+000
      vertex   1.164563e+000 1.500000e+000 1.475870e+000
    endloop
  endfacet
  facet normal 4.844592e-015 -1.000000e+000 -1.689838e-015
    outer loop
      vertex   1.164563e+000 1.500000e+000 1.475870e+000
      vertex   1.292239e+000 1.500000e+000 1.841906e+000
      vertex   1.055032e+000 1.500000e+000 1.556055e+000
    endloop
  endfacet
  facet normal 6.476416e-015 -1.000000e+000 -1.986686e-015
    outer loop
      vertex   1.055032e+000 1.500000e+000 1.556055e+000
      vertex   1.167682e+000 1.500000e+000 1.923284e+000
      vertex   9.400000e-001 1.500000e+000 1.628128e+000
    endloop
  endfacet
  facet normal 5.147403e-015 -1.000000e+000 -7.673825e-016
    outer loop
      vertex   9.400000e-001 1.500000e+000 1.628128e+000
      vertex   1.038018e+000 1.500000e+000 1.996251e+000
      vertex   8.200676e-001 1.500000e+000 1.691712e+000
    endloop
  endfacet
  facet normal 4.874941e-015 -1.000000e+000 -1.107068e-015
    outer loop
      vertex   8.200676e-001 1.500000e+000 1.691712e+000
      vertex   9.038147e-001 1.500000e+000 2.060490e+000
      vertex   6.958597e-001 1.500000e+000 1.746476e+000
    endloop
  endfacet
  facet normal 6.307179e-015 -1.000000e+000 -1.793632e-015
    outer loop
      vertex   6.958597e-001 1.500000e+000 1.746476e+000
      vertex   7.656596e-001 1.500000e+000 2.115719e+000
      vertex   5.680240e-001 1.500000e+000 1.792135e+000
    endloop
  endfacet
  facet normal 4.886791e-015 -1.000000e+000 -7.422548e-016
    outer loop
      vertex   5.680240e-001 1.500000e+000 1.792135e+000
      vertex   6.241565e-001 1.500000e+000 2.161696e+000
      vertex   4.372268e-001 1.500000e+000 1.828451e+000
    endloop
  endfacet
  facet normal 6.404494e-015 -1.000000e+000 -1.340023e-015
    outer loop
      vertex   4.372268e-001 1.500000e+000 1.828451e+000
      vertex   4.799242e-001 1.500000e+000 2.198220e+000
      vertex   3.041502e-001 1.500000e+000 1.855234e+000
    endloop
  endfacet
  facet normal 4.821656e-015 -1.000000e+000 -9.840769e-016
    outer loop
      vertex   3.041502e-001 1.500000e+000 1.855234e+000
      vertex   3.335932e-001 1.500000e+000 2.225133e+000
      vertex   1.694878e-001 1.500000e+000 1.872344e+000
    endloop
  endfacet
  facet normal 6.472043e-015 -1.000000e+000 -1.485754e-015
    outer loop
      vertex   1.694878e-001 1.500000e+000 1.872344e+000
      vertex   1.858035e-001 1.500000e+000 2.242315e+000
      vertex   3.394180e-002 1.500000e+000 1.879694e+000
    endloop
  endfacet
  facet normal 6.816679e-015 -1.000000e+000 -1.136663e-015
    outer loop
      vertex   -2.369735e-001 1.500000e+000 1.865005e+000
      vertex   -4.069812e-001 1.500000e+000 2.212886e+000
      vertex   -3.709303e-001 1.500000e+000 1.843044e+000
    endloop
  endfacet
  facet normal 6.936731e-015 -1.000000e+000 -8.751842e-016
    outer loop
      vertex   -3.709303e-001 1.500000e+000 1.843044e+000
      vertex   -5.523423e-001 1.500000e+000 2.181151e+000
      vertex   -5.029533e-001 1.500000e+000 1.811474e+000
    endloop
  endfacet
  facet normal 5.607111e-015 -1.000000e+000 -1.449038e-015
    outer loop
      vertex   -5.029533e-001 1.500000e+000 1.811474e+000
      vertex   -6.952882e-001 1.500000e+000 2.139877e+000
      vertex   -6.323541e-001 1.500000e+000 1.770460e+000
    endloop
  endfacet
  facet normal 7.168521e-015 -1.000000e+000 -3.144785e-016
    outer loop
      vertex   -6.323541e-001 1.500000e+000 1.770460e+000
      vertex   -8.351938e-001 1.500000e+000 2.089247e+000
      vertex   -7.584581e-001 1.500000e+000 1.720215e+000
    endloop
  endfacet
  facet normal 5.915002e-015 -1.000000e+000 -9.521964e-016
    outer loop
      vertex   -7.584581e-001 1.500000e+000 1.720215e+000
      vertex   -9.714473e-001 1.500000e+000 2.029480e+000
      vertex   -8.806079e-001 1.500000e+000 1.661003e+000
    endloop
  endfacet
  facet normal 6.059271e-015 -1.000000e+000 -6.804829e-016
    outer loop
      vertex   -8.806079e-001 1.500000e+000 1.661003e+000
      vertex   -1.103453e+000 1.500000e+000 1.960840e+000
      vertex   -9.981666e-001 1.500000e+000 1.593130e+000
    endloop
  endfacet
  facet normal 6.531189e-015 -1.000000e+000 -8.883891e-016
    outer loop
      vertex   -9.981666e-001 1.500000e+000 1.593130e+000
      vertex   -1.230633e+000 1.500000e+000 1.883625e+000
      vertex   -1.110521e+000 1.500000e+000 1.516952e+000
    endloop
  endfacet
  facet normal 6.692506e-015 -1.000000e+000 -5.595729e-016
    outer loop
      vertex   -1.110521e+000 1.500000e+000 1.516952e+000
      vertex   -1.352433e+000 1.500000e+000 1.798173e+000
      vertex   -1.217086e+000 1.500000e+000 1.432865e+000
    endloop
  endfacet
  facet normal 6.840715e-015 -1.000000e+000 -2.123281e-016
    outer loop
      vertex   -1.217086e+000 1.500000e+000 1.432865e+000
      vertex   -1.468318e+000 1.500000e+000 1.704858e+000
      vertex   -1.317306e+000 1.500000e+000 1.341307e+000
    endloop
  endfacet
  facet normal 5.811791e-015 -1.000000e+000 -9.990024e-016
    outer loop
      vertex   -1.317306e+000 1.500000e+000 1.341307e+000
      vertex   -1.577783e+000 1.500000e+000 1.604089e+000
      vertex   -1.410658e+000 1.500000e+000 1.242757e+000
    endloop
  endfacet
  facet normal 6.433065e-015 -1.000000e+000 -1.039108e-015
    outer loop
      vertex   -1.410658e+000 1.500000e+000 1.242757e+000
      vertex   -1.680348e+000 1.500000e+000 1.496305e+000
      vertex   -1.496655e+000 1.500000e+000 1.137728e+000
    endloop
  endfacet
  facet normal 7.681698e-015 -1.000000e+000 5.900073e-016
    outer loop
      vertex   -1.496655e+000 1.500000e+000 1.137728e+000
      vertex   -1.775566e+000 1.500000e+000 1.381979e+000
      vertex   -1.574849e+000 1.500000e+000 1.026766e+000
    endloop
  endfacet
  facet normal 5.697056e-015 -1.000000e+000 -1.518797e-015
    outer loop
      vertex   -1.574849e+000 1.500000e+000 1.026766e+000
      vertex   -1.863020e+000 1.500000e+000 1.261609e+000
      vertex   -1.644833e+000 1.500000e+000 9.104523e-001
    endloop
  endfacet
  facet normal 6.726921e-015 -1.000000e+000 6.327773e-016
    outer loop
      vertex   -2.075152e+000 1.500000e+000 8.696231e-001
      vertex   -2.128089e+000 1.500000e+000 7.305738e-001
      vertex   -1.758755e+000 1.500000e+000 6.642152e-001
    endloop
  endfacet
  facet normal 6.544373e-015 -1.000000e+000 -4.463783e-016
    outer loop
      vertex   -2.128089e+000 1.500000e+000 7.305738e-001
      vertex   -2.171720e+000 1.500000e+000 5.883299e-001
      vertex   -1.802098e+000 1.500000e+000 5.355759e-001
    endloop
  endfacet
  facet normal 6.602305e-015 -1.000000e+000 -2.295485e-017
    outer loop
      vertex   -2.171720e+000 1.500000e+000 5.883299e-001
      vertex   -2.205855e+000 1.500000e+000 4.435133e-001
      vertex   -1.836047e+000 1.500000e+000 4.041444e-001
    endloop
  endfacet
  facet normal 6.650907e-015 -1.000000e+000 -1.396544e-015
    outer loop
      vertex   -1.875099e+000 1.500000e+000 -1.356566e-001
      vertex   -1.880000e+000 1.500000e+000 -2.302336e-016
      vertex   -2.245081e+000 1.500000e+000 -1.487038e-001
    endloop
  endfacet
  facet normal 6.601326e-015 -1.000000e+000 -1.274819e-015
    outer loop
      vertex   -2.245081e+000 1.500000e+000 -1.487038e-001
      vertex   -1.880000e+000 1.500000e+000 -2.302336e-016
      vertex   -2.250000e+000 1.500000e+000 0.000000e+000
    endloop
  endfacet
  facet normal 5.662674e-001 3.416527e-015 8.242216e-001
    outer loop
      vertex   -9.963810e-001 5.060000e+000 -1.475000e+000
      vertex   -1.019469e+000 1.600000e+000 -1.459138e+000
      vertex   -9.963810e-001 3.760000e+000 -1.475000e+000
    endloop
  endfacet
  facet normal 5.893674e-001 -2.291239e-004 8.078651e-001
    outer loop
      vertex   -9.963810e-001 5.060000e+000 -1.475000e+000
      vertex   -1.100394e+000 5.060000e+000 -1.399118e+000
      vertex   -1.019469e+000 1.600000e+000 -1.459138e+000
    endloop
  endfacet
  facet normal 6.026346e-001 2.520122e-004 7.980172e-001
    outer loop
      vertex   -1.019469e+000 1.600000e+000 -1.459138e+000
      vertex   -1.100394e+000 5.060000e+000 -1.399118e+000
      vertex   -1.124446e+000 1.600000e+000 -1.379863e+000
    endloop
  endfacet
  facet normal 6.462219e-001 -2.450156e-004 7.631496e-001
    outer loop
      vertex   -1.124446e+000 1.600000e+000 -1.379863e+000
      vertex   -1.100394e+000 5.060000e+000 -1.399118e+000
      vertex   -1.198651e+000 5.060000e+000 -1.315917e+000
    endloop
  endfacet
  facet normal 6.996954e-001 -2.596362e-004 7.144413e-001
    outer loop
      vertex   -1.223281e+000 1.600000e+000 -1.293052e+000
      vertex   -1.198651e+000 5.060000e+000 -1.315917e+000
      vertex   -1.290636e+000 5.060000e+000 -1.225830e+000
    endloop
  endfacet
  facet normal 7.495081e-001 -2.729856e-004 6.619951e-001
    outer loop
      vertex   -1.315436e+000 1.600000e+000 -1.199178e+000
      vertex   -1.290636e+000 5.060000e+000 -1.225830e+000
      vertex   -1.375868e+000 5.060000e+000 -1.129330e+000
    endloop
  endfacet
  facet normal 7.953995e-001 -2.850636e-004 6.060854e-001
    outer loop
      vertex   -1.400406e+000 1.600000e+000 -1.098755e+000
      vertex   -1.375868e+000 5.060000e+000 -1.129330e+000
      vertex   -1.453902e+000 5.060000e+000 -1.026922e+000
    endloop
  endfacet
  facet normal 8.371295e-001 -2.958704e-004 5.470047e-001
    outer loop
      vertex   -1.477728e+000 1.600000e+000 -9.923312e-001
      vertex   -1.453902e+000 5.060000e+000 -1.026922e+000
      vertex   -1.524329e+000 5.060000e+000 -9.191409e-001
    endloop
  endfacet
  facet normal 8.744796e-001 -3.054059e-004 4.850622e-001
    outer loop
      vertex   -1.546978e+000 1.600000e+000 -8.804874e-001
      vertex   -1.524329e+000 5.060000e+000 -9.191409e-001
      vertex   -1.586782e+000 5.060000e+000 -8.065508e-001
    endloop
  endfacet
  facet normal 9.072546e-001 -3.136700e-004 4.205818e-001
    outer loop
      vertex   -1.607780e+000 1.600000e+000 -7.638347e-001
      vertex   -1.586782e+000 5.060000e+000 -8.065508e-001
      vertex   -1.640932e+000 5.060000e+000 -6.897409e-001
    endloop
  endfacet
  facet normal 9.352828e-001 -3.206627e-004 3.539010e-001
    outer loop
      vertex   -1.659801e+000 1.600000e+000 -6.430102e-001
      vertex   -1.640932e+000 5.060000e+000 -6.897409e-001
      vertex   -1.686497e+000 5.060000e+000 -5.693224e-001
    endloop
  endfacet
  facet normal 9.584178e-001 -3.263841e-004 2.853686e-001
    outer loop
      vertex   -1.702756e+000 1.600000e+000 -5.186737e-001
      vertex   -1.686497e+000 5.060000e+000 -5.693224e-001
      vertex   -1.723238e+000 5.060000e+000 -4.459252e-001
    endloop
  endfacet
  facet normal 9.765384e-001 -3.308340e-004 2.153432e-001
    outer loop
      vertex   -1.736411e+000 1.600000e+000 -3.915045e-001
      vertex   -1.723238e+000 5.060000e+000 -4.459252e-001
      vertex   -1.750964e+000 5.060000e+000 -3.201950e-001
    endloop
  endfacet
  facet normal 9.895498e-001 -3.340126e-004 1.441911e-001
    outer loop
      vertex   -1.760583e+000 1.600000e+000 -2.621970e-001
      vertex   -1.750964e+000 5.060000e+000 -3.201950e-001
      vertex   -1.769529e+000 5.060000e+000 -1.927896e-001
    endloop
  endfacet
  facet normal 9.973840e-001 -3.359197e-004 7.228465e-002
    outer loop
      vertex   -1.775139e+000 1.600000e+000 -1.314575e-001
      vertex   -1.769529e+000 5.060000e+000 -1.927896e-001
      vertex   -1.778836e+000 5.060000e+000 -6.437546e-002
    endloop
  endfacet
  facet normal 9.999999e-001 -3.365554e-004 -1.724606e-015
    outer loop
      vertex   -1.780000e+000 1.600000e+000 2.179871e-016
      vertex   -1.778836e+000 5.060000e+000 -6.437546e-002
      vertex   -1.778836e+000 5.060000e+000 6.437546e-002
    endloop
  endfacet
  facet normal 9.973840e-001 -3.359197e-004 -7.228465e-002
    outer loop
      vertex   -1.775139e+000 1.600000e+000 1.314575e-001
      vertex   -1.778836e+000 5.060000e+000 6.437546e-002
      vertex   -1.769529e+000 5.060000e+000 1.927896e-001
    endloop
  endfacet
  facet normal 9.895498e-001 -3.340126e-004 -1.441911e-001
    outer loop
      vertex   -1.760583e+000 1.600000e+000 2.621970e-001
      vertex   -1.769529e+000 5.060000e+000 1.927896e-001
      vertex   -1.750964e+000 5.060000e+000 3.201950e-001
    endloop
  endfacet
  facet normal 9.765384e-001 -3.308340e-004 -2.153432e-001
    outer loop
      vertex   -1.736411e+000 1.600000e+000 3.915045e-001
      vertex   -1.750964e+000 5.060000e+000 3.201950e-001
      vertex   -1.723238e+000 5.060000e+000 4.459252e-001
    endloop
  endfacet
  facet normal 9.584178e-001 -3.263841e-004 -2.853686e-001
    outer loop
      vertex   -1.702756e+000 1.600000e+000 5.186737e-001
      vertex   -1.723238e+000 5.060000e+000 4.459252e-001
      vertex   -1.686497e+000 5.060000e+000 5.693224e-001
    endloop
  endfacet
  facet normal 9.352828e-001 -3.206627e-004 -3.539010e-001
    outer loop
      vertex   -1.659801e+000 1.600000e+000 6.430102e-001
      vertex   -1.686497e+000 5.060000e+000 5.693224e-001
      vertex   -1.640932e+000 5.060000e+000 6.897409e-001
    endloop
  endfacet
  facet normal 9.072546e-001 -3.136700e-004 -4.205818e-001
    outer loop
      vertex   -1.607780e+000 1.600000e+000 7.638347e-001
      vertex   -1.640932e+000 5.060000e+000 6.897409e-001
      vertex   -1.586782e+000 5.060000e+000 8.065508e-001
    endloop
  endfacet
  facet normal 8.744796e-001 -3.054059e-004 -4.850622e-001
    outer loop
      vertex   -1.546978e+000 1.600000e+000 8.804874e-001
      vertex   -1.586782e+000 5.060000e+000 8.065508e-001
      vertex   -1.524329e+000 5.060000e+000 9.191409e-001
    endloop
  endfacet
  facet normal 8.371295e-001 -2.958704e-004 -5.470047e-001
    outer loop
      vertex   -1.477728e+000 1.600000e+000 9.923312e-001
      vertex   -1.524329e+000 5.060000e+000 9.191409e-001
      vertex   -1.453902e+000 5.060000e+000 1.026922e+000
    endloop
  endfacet
  facet normal 7.953995e-001 -2.850636e-004 -6.060854e-001
    outer loop
      vertex   -1.400406e+000 1.600000e+000 1.098755e+000
      vertex   -1.453902e+000 5.060000e+000 1.026922e+000
      vertex   -1.375868e+000 5.060000e+000 1.129330e+000
    endloop
  endfacet
  facet normal 7.495081e-001 -2.729856e-004 -6.619951e-001
    outer loop
      vertex   -1.315436e+000 1.600000e+000 1.199178e+000
      vertex   -1.375868e+000 5.060000e+000 1.129330e+000
      vertex   -1.290636e+000 5.060000e+000 1.225830e+000
    endloop
  endfacet
  facet normal 6.996954e-001 -2.596362e-004 -7.144413e-001
    outer loop
      vertex   -1.223281e+000 1.600000e+000 1.293052e+000
      vertex   -1.290636e+000 5.060000e+000 1.225830e+000
      vertex   -1.198651e+000 5.060000e+000 1.315917e+000
    endloop
  endfacet
  facet normal 6.462219e-001 -2.450156e-004 -7.631496e-001
    outer loop
      vertex   -1.124446e+000 1.600000e+000 1.379863e+000
      vertex   -1.198651e+000 5.060000e+000 1.315917e+000
      vertex   -1.100394e+000 5.060000e+000 1.399118e+000
    endloop
  endfacet
  facet normal 5.893674e-001 -2.291239e-004 -8.078651e-001
    outer loop
      vertex   -1.019469e+000 1.600000e+000 1.459138e+000
      vertex   -1.100394e+000 5.060000e+000 1.399118e+000
      vertex   -9.963810e-001 5.060000e+000 1.475000e+000
    endloop
  endfacet
  facet normal 5.662674e-001 -4.756341e-015 -8.242216e-001
    outer loop
      vertex   -9.963810e-001 3.760000e+000 1.475000e+000
      vertex   -1.019469e+000 1.600000e+000 1.459138e+000
      vertex   -9.963810e-001 5.060000e+000 1.475000e+000
    endloop
  endfacet
  facet normal 5.420533e-001 3.772118e-004 -8.403440e-001
    outer loop
      vertex   -9.963810e-001 3.760000e+000 1.475000e+000
      vertex   -9.089235e-001 1.600000e+000 1.530444e+000
      vertex   -1.019469e+000 1.600000e+000 1.459138e+000
    endloop
  endfacet
  facet normal 5.336702e-001 -9.950600e-005 -8.456927e-001
    outer loop
      vertex   -9.963810e-001 3.760000e+000 1.475000e+000
      vertex   -9.027254e-001 3.700892e+000 1.534108e+000
      vertex   -9.089235e-001 1.600000e+000 1.530444e+000
    endloop
  endfacet
  facet normal 4.801399e-001 1.133579e-004 -8.771919e-001
    outer loop
      vertex   -9.089235e-001 1.600000e+000 1.530444e+000
      vertex   -9.027254e-001 3.700892e+000 1.534108e+000
      vertex   -8.055753e-001 3.647723e+000 1.587277e+000
    endloop
  endfacet
  facet normal 4.245407e-001 -1.818925e-004 -9.054088e-001
    outer loop
      vertex   -7.934143e-001 1.600000e+000 1.593391e+000
      vertex   -8.055753e-001 3.647723e+000 1.587277e+000
      vertex   -7.053068e-001 3.600698e+000 1.634302e+000
    endloop
  endfacet
  facet normal 3.673585e-001 -3.712771e-004 -9.300793e-001
    outer loop
      vertex   -6.735717e-001 1.600000e+000 1.647635e+000
      vertex   -7.053068e-001 3.600698e+000 1.634302e+000
      vertex   -6.023081e-001 3.560000e+000 1.675000e+000
    endloop
  endfacet
  facet normal 3.056974e-001 -5.354860e-004 -9.521286e-001
    outer loop
      vertex   -5.500502e-001 1.600000e+000 1.692881e+000
      vertex   -6.023081e-001 3.560000e+000 1.675000e+000
      vertex   -4.853265e-001 3.560000e+000 1.712559e+000
    endloop
  endfacet
  facet normal 2.392884e-001 -5.401301e-004 -9.709484e-001
    outer loop
      vertex   -4.235246e-001 1.600000e+000 1.728880e+000
      vertex   -4.853265e-001 3.560000e+000 1.712559e+000
      vertex   -3.660327e-001 3.560000e+000 1.741959e+000
    endloop
  endfacet
  facet normal 1.717393e-001 -5.231304e-004 -9.851423e-001
    outer loop
      vertex   -2.946859e-001 1.600000e+000 1.755437e+000
      vertex   -3.660327e-001 3.560000e+000 1.741959e+000
      vertex   -2.449950e-001 3.560000e+000 1.763059e+000
    endloop
  endfacet
  facet normal 1.033719e-001 -4.844873e-004 -9.946427e-001
    outer loop
      vertex   -1.642377e-001 1.600000e+000 1.772407e+000
      vertex   -2.449950e-001 3.560000e+000 1.763059e+000
      vertex   -1.227900e-001 3.560000e+000 1.775760e+000
    endloop
  endfacet
  facet normal 3.451213e-002 -4.242017e-004 -9.994042e-001
    outer loop
      vertex   -3.289245e-002 1.600000e+000 1.779696e+000
      vertex   -1.227900e-001 3.560000e+000 1.775760e+000
      vertex   -2.205742e-014 3.560000e+000 1.780000e+000
    endloop
  endfacet
  facet normal -3.451213e-002 -3.422750e-004 -9.994042e-001
    outer loop
      vertex   9.863243e-002 1.600000e+000 1.777265e+000
      vertex   -2.205742e-014 3.560000e+000 1.780000e+000
      vertex   1.227900e-001 3.560000e+000 1.775760e+000
    endloop
  endfacet
  facet normal -1.033720e-001 -2.387093e-004 -9.946427e-001
    outer loop
      vertex   2.296186e-001 1.600000e+000 1.765128e+000
      vertex   1.227900e-001 3.560000e+000 1.775760e+000
      vertex   2.449950e-001 3.560000e+000 1.763059e+000
    endloop
  endfacet
  facet normal -1.717393e-001 -1.135070e-004 -9.851424e-001
    outer loop
      vertex   3.593507e-001 1.600000e+000 1.743349e+000
      vertex   2.449950e-001 3.560000e+000 1.763059e+000
      vertex   3.660327e-001 3.560000e+000 1.741959e+000
    endloop
  endfacet
  facet normal -2.392884e-001 3.332898e-005 -9.709485e-001
    outer loop
      vertex   4.871201e-001 1.600000e+000 1.712050e+000
      vertex   3.660327e-001 3.560000e+000 1.741959e+000
      vertex   4.853265e-001 3.560000e+000 1.712559e+000
    endloop
  endfacet
  facet normal -3.056974e-001 -3.233311e-005 -9.521287e-001
    outer loop
      vertex   6.023081e-001 3.560000e+000 1.675000e+000
      vertex   4.871201e-001 1.600000e+000 1.712050e+000
      vertex   4.853265e-001 3.560000e+000 1.712559e+000
    endloop
  endfacet
  facet normal -3.090170e-001 1.830226e-004 -9.510565e-001
    outer loop
      vertex   6.023081e-001 3.560000e+000 1.675000e+000
      vertex   6.122291e-001 1.600000e+000 1.671399e+000
      vertex   4.871201e-001 1.600000e+000 1.712050e+000
    endloop
  endfacet
  facet normal -3.674337e-001 -1.512594e-004 -9.300497e-001
    outer loop
      vertex   6.023081e-001 3.560000e+000 1.675000e+000
      vertex   7.053068e-001 3.600698e+000 1.634302e+000
      vertex   6.122291e-001 1.600000e+000 1.671399e+000
    endloop
  endfacet
  facet normal -3.784110e-001 4.412441e-004 -9.256376e-001
    outer loop
      vertex   6.122291e-001 1.600000e+000 1.671399e+000
      vertex   7.053068e-001 3.600698e+000 1.634302e+000
      vertex   7.339942e-001 1.600000e+000 1.621620e+000
    endloop
  endfacet
  facet normal -4.244771e-001 -3.473142e-004 -9.054386e-001
    outer loop
      vertex   7.339942e-001 1.600000e+000 1.621620e+000
      vertex   7.053068e-001 3.600698e+000 1.634302e+000
      vertex   8.055753e-001 3.647723e+000 1.587277e+000
    endloop
  endfacet
  facet normal -4.799176e-001 -4.142454e-004 -8.773135e-001
    outer loop
      vertex   8.517506e-001 1.600000e+000 1.562985e+000
      vertex   8.055753e-001 3.647723e+000 1.587277e+000
      vertex   9.027254e-001 3.700892e+000 1.534108e+000
    endloop
  endfacet
  facet normal -5.335518e-001 -3.619202e-004 -8.457673e-001
    outer loop
      vertex   9.648550e-001 1.600000e+000 1.495812e+000
      vertex   9.027254e-001 3.700892e+000 1.534108e+000
      vertex   9.963810e-001 3.760000e+000 1.475000e+000
    endloop
  endfacet
  facet normal -5.869454e-001 -2.965954e-004 -8.096265e-001
    outer loop
      vertex   1.072690e+000 1.600000e+000 1.420471e+000
      vertex   9.963810e-001 3.760000e+000 1.475000e+000
      vertex   1.100394e+000 5.060000e+000 1.399118e+000
    endloop
  endfacet
  facet normal -6.462219e-001 -2.523345e-004 -7.631496e-001
    outer loop
      vertex   1.174666e+000 1.600000e+000 1.337371e+000
      vertex   1.100394e+000 5.060000e+000 1.399118e+000
      vertex   1.198651e+000 5.060000e+000 1.315917e+000
    endloop
  endfacet
  facet normal -6.996954e-001 -2.370653e-004 -7.144413e-001
    outer loop
      vertex   1.270226e+000 1.600000e+000 1.246967e+000
      vertex   1.198651e+000 5.060000e+000 1.315917e+000
      vertex   1.290636e+000 5.060000e+000 1.225830e+000
    endloop
  endfacet
  facet normal -7.495081e-001 -2.205249e-004 -6.619951e-001
    outer loop
      vertex   1.358849e+000 1.600000e+000 1.149752e+000
      vertex   1.290636e+000 5.060000e+000 1.225830e+000
      vertex   1.375868e+000 5.060000e+000 1.129330e+000
    endloop
  endfacet
  facet normal -7.953996e-001 -2.027133e-004 -6.060854e-001
    outer loop
      vertex   1.440050e+000 1.600000e+000 1.046258e+000
      vertex   1.375868e+000 5.060000e+000 1.129330e+000
      vertex   1.453902e+000 5.060000e+000 1.026922e+000
    endloop
  endfacet
  facet normal -8.371295e-001 -1.836307e-004 -5.470047e-001
    outer loop
      vertex   1.513387e+000 1.600000e+000 9.370492e-001
      vertex   1.453902e+000 5.060000e+000 1.026922e+000
      vertex   1.524329e+000 5.060000e+000 9.191409e-001
    endloop
  endfacet
  facet normal -8.744797e-001 -1.632770e-004 -4.850622e-001
    outer loop
      vertex   1.578457e+000 1.600000e+000 8.227229e-001
      vertex   1.524329e+000 5.060000e+000 9.191409e-001
      vertex   1.586782e+000 5.060000e+000 8.065508e-001
    endloop
  endfacet
  facet normal -9.072546e-001 -1.416523e-004 -4.205818e-001
    outer loop
      vertex   1.634907e+000 1.600000e+000 7.039031e-001
      vertex   1.586782e+000 5.060000e+000 8.065508e-001
      vertex   1.640932e+000 5.060000e+000 6.897409e-001
    endloop
  endfacet
  facet normal -9.352829e-001 -1.187567e-004 -3.539010e-001
    outer loop
      vertex   1.682427e+000 1.600000e+000 5.812389e-001
      vertex   1.640932e+000 5.060000e+000 6.897409e-001
      vertex   1.686497e+000 5.060000e+000 5.693224e-001
    endloop
  endfacet
  facet normal -9.584178e-001 -9.459015e-005 -2.853686e-001
    outer loop
      vertex   1.720759e+000 1.600000e+000 4.554001e-001
      vertex   1.686497e+000 5.060000e+000 5.693224e-001
      vertex   1.723238e+000 5.060000e+000 4.459252e-001
    endloop
  endfacet
  facet normal -9.765384e-001 -6.915280e-005 -2.153432e-001
    outer loop
      vertex   1.749692e+000 1.600000e+000 3.270741e-001
      vertex   1.723238e+000 5.060000e+000 4.459252e-001
      vertex   1.750964e+000 5.060000e+000 3.201950e-001
    endloop
  endfacet
  facet normal -9.895499e-001 -4.244470e-005 -1.441911e-001
    outer loop
      vertex   1.769069e+000 1.600000e+000 1.969618e-001
      vertex   1.750964e+000 5.060000e+000 3.201950e-001
      vertex   1.769529e+000 5.060000e+000 1.927896e-001
    endloop
  endfacet
  facet normal -9.973840e-001 -1.446589e-005 -7.228465e-002
    outer loop
      vertex   1.778784e+000 1.600000e+000 6.577367e-002
      vertex   1.769529e+000 5.060000e+000 1.927896e-001
      vertex   1.778836e+000 5.060000e+000 6.437546e-002
    endloop
  endfacet
  facet normal -1.000000e+000 1.478354e-005 -3.449234e-015
    outer loop
      vertex   1.778836e+000 5.060000e+000 -6.437546e-002
      vertex   1.778784e+000 1.600000e+000 6.577367e-002
      vertex   1.778836e+000 5.060000e+000 6.437546e-002
    endloop
  endfacet
  facet normal -1.000000e+000 1.478354e-005 0.000000e+000
    outer loop
      vertex   1.778836e+000 5.060000e+000 -6.437546e-002
      vertex   1.778784e+000 1.600000e+000 -6.577367e-002
      vertex   1.778784e+000 1.600000e+000 6.577367e-002
    endloop
  endfacet
  facet normal -9.973840e-001 -1.446589e-005 7.228465e-002
    outer loop
      vertex   1.778836e+000 5.060000e+000 -6.437546e-002
      vertex   1.769529e+000 5.060000e+000 -1.927896e-001
      vertex   1.778784e+000 1.600000e+000 -6.577367e-002
    endloop
  endfacet
  facet normal -9.972692e-001 4.339767e-005 7.385253e-002
    outer loop
      vertex   1.778784e+000 1.600000e+000 -6.577367e-002
      vertex   1.769529e+000 5.060000e+000 -1.927896e-001
      vertex   1.769069e+000 1.600000e+000 -1.969618e-001
    endloop
  endfacet
  facet normal -9.895499e-001 -4.244470e-005 1.441911e-001
    outer loop
      vertex   1.769069e+000 1.600000e+000 -1.969618e-001
      vertex   1.769529e+000 5.060000e+000 -1.927896e-001
      vertex   1.750964e+000 5.060000e+000 -3.201950e-001
    endloop
  endfacet
  facet normal -9.765384e-001 -6.915280e-005 2.153432e-001
    outer loop
      vertex   1.749692e+000 1.600000e+000 -3.270741e-001
      vertex   1.750964e+000 5.060000e+000 -3.201950e-001
      vertex   1.723238e+000 5.060000e+000 -4.459252e-001
    endloop
  endfacet
  facet normal -9.584178e-001 -9.459015e-005 2.853686e-001
    outer loop
      vertex   1.720759e+000 1.600000e+000 -4.554001e-001
      vertex   1.723238e+000 5.060000e+000 -4.459252e-001
      vertex   1.686497e+000 5.060000e+000 -5.693224e-001
    endloop
  endfacet
  facet normal -9.352829e-001 -1.187567e-004 3.539010e-001
    outer loop
      vertex   1.682427e+000 1.600000e+000 -5.812389e-001
      vertex   1.686497e+000 5.060000e+000 -5.693224e-001
      vertex   1.640932e+000 5.060000e+000 -6.897409e-001
    endloop
  endfacet
  facet normal -9.072546e-001 -1.416523e-004 4.205818e-001
    outer loop
      vertex   1.634907e+000 1.600000e+000 -7.039031e-001
      vertex   1.640932e+000 5.060000e+000 -6.897409e-001
      vertex   1.586782e+000 5.060000e+000 -8.065508e-001
    endloop
  endfacet
  facet normal -8.744797e-001 -1.632770e-004 4.850622e-001
    outer loop
      vertex   1.578457e+000 1.600000e+000 -8.227229e-001
      vertex   1.586782e+000 5.060000e+000 -8.065508e-001
      vertex   1.524329e+000 5.060000e+000 -9.191409e-001
    endloop
  endfacet
  facet normal -8.371295e-001 -1.836307e-004 5.470047e-001
    outer loop
      vertex   1.513387e+000 1.600000e+000 -9.370492e-001
      vertex   1.524329e+000 5.060000e+000 -9.191409e-001
      vertex   1.453902e+000 5.060000e+000 -1.026922e+000
    endloop
  endfacet
  facet normal -7.953996e-001 -2.027133e-004 6.060854e-001
    outer loop
      vertex   1.440050e+000 1.600000e+000 -1.046258e+000
      vertex   1.453902e+000 5.060000e+000 -1.026922e+000
      vertex   1.375868e+000 5.060000e+000 -1.129330e+000
    endloop
  endfacet
  facet normal -7.495081e-001 -2.205249e-004 6.619951e-001
    outer loop
      vertex   1.358849e+000 1.600000e+000 -1.149752e+000
      vertex   1.375868e+000 5.060000e+000 -1.129330e+000
      vertex   1.290636e+000 5.060000e+000 -1.225830e+000
    endloop
  endfacet
  facet normal -6.996954e-001 -2.370653e-004 7.144413e-001
    outer loop
      vertex   1.270226e+000 1.600000e+000 -1.246967e+000
      vertex   1.290636e+000 5.060000e+000 -1.225830e+000
      vertex   1.198651e+000 5.060000e+000 -1.315917e+000
    endloop
  endfacet
  facet normal -6.462219e-001 -2.523345e-004 7.631496e-001
    outer loop
      vertex   1.174666e+000 1.600000e+000 -1.337371e+000
      vertex   1.198651e+000 5.060000e+000 -1.315917e+000
      vertex   1.100394e+000 5.060000e+000 -1.399118e+000
    endloop
  endfacet
  facet normal -5.893674e-001 -2.663326e-004 8.078651e-001
    outer loop
      vertex   1.072690e+000 1.600000e+000 -1.420471e+000
      vertex   1.100394e+000 5.060000e+000 -1.399118e+000
      vertex   9.963810e-001 5.060000e+000 -1.475000e+000
    endloop
  endfacet
  facet normal -5.814014e-001 -3.464430e-015 8.136169e-001
    outer loop
      vertex   9.963810e-001 3.760000e+000 -1.475000e+000
      vertex   1.072690e+000 1.600000e+000 -1.420471e+000
      vertex   9.963810e-001 5.060000e+000 -1.475000e+000
    endloop
  endfacet
  facet normal -5.727351e-001 4.607541e-004 8.197404e-001
    outer loop
      vertex   9.963810e-001 3.760000e+000 -1.475000e+000
      vertex   9.648550e-001 1.600000e+000 -1.495812e+000
      vertex   1.072690e+000 1.600000e+000 -1.420471e+000
    endloop
  endfacet
  facet normal -5.335518e-001 -3.619202e-004 8.457673e-001
    outer loop
      vertex   9.963810e-001 3.760000e+000 -1.475000e+000
      vertex   9.027254e-001 3.700892e+000 -1.534108e+000
      vertex   9.648550e-001 1.600000e+000 -1.495812e+000
    endloop
  endfacet
  facet normal -5.106311e-001 5.716954e-004 8.597997e-001
    outer loop
      vertex   9.648550e-001 1.600000e+000 -1.495812e+000
      vertex   9.027254e-001 3.700892e+000 -1.534108e+000
      vertex   8.517506e-001 1.600000e+000 -1.562985e+000
    endloop
  endfacet
  facet normal -4.799176e-001 -4.142454e-004 8.773135e-001
    outer loop
      vertex   8.517506e-001 1.600000e+000 -1.562985e+000
      vertex   9.027254e-001 3.700892e+000 -1.534108e+000
      vertex   8.055753e-001 3.647723e+000 -1.587277e+000
    endloop
  endfacet
  facet normal -4.244771e-001 -3.473142e-004 9.054386e-001
    outer loop
      vertex   7.339942e-001 1.600000e+000 -1.621620e+000
      vertex   8.055753e-001 3.647723e+000 -1.587277e+000
      vertex   7.053068e-001 3.600698e+000 -1.634302e+000
    endloop
  endfacet
  facet normal -3.674337e-001 -1.512594e-004 9.300497e-001
    outer loop
      vertex   6.122291e-001 1.600000e+000 -1.671399e+000
      vertex   7.053068e-001 3.600698e+000 -1.634302e+000
      vertex   6.023081e-001 3.560000e+000 -1.675000e+000
    endloop
  endfacet
  facet normal -3.056974e-001 -3.233311e-005 9.521287e-001
    outer loop
      vertex   4.871201e-001 1.600000e+000 -1.712050e+000
      vertex   6.023081e-001 3.560000e+000 -1.675000e+000
      vertex   4.853265e-001 3.560000e+000 -1.712559e+000
    endloop
  endfacet
  facet normal -2.392884e-001 3.332898e-005 9.709485e-001
    outer loop
      vertex   3.660327e-001 3.560000e+000 -1.741959e+000
      vertex   4.871201e-001 1.600000e+000 -1.712050e+000
      vertex   4.853265e-001 3.560000e+000 -1.712559e+000
    endloop
  endfacet
  facet normal -2.379352e-001 1.220020e-004 9.712810e-001
    outer loop
      vertex   3.660327e-001 3.560000e+000 -1.741959e+000
      vertex   3.593507e-001 1.600000e+000 -1.743349e+000
      vertex   4.871201e-001 1.600000e+000 -1.712050e+000
    endloop
  endfacet
  facet normal -1.717393e-001 -1.135070e-004 9.851424e-001
    outer loop
      vertex   3.660327e-001 3.560000e+000 -1.741959e+000
      vertex   2.449950e-001 3.560000e+000 -1.763059e+000
      vertex   3.593507e-001 1.600000e+000 -1.743349e+000
    endloop
  endfacet
  facet normal -1.655539e-001 2.580216e-004 9.862007e-001
    outer loop
      vertex   3.593507e-001 1.600000e+000 -1.743349e+000
      vertex   2.449950e-001 3.560000e+000 -1.763059e+000
      vertex   2.296186e-001 1.600000e+000 -1.765128e+000
    endloop
  endfacet
  facet normal -1.033720e-001 -2.387093e-004 9.946427e-001
    outer loop
      vertex   2.296186e-001 1.600000e+000 -1.765128e+000
      vertex   2.449950e-001 3.560000e+000 -1.763059e+000
      vertex   1.227900e-001 3.560000e+000 -1.775760e+000
    endloop
  endfacet
  facet normal -3.451213e-002 -3.422750e-004 9.994042e-001
    outer loop
      vertex   9.863243e-002 1.600000e+000 -1.777265e+000
      vertex   1.227900e-001 3.560000e+000 -1.775760e+000
      vertex   -2.166218e-014 3.560000e+000 -1.780000e+000
    endloop
  endfacet
  facet normal 3.451213e-002 -4.242017e-004 9.994042e-001
    outer loop
      vertex   -3.289245e-002 1.600000e+000 -1.779696e+000
      vertex   -2.166218e-014 3.560000e+000 -1.780000e+000
      vertex   -1.227900e-001 3.560000e+000 -1.775760e+000
    endloop
  endfacet
  facet normal 1.033719e-001 -4.844873e-004 9.946427e-001
    outer loop
      vertex   -1.642377e-001 1.600000e+000 -1.772407e+000
      vertex   -1.227900e-001 3.560000e+000 -1.775760e+000
      vertex   -2.449950e-001 3.560000e+000 -1.763059e+000
    endloop
  endfacet
  facet normal 1.717393e-001 -5.231304e-004 9.851423e-001
    outer loop
      vertex   -2.946859e-001 1.600000e+000 -1.755437e+000
      vertex   -2.449950e-001 3.560000e+000 -1.763059e+000
      vertex   -3.660327e-001 3.560000e+000 -1.741959e+000
    endloop
  endfacet
  facet normal 2.392884e-001 -5.401301e-004 9.709484e-001
    outer loop
      vertex   -4.235246e-001 1.600000e+000 -1.728880e+000
      vertex   -3.660327e-001 3.560000e+000 -1.741959e+000
      vertex   -4.853265e-001 3.560000e+000 -1.712559e+000
    endloop
  endfacet
  facet normal 3.056974e-001 -5.354860e-004 9.521286e-001
    outer loop
      vertex   -5.500502e-001 1.600000e+000 -1.692881e+000
      vertex   -4.853265e-001 3.560000e+000 -1.712559e+000
      vertex   -6.023081e-001 3.560000e+000 -1.675000e+000
    endloop
  endfacet
  facet normal 3.673585e-001 -3.712771e-004 9.300793e-001
    outer loop
      vertex   -6.735717e-001 1.600000e+000 -1.647635e+000
      vertex   -6.023081e-001 3.560000e+000 -1.675000e+000
      vertex   -7.053068e-001 3.600698e+000 -1.634302e+000
    endloop
  endfacet
  facet normal 4.245407e-001 -1.818925e-004 9.054088e-001
    outer loop
      vertex   -7.934143e-001 1.600000e+000 -1.593391e+000
      vertex   -7.053068e-001 3.600698e+000 -1.634302e+000
      vertex   -8.055753e-001 3.647723e+000 -1.587277e+000
    endloop
  endfacet
  facet normal 4.801399e-001 1.133579e-004 8.771919e-001
    outer loop
      vertex   -9.089235e-001 1.600000e+000 -1.530444e+000
      vertex   -8.055753e-001 3.647723e+000 -1.587277e+000
      vertex   -9.027254e-001 3.700892e+000 -1.534108e+000
    endloop
  endfacet
  facet normal 5.336702e-001 -9.950600e-005 8.456927e-001
    outer loop
      vertex   -9.963810e-001 3.760000e+000 -1.475000e+000
      vertex   -9.089235e-001 1.600000e+000 -1.530444e+000
      vertex   -9.027254e-001 3.700892e+000 -1.534108e+000
    endloop
  endfacet
  facet normal 5.420533e-001 3.772118e-004 8.403440e-001
    outer loop
      vertex   -9.963810e-001 3.760000e+000 -1.475000e+000
      vertex   -1.019469e+000 1.600000e+000 -1.459138e+000
      vertex   -9.089235e-001 1.600000e+000 -1.530444e+000
    endloop
  endfacet
  facet normal 6.599245e-001 2.672684e-004 7.513319e-001
    outer loop
      vertex   -1.124446e+000 1.600000e+000 -1.379863e+000
      vertex   -1.198651e+000 5.060000e+000 -1.315917e+000
      vertex   -1.223281e+000 1.600000e+000 -1.293052e+000
    endloop
  endfacet
  facet normal 7.136101e-001 2.812533e-004 7.005430e-001
    outer loop
      vertex   -1.223281e+000 1.600000e+000 -1.293052e+000
      vertex   -1.290636e+000 5.060000e+000 -1.225830e+000
      vertex   -1.315436e+000 1.600000e+000 -1.199178e+000
    endloop
  endfacet
  facet normal 7.633982e-001 2.939670e-004 6.459280e-001
    outer loop
      vertex   -1.315436e+000 1.600000e+000 -1.199178e+000
      vertex   -1.375868e+000 5.060000e+000 -1.129330e+000
      vertex   -1.400406e+000 1.600000e+000 -1.098755e+000
    endloop
  endfacet
  facet normal 8.090170e-001 3.054095e-004 5.877852e-001
    outer loop
      vertex   -1.400406e+000 1.600000e+000 -1.098755e+000
      vertex   -1.453902e+000 5.060000e+000 -1.026922e+000
      vertex   -1.477728e+000 1.600000e+000 -9.923312e-001
    endloop
  endfacet
  facet normal 8.502171e-001 3.155806e-004 5.264321e-001
    outer loop
      vertex   -1.477728e+000 1.600000e+000 -9.923312e-001
      vertex   -1.524329e+000 5.060000e+000 -9.191409e-001
      vertex   -1.546978e+000 1.600000e+000 -8.804874e-001
    endloop
  endfacet
  facet normal 8.867736e-001 3.244804e-004 4.622039e-001
    outer loop
      vertex   -1.546978e+000 1.600000e+000 -8.804874e-001
      vertex   -1.586782e+000 5.060000e+000 -8.065508e-001
      vertex   -1.607780e+000 1.600000e+000 -7.638347e-001
    endloop
  endfacet
  facet normal 9.184869e-001 3.321088e-004 3.954512e-001
    outer loop
      vertex   -1.607780e+000 1.600000e+000 -7.638347e-001
      vertex   -1.640932e+000 5.060000e+000 -6.897409e-001
      vertex   -1.659801e+000 1.600000e+000 -6.430102e-001
    endloop
  endfacet
  facet normal 9.451838e-001 3.384659e-004 3.265387e-001
    outer loop
      vertex   -1.659801e+000 1.600000e+000 -6.430102e-001
      vertex   -1.686497e+000 5.060000e+000 -5.693224e-001
      vertex   -1.702756e+000 1.600000e+000 -5.186737e-001
    endloop
  endfacet
  facet normal 9.667183e-001 3.435515e-004 2.558428e-001
    outer loop
      vertex   -1.702756e+000 1.600000e+000 -5.186737e-001
      vertex   -1.723238e+000 5.060000e+000 -4.459252e-001
      vertex   -1.736411e+000 1.600000e+000 -3.915045e-001
    endloop
  endfacet
  facet normal 9.829730e-001 3.473658e-004 1.837495e-001
    outer loop
      vertex   -1.736411e+000 1.600000e+000 -3.915045e-001
      vertex   -1.750964e+000 5.060000e+000 -3.201950e-001
      vertex   -1.760583e+000 1.600000e+000 -2.621970e-001
    endloop
  endfacet
  facet normal 9.938591e-001 3.499086e-004 1.106527e-001
    outer loop
      vertex   -1.760583e+000 1.600000e+000 -2.621970e-001
      vertex   -1.769529e+000 5.060000e+000 -1.927896e-001
      vertex   -1.775139e+000 1.600000e+000 -1.314575e-001
    endloop
  endfacet
  facet normal 9.993170e-001 3.511801e-004 3.695150e-002
    outer loop
      vertex   -1.775139e+000 1.600000e+000 -1.314575e-001
      vertex   -1.778836e+000 5.060000e+000 -6.437546e-002
      vertex   -1.780000e+000 1.600000e+000 2.179871e-016
    endloop
  endfacet
  facet normal 9.993170e-001 3.511801e-004 -3.695150e-002
    outer loop
      vertex   -1.780000e+000 1.600000e+000 2.179871e-016
      vertex   -1.778836e+000 5.060000e+000 6.437546e-002
      vertex   -1.775139e+000 1.600000e+000 1.314575e-001
    endloop
  endfacet
  facet normal 9.938591e-001 3.499086e-004 -1.106527e-001
    outer loop
      vertex   -1.775139e+000 1.600000e+000 1.314575e-001
      vertex   -1.769529e+000 5.060000e+000 1.927896e-001
      vertex   -1.760583e+000 1.600000e+000 2.621970e-001
    endloop
  endfacet
  facet normal 9.829730e-001 3.473658e-004 -1.837495e-001
    outer loop
      vertex   -1.760583e+000 1.600000e+000 2.621970e-001
      vertex   -1.750964e+000 5.060000e+000 3.201950e-001
      vertex   -1.736411e+000 1.600000e+000 3.915045e-001
    endloop
  endfacet
  facet normal 9.667183e-001 3.435515e-004 -2.558428e-001
    outer loop
      vertex   -1.736411e+000 1.600000e+000 3.915045e-001
      vertex   -1.723238e+000 5.060000e+000 4.459252e-001
      vertex   -1.702756e+000 1.600000e+000 5.186737e-001
    endloop
  endfacet
  facet normal 9.451838e-001 3.384659e-004 -3.265387e-001
    outer loop
      vertex   -1.702756e+000 1.600000e+000 5.186737e-001
      vertex   -1.686497e+000 5.060000e+000 5.693224e-001
      vertex   -1.659801e+000 1.600000e+000 6.430102e-001
    endloop
  endfacet
  facet normal 9.184869e-001 3.321088e-004 -3.954512e-001
    outer loop
      vertex   -1.659801e+000 1.600000e+000 6.430102e-001
      vertex   -1.640932e+000 5.060000e+000 6.897409e-001
      vertex   -1.607780e+000 1.600000e+000 7.638347e-001
    endloop
  endfacet
  facet normal 8.867736e-001 3.244804e-004 -4.622039e-001
    outer loop
      vertex   -1.607780e+000 1.600000e+000 7.638347e-001
      vertex   -1.586782e+000 5.060000e+000 8.065508e-001
      vertex   -1.546978e+000 1.600000e+000 8.804874e-001
    endloop
  endfacet
  facet normal 8.502171e-001 3.155806e-004 -5.264321e-001
    outer loop
      vertex   -1.546978e+000 1.600000e+000 8.804874e-001
      vertex   -1.524329e+000 5.060000e+000 9.191409e-001
      vertex   -1.477728e+000 1.600000e+000 9.923312e-001
    endloop
  endfacet
  facet normal 8.090170e-001 3.054095e-004 -5.877852e-001
    outer loop
      vertex   -1.477728e+000 1.600000e+000 9.923312e-001
      vertex   -1.453902e+000 5.060000e+000 1.026922e+000
      vertex   -1.400406e+000 1.600000e+000 1.098755e+000
    endloop
  endfacet
  facet normal 7.633982e-001 2.939670e-004 -6.459280e-001
    outer loop
      vertex   -1.400406e+000 1.600000e+000 1.098755e+000
      vertex   -1.375868e+000 5.060000e+000 1.129330e+000
      vertex   -1.315436e+000 1.600000e+000 1.199178e+000
    endloop
  endfacet
  facet normal 7.136101e-001 2.812533e-004 -7.005430e-001
    outer loop
      vertex   -1.315436e+000 1.600000e+000 1.199178e+000
      vertex   -1.290636e+000 5.060000e+000 1.225830e+000
      vertex   -1.223281e+000 1.600000e+000 1.293052e+000
    endloop
  endfacet
  facet normal 6.599245e-001 2.672684e-004 -7.513319e-001
    outer loop
      vertex   -1.223281e+000 1.600000e+000 1.293052e+000
      vertex   -1.198651e+000 5.060000e+000 1.315917e+000
      vertex   -1.124446e+000 1.600000e+000 1.379863e+000
    endloop
  endfacet
  facet normal 6.026346e-001 2.520122e-004 -7.980172e-001
    outer loop
      vertex   -1.124446e+000 1.600000e+000 1.379863e+000
      vertex   -1.100394e+000 5.060000e+000 1.399118e+000
      vertex   -1.019469e+000 1.600000e+000 1.459138e+000
    endloop
  endfacet
  facet normal 4.785116e-001 2.202198e-004 -8.780812e-001
    outer loop
      vertex   -9.089235e-001 1.600000e+000 1.530444e+000
      vertex   -8.055753e-001 3.647723e+000 1.587277e+000
      vertex   -7.934143e-001 1.600000e+000 1.593391e+000
    endloop
  endfacet
  facet normal 4.123563e-001 4.694804e-004 -9.110225e-001
    outer loop
      vertex   -7.934143e-001 1.600000e+000 1.593391e+000
      vertex   -7.053068e-001 3.600698e+000 1.634302e+000
      vertex   -6.735717e-001 1.600000e+000 1.647635e+000
    endloop
  endfacet
  facet normal 3.439489e-001 6.042566e-004 -9.389882e-001
    outer loop
      vertex   -6.735717e-001 1.600000e+000 1.647635e+000
      vertex   -6.023081e-001 3.560000e+000 1.675000e+000
      vertex   -5.500502e-001 1.600000e+000 1.692881e+000
    endloop
  endfacet
  facet normal 2.736629e-001 6.197225e-004 -9.618255e-001
    outer loop
      vertex   -5.500502e-001 1.600000e+000 1.692881e+000
      vertex   -4.853265e-001 3.560000e+000 1.712559e+000
      vertex   -4.235246e-001 1.600000e+000 1.728880e+000
    endloop
  endfacet
  facet normal 2.018824e-001 6.135447e-004 -9.794096e-001
    outer loop
      vertex   -4.235246e-001 1.600000e+000 1.728880e+000
      vertex   -3.660327e-001 3.560000e+000 1.741959e+000
      vertex   -2.946859e-001 1.600000e+000 1.755437e+000
    endloop
  endfacet
  facet normal 1.289992e-001 5.857232e-004 -9.916445e-001
    outer loop
      vertex   -2.946859e-001 1.600000e+000 1.755437e+000
      vertex   -2.449950e-001 3.560000e+000 1.763059e+000
      vertex   -1.642377e-001 1.600000e+000 1.772407e+000
    endloop
  endfacet
  facet normal 5.541147e-002 5.362587e-004 -9.984635e-001
    outer loop
      vertex   -1.642377e-001 1.600000e+000 1.772407e+000
      vertex   -1.227900e-001 3.560000e+000 1.775760e+000
      vertex   -3.289245e-002 1.600000e+000 1.779696e+000
    endloop
  endfacet
  facet normal -1.847890e-002 4.651524e-004 -9.998291e-001
    outer loop
      vertex   -3.289245e-002 1.600000e+000 1.779696e+000
      vertex   -2.205742e-014 3.560000e+000 1.780000e+000
      vertex   9.863243e-002 1.600000e+000 1.777265e+000
    endloop
  endfacet
  facet normal -9.226835e-002 3.724059e-004 -9.957341e-001
    outer loop
      vertex   9.863243e-002 1.600000e+000 1.777265e+000
      vertex   1.227900e-001 3.560000e+000 1.775760e+000
      vertex   2.296186e-001 1.600000e+000 1.765128e+000
    endloop
  endfacet
  facet normal -1.655539e-001 2.580216e-004 -9.862007e-001
    outer loop
      vertex   2.296186e-001 1.600000e+000 1.765128e+000
      vertex   2.449950e-001 3.560000e+000 1.763059e+000
      vertex   3.593507e-001 1.600000e+000 1.743349e+000
    endloop
  endfacet
  facet normal -2.379352e-001 1.220020e-004 -9.712810e-001
    outer loop
      vertex   3.593507e-001 1.600000e+000 1.743349e+000
      vertex   3.660327e-001 3.560000e+000 1.741959e+000
      vertex   4.871201e-001 1.600000e+000 1.712050e+000
    endloop
  endfacet
  facet normal -4.457383e-001 5.682366e-004 -8.951631e-001
    outer loop
      vertex   7.339942e-001 1.600000e+000 1.621620e+000
      vertex   8.055753e-001 3.647723e+000 1.587277e+000
      vertex   8.517506e-001 1.600000e+000 1.562985e+000
    endloop
  endfacet
  facet normal -5.106311e-001 5.716954e-004 -8.597997e-001
    outer loop
      vertex   8.517506e-001 1.600000e+000 1.562985e+000
      vertex   9.027254e-001 3.700892e+000 1.534108e+000
      vertex   9.648550e-001 1.600000e+000 1.495812e+000
    endloop
  endfacet
  facet normal -5.893674e-001 -1.203131e-014 -8.078651e-001
    outer loop
      vertex   9.963810e-001 3.760000e+000 1.475000e+000
      vertex   9.963810e-001 5.060000e+000 1.475000e+000
      vertex   1.100394e+000 5.060000e+000 1.399118e+000
    endloop
  endfacet
  facet normal -6.317110e-001 2.742760e-004 -7.752039e-001
    outer loop
      vertex   1.072690e+000 1.600000e+000 1.420471e+000
      vertex   1.100394e+000 5.060000e+000 1.399118e+000
      vertex   1.174666e+000 1.600000e+000 1.337371e+000
    endloop
  endfacet
  facet normal -6.872367e-001 2.596424e-004 -7.264335e-001
    outer loop
      vertex   1.174666e+000 1.600000e+000 1.337371e+000
      vertex   1.198651e+000 5.060000e+000 1.315917e+000
      vertex   1.270226e+000 1.600000e+000 1.246967e+000
    endloop
  endfacet
  facet normal -7.390089e-001 2.437375e-004 -6.736956e-001
    outer loop
      vertex   1.270226e+000 1.600000e+000 1.246967e+000
      vertex   1.290636e+000 5.060000e+000 1.225830e+000
      vertex   1.358849e+000 1.600000e+000 1.149752e+000
    endloop
  endfacet
  facet normal -7.867449e-001 2.265615e-004 -6.172782e-001
    outer loop
      vertex   1.358849e+000 1.600000e+000 1.149752e+000
      vertex   1.375868e+000 5.060000e+000 1.129330e+000
      vertex   1.440050e+000 1.600000e+000 1.046258e+000
    endloop
  endfacet
  facet normal -8.301840e-001 2.081144e-004 -5.574894e-001
    outer loop
      vertex   1.440050e+000 1.600000e+000 1.046258e+000
      vertex   1.453902e+000 5.060000e+000 1.026922e+000
      vertex   1.513387e+000 1.600000e+000 9.370492e-001
    endloop
  endfacet
  facet normal -8.690889e-001 1.883963e-004 -4.946558e-001
    outer loop
      vertex   1.513387e+000 1.600000e+000 9.370492e-001
      vertex   1.524329e+000 5.060000e+000 9.191409e-001
      vertex   1.578457e+000 1.600000e+000 8.227229e-001
    endloop
  endfacet
  facet normal -9.032472e-001 1.674071e-004 -4.291206e-001
    outer loop
      vertex   1.578457e+000 1.600000e+000 8.227229e-001
      vertex   1.586782e+000 5.060000e+000 8.065508e-001
      vertex   1.634907e+000 1.600000e+000 7.039031e-001
    endloop
  endfacet
  facet normal -9.324722e-001 1.451469e-004 -3.612417e-001
    outer loop
      vertex   1.634907e+000 1.600000e+000 7.039031e-001
      vertex   1.640932e+000 5.060000e+000 6.897409e-001
      vertex   1.682427e+000 1.600000e+000 5.812389e-001
    endloop
  endfacet
  facet normal -9.566044e-001 1.216158e-004 -2.913897e-001
    outer loop
      vertex   1.682427e+000 1.600000e+000 5.812389e-001
      vertex   1.686497e+000 5.060000e+000 5.693224e-001
      vertex   1.720759e+000 1.600000e+000 4.554001e-001
    endloop
  endfacet
  facet normal -9.755120e-001 9.681386e-005 -2.199464e-001
    outer loop
      vertex   1.720759e+000 1.600000e+000 4.554001e-001
      vertex   1.723238e+000 5.060000e+000 4.459252e-001
      vertex   1.749692e+000 1.600000e+000 3.270741e-001
    endloop
  endfacet
  facet normal -9.890916e-001 7.074113e-005 -1.473017e-001
    outer loop
      vertex   1.749692e+000 1.600000e+000 3.270741e-001
      vertex   1.750964e+000 5.060000e+000 3.201950e-001
      vertex   1.769069e+000 1.600000e+000 1.969618e-001
    endloop
  endfacet
  facet normal -9.972692e-001 4.339767e-005 -7.385253e-002
    outer loop
      vertex   1.769069e+000 1.600000e+000 1.969618e-001
      vertex   1.769529e+000 5.060000e+000 1.927896e-001
      vertex   1.778784e+000 1.600000e+000 6.577367e-002
    endloop
  endfacet
  facet normal -9.890916e-001 7.074113e-005 1.473017e-001
    outer loop
      vertex   1.769069e+000 1.600000e+000 -1.969618e-001
      vertex   1.750964e+000 5.060000e+000 -3.201950e-001
      vertex   1.749692e+000 1.600000e+000 -3.270741e-001
    endloop
  endfacet
  facet normal -9.755120e-001 9.681386e-005 2.199464e-001
    outer loop
      vertex   1.749692e+000 1.600000e+000 -3.270741e-001
      vertex   1.723238e+000 5.060000e+000 -4.459252e-001
      vertex   1.720759e+000 1.600000e+000 -4.554001e-001
    endloop
  endfacet
  facet normal -9.566044e-001 1.216158e-004 2.913897e-001
    outer loop
      vertex   1.720759e+000 1.600000e+000 -4.554001e-001
      vertex   1.686497e+000 5.060000e+000 -5.693224e-001
      vertex   1.682427e+000 1.600000e+000 -5.812389e-001
    endloop
  endfacet
  facet normal -9.324722e-001 1.451469e-004 3.612417e-001
    outer loop
      vertex   1.682427e+000 1.600000e+000 -5.812389e-001
      vertex   1.640932e+000 5.060000e+000 -6.897409e-001
      vertex   1.634907e+000 1.600000e+000 -7.039031e-001
    endloop
  endfacet
  facet normal -9.032472e-001 1.674071e-004 4.291206e-001
    outer loop
      vertex   1.634907e+000 1.600000e+000 -7.039031e-001
      vertex   1.586782e+000 5.060000e+000 -8.065508e-001
      vertex   1.578457e+000 1.600000e+000 -8.227229e-001
    endloop
  endfacet
  facet normal -8.690889e-001 1.883963e-004 4.946558e-001
    outer loop
      vertex   1.578457e+000 1.600000e+000 -8.227229e-001
      vertex   1.524329e+000 5.060000e+000 -9.191409e-001
      vertex   1.513387e+000 1.600000e+000 -9.370492e-001
    endloop
  endfacet
  facet normal -8.301840e-001 2.081144e-004 5.574894e-001
    outer loop
      vertex   1.513387e+000 1.600000e+000 -9.370492e-001
      vertex   1.453902e+000 5.060000e+000 -1.026922e+000
      vertex   1.440050e+000 1.600000e+000 -1.046258e+000
    endloop
  endfacet
  facet normal -7.867449e-001 2.265615e-004 6.172782e-001
    outer loop
      vertex   1.440050e+000 1.600000e+000 -1.046258e+000
      vertex   1.375868e+000 5.060000e+000 -1.129330e+000
      vertex   1.358849e+000 1.600000e+000 -1.149752e+000
    endloop
  endfacet
  facet normal -7.390089e-001 2.437375e-004 6.736956e-001
    outer loop
      vertex   1.358849e+000 1.600000e+000 -1.149752e+000
      vertex   1.290636e+000 5.060000e+000 -1.225830e+000
      vertex   1.270226e+000 1.600000e+000 -1.246967e+000
    endloop
  endfacet
  facet normal -6.872367e-001 2.596424e-004 7.264335e-001
    outer loop
      vertex   1.270226e+000 1.600000e+000 -1.246967e+000
      vertex   1.198651e+000 5.060000e+000 -1.315917e+000
      vertex   1.174666e+000 1.600000e+000 -1.337371e+000
    endloop
  endfacet
  facet normal -6.317110e-001 2.742760e-004 7.752039e-001
    outer loop
      vertex   1.174666e+000 1.600000e+000 -1.337371e+000
      vertex   1.100394e+000 5.060000e+000 -1.399118e+000
      vertex   1.072690e+000 1.600000e+000 -1.420471e+000
    endloop
  endfacet
  facet normal -4.457383e-001 5.682366e-004 8.951631e-001
    outer loop
      vertex   8.517506e-001 1.600000e+000 -1.562985e+000
      vertex   8.055753e-001 3.647723e+000 -1.587277e+000
      vertex   7.339942e-001 1.600000e+000 -1.621620e+000
    endloop
  endfacet
  facet normal -3.784110e-001 4.412441e-004 9.256376e-001
    outer loop
      vertex   7.339942e-001 1.600000e+000 -1.621620e+000
      vertex   7.053068e-001 3.600698e+000 -1.634302e+000
      vertex   6.122291e-001 1.600000e+000 -1.671399e+000
    endloop
  endfacet
  facet normal -3.090170e-001 1.830226e-004 9.510565e-001
    outer loop
      vertex   6.122291e-001 1.600000e+000 -1.671399e+000
      vertex   6.023081e-001 3.560000e+000 -1.675000e+000
      vertex   4.871201e-001 1.600000e+000 -1.712050e+000
    endloop
  endfacet
  facet normal -9.226835e-002 3.724059e-004 9.957341e-001
    outer loop
      vertex   2.296186e-001 1.600000e+000 -1.765128e+000
      vertex   1.227900e-001 3.560000e+000 -1.775760e+000
      vertex   9.863243e-002 1.600000e+000 -1.777265e+000
    endloop
  endfacet
  facet normal -1.847890e-002 4.651524e-004 9.998291e-001
    outer loop
      vertex   9.863243e-002 1.600000e+000 -1.777265e+000
      vertex   -2.166218e-014 3.560000e+000 -1.780000e+000
      vertex   -3.289245e-002 1.600000e+000 -1.779696e+000
    endloop
  endfacet
  facet normal 5.541147e-002 5.362587e-004 9.984635e-001
    outer loop
      vertex   -3.289245e-002 1.600000e+000 -1.779696e+000
      vertex   -1.227900e-001 3.560000e+000 -1.775760e+000
      vertex   -1.642377e-001 1.600000e+000 -1.772407e+000
    endloop
  endfacet
  facet normal 1.289992e-001 5.857232e-004 9.916445e-001
    outer loop
      vertex   -1.642377e-001 1.600000e+000 -1.772407e+000
      vertex   -2.449950e-001 3.560000e+000 -1.763059e+000
      vertex   -2.946859e-001 1.600000e+000 -1.755437e+000
    endloop
  endfacet
  facet normal 2.018824e-001 6.135447e-004 9.794096e-001
    outer loop
      vertex   -2.946859e-001 1.600000e+000 -1.755437e+000
      vertex   -3.660327e-001 3.560000e+000 -1.741959e+000
      vertex   -4.235246e-001 1.600000e+000 -1.728880e+000
    endloop
  endfacet
  facet normal 2.736629e-001 6.197225e-004 9.618255e-001
    outer loop
      vertex   -4.235246e-001 1.600000e+000 -1.728880e+000
      vertex   -4.853265e-001 3.560000e+000 -1.712559e+000
      vertex   -5.500502e-001 1.600000e+000 -1.692881e+000
    endloop
  endfacet
  facet normal 3.439489e-001 6.042566e-004 9.389882e-001
    outer loop
      vertex   -5.500502e-001 1.600000e+000 -1.692881e+000
      vertex   -6.023081e-001 3.560000e+000 -1.675000e+000
      vertex   -6.735717e-001 1.600000e+000 -1.647635e+000
    endloop
  endfacet
  facet normal 4.123563e-001 4.694804e-004 9.110225e-001
    outer loop
      vertex   -6.735717e-001 1.600000e+000 -1.647635e+000
      vertex   -7.053068e-001 3.600698e+000 -1.634302e+000
      vertex   -7.934143e-001 1.600000e+000 -1.593391e+000
    endloop
  endfacet
  facet normal 4.785116e-001 2.202198e-004 8.780812e-001
    outer loop
      vertex   -7.934143e-001 1.600000e+000 -1.593391e+000
      vertex   -8.055753e-001 3.647723e+000 -1.587277e+000
      vertex   -9.089235e-001 1.600000e+000 -1.530444e+000
    endloop
  endfacet
  facet normal -5.727351e-001 4.607541e-004 -8.197404e-001
    outer loop
      vertex   1.072690e+000 1.600000e+000 1.420471e+000
      vertex   9.648550e-001 1.600000e+000 1.495812e+000
      vertex   9.963810e-001 3.760000e+000 1.475000e+000
    endloop
  endfacet
  facet normal 4.431548e-015 -7.071068e-001 7.071068e-001
    outer loop
      vertex   -6.023081e-001 3.560000e+000 -1.675000e+000
      vertex   6.023081e-001 3.560000e+000 -1.675000e+000
      vertex   -7.053068e-001 3.600698e+000 -1.634302e+000
    endloop
  endfacet
  facet normal 4.118375e-015 -7.071068e-001 7.071068e-001
    outer loop
      vertex   -7.053068e-001 3.600698e+000 -1.634302e+000
      vertex   6.023081e-001 3.560000e+000 -1.675000e+000
      vertex   7.053068e-001 3.600698e+000 -1.634302e+000
    endloop
  endfacet
  facet normal 4.092078e-015 -7.071068e-001 7.071068e-001
    outer loop
      vertex   -8.055753e-001 3.647723e+000 -1.587277e+000
      vertex   7.053068e-001 3.600698e+000 -1.634302e+000
      vertex   8.055753e-001 3.647723e+000 -1.587277e+000
    endloop
  endfacet
  facet normal 4.172081e-015 -7.071068e-001 7.071068e-001
    outer loop
      vertex   -9.027254e-001 3.700892e+000 -1.534108e+000
      vertex   8.055753e-001 3.647723e+000 -1.587277e+000
      vertex   9.027254e-001 3.700892e+000 -1.534108e+000
    endloop
  endfacet
  facet normal 4.254092e-015 -7.071068e-001 7.071068e-001
    outer loop
      vertex   -9.963810e-001 3.760000e+000 -1.475000e+000
      vertex   9.027254e-001 3.700892e+000 -1.534108e+000
      vertex   9.963810e-001 3.760000e+000 -1.475000e+000
    endloop
  endfacet
  facet normal 4.174273e-015 -7.071068e-001 7.071068e-001
    outer loop
      vertex   -9.963810e-001 3.760000e+000 -1.475000e+000
      vertex   -9.027254e-001 3.700892e+000 -1.534108e+000
      vertex   9.027254e-001 3.700892e+000 -1.534108e+000
    endloop
  endfacet
  facet normal 4.118308e-015 -7.071068e-001 7.071068e-001
    outer loop
      vertex   -7.053068e-001 3.600698e+000 -1.634302e+000
      vertex   7.053068e-001 3.600698e+000 -1.634302e+000
      vertex   -8.055753e-001 3.647723e+000 -1.587277e+000
    endloop
  endfacet
  facet normal 4.092968e-015 -7.071068e-001 7.071068e-001
    outer loop
      vertex   -8.055753e-001 3.647723e+000 -1.587277e+000
      vertex   8.055753e-001 3.647723e+000 -1.587277e+000
      vertex   -9.027254e-001 3.700892e+000 -1.534108e+000
    endloop
  endfacet
  facet normal -4.110886e-030 6.832142e-016 1.000000e+000
    outer loop
      vertex   -9.963810e-001 3.760000e+000 -1.475000e+000
      vertex   9.963810e-001 3.760000e+000 -1.475000e+000
      vertex   -9.963810e-001 5.060000e+000 -1.475000e+000
    endloop
  endfacet
  facet normal -4.872161e-030 6.832142e-016 1.000000e+000
    outer loop
      vertex   -9.963810e-001 5.060000e+000 -1.475000e+000
      vertex   9.963810e-001 3.760000e+000 -1.475000e+000
      vertex   9.963810e-001 5.060000e+000 -1.475000e+000
    endloop
  endfacet
  facet normal 3.910190e-015 -7.071068e-001 -7.071068e-001
    outer loop
      vertex   6.023081e-001 3.560000e+000 1.675000e+000
      vertex   -6.023081e-001 3.560000e+000 1.675000e+000
      vertex   7.053068e-001 3.600698e+000 1.634302e+000
    endloop
  endfacet
  facet normal 3.894028e-015 -7.071068e-001 -7.071068e-001
    outer loop
      vertex   7.053068e-001 3.600698e+000 1.634302e+000
      vertex   -6.023081e-001 3.560000e+000 1.675000e+000
      vertex   -7.053068e-001 3.600698e+000 1.634302e+000
    endloop
  endfacet
  facet normal 4.383502e-015 -7.071068e-001 -7.071068e-001
    outer loop
      vertex   8.055753e-001 3.647723e+000 1.587277e+000
      vertex   -7.053068e-001 3.600698e+000 1.634302e+000
      vertex   -8.055753e-001 3.647723e+000 1.587277e+000
    endloop
  endfacet
  facet normal 4.261528e-015 -7.071068e-001 -7.071068e-001
    outer loop
      vertex   9.027254e-001 3.700892e+000 1.534108e+000
      vertex   -8.055753e-001 3.647723e+000 1.587277e+000
      vertex   -9.027254e-001 3.700892e+000 1.534108e+000
    endloop
  endfacet
  facet normal 3.939070e-015 -7.071068e-001 -7.071068e-001
    outer loop
      vertex   9.963810e-001 3.760000e+000 1.475000e+000
      vertex   -9.027254e-001 3.700892e+000 1.534108e+000
      vertex   -9.963810e-001 3.760000e+000 1.475000e+000
    endloop
  endfacet
  facet normal 4.261237e-015 -7.071068e-001 -7.071068e-001
    outer loop
      vertex   9.963810e-001 3.760000e+000 1.475000e+000
      vertex   9.027254e-001 3.700892e+000 1.534108e+000
      vertex   -9.027254e-001 3.700892e+000 1.534108e+000
    endloop
  endfacet
  facet normal 3.895697e-015 -7.071068e-001 -7.071068e-001
    outer loop
      vertex   7.053068e-001 3.600698e+000 1.634302e+000
      vertex   -7.053068e-001 3.600698e+000 1.634302e+000
      vertex   8.055753e-001 3.647723e+000 1.587277e+000
    endloop
  endfacet
  facet normal 4.385323e-015 -7.071068e-001 -7.071068e-001
    outer loop
      vertex   8.055753e-001 3.647723e+000 1.587277e+000
      vertex   -8.055753e-001 3.647723e+000 1.587277e+000
      vertex   9.027254e-001 3.700892e+000 1.534108e+000
    endloop
  endfacet
  facet normal -3.806376e-030 6.832142e-016 -1.000000e+000
    outer loop
      vertex   9.963810e-001 3.760000e+000 1.475000e+000
      vertex   -9.963810e-001 3.760000e+000 1.475000e+000
      vertex   9.963810e-001 5.060000e+000 1.475000e+000
    endloop
  endfacet
  facet normal -3.654121e-030 6.832142e-016 -1.000000e+000
    outer loop
      vertex   9.963810e-001 5.060000e+000 1.475000e+000
      vertex   -9.963810e-001 3.760000e+000 1.475000e+000
      vertex   -9.963810e-001 5.060000e+000 1.475000e+000
    endloop
  endfacet
  facet normal 0.000000e+000 1.000000e+000 0.000000e+000
    outer loop
      vertex   -9.024357e-001 5.060000e+000 1.545869e+000
      vertex   -9.963810e-001 5.060000e+000 1.475000e+000
      vertex   -1.014138e+000 5.060000e+000 1.475000e+000
    endloop
  endfacet
  facet normal -2.621723e-014 1.000000e+000 3.475423e-014
    outer loop
      vertex   -9.024357e-001 5.060000e+000 1.545869e+000
      vertex   -7.858050e-001 5.060000e+000 1.608294e+000
      vertex   -9.963810e-001 5.060000e+000 1.475000e+000
    endloop
  endfacet
  facet normal -1.466955e-014 1.000000e+000 1.651141e-014
    outer loop
      vertex   -9.963810e-001 5.060000e+000 1.475000e+000
      vertex   -7.858050e-001 5.060000e+000 1.608294e+000
      vertex   -6.648825e-001 5.060000e+000 1.661936e+000
    endloop
  endfacet
  facet normal 9.301866e-015 1.000000e+000 -2.599773e-014
    outer loop
      vertex   -5.403286e-001 5.060000e+000 1.706501e+000
      vertex   -9.963810e-001 5.060000e+000 1.475000e+000
      vertex   -6.648825e-001 5.060000e+000 1.661936e+000
    endloop
  endfacet
  facet normal -1.063712e-014 1.000000e+000 1.328171e-014
    outer loop
      vertex   -5.403286e-001 5.060000e+000 1.706501e+000
      vertex   -4.128237e-001 5.060000e+000 1.741745e+000
      vertex   -9.963810e-001 5.060000e+000 1.475000e+000
    endloop
  endfacet
  facet normal -8.590885e-015 1.000000e+000 8.805174e-015
    outer loop
      vertex   -9.963810e-001 5.060000e+000 1.475000e+000
      vertex   -4.128237e-001 5.060000e+000 1.741745e+000
      vertex   -2.830640e-001 5.060000e+000 1.767477e+000
    endloop
  endfacet
  facet normal -7.523688e-015 1.000000e+000 6.202405e-015
    outer loop
      vertex   -1.517584e-001 5.060000e+000 1.783555e+000
      vertex   -9.963810e-001 5.060000e+000 1.475000e+000
      vertex   -2.830640e-001 5.060000e+000 1.767477e+000
    endloop
  endfacet
  facet normal -6.943009e-015 1.000000e+000 4.612886e-015
    outer loop
      vertex   -1.517584e-001 5.060000e+000 1.783555e+000
      vertex   -1.962389e-002 5.060000e+000 1.789892e+000
      vertex   -9.963810e-001 5.060000e+000 1.475000e+000
    endloop
  endfacet
  facet normal -5.348427e-015 1.000000e+000 -3.333104e-016
    outer loop
      vertex   -9.963810e-001 5.060000e+000 1.475000e+000
      vertex   -1.962389e-002 5.060000e+000 1.789892e+000
      vertex   9.963810e-001 5.060000e+000 1.475000e+000
    endloop
  endfacet
  facet normal -6.851062e-015 1.000000e+000 -5.181584e-015
    outer loop
      vertex   9.963810e-001 5.060000e+000 1.475000e+000
      vertex   -1.962389e-002 5.060000e+000 1.789892e+000
      vertex   1.126178e-001 5.060000e+000 1.786454e+000
    endloop
  endfacet
  facet normal -7.432593e-015 1.000000e+000 -6.831702e-015
    outer loop
      vertex   2.442444e-001 5.060000e+000 1.773258e+000
      vertex   9.963810e-001 5.060000e+000 1.475000e+000
      vertex   1.126178e-001 5.060000e+000 1.786454e+000
    endloop
  endfacet
  facet normal 3.754369e-015 1.000000e+000 2.137917e-014
    outer loop
      vertex   2.442444e-001 5.060000e+000 1.773258e+000
      vertex   3.745370e-001 5.060000e+000 1.750378e+000
      vertex   9.963810e-001 5.060000e+000 1.475000e+000
    endloop
  endfacet
  facet normal -8.540509e-015 1.000000e+000 -6.384506e-015
    outer loop
      vertex   9.963810e-001 5.060000e+000 1.475000e+000
      vertex   3.745370e-001 5.060000e+000 1.750378e+000
      vertex   5.027840e-001 5.060000e+000 1.717937e+000
    endloop
  endfacet
  facet normal -1.059744e-014 1.000000e+000 -1.056374e-014
    outer loop
      vertex   6.282850e-001 5.060000e+000 1.676114e+000
      vertex   9.963810e-001 5.060000e+000 1.475000e+000
      vertex   5.027840e-001 5.060000e+000 1.717937e+000
    endloop
  endfacet
  facet normal -1.522336e-014 1.000000e+000 -1.903051e-014
    outer loop
      vertex   6.282850e-001 5.060000e+000 1.676114e+000
      vertex   7.503545e-001 5.060000e+000 1.625136e+000
      vertex   9.963810e-001 5.060000e+000 1.475000e+000
    endloop
  endfacet
  facet normal -2.685233e-014 1.000000e+000 -3.808674e-014
    outer loop
      vertex   9.963810e-001 5.060000e+000 1.475000e+000
      vertex   7.503545e-001 5.060000e+000 1.625136e+000
      vertex   8.683258e-001 5.060000e+000 1.565283e+000
    endloop
  endfacet
  facet normal -5.479824e-014 1.000000e+000 -7.772461e-014
    outer loop
      vertex   9.815547e-001 5.060000e+000 1.496880e+000
      vertex   9.963810e-001 5.060000e+000 1.475000e+000
      vertex   8.683258e-001 5.060000e+000 1.565283e+000
    endloop
  endfacet
  facet normal -5.553109e-014 1.000000e+000 -7.822119e-014
    outer loop
      vertex   9.815547e-001 5.060000e+000 1.496880e+000
      vertex   1.089423e+000 5.060000e+000 1.420302e+000
      vertex   9.963810e-001 5.060000e+000 1.475000e+000
    endloop
  endfacet
  facet normal -1.372508e-014 1.000000e+000 -7.108620e-015
    outer loop
      vertex   9.963810e-001 5.060000e+000 1.475000e+000
      vertex   1.089423e+000 5.060000e+000 1.420302e+000
      vertex   1.100394e+000 5.060000e+000 1.399118e+000
    endloop
  endfacet
  facet normal -1.525079e-014 1.000000e+000 -7.898828e-015
    outer loop
      vertex   1.100394e+000 5.060000e+000 1.399118e+000
      vertex   1.089423e+000 5.060000e+000 1.420302e+000
      vertex   1.191341e+000 5.060000e+000 1.335967e+000
    endloop
  endfacet
  facet normal -1.432464e-014 1.000000e+000 -5.222558e-015
    outer loop
      vertex   1.198651e+000 5.060000e+000 1.315917e+000
      vertex   1.191341e+000 5.060000e+000 1.335967e+000
      vertex   1.286752e+000 5.060000e+000 1.244335e+000
    endloop
  endfacet
  facet normal -0.000000e+000 1.000000e+000 -0.000000e+000
    outer loop
      vertex   1.290636e+000 5.060000e+000 1.225830e+000
      vertex   1.286752e+000 5.060000e+000 1.244335e+000
      vertex   1.375135e+000 5.060000e+000 1.145907e+000
    endloop
  endfacet
  facet normal -1.164907e-014 1.000000e+000 -5.150182e-016
    outer loop
      vertex   1.375868e+000 5.060000e+000 1.129330e+000
      vertex   1.375135e+000 5.060000e+000 1.145907e+000
      vertex   1.456008e+000 5.060000e+000 1.041221e+000
    endloop
  endfacet
  facet normal -0.000000e+000 1.000000e+000 0.000000e+000
    outer loop
      vertex   1.453902e+000 5.060000e+000 1.026922e+000
      vertex   1.456008e+000 5.060000e+000 1.041221e+000
      vertex   1.528929e+000 5.060000e+000 9.308475e-001
    endloop
  endfacet
  facet normal -8.079438e-015 1.000000e+000 3.174227e-015
    outer loop
      vertex   1.524329e+000 5.060000e+000 9.191409e-001
      vertex   1.528929e+000 5.060000e+000 9.308475e-001
      vertex   1.593499e+000 5.060000e+000 8.153903e-001
    endloop
  endfacet
  facet normal -0.000000e+000 1.000000e+000 0.000000e+000
    outer loop
      vertex   1.586782e+000 5.060000e+000 8.065508e-001
      vertex   1.593499e+000 5.060000e+000 8.153903e-001
      vertex   1.649366e+000 5.060000e+000 6.954797e-001
    endloop
  endfacet
  facet normal -0.000000e+000 1.000000e+000 0.000000e+000
    outer loop
      vertex   1.640932e+000 5.060000e+000 6.897409e-001
      vertex   1.649366e+000 5.060000e+000 6.954797e-001
      vertex   1.686497e+000 5.060000e+000 5.693224e-001
    endloop
  endfacet
  facet normal -0.000000e+000 1.000000e+000 -0.000000e+000
    outer loop
      vertex   1.640932e+000 5.060000e+000 6.897409e-001
      vertex   1.586782e+000 5.060000e+000 8.065508e-001
      vertex   1.649366e+000 5.060000e+000 6.954797e-001
    endloop
  endfacet
  facet normal -1.307643e-014 1.000000e+000 -4.767481e-015
    outer loop
      vertex   1.100394e+000 5.060000e+000 1.399118e+000
      vertex   1.191341e+000 5.060000e+000 1.335967e+000
      vertex   1.198651e+000 5.060000e+000 1.315917e+000
    endloop
  endfacet
  facet normal -1.215391e-014 1.000000e+000 -2.550866e-015
    outer loop
      vertex   1.198651e+000 5.060000e+000 1.315917e+000
      vertex   1.286752e+000 5.060000e+000 1.244335e+000
      vertex   1.290636e+000 5.060000e+000 1.225830e+000
    endloop
  endfacet
  facet normal 0.000000e+000 1.000000e+000 0.000000e+000
    outer loop
      vertex   1.290636e+000 5.060000e+000 1.225830e+000
      vertex   1.375135e+000 5.060000e+000 1.145907e+000
      vertex   1.375868e+000 5.060000e+000 1.129330e+000
    endloop
  endfacet
  facet normal -9.538298e-015 1.000000e+000 1.404830e-015
    outer loop
      vertex   1.375868e+000 5.060000e+000 1.129330e+000
      vertex   1.456008e+000 5.060000e+000 1.041221e+000
      vertex   1.453902e+000 5.060000e+000 1.026922e+000
    endloop
  endfacet
  facet normal 0.000000e+000 1.000000e+000 0.000000e+000
    outer loop
      vertex   1.453902e+000 5.060000e+000 1.026922e+000
      vertex   1.528929e+000 5.060000e+000 9.308475e-001
      vertex   1.524329e+000 5.060000e+000 9.191409e-001
    endloop
  endfacet
  facet normal -6.000745e-015 1.000000e+000 4.560071e-015
    outer loop
      vertex   1.524329e+000 5.060000e+000 9.191409e-001
      vertex   1.593499e+000 5.060000e+000 8.153903e-001
      vertex   1.586782e+000 5.060000e+000 8.065508e-001
    endloop
  endfacet
  facet normal 0.000000e+000 1.000000e+000 0.000000e+000
    outer loop
      vertex   1.649366e+000 5.060000e+000 6.954797e-001
      vertex   1.696225e+000 5.060000e+000 5.717706e-001
      vertex   1.686497e+000 5.060000e+000 5.693224e-001
    endloop
  endfacet
  facet normal -0.000000e+000 1.000000e+000 0.000000e+000
    outer loop
      vertex   1.686497e+000 5.060000e+000 5.693224e-001
      vertex   1.696225e+000 5.060000e+000 5.717706e-001
      vertex   1.723238e+000 5.060000e+000 4.459252e-001
    endloop
  endfacet
  facet normal -8.565580e-014 1.000000e+000 -1.838668e-014
    outer loop
      vertex   1.723238e+000 5.060000e+000 4.459252e-001
      vertex   1.696225e+000 5.060000e+000 5.717706e-001
      vertex   1.733819e+000 5.060000e+000 4.449387e-001
    endloop
  endfacet
  facet normal -0.000000e+000 1.000000e+000 -0.000000e+000
    outer loop
      vertex   1.750964e+000 5.060000e+000 3.201950e-001
      vertex   1.733819e+000 5.060000e+000 4.449387e-001
      vertex   1.761944e+000 5.060000e+000 3.156767e-001
    endloop
  endfacet
  facet normal -0.000000e+000 1.000000e+000 -0.000000e+000
    outer loop
      vertex   1.769529e+000 5.060000e+000 1.927896e-001
      vertex   1.761944e+000 5.060000e+000 3.156767e-001
      vertex   1.780446e+000 5.060000e+000 1.846906e-001
    endloop
  endfacet
  facet normal -0.000000e+000 1.000000e+000 0.000000e+000
    outer loop
      vertex   1.778836e+000 5.060000e+000 6.437546e-002
      vertex   1.780446e+000 5.060000e+000 1.846906e-001
      vertex   1.789224e+000 5.060000e+000 5.269579e-002
    endloop
  endfacet
  facet normal -0.000000e+000 1.000000e+000 0.000000e+000
    outer loop
      vertex   1.778836e+000 5.060000e+000 -6.437546e-002
      vertex   1.789224e+000 5.060000e+000 5.269579e-002
      vertex   1.788230e+000 5.060000e+000 -7.958684e-002
    endloop
  endfacet
  facet normal -0.000000e+000 1.000000e+000 0.000000e+000
    outer loop
      vertex   1.769529e+000 5.060000e+000 -1.927896e-001
      vertex   1.788230e+000 5.060000e+000 -7.958684e-002
      vertex   1.777469e+000 5.060000e+000 -2.114348e-001
    endloop
  endfacet
  facet normal -0.000000e+000 1.000000e+000 0.000000e+000
    outer loop
      vertex   1.750964e+000 5.060000e+000 -3.201950e-001
      vertex   1.777469e+000 5.060000e+000 -2.114348e-001
      vertex   1.757000e+000 5.060000e+000 -3.421280e-001
    endloop
  endfacet
  facet normal -9.312767e-014 1.000000e+000 2.173413e-014
    outer loop
      vertex   1.723238e+000 5.060000e+000 -4.459252e-001
      vertex   1.757000e+000 5.060000e+000 -3.421280e-001
      vertex   1.726935e+000 5.060000e+000 -4.709526e-001
    endloop
  endfacet
  facet normal -2.029798e-014 1.000000e+000 -6.848928e-016
    outer loop
      vertex   1.686497e+000 5.060000e+000 -5.693224e-001
      vertex   1.726935e+000 5.060000e+000 -4.709526e-001
      vertex   1.687438e+000 5.060000e+000 -5.972050e-001
    endloop
  endfacet
  facet normal -0.000000e+000 1.000000e+000 0.000000e+000
    outer loop
      vertex   1.640932e+000 5.060000e+000 -6.897409e-001
      vertex   1.687438e+000 5.060000e+000 -5.972050e-001
      vertex   1.638725e+000 5.060000e+000 -7.201956e-001
    endloop
  endfacet
  facet normal -0.000000e+000 1.000000e+000 0.000000e+000
    outer loop
      vertex   1.586782e+000 5.060000e+000 -8.065508e-001
      vertex   1.638725e+000 5.060000e+000 -7.201956e-001
      vertex   1.581061e+000 5.060000e+000 -8.392529e-001
    endloop
  endfacet
  facet normal -2.564468e-014 1.000000e+000 7.093578e-015
    outer loop
      vertex   1.524329e+000 5.060000e+000 -9.191409e-001
      vertex   1.581061e+000 5.060000e+000 -8.392529e-001
      vertex   1.514763e+000 5.060000e+000 -9.537264e-001
    endloop
  endfacet
  facet normal -0.000000e+000 1.000000e+000 0.000000e+000
    outer loop
      vertex   1.453902e+000 5.060000e+000 -1.026922e+000
      vertex   1.514763e+000 5.060000e+000 -9.537264e-001
      vertex   1.440191e+000 5.060000e+000 -1.062991e+000
    endloop
  endfacet
  facet normal -2.779981e-014 1.000000e+000 1.356643e-014
    outer loop
      vertex   1.375868e+000 5.060000e+000 -1.129330e+000
      vertex   1.440191e+000 5.060000e+000 -1.062991e+000
      vertex   1.357754e+000 5.060000e+000 -1.166450e+000
    endloop
  endfacet
  facet normal 4.466306e-014 1.000000e+000 -5.048289e-014
    outer loop
      vertex   1.290636e+000 5.060000e+000 -1.225830e+000
      vertex   1.357754e+000 5.060000e+000 -1.166450e+000
      vertex   1.267900e+000 5.060000e+000 -1.263538e+000
    endloop
  endfacet
  facet normal -0.000000e+000 1.000000e+000 0.000000e+000
    outer loop
      vertex   1.198651e+000 5.060000e+000 -1.315917e+000
      vertex   1.267900e+000 5.060000e+000 -1.263538e+000
      vertex   1.171123e+000 5.060000e+000 -1.353725e+000
    endloop
  endfacet
  facet normal -2.833257e-014 1.000000e+000 2.457933e-014
    outer loop
      vertex   1.100394e+000 5.060000e+000 -1.399118e+000
      vertex   1.171123e+000 5.060000e+000 -1.353725e+000
      vertex   1.067948e+000 5.060000e+000 -1.436519e+000
    endloop
  endfacet
  facet normal 8.617302e-014 1.000000e+000 -1.371839e-013
    outer loop
      vertex   9.963810e-001 5.060000e+000 -1.475000e+000
      vertex   1.067948e+000 5.060000e+000 -1.436519e+000
      vertex   9.589415e-001 5.060000e+000 -1.511467e+000
    endloop
  endfacet
  facet normal 7.097580e-014 1.000000e+000 -1.215813e-013
    outer loop
      vertex   8.446972e-001 5.060000e+000 -1.578159e+000
      vertex   9.963810e-001 5.060000e+000 -1.475000e+000
      vertex   9.589415e-001 5.060000e+000 -1.511467e+000
    endloop
  endfacet
  facet normal 3.341101e-015 1.000000e+000 -2.213226e-014
    outer loop
      vertex   8.446972e-001 5.060000e+000 -1.578159e+000
      vertex   7.258394e-001 5.060000e+000 -1.636233e+000
      vertex   9.963810e-001 5.060000e+000 -1.475000e+000
    endloop
  endfacet
  facet normal -1.885984e-015 1.000000e+000 -1.336143e-014
    outer loop
      vertex   9.963810e-001 5.060000e+000 -1.475000e+000
      vertex   7.258394e-001 5.060000e+000 -1.636233e+000
      vertex   6.030174e-001 5.060000e+000 -1.685369e+000
    endloop
  endfacet
  facet normal -4.155832e-015 1.000000e+000 -9.117107e-015
    outer loop
      vertex   4.769018e-001 5.060000e+000 -1.725301e+000
      vertex   9.963810e-001 5.060000e+000 -1.475000e+000
      vertex   6.030174e-001 5.060000e+000 -1.685369e+000
    endloop
  endfacet
  facet normal -5.303907e-015 1.000000e+000 -6.734375e-015
    outer loop
      vertex   4.769018e-001 5.060000e+000 -1.725301e+000
      vertex   3.481816e-001 5.060000e+000 -1.755810e+000
      vertex   9.963810e-001 5.060000e+000 -1.475000e+000
    endloop
  endfacet
  facet normal -5.965776e-015 1.000000e+000 -5.206571e-015
    outer loop
      vertex   9.963810e-001 5.060000e+000 -1.475000e+000
      vertex   3.481816e-001 5.060000e+000 -1.755810e+000
      vertex   2.175598e-001 5.060000e+000 -1.776730e+000
    endloop
  endfacet
  facet normal 2.246697e-015 1.000000e+000 -2.640452e-014
    outer loop
      vertex   8.574970e-002 5.060000e+000 -1.787945e+000
      vertex   9.963810e-001 5.060000e+000 -1.475000e+000
      vertex   2.175598e-001 5.060000e+000 -1.776730e+000
    endloop
  endfacet
  facet normal -6.710740e-015 1.000000e+000 -3.394823e-016
    outer loop
      vertex   8.574970e-002 5.060000e+000 -1.787945e+000
      vertex   -4.652872e-002 5.060000e+000 -1.789395e+000
      vertex   9.963810e-001 5.060000e+000 -1.475000e+000
    endloop
  endfacet
  facet normal -7.131236e-015 1.000000e+000 1.055383e-015
    outer loop
      vertex   9.963810e-001 5.060000e+000 -1.475000e+000
      vertex   -4.652872e-002 5.060000e+000 -1.789395e+000
      vertex   -9.963810e-001 5.060000e+000 -1.475000e+000
    endloop
  endfacet
  facet normal -6.550192e-015 1.000000e+000 2.810836e-015
    outer loop
      vertex   -9.963810e-001 5.060000e+000 -1.475000e+000
      vertex   -4.652872e-002 5.060000e+000 -1.789395e+000
      vertex   -1.785530e-001 5.060000e+000 -1.781072e+000
    endloop
  endfacet
  facet normal -6.297168e-015 1.000000e+000 3.486917e-015
    outer loop
      vertex   -3.096021e-001 5.060000e+000 -1.763022e+000
      vertex   -9.963810e-001 5.060000e+000 -1.475000e+000
      vertex   -1.785530e-001 5.060000e+000 -1.781072e+000
    endloop
  endfacet
  facet normal -5.935294e-015 1.000000e+000 4.349794e-015
    outer loop
      vertex   -3.096021e-001 5.060000e+000 -1.763022e+000
      vertex   -4.389603e-001 5.060000e+000 -1.735343e+000
      vertex   -9.963810e-001 5.060000e+000 -1.475000e+000
    endloop
  endfacet
  facet normal -5.365773e-015 1.000000e+000 5.569197e-015
    outer loop
      vertex   -9.963810e-001 5.060000e+000 -1.475000e+000
      vertex   -4.389603e-001 5.060000e+000 -1.735343e+000
      vertex   -5.659210e-001 5.060000e+000 -1.698185e+000
    endloop
  endfacet
  facet normal -4.343824e-015 1.000000e+000 7.540241e-015
    outer loop
      vertex   -6.897908e-001 5.060000e+000 -1.651753e+000
      vertex   -9.963810e-001 5.060000e+000 -1.475000e+000
      vertex   -5.659210e-001 5.060000e+000 -1.698185e+000
    endloop
  endfacet
  facet normal 3.495558e-014 1.000000e+000 7.570767e-014
    outer loop
      vertex   -6.897908e-001 5.060000e+000 -1.651753e+000
      vertex   -8.098933e-001 5.060000e+000 -1.596300e+000
      vertex   -9.963810e-001 5.060000e+000 -1.475000e+000
    endloop
  endfacet
  facet normal 3.063696e-014 1.000000e+000 6.906816e-014
    outer loop
      vertex   -9.963810e-001 5.060000e+000 -1.475000e+000
      vertex   -8.098933e-001 5.060000e+000 -1.596300e+000
      vertex   -9.255724e-001 5.060000e+000 -1.532128e+000
    endloop
  endfacet
  facet normal 6.601802e-014 1.000000e+000 1.129221e-013
    outer loop
      vertex   -1.036196e+000 5.060000e+000 -1.459588e+000
      vertex   -9.963810e-001 5.060000e+000 -1.475000e+000
      vertex   -9.255724e-001 5.060000e+000 -1.532128e+000
    endloop
  endfacet
  facet normal 3.787037e-014 1.000000e+000 4.020536e-014
    outer loop
      vertex   -1.036196e+000 5.060000e+000 -1.459588e+000
      vertex   -1.100394e+000 5.060000e+000 -1.399118e+000
      vertex   -9.963810e-001 5.060000e+000 -1.475000e+000
    endloop
  endfacet
  facet normal -4.557365e-014 1.000000e+000 -4.838361e-014
    outer loop
      vertex   -1.036196e+000 5.060000e+000 -1.459588e+000
      vertex   -1.141161e+000 5.060000e+000 -1.379076e+000
      vertex   -1.100394e+000 5.060000e+000 -1.399118e+000
    endloop
  endfacet
  facet normal -3.943284e-014 1.000000e+000 -3.589283e-014
    outer loop
      vertex   -1.100394e+000 5.060000e+000 -1.399118e+000
      vertex   -1.141161e+000 5.060000e+000 -1.379076e+000
      vertex   -1.198651e+000 5.060000e+000 -1.315917e+000
    endloop
  endfacet
  facet normal 0.000000e+000 1.000000e+000 0.000000e+000
    outer loop
      vertex   -1.198651e+000 5.060000e+000 -1.315917e+000
      vertex   -1.141161e+000 5.060000e+000 -1.379076e+000
      vertex   -1.239893e+000 5.060000e+000 -1.291033e+000
    endloop
  endfacet
  facet normal 2.267921e-014 1.000000e+000 3.127154e-014
    outer loop
      vertex   -1.290636e+000 5.060000e+000 -1.225830e+000
      vertex   -1.239893e+000 5.060000e+000 -1.291033e+000
      vertex   -1.331853e+000 5.060000e+000 -1.195938e+000
    endloop
  endfacet
  facet normal 0.000000e+000 1.000000e+000 0.000000e+000
    outer loop
      vertex   -1.375868e+000 5.060000e+000 -1.129330e+000
      vertex   -1.331853e+000 5.060000e+000 -1.195938e+000
      vertex   -1.416539e+000 5.060000e+000 -1.094311e+000
    endloop
  endfacet
  facet normal 3.065404e-014 1.000000e+000 3.017551e-014
    outer loop
      vertex   -1.453902e+000 5.060000e+000 -1.026922e+000
      vertex   -1.416539e+000 5.060000e+000 -1.094311e+000
      vertex   -1.493488e+000 5.060000e+000 -9.867080e-001
    endloop
  endfacet
  facet normal 0.000000e+000 1.000000e+000 0.000000e+000
    outer loop
      vertex   -1.524329e+000 5.060000e+000 -9.191409e-001
      vertex   -1.493488e+000 5.060000e+000 -9.867080e-001
      vertex   -1.562281e+000 5.060000e+000 -8.737156e-001
    endloop
  endfacet
  facet normal 3.867565e-014 1.000000e+000 2.733225e-014
    outer loop
      vertex   -1.586782e+000 5.060000e+000 -8.065508e-001
      vertex   -1.562281e+000 5.060000e+000 -8.737156e-001
      vertex   -1.622541e+000 5.060000e+000 -7.559513e-001
    endloop
  endfacet
  facet normal 0.000000e+000 1.000000e+000 0.000000e+000
    outer loop
      vertex   -1.640932e+000 5.060000e+000 -6.897409e-001
      vertex   -1.622541e+000 5.060000e+000 -7.559513e-001
      vertex   -1.673939e+000 5.060000e+000 -6.340582e-001
    endloop
  endfacet
  facet normal 0.000000e+000 1.000000e+000 0.000000e+000
    outer loop
      vertex   -1.686497e+000 5.060000e+000 -5.693224e-001
      vertex   -1.673939e+000 5.060000e+000 -6.340582e-001
      vertex   -1.716194e+000 5.060000e+000 -5.087021e-001
    endloop
  endfacet
  facet normal -4.799911e-014 1.000000e+000 -5.386086e-015
    outer loop
      vertex   -1.723238e+000 5.060000e+000 -4.459252e-001
      vertex   -1.716194e+000 5.060000e+000 -5.087021e-001
      vertex   -1.749076e+000 5.060000e+000 -3.805676e-001
    endloop
  endfacet
  facet normal 0.000000e+000 1.000000e+000 0.000000e+000
    outer loop
      vertex   -1.750964e+000 5.060000e+000 -3.201950e-001
      vertex   -1.749076e+000 5.060000e+000 -3.805676e-001
      vertex   -1.772406e+000 5.060000e+000 -2.503546e-001
    endloop
  endfacet
  facet normal 0.000000e+000 1.000000e+000 0.000000e+000
    outer loop
      vertex   -1.769529e+000 5.060000e+000 -1.927896e-001
      vertex   -1.772406e+000 5.060000e+000 -2.503546e-001
      vertex   -1.786055e+000 5.060000e+000 -1.187743e-001
    endloop
  endfacet
  facet normal 0.000000e+000 1.000000e+000 0.000000e+000
    outer loop
      vertex   -1.778836e+000 5.060000e+000 -6.437546e-002
      vertex   -1.786055e+000 5.060000e+000 -1.187743e-001
      vertex   -1.789949e+000 5.060000e+000 1.345471e-002
    endloop
  endfacet
  facet normal 0.000000e+000 1.000000e+000 -0.000000e+000
    outer loop
      vertex   -1.778836e+000 5.060000e+000 6.437546e-002
      vertex   -1.789949e+000 5.060000e+000 1.345471e-002
      vertex   -1.784068e+000 5.060000e+000 1.456103e-001
    endloop
  endfacet
  facet normal 0.000000e+000 1.000000e+000 -0.000000e+000
    outer loop
      vertex   -1.769529e+000 5.060000e+000 1.927896e-001
      vertex   -1.784068e+000 5.060000e+000 1.456103e-001
      vertex   -1.768442e+000 5.060000e+000 2.769705e-001
    endloop
  endfacet
  facet normal 0.000000e+000 1.000000e+000 -0.000000e+000
    outer loop
      vertex   -1.750964e+000 5.060000e+000 3.201950e-001
      vertex   -1.768442e+000 5.060000e+000 2.769705e-001
      vertex   -1.743158e+000 5.060000e+000 4.068181e-001
    endloop
  endfacet
  facet normal -6.656507e-014 1.000000e+000 1.119372e-014
    outer loop
      vertex   -1.723238e+000 5.060000e+000 4.459252e-001
      vertex   -1.743158e+000 5.060000e+000 4.068181e-001
      vertex   -1.708353e+000 5.060000e+000 5.344438e-001
    endloop
  endfacet
  facet normal 0.000000e+000 1.000000e+000 -0.000000e+000
    outer loop
      vertex   -1.686497e+000 5.060000e+000 5.693224e-001
      vertex   -1.708353e+000 5.060000e+000 5.344438e-001
      vertex   -1.664218e+000 5.060000e+000 6.591505e-001
    endloop
  endfacet
  facet normal 0.000000e+000 1.000000e+000 -0.000000e+000
    outer loop
      vertex   -1.640932e+000 5.060000e+000 6.897409e-001
      vertex   -1.664218e+000 5.060000e+000 6.591505e-001
      vertex   -1.610993e+000 5.060000e+000 7.802571e-001
    endloop
  endfacet
  facet normal 1.949080e-014 1.000000e+000 -1.794736e-014
    outer loop
      vertex   -1.586782e+000 5.060000e+000 8.065508e-001
      vertex   -1.610993e+000 5.060000e+000 7.802571e-001
      vertex   -1.548970e+000 5.060000e+000 8.971023e-001
    endloop
  endfacet
  facet normal 0.000000e+000 1.000000e+000 -0.000000e+000
    outer loop
      vertex   -1.524329e+000 5.060000e+000 9.191409e-001
      vertex   -1.548970e+000 5.060000e+000 8.971023e-001
      vertex   -1.478487e+000 5.060000e+000 1.009048e+000
    endloop
  endfacet
  facet normal 1.309351e-014 1.000000e+000 -1.800903e-014
    outer loop
      vertex   -1.453902e+000 5.060000e+000 1.026922e+000
      vertex   -1.478487e+000 5.060000e+000 1.009048e+000
      vertex   -1.399928e+000 5.060000e+000 1.115482e+000
    endloop
  endfacet
  facet normal 0.000000e+000 1.000000e+000 -0.000000e+000
    outer loop
      vertex   -1.375868e+000 5.060000e+000 1.129330e+000
      vertex   -1.399928e+000 5.060000e+000 1.115482e+000
      vertex   -1.313724e+000 5.060000e+000 1.215824e+000
    endloop
  endfacet
  facet normal 7.230655e-015 1.000000e+000 -1.668457e-014
    outer loop
      vertex   -1.290636e+000 5.060000e+000 1.225830e+000
      vertex   -1.313724e+000 5.060000e+000 1.215824e+000
      vertex   -1.220345e+000 5.060000e+000 1.309526e+000
    endloop
  endfacet
  facet normal 4.583940e-015 1.000000e+000 -1.556076e-014
    outer loop
      vertex   -1.198651e+000 5.060000e+000 1.315917e+000
      vertex   -1.220345e+000 5.060000e+000 1.309526e+000
      vertex   -1.120301e+000 5.060000e+000 1.396075e+000
    endloop
  endfacet
  facet normal 2.165577e-015 1.000000e+000 -1.416647e-014
    outer loop
      vertex   -1.100394e+000 5.060000e+000 1.399118e+000
      vertex   -1.120301e+000 5.060000e+000 1.396075e+000
      vertex   -1.014138e+000 5.060000e+000 1.475000e+000
    endloop
  endfacet
  facet normal -1.463672e-028 1.000000e+000 -1.170479e-014
    outer loop
      vertex   -9.963810e-001 5.060000e+000 1.475000e+000
      vertex   -1.100394e+000 5.060000e+000 1.399118e+000
      vertex   -1.014138e+000 5.060000e+000 1.475000e+000
    endloop
  endfacet
  facet normal -8.503112e-014 1.000000e+000 -1.168664e-014
    outer loop
      vertex   1.723238e+000 5.060000e+000 4.459252e-001
      vertex   1.733819e+000 5.060000e+000 4.449387e-001
      vertex   1.750964e+000 5.060000e+000 3.201950e-001
    endloop
  endfacet
  facet normal 0.000000e+000 1.000000e+000 0.000000e+000
    outer loop
      vertex   1.750964e+000 5.060000e+000 3.201950e-001
      vertex   1.761944e+000 5.060000e+000 3.156767e-001
      vertex   1.769529e+000 5.060000e+000 1.927896e-001
    endloop
  endfacet
  facet normal 0.000000e+000 1.000000e+000 0.000000e+000
    outer loop
      vertex   1.769529e+000 5.060000e+000 1.927896e-001
      vertex   1.780446e+000 5.060000e+000 1.846906e-001
      vertex   1.778836e+000 5.060000e+000 6.437546e-002
    endloop
  endfacet
  facet normal 0.000000e+000 1.000000e+000 0.000000e+000
    outer loop
      vertex   1.778836e+000 5.060000e+000 6.437546e-002
      vertex   1.789224e+000 5.060000e+000 5.269579e-002
      vertex   1.778836e+000 5.060000e+000 -6.437546e-002
    endloop
  endfacet
  facet normal 0.000000e+000 1.000000e+000 0.000000e+000
    outer loop
      vertex   1.778836e+000 5.060000e+000 -6.437546e-002
      vertex   1.788230e+000 5.060000e+000 -7.958684e-002
      vertex   1.769529e+000 5.060000e+000 -1.927896e-001
    endloop
  endfacet
  facet normal 0.000000e+000 1.000000e+000 0.000000e+000
    outer loop
      vertex   1.769529e+000 5.060000e+000 -1.927896e-001
      vertex   1.777469e+000 5.060000e+000 -2.114348e-001
      vertex   1.750964e+000 5.060000e+000 -3.201950e-001
    endloop
  endfacet
  facet normal -1.425061e-014 1.000000e+000 -3.921660e-015
    outer loop
      vertex   1.750964e+000 5.060000e+000 -3.201950e-001
      vertex   1.757000e+000 5.060000e+000 -3.421280e-001
      vertex   1.723238e+000 5.060000e+000 -4.459252e-001
    endloop
  endfacet
  facet normal -7.967001e-014 1.000000e+000 2.372172e-014
    outer loop
      vertex   1.723238e+000 5.060000e+000 -4.459252e-001
      vertex   1.726935e+000 5.060000e+000 -4.709526e-001
      vertex   1.686497e+000 5.060000e+000 -5.693224e-001
    endloop
  endfacet
  facet normal 0.000000e+000 1.000000e+000 0.000000e+000
    outer loop
      vertex   1.686497e+000 5.060000e+000 -5.693224e-001
      vertex   1.687438e+000 5.060000e+000 -5.972050e-001
      vertex   1.640932e+000 5.060000e+000 -6.897409e-001
    endloop
  endfacet
  facet normal 0.000000e+000 1.000000e+000 0.000000e+000
    outer loop
      vertex   1.640932e+000 5.060000e+000 -6.897409e-001
      vertex   1.638725e+000 5.060000e+000 -7.201956e-001
      vertex   1.586782e+000 5.060000e+000 -8.065508e-001
    endloop
  endfacet
  facet normal -2.077242e-014 1.000000e+000 3.633582e-015
    outer loop
      vertex   1.586782e+000 5.060000e+000 -8.065508e-001
      vertex   1.581061e+000 5.060000e+000 -8.392529e-001
      vertex   1.524329e+000 5.060000e+000 -9.191409e-001
    endloop
  endfacet
  facet normal 0.000000e+000 1.000000e+000 0.000000e+000
    outer loop
      vertex   1.524329e+000 5.060000e+000 -9.191409e-001
      vertex   1.514763e+000 5.060000e+000 -9.537264e-001
      vertex   1.453902e+000 5.060000e+000 -1.026922e+000
    endloop
  endfacet
  facet normal -2.271255e-014 1.000000e+000 8.633797e-015
    outer loop
      vertex   1.453902e+000 5.060000e+000 -1.026922e+000
      vertex   1.440191e+000 5.060000e+000 -1.062991e+000
      vertex   1.375868e+000 5.060000e+000 -1.129330e+000
    endloop
  endfacet
  facet normal 0.000000e+000 1.000000e+000 0.000000e+000
    outer loop
      vertex   1.375868e+000 5.060000e+000 -1.129330e+000
      vertex   1.357754e+000 5.060000e+000 -1.166450e+000
      vertex   1.290636e+000 5.060000e+000 -1.225830e+000
    endloop
  endfacet
  facet normal 3.275191e-014 1.000000e+000 -4.330133e-014
    outer loop
      vertex   1.290636e+000 5.060000e+000 -1.225830e+000
      vertex   1.267900e+000 5.060000e+000 -1.263538e+000
      vertex   1.198651e+000 5.060000e+000 -1.315917e+000
    endloop
  endfacet
  facet normal -2.357292e-014 1.000000e+000 1.716321e-014
    outer loop
      vertex   1.198651e+000 5.060000e+000 -1.315917e+000
      vertex   1.171123e+000 5.060000e+000 -1.353725e+000
      vertex   1.100394e+000 5.060000e+000 -1.399118e+000
    endloop
  endfacet
  facet normal 2.326056e-014 1.000000e+000 -2.017921e-014
    outer loop
      vertex   1.100394e+000 5.060000e+000 -1.399118e+000
      vertex   1.067948e+000 5.060000e+000 -1.436519e+000
      vertex   9.963810e-001 5.060000e+000 -1.475000e+000
    endloop
  endfacet
  facet normal 1.549427e-014 1.000000e+000 2.567999e-014
    outer loop
      vertex   -1.198651e+000 5.060000e+000 -1.315917e+000
      vertex   -1.239893e+000 5.060000e+000 -1.291033e+000
      vertex   -1.290636e+000 5.060000e+000 -1.225830e+000
    endloop
  endfacet
  facet normal 0.000000e+000 1.000000e+000 0.000000e+000
    outer loop
      vertex   -1.290636e+000 5.060000e+000 -1.225830e+000
      vertex   -1.331853e+000 5.060000e+000 -1.195938e+000
      vertex   -1.375868e+000 5.060000e+000 -1.129330e+000
    endloop
  endfacet
  facet normal 2.171452e-014 1.000000e+000 2.521912e-014
    outer loop
      vertex   -1.375868e+000 5.060000e+000 -1.129330e+000
      vertex   -1.416539e+000 5.060000e+000 -1.094311e+000
      vertex   -1.453902e+000 5.060000e+000 -1.026922e+000
    endloop
  endfacet
  facet normal 0.000000e+000 1.000000e+000 0.000000e+000
    outer loop
      vertex   -1.453902e+000 5.060000e+000 -1.026922e+000
      vertex   -1.493488e+000 5.060000e+000 -9.867080e-001
      vertex   -1.524329e+000 5.060000e+000 -9.191409e-001
    endloop
  endfacet
  facet normal 2.809522e-014 1.000000e+000 2.347265e-014
    outer loop
      vertex   -1.524329e+000 5.060000e+000 -9.191409e-001
      vertex   -1.562281e+000 5.060000e+000 -8.737156e-001
      vertex   -1.586782e+000 5.060000e+000 -8.065508e-001
    endloop
  endfacet
  facet normal 0.000000e+000 1.000000e+000 0.000000e+000
    outer loop
      vertex   -1.586782e+000 5.060000e+000 -8.065508e-001
      vertex   -1.622541e+000 5.060000e+000 -7.559513e-001
      vertex   -1.640932e+000 5.060000e+000 -6.897409e-001
    endloop
  endfacet
  facet normal 0.000000e+000 1.000000e+000 0.000000e+000
    outer loop
      vertex   -1.640932e+000 5.060000e+000 -6.897409e-001
      vertex   -1.673939e+000 5.060000e+000 -6.340582e-001
      vertex   -1.686497e+000 5.060000e+000 -5.693224e-001
    endloop
  endfacet
  facet normal 0.000000e+000 1.000000e+000 0.000000e+000
    outer loop
      vertex   -1.686497e+000 5.060000e+000 -5.693224e-001
      vertex   -1.716194e+000 5.060000e+000 -5.087021e-001
      vertex   -1.723238e+000 5.060000e+000 -4.459252e-001
    endloop
  endfacet
  facet normal -3.732711e-014 1.000000e+000 -1.167097e-015
    outer loop
      vertex   -1.723238e+000 5.060000e+000 -4.459252e-001
      vertex   -1.749076e+000 5.060000e+000 -3.805676e-001
      vertex   -1.750964e+000 5.060000e+000 -3.201950e-001
    endloop
  endfacet
  facet normal 0.000000e+000 1.000000e+000 -0.000000e+000
    outer loop
      vertex   -1.750964e+000 5.060000e+000 -3.201950e-001
      vertex   -1.772406e+000 5.060000e+000 -2.503546e-001
      vertex   -1.769529e+000 5.060000e+000 -1.927896e-001
    endloop
  endfacet
  facet normal 0.000000e+000 1.000000e+000 -0.000000e+000
    outer loop
      vertex   -1.769529e+000 5.060000e+000 -1.927896e-001
      vertex   -1.786055e+000 5.060000e+000 -1.187743e-001
      vertex   -1.778836e+000 5.060000e+000 -6.437546e-002
    endloop
  endfacet
  facet normal 0.000000e+000 1.000000e+000 -0.000000e+000
    outer loop
      vertex   -1.778836e+000 5.060000e+000 -6.437546e-002
      vertex   -1.789949e+000 5.060000e+000 1.345471e-002
      vertex   -1.778836e+000 5.060000e+000 6.437546e-002
    endloop
  endfacet
  facet normal 0.000000e+000 1.000000e+000 -0.000000e+000
    outer loop
      vertex   -1.778836e+000 5.060000e+000 6.437546e-002
      vertex   -1.784068e+000 5.060000e+000 1.456103e-001
      vertex   -1.769529e+000 5.060000e+000 1.927896e-001
    endloop
  endfacet
  facet normal 0.000000e+000 1.000000e+000 0.000000e+000
    outer loop
      vertex   -1.769529e+000 5.060000e+000 1.927896e-001
      vertex   -1.768442e+000 5.060000e+000 2.769705e-001
      vertex   -1.750964e+000 5.060000e+000 3.201950e-001
    endloop
  endfacet
  facet normal -5.417342e-014 1.000000e+000 4.881992e-015
    outer loop
      vertex   -1.750964e+000 5.060000e+000 3.201950e-001
      vertex   -1.743158e+000 5.060000e+000 4.068181e-001
      vertex   -1.723238e+000 5.060000e+000 4.459252e-001
    endloop
  endfacet
  facet normal 0.000000e+000 1.000000e+000 0.000000e+000
    outer loop
      vertex   -1.723238e+000 5.060000e+000 4.459252e-001
      vertex   -1.708353e+000 5.060000e+000 5.344438e-001
      vertex   -1.686497e+000 5.060000e+000 5.693224e-001
    endloop
  endfacet
  facet normal 0.000000e+000 1.000000e+000 0.000000e+000
    outer loop
      vertex   -1.686497e+000 5.060000e+000 5.693224e-001
      vertex   -1.664218e+000 5.060000e+000 6.591505e-001
      vertex   -1.640932e+000 5.060000e+000 6.897409e-001
    endloop
  endfacet
  facet normal 0.000000e+000 1.000000e+000 0.000000e+000
    outer loop
      vertex   -1.640932e+000 5.060000e+000 6.897409e-001
      vertex   -1.610993e+000 5.060000e+000 7.802571e-001
      vertex   -1.586782e+000 5.060000e+000 8.065508e-001
    endloop
  endfacet
  facet normal 1.400246e-014 1.000000e+000 -1.565558e-014
    outer loop
      vertex   -1.586782e+000 5.060000e+000 8.065508e-001
      vertex   -1.548970e+000 5.060000e+000 8.971023e-001
      vertex   -1.524329e+000 5.060000e+000 9.191409e-001
    endloop
  endfacet
  facet normal 0.000000e+000 1.000000e+000 0.000000e+000
    outer loop
      vertex   -1.524329e+000 5.060000e+000 9.191409e-001
      vertex   -1.478487e+000 5.060000e+000 1.009048e+000
      vertex   -1.453902e+000 5.060000e+000 1.026922e+000
    endloop
  endfacet
  facet normal 8.891240e-015 1.000000e+000 -1.544793e-014
    outer loop
      vertex   -1.453902e+000 5.060000e+000 1.026922e+000
      vertex   -1.399928e+000 5.060000e+000 1.115482e+000
      vertex   -1.375868e+000 5.060000e+000 1.129330e+000
    endloop
  endfacet
  facet normal 0.000000e+000 1.000000e+000 0.000000e+000
    outer loop
      vertex   -1.375868e+000 5.060000e+000 1.129330e+000
      vertex   -1.313724e+000 5.060000e+000 1.215824e+000
      vertex   -1.290636e+000 5.060000e+000 1.225830e+000
    endloop
  endfacet
  facet normal 4.153768e-015 1.000000e+000 -1.410049e-014
    outer loop
      vertex   -1.290636e+000 5.060000e+000 1.225830e+000
      vertex   -1.220345e+000 5.060000e+000 1.309526e+000
      vertex   -1.198651e+000 5.060000e+000 1.315917e+000
    endloop
  endfacet
  facet normal 1.991339e-015 1.000000e+000 -1.302666e-014
    outer loop
      vertex   -1.198651e+000 5.060000e+000 1.315917e+000
      vertex   -1.120301e+000 5.060000e+000 1.396075e+000
      vertex   -1.100394e+000 5.060000e+000 1.399118e+000
    endloop
  endfacet
  facet normal 5.214273e-001 4.859798e-001 -7.013823e-001
    outer loop
      vertex   -1.120301e+000 5.060000e+000 1.396075e+000
      vertex   -1.138628e+000 5.260000e+000 1.521028e+000
      vertex   -1.014138e+000 5.060000e+000 1.475000e+000
    endloop
  endfacet
  facet normal 5.511969e-001 4.778439e-001 -6.839936e-001
    outer loop
      vertex   -1.120301e+000 5.060000e+000 1.396075e+000
      vertex   -1.244235e+000 5.260000e+000 1.435924e+000
      vertex   -1.138628e+000 5.260000e+000 1.521028e+000
    endloop
  endfacet
  facet normal 5.717903e-001 4.860127e-001 -6.609444e-001
    outer loop
      vertex   -1.120301e+000 5.060000e+000 1.396075e+000
      vertex   -1.220345e+000 5.060000e+000 1.309526e+000
      vertex   -1.244235e+000 5.260000e+000 1.435924e+000
    endloop
  endfacet
  facet normal 5.985925e-001 4.778317e-001 -6.429338e-001
    outer loop
      vertex   -1.244235e+000 5.260000e+000 1.435924e+000
      vertex   -1.220345e+000 5.060000e+000 1.309526e+000
      vertex   -1.343503e+000 5.260000e+000 1.343503e+000
    endloop
  endfacet
  facet normal 6.190442e-001 4.860053e-001 -6.169142e-001
    outer loop
      vertex   -1.343503e+000 5.260000e+000 1.343503e+000
      vertex   -1.220345e+000 5.060000e+000 1.309526e+000
      vertex   -1.313724e+000 5.060000e+000 1.215824e+000
    endloop
  endfacet
  facet normal 6.629345e-001 4.859576e-001 -5.695288e-001
    outer loop
      vertex   -1.435924e+000 5.260000e+000 1.244235e+000
      vertex   -1.313724e+000 5.060000e+000 1.215824e+000
      vertex   -1.399928e+000 5.060000e+000 1.115482e+000
    endloop
  endfacet
  facet normal 7.032246e-001 4.858697e-001 -5.190432e-001
    outer loop
      vertex   -1.521028e+000 5.260000e+000 1.138628e+000
      vertex   -1.399928e+000 5.060000e+000 1.115482e+000
      vertex   -1.478487e+000 5.060000e+000 1.009048e+000
    endloop
  endfacet
  facet normal 7.396972e-001 4.857414e-001 -4.657289e-001
    outer loop
      vertex   -1.598382e+000 5.260000e+000 1.027218e+000
      vertex   -1.478487e+000 5.060000e+000 1.009048e+000
      vertex   -1.548970e+000 5.060000e+000 8.971023e-001
    endloop
  endfacet
  facet normal 7.721552e-001 4.855728e-001 -4.098725e-001
    outer loop
      vertex   -1.667590e+000 5.260000e+000 9.105731e-001
      vertex   -1.548970e+000 5.060000e+000 8.971023e-001
      vertex   -1.610993e+000 5.060000e+000 7.802571e-001
    endloop
  endfacet
  facet normal 8.004229e-001 4.853638e-001 -3.517742e-001
    outer loop
      vertex   -1.728301e+000 5.260000e+000 7.892885e-001
      vertex   -1.610993e+000 5.060000e+000 7.802571e-001
      vertex   -1.664218e+000 5.060000e+000 6.591505e-001
    endloop
  endfacet
  facet normal 8.243470e-001 4.851144e-001 -2.917465e-001
    outer loop
      vertex   -1.780204e+000 5.260000e+000 6.639819e-001
      vertex   -1.664218e+000 5.060000e+000 6.591505e-001
      vertex   -1.708353e+000 5.060000e+000 5.344438e-001
    endloop
  endfacet
  facet normal 8.437971e-001 4.848246e-001 -2.301120e-001
    outer loop
      vertex   -1.823037e+000 5.260000e+000 5.352919e-001
      vertex   -1.708353e+000 5.060000e+000 5.344438e-001
      vertex   -1.743158e+000 5.060000e+000 4.068181e-001
    endloop
  endfacet
  facet normal 8.586669e-001 4.844942e-001 -1.672020e-001
    outer loop
      vertex   -1.856579e+000 5.260000e+000 4.038741e-001
      vertex   -1.743158e+000 5.060000e+000 4.068181e-001
      vertex   -1.768442e+000 5.060000e+000 2.769705e-001
    endloop
  endfacet
  facet normal 8.688743e-001 4.841232e-001 -1.033550e-001
    outer loop
      vertex   -1.880661e+000 5.260000e+000 2.703982e-001
      vertex   -1.768442e+000 5.060000e+000 2.769705e-001
      vertex   -1.784068e+000 5.060000e+000 1.456103e-001
    endloop
  endfacet
  facet normal 8.743620e-001 4.837115e-001 -3.891430e-002
    outer loop
      vertex   -1.895159e+000 5.260000e+000 1.355444e-001
      vertex   -1.784068e+000 5.060000e+000 1.456103e-001
      vertex   -1.789949e+000 5.060000e+000 1.345471e-002
    endloop
  endfacet
  facet normal 8.750980e-001 4.832590e-001 2.577317e-002
    outer loop
      vertex   -1.900000e+000 5.260000e+000 0.000000e+000
      vertex   -1.789949e+000 5.060000e+000 1.345471e-002
      vertex   -1.786055e+000 5.060000e+000 -1.187743e-001
    endloop
  endfacet
  facet normal 8.710755e-001 4.827656e-001 9.035907e-002
    outer loop
      vertex   -1.895159e+000 5.260000e+000 -1.355444e-001
      vertex   -1.786055e+000 5.060000e+000 -1.187743e-001
      vertex   -1.772406e+000 5.060000e+000 -2.503546e-001
    endloop
  endfacet
  facet normal 8.623133e-001 4.822313e-001 1.544954e-001
    outer loop
      vertex   -1.880661e+000 5.260000e+000 -2.703982e-001
      vertex   -1.772406e+000 5.060000e+000 -2.503546e-001
      vertex   -1.749076e+000 5.060000e+000 -3.805676e-001
    endloop
  endfacet
  facet normal 8.491289e-001 4.816736e-001 2.167272e-001
    outer loop
      vertex   -1.856579e+000 5.260000e+000 -4.038741e-001
      vertex   -1.749076e+000 5.060000e+000 -3.805676e-001
      vertex   -1.823037e+000 5.260000e+000 -5.352919e-001
    endloop
  endfacet
  facet normal 8.624164e-001 4.816923e-001 1.555970e-001
    outer loop
      vertex   -1.856579e+000 5.260000e+000 -4.038741e-001
      vertex   -1.880661e+000 5.260000e+000 -2.703982e-001
      vertex   -1.749076e+000 5.060000e+000 -3.805676e-001
    endloop
  endfacet
  facet normal 6.429233e-001 4.778581e-001 -5.985828e-001
    outer loop
      vertex   -1.343503e+000 5.260000e+000 1.343503e+000
      vertex   -1.313724e+000 5.060000e+000 1.215824e+000
      vertex   -1.435924e+000 5.260000e+000 1.244235e+000
    endloop
  endfacet
  facet normal 6.839601e-001 4.779229e-001 -5.511699e-001
    outer loop
      vertex   -1.435924e+000 5.260000e+000 1.244235e+000
      vertex   -1.399928e+000 5.060000e+000 1.115482e+000
      vertex   -1.521028e+000 5.260000e+000 1.138628e+000
    endloop
  endfacet
  facet normal 7.214913e-001 4.780263e-001 -5.009403e-001
    outer loop
      vertex   -1.521028e+000 5.260000e+000 1.138628e+000
      vertex   -1.478487e+000 5.060000e+000 1.009048e+000
      vertex   -1.598382e+000 5.260000e+000 1.027218e+000
    endloop
  endfacet
  facet normal 7.553232e-001 4.781682e-001 -4.481540e-001
    outer loop
      vertex   -1.598382e+000 5.260000e+000 1.027218e+000
      vertex   -1.548970e+000 5.060000e+000 8.971023e-001
      vertex   -1.667590e+000 5.260000e+000 9.105731e-001
    endloop
  endfacet
  facet normal 7.852819e-001 4.783485e-001 -3.930841e-001
    outer loop
      vertex   -1.667590e+000 5.260000e+000 9.105731e-001
      vertex   -1.610993e+000 5.060000e+000 7.802571e-001
      vertex   -1.728301e+000 5.260000e+000 7.892885e-001
    endloop
  endfacet
  facet normal 8.112133e-001 4.785672e-001 -3.360155e-001
    outer loop
      vertex   -1.728301e+000 5.260000e+000 7.892885e-001
      vertex   -1.664218e+000 5.060000e+000 6.591505e-001
      vertex   -1.780204e+000 5.260000e+000 6.639819e-001
    endloop
  endfacet
  facet normal 8.329845e-001 4.788243e-001 -2.772439e-001
    outer loop
      vertex   -1.780204e+000 5.260000e+000 6.639819e-001
      vertex   -1.708353e+000 5.060000e+000 5.344438e-001
      vertex   -1.823037e+000 5.260000e+000 5.352919e-001
    endloop
  endfacet
  facet normal 8.504843e-001 4.791197e-001 -2.170732e-001
    outer loop
      vertex   -1.823037e+000 5.260000e+000 5.352919e-001
      vertex   -1.743158e+000 5.060000e+000 4.068181e-001
      vertex   -1.856579e+000 5.260000e+000 4.038741e-001
    endloop
  endfacet
  facet normal 8.636239e-001 4.794533e-001 -1.558149e-001
    outer loop
      vertex   -1.856579e+000 5.260000e+000 4.038741e-001
      vertex   -1.768442e+000 5.060000e+000 2.769705e-001
      vertex   -1.880661e+000 5.260000e+000 2.703982e-001
    endloop
  endfacet
  facet normal 8.723371e-001 4.798251e-001 -9.378595e-002
    outer loop
      vertex   -1.880661e+000 5.260000e+000 2.703982e-001
      vertex   -1.784068e+000 5.060000e+000 1.456103e-001
      vertex   -1.895159e+000 5.260000e+000 1.355444e-001
    endloop
  endfacet
  facet normal 8.765810e-001 4.802350e-001 -3.130717e-002
    outer loop
      vertex   -1.895159e+000 5.260000e+000 1.355444e-001
      vertex   -1.789949e+000 5.060000e+000 1.345471e-002
      vertex   -1.900000e+000 5.260000e+000 0.000000e+000
    endloop
  endfacet
  facet normal 8.763358e-001 4.806829e-001 3.129841e-002
    outer loop
      vertex   -1.900000e+000 5.260000e+000 0.000000e+000
      vertex   -1.786055e+000 5.060000e+000 -1.187743e-001
      vertex   -1.895159e+000 5.260000e+000 -1.355444e-001
    endloop
  endfacet
  facet normal 8.716052e-001 4.811687e-001 9.370726e-002
    outer loop
      vertex   -1.895159e+000 5.260000e+000 -1.355444e-001
      vertex   -1.772406e+000 5.060000e+000 -2.503546e-001
      vertex   -1.880661e+000 5.260000e+000 -2.703982e-001
    endloop
  endfacet
  facet normal 8.485384e-001 4.822503e-001 2.177549e-001
    outer loop
      vertex   -1.749076e+000 5.060000e+000 -3.805676e-001
      vertex   -1.716194e+000 5.060000e+000 -5.087021e-001
      vertex   -1.823037e+000 5.260000e+000 -5.352919e-001
    endloop
  endfacet
  facet normal 8.317764e-001 4.811514e-001 2.768418e-001
    outer loop
      vertex   -1.823037e+000 5.260000e+000 -5.352919e-001
      vertex   -1.716194e+000 5.060000e+000 -5.087021e-001
      vertex   -1.780204e+000 5.260000e+000 -6.639819e-001
    endloop
  endfacet
  facet normal 8.298612e-001 4.827833e-001 2.797331e-001
    outer loop
      vertex   -1.780204e+000 5.260000e+000 -6.639819e-001
      vertex   -1.716194e+000 5.060000e+000 -5.087021e-001
      vertex   -1.673939e+000 5.060000e+000 -6.340582e-001
    endloop
  endfacet
  facet normal 8.066860e-001 4.832752e-001 3.401511e-001
    outer loop
      vertex   -1.728301e+000 5.260000e+000 -7.892885e-001
      vertex   -1.673939e+000 5.060000e+000 -6.340582e-001
      vertex   -1.622541e+000 5.060000e+000 -7.559513e-001
    endloop
  endfacet
  facet normal 7.791402e-001 4.837263e-001 3.986845e-001
    outer loop
      vertex   -1.667590e+000 5.260000e+000 -9.105731e-001
      vertex   -1.622541e+000 5.060000e+000 -7.559513e-001
      vertex   -1.562281e+000 5.060000e+000 -8.737156e-001
    endloop
  endfacet
  facet normal 7.473749e-001 4.841366e-001 4.550193e-001
    outer loop
      vertex   -1.598382e+000 5.260000e+000 -1.027218e+000
      vertex   -1.562281e+000 5.060000e+000 -8.737156e-001
      vertex   -1.493488e+000 5.060000e+000 -9.867080e-001
    endloop
  endfacet
  facet normal 7.115632e-001 4.845062e-001 5.088532e-001
    outer loop
      vertex   -1.521028e+000 5.260000e+000 -1.138628e+000
      vertex   -1.493488e+000 5.060000e+000 -9.867080e-001
      vertex   -1.416539e+000 5.060000e+000 -1.094311e+000
    endloop
  endfacet
  facet normal 6.718999e-001 4.848352e-001 5.598977e-001
    outer loop
      vertex   -1.435924e+000 5.260000e+000 -1.244235e+000
      vertex   -1.416539e+000 5.060000e+000 -1.094311e+000
      vertex   -1.331853e+000 5.060000e+000 -1.195938e+000
    endloop
  endfacet
  facet normal 6.286002e-001 4.851237e-001 6.078790e-001
    outer loop
      vertex   -1.343503e+000 5.260000e+000 -1.343503e+000
      vertex   -1.331853e+000 5.060000e+000 -1.195938e+000
      vertex   -1.239893e+000 5.060000e+000 -1.291033e+000
    endloop
  endfacet
  facet normal 5.818986e-001 4.853717e-001 6.525400e-001
    outer loop
      vertex   -1.244235e+000 5.260000e+000 -1.435924e+000
      vertex   -1.239893e+000 5.060000e+000 -1.291033e+000
      vertex   -1.141161e+000 5.060000e+000 -1.379076e+000
    endloop
  endfacet
  facet normal 5.320476e-001 4.855793e-001 6.936412e-001
    outer loop
      vertex   -1.138628e+000 5.260000e+000 -1.521028e+000
      vertex   -1.141161e+000 5.060000e+000 -1.379076e+000
      vertex   -1.036196e+000 5.060000e+000 -1.459588e+000
    endloop
  endfacet
  facet normal 4.793166e-001 4.857465e-001 7.309624e-001
    outer loop
      vertex   -1.027218e+000 5.260000e+000 -1.598382e+000
      vertex   -1.036196e+000 5.060000e+000 -1.459588e+000
      vertex   -9.255724e-001 5.060000e+000 -1.532128e+000
    endloop
  endfacet
  facet normal 4.239900e-001 4.858733e-001 7.643033e-001
    outer loop
      vertex   -9.105731e-001 5.260000e+000 -1.667590e+000
      vertex   -9.255724e-001 5.060000e+000 -1.532128e+000
      vertex   -8.098933e-001 5.060000e+000 -1.596300e+000
    endloop
  endfacet
  facet normal 3.663663e-001 4.859599e-001 7.934852e-001
    outer loop
      vertex   -7.892885e-001 5.260000e+000 -1.728301e+000
      vertex   -8.098933e-001 5.060000e+000 -1.596300e+000
      vertex   -6.897908e-001 5.060000e+000 -1.651753e+000
    endloop
  endfacet
  facet normal 3.067559e-001 4.860062e-001 8.183513e-001
    outer loop
      vertex   -6.639819e-001 5.260000e+000 -1.780204e+000
      vertex   -6.897908e-001 5.060000e+000 -1.651753e+000
      vertex   -5.659210e-001 5.060000e+000 -1.698185e+000
    endloop
  endfacet
  facet normal 2.454799e-001 4.860122e-001 8.387680e-001
    outer loop
      vertex   -5.352919e-001 5.260000e+000 -1.823037e+000
      vertex   -5.659210e-001 5.060000e+000 -1.698185e+000
      vertex   -4.389603e-001 5.060000e+000 -1.735343e+000
    endloop
  endfacet
  facet normal 1.828684e-001 4.859780e-001 8.546254e-001
    outer loop
      vertex   -4.038741e-001 5.260000e+000 -1.856579e+000
      vertex   -4.389603e-001 5.060000e+000 -1.735343e+000
      vertex   -3.096021e-001 5.060000e+000 -1.763022e+000
    endloop
  endfacet
  facet normal 1.192585e-001 4.859034e-001 8.658379e-001
    outer loop
      vertex   -2.703982e-001 5.260000e+000 -1.880661e+000
      vertex   -3.096021e-001 5.060000e+000 -1.763022e+000
      vertex   -1.785530e-001 5.060000e+000 -1.781072e+000
    endloop
  endfacet
  facet normal 5.499248e-002 4.857886e-001 8.723447e-001
    outer loop
      vertex   -1.355444e-001 5.260000e+000 -1.895159e+000
      vertex   -1.785530e-001 5.060000e+000 -1.781072e+000
      vertex   -4.652872e-002 5.060000e+000 -1.789395e+000
    endloop
  endfacet
  facet normal -9.583502e-003 4.856335e-001 8.741100e-001
    outer loop
      vertex   -3.181179e-014 5.260000e+000 -1.900000e+000
      vertex   -4.652872e-002 5.060000e+000 -1.789395e+000
      vertex   8.574970e-002 5.060000e+000 -1.787945e+000
    endloop
  endfacet
  facet normal -7.412177e-002 4.854380e-001 8.711234e-001
    outer loop
      vertex   1.355444e-001 5.260000e+000 -1.895159e+000
      vertex   8.574970e-002 5.060000e+000 -1.787945e+000
      vertex   2.175598e-001 5.060000e+000 -1.776730e+000
    endloop
  endfacet
  facet normal -1.382747e-001 4.852021e-001 8.633997e-001
    outer loop
      vertex   2.703982e-001 5.260000e+000 -1.880661e+000
      vertex   2.175598e-001 5.060000e+000 -1.776730e+000
      vertex   3.481816e-001 5.060000e+000 -1.755810e+000
    endloop
  endfacet
  facet normal -2.016967e-001 4.849257e-001 8.509791e-001
    outer loop
      vertex   4.038741e-001 5.260000e+000 -1.856579e+000
      vertex   3.481816e-001 5.060000e+000 -1.755810e+000
      vertex   4.769018e-001 5.060000e+000 -1.725301e+000
    endloop
  endfacet
  facet normal -2.640459e-001 4.846088e-001 8.339269e-001
    outer loop
      vertex   5.352919e-001 5.260000e+000 -1.823037e+000
      vertex   4.769018e-001 5.060000e+000 -1.725301e+000
      vertex   6.030174e-001 5.060000e+000 -1.685369e+000
    endloop
  endfacet
  facet normal -3.249860e-001 4.842514e-001 8.123329e-001
    outer loop
      vertex   6.639819e-001 5.260000e+000 -1.780204e+000
      vertex   6.030174e-001 5.060000e+000 -1.685369e+000
      vertex   7.258394e-001 5.060000e+000 -1.636233e+000
    endloop
  endfacet
  facet normal -3.841880e-001 4.838532e-001 7.863114e-001
    outer loop
      vertex   7.892885e-001 5.260000e+000 -1.728301e+000
      vertex   7.258394e-001 5.060000e+000 -1.636233e+000
      vertex   8.446972e-001 5.060000e+000 -1.578159e+000
    endloop
  endfacet
  facet normal -4.413322e-001 4.834144e-001 7.560003e-001
    outer loop
      vertex   9.105731e-001 5.260000e+000 -1.667590e+000
      vertex   8.446972e-001 5.060000e+000 -1.578159e+000
      vertex   9.589415e-001 5.060000e+000 -1.511467e+000
    endloop
  endfacet
  facet normal -4.961095e-001 4.829346e-001 7.215604e-001
    outer loop
      vertex   1.027218e+000 5.260000e+000 -1.598382e+000
      vertex   9.589415e-001 5.060000e+000 -1.511467e+000
      vertex   1.067948e+000 5.060000e+000 -1.436519e+000
    endloop
  endfacet
  facet normal -5.482234e-001 4.824139e-001 6.831749e-001
    outer loop
      vertex   1.138628e+000 5.260000e+000 -1.521028e+000
      vertex   1.067948e+000 5.060000e+000 -1.436519e+000
      vertex   1.171123e+000 5.060000e+000 -1.353725e+000
    endloop
  endfacet
  facet normal -5.970927e-001 4.818561e-001 6.413228e-001
    outer loop
      vertex   1.244235e+000 5.260000e+000 -1.435924e+000
      vertex   1.171123e+000 5.060000e+000 -1.353725e+000
      vertex   1.343503e+000 5.260000e+000 -1.343503e+000
    endloop
  endfacet
  facet normal -5.499381e-001 4.815135e-001 6.824315e-001
    outer loop
      vertex   1.244235e+000 5.260000e+000 -1.435924e+000
      vertex   1.138628e+000 5.260000e+000 -1.521028e+000
      vertex   1.171123e+000 5.060000e+000 -1.353725e+000
    endloop
  endfacet
  facet normal 8.101530e-001 4.806669e-001 3.355764e-001
    outer loop
      vertex   -1.780204e+000 5.260000e+000 -6.639819e-001
      vertex   -1.673939e+000 5.060000e+000 -6.340582e-001
      vertex   -1.728301e+000 5.260000e+000 -7.892885e-001
    endloop
  endfacet
  facet normal 7.843678e-001 4.802203e-001 3.926265e-001
    outer loop
      vertex   -1.728301e+000 5.260000e+000 -7.892885e-001
      vertex   -1.622541e+000 5.060000e+000 -7.559513e-001
      vertex   -1.667590e+000 5.260000e+000 -9.105731e-001
    endloop
  endfacet
  facet normal 7.545520e-001 4.798117e-001 4.476964e-001
    outer loop
      vertex   -1.667590e+000 5.260000e+000 -9.105731e-001
      vertex   -1.562281e+000 5.060000e+000 -8.737156e-001
      vertex   -1.598382e+000 5.260000e+000 -1.027218e+000
    endloop
  endfacet
  facet normal 7.208575e-001 4.794412e-001 5.005003e-001
    outer loop
      vertex   -1.598382e+000 5.260000e+000 -1.027218e+000
      vertex   -1.493488e+000 5.060000e+000 -9.867080e-001
      vertex   -1.521028e+000 5.260000e+000 -1.138628e+000
    endloop
  endfacet
  facet normal 6.834569e-001 4.791089e-001 5.507644e-001
    outer loop
      vertex   -1.521028e+000 5.260000e+000 -1.138628e+000
      vertex   -1.416539e+000 5.060000e+000 -1.094311e+000
      vertex   -1.435924e+000 5.260000e+000 -1.244235e+000
    endloop
  endfacet
  facet normal 6.425419e-001 4.788148e-001 5.982277e-001
    outer loop
      vertex   -1.435924e+000 5.260000e+000 -1.244235e+000
      vertex   -1.331853e+000 5.060000e+000 -1.195938e+000
      vertex   -1.343503e+000 5.260000e+000 -1.343503e+000
    endloop
  endfacet
  facet normal 5.983227e-001 4.785590e-001 6.426439e-001
    outer loop
      vertex   -1.343503e+000 5.260000e+000 -1.343503e+000
      vertex   -1.239893e+000 5.060000e+000 -1.291033e+000
      vertex   -1.244235e+000 5.260000e+000 -1.435924e+000
    endloop
  endfacet
  facet normal 5.510269e-001 4.783416e-001 6.837826e-001
    outer loop
      vertex   -1.244235e+000 5.260000e+000 -1.435924e+000
      vertex   -1.141161e+000 5.060000e+000 -1.379076e+000
      vertex   -1.138628e+000 5.260000e+000 -1.521028e+000
    endloop
  endfacet
  facet normal 5.008980e-001 4.781626e-001 7.214303e-001
    outer loop
      vertex   -1.138628e+000 5.260000e+000 -1.521028e+000
      vertex   -1.036196e+000 5.060000e+000 -1.459588e+000
      vertex   -1.027218e+000 5.260000e+000 -1.598382e+000
    endloop
  endfacet
  facet normal 4.481946e-001 4.780221e-001 7.553916e-001
    outer loop
      vertex   -1.027218e+000 5.260000e+000 -1.598382e+000
      vertex   -9.255724e-001 5.060000e+000 -1.532128e+000
      vertex   -9.105731e-001 5.260000e+000 -1.667590e+000
    endloop
  endfacet
  facet normal 3.931885e-001 4.779201e-001 7.854905e-001
    outer loop
      vertex   -9.105731e-001 5.260000e+000 -1.667590e+000
      vertex   -8.098933e-001 5.060000e+000 -1.596300e+000
      vertex   -7.892885e-001 5.260000e+000 -1.728301e+000
    endloop
  endfacet
  facet normal 3.361636e-001 4.778565e-001 8.115708e-001
    outer loop
      vertex   -7.892885e-001 5.260000e+000 -1.728301e+000
      vertex   -6.897908e-001 5.060000e+000 -1.651753e+000
      vertex   -6.639819e-001 5.260000e+000 -1.780204e+000
    endloop
  endfacet
  facet normal 2.774146e-001 4.778315e-001 8.334976e-001
    outer loop
      vertex   -6.639819e-001 5.260000e+000 -1.780204e+000
      vertex   -5.659210e-001 5.060000e+000 -1.698185e+000
      vertex   -5.352919e-001 5.260000e+000 -1.823037e+000
    endloop
  endfacet
  facet normal 2.172450e-001 4.778450e-001 8.511573e-001
    outer loop
      vertex   -5.352919e-001 5.260000e+000 -1.823037e+000
      vertex   -4.389603e-001 5.060000e+000 -1.735343e+000
      vertex   -4.038741e-001 5.260000e+000 -1.856579e+000
    endloop
  endfacet
  facet normal 1.559655e-001 4.778970e-001 8.644589e-001
    outer loop
      vertex   -4.038741e-001 5.260000e+000 -1.856579e+000
      vertex   -3.096021e-001 5.060000e+000 -1.763022e+000
      vertex   -2.703982e-001 5.260000e+000 -1.880661e+000
    endloop
  endfacet
  facet normal 9.389310e-002 4.779876e-001 8.733338e-001
    outer loop
      vertex   -2.703982e-001 5.260000e+000 -1.880661e+000
      vertex   -1.785530e-001 5.060000e+000 -1.781072e+000
      vertex   -1.355444e-001 5.260000e+000 -1.895159e+000
    endloop
  endfacet
  facet normal 3.134845e-002 4.781166e-001 8.777367e-001
    outer loop
      vertex   -1.355444e-001 5.260000e+000 -1.895159e+000
      vertex   -4.652872e-002 5.060000e+000 -1.789395e+000
      vertex   -3.181179e-014 5.260000e+000 -1.900000e+000
    endloop
  endfacet
  facet normal -3.134519e-002 4.782841e-001 8.776456e-001
    outer loop
      vertex   -3.181179e-014 5.260000e+000 -1.900000e+000
      vertex   8.574970e-002 5.060000e+000 -1.787945e+000
      vertex   1.355444e-001 5.260000e+000 -1.895159e+000
    endloop
  endfacet
  facet normal -9.386386e-002 4.784900e-001 8.730618e-001
    outer loop
      vertex   1.355444e-001 5.260000e+000 -1.895159e+000
      vertex   2.175598e-001 5.060000e+000 -1.776730e+000
      vertex   2.703982e-001 5.260000e+000 -1.880661e+000
    endloop
  endfacet
  facet normal -1.558846e-001 4.787343e-001 8.640101e-001
    outer loop
      vertex   2.703982e-001 5.260000e+000 -1.880661e+000
      vertex   3.481816e-001 5.060000e+000 -1.755810e+000
      vertex   4.038741e-001 5.260000e+000 -1.856579e+000
    endloop
  endfacet
  facet normal -2.170870e-001 4.790170e-001 8.505386e-001
    outer loop
      vertex   4.038741e-001 5.260000e+000 -1.856579e+000
      vertex   4.769018e-001 5.060000e+000 -1.725301e+000
      vertex   5.352919e-001 5.260000e+000 -1.823037e+000
    endloop
  endfacet
  facet normal -2.771553e-001 4.793379e-001 8.327185e-001
    outer loop
      vertex   5.352919e-001 5.260000e+000 -1.823037e+000
      vertex   6.030174e-001 5.060000e+000 -1.685369e+000
      vertex   6.639819e-001 5.260000e+000 -1.780204e+000
    endloop
  endfacet
  facet normal -3.357795e-001 4.796970e-001 8.106435e-001
    outer loop
      vertex   6.639819e-001 5.260000e+000 -1.780204e+000
      vertex   7.258394e-001 5.060000e+000 -1.636233e+000
      vertex   7.892885e-001 5.260000e+000 -1.728301e+000
    endloop
  endfacet
  facet normal -3.926574e-001 4.800942e-001 7.844296e-001
    outer loop
      vertex   7.892885e-001 5.260000e+000 -1.728301e+000
      vertex   8.446972e-001 5.060000e+000 -1.578159e+000
      vertex   9.105731e-001 5.260000e+000 -1.667590e+000
    endloop
  endfacet
  facet normal -4.474959e-001 4.805294e-001 7.542141e-001
    outer loop
      vertex   9.105731e-001 5.260000e+000 -1.667590e+000
      vertex   9.589415e-001 5.060000e+000 -1.511467e+000
      vertex   1.027218e+000 5.260000e+000 -1.598382e+000
    endloop
  endfacet
  facet normal -5.000128e-001 4.810026e-001 7.201554e-001
    outer loop
      vertex   1.027218e+000 5.260000e+000 -1.598382e+000
      vertex   1.067948e+000 5.060000e+000 -1.436519e+000
      vertex   1.138628e+000 5.260000e+000 -1.521028e+000
    endloop
  endfacet
  facet normal -5.973120e-001 4.820635e-001 6.409627e-001
    outer loop
      vertex   1.171123e+000 5.060000e+000 -1.353725e+000
      vertex   1.267900e+000 5.060000e+000 -1.263538e+000
      vertex   1.343503e+000 5.260000e+000 -1.343503e+000
    endloop
  endfacet
  facet normal -6.415379e-001 4.813213e-001 5.972930e-001
    outer loop
      vertex   1.343503e+000 5.260000e+000 -1.343503e+000
      vertex   1.267900e+000 5.060000e+000 -1.263538e+000
      vertex   1.435924e+000 5.260000e+000 -1.244235e+000
    endloop
  endfacet
  facet normal -6.427966e-001 4.826102e-001 5.948949e-001
    outer loop
      vertex   1.435924e+000 5.260000e+000 -1.244235e+000
      vertex   1.267900e+000 5.060000e+000 -1.263538e+000
      vertex   1.357754e+000 5.060000e+000 -1.166450e+000
    endloop
  endfacet
  facet normal -6.847577e-001 4.831158e-001 5.456244e-001
    outer loop
      vertex   1.521028e+000 5.260000e+000 -1.138628e+000
      vertex   1.357754e+000 5.060000e+000 -1.166450e+000
      vertex   1.440191e+000 5.060000e+000 -1.062991e+000
    endloop
  endfacet
  facet normal -7.229716e-001 4.835805e-001 4.934187e-001
    outer loop
      vertex   1.598382e+000 5.260000e+000 -1.027218e+000
      vertex   1.440191e+000 5.060000e+000 -1.062991e+000
      vertex   1.514763e+000 5.060000e+000 -9.537264e-001
    endloop
  endfacet
  facet normal -7.572347e-001 4.840044e-001 4.385605e-001
    outer loop
      vertex   1.667590e+000 5.260000e+000 -9.105731e-001
      vertex   1.514763e+000 5.060000e+000 -9.537264e-001
      vertex   1.581061e+000 5.060000e+000 -8.392529e-001
    endloop
  endfacet
  facet normal -7.873648e-001 4.843875e-001 3.813468e-001
    outer loop
      vertex   1.728301e+000 5.260000e+000 -7.892885e-001
      vertex   1.581061e+000 5.060000e+000 -8.392529e-001
      vertex   1.638725e+000 5.060000e+000 -7.201956e-001
    endloop
  endfacet
  facet normal -8.132017e-001 4.847301e-001 3.220866e-001
    outer loop
      vertex   1.780204e+000 5.260000e+000 -6.639819e-001
      vertex   1.638725e+000 5.060000e+000 -7.201956e-001
      vertex   1.687438e+000 5.060000e+000 -5.972050e-001
    endloop
  endfacet
  facet normal -8.346081e-001 4.850320e-001 2.611001e-001
    outer loop
      vertex   1.823037e+000 5.260000e+000 -5.352919e-001
      vertex   1.687438e+000 5.060000e+000 -5.972050e-001
      vertex   1.726935e+000 5.060000e+000 -4.709526e-001
    endloop
  endfacet
  facet normal -8.514706e-001 4.852935e-001 1.987162e-001
    outer loop
      vertex   1.856579e+000 5.260000e+000 -4.038741e-001
      vertex   1.726935e+000 5.060000e+000 -4.709526e-001
      vertex   1.757000e+000 5.060000e+000 -3.421280e-001
    endloop
  endfacet
  facet normal -8.636998e-001 4.855146e-001 1.352713e-001
    outer loop
      vertex   1.880661e+000 5.260000e+000 -2.703982e-001
      vertex   1.757000e+000 5.060000e+000 -3.421280e-001
      vertex   1.777469e+000 5.060000e+000 -2.114348e-001
    endloop
  endfacet
  facet normal -8.712313e-001 4.856952e-001 7.110729e-002
    outer loop
      vertex   1.895159e+000 5.260000e+000 -1.355444e-001
      vertex   1.777469e+000 5.060000e+000 -2.114348e-001
      vertex   1.788230e+000 5.060000e+000 -7.958684e-002
    endloop
  endfacet
  facet normal -8.740256e-001 4.858355e-001 6.569886e-003
    outer loop
      vertex   1.900000e+000 5.260000e+000 2.326829e-016
      vertex   1.788230e+000 5.060000e+000 -7.958684e-002
      vertex   1.789224e+000 5.060000e+000 5.269579e-002
    endloop
  endfacet
  facet normal -8.720685e-001 4.859355e-001 -5.799336e-002
    outer loop
      vertex   1.895159e+000 5.260000e+000 1.355444e-001
      vertex   1.789224e+000 5.060000e+000 5.269579e-002
      vertex   1.780446e+000 5.060000e+000 1.846906e-001
    endloop
  endfacet
  facet normal -8.653712e-001 4.859953e-001 -1.222348e-001
    outer loop
      vertex   1.880661e+000 5.260000e+000 2.703982e-001
      vertex   1.780446e+000 5.060000e+000 1.846906e-001
      vertex   1.761944e+000 5.060000e+000 3.156767e-001
    endloop
  endfacet
  facet normal -8.539701e-001 4.860147e-001 -1.858086e-001
    outer loop
      vertex   1.856579e+000 5.260000e+000 4.038741e-001
      vertex   1.761944e+000 5.060000e+000 3.156767e-001
      vertex   1.733819e+000 5.060000e+000 4.449387e-001
    endloop
  endfacet
  facet normal -8.379267e-001 4.859939e-001 -2.483723e-001
    outer loop
      vertex   1.823037e+000 5.260000e+000 5.352919e-001
      vertex   1.733819e+000 5.060000e+000 4.449387e-001
      vertex   1.696225e+000 5.060000e+000 5.717706e-001
    endloop
  endfacet
  facet normal -8.173273e-001 4.859328e-001 -3.095891e-001
    outer loop
      vertex   1.780204e+000 5.260000e+000 6.639819e-001
      vertex   1.696225e+000 5.060000e+000 5.717706e-001
      vertex   1.649366e+000 5.060000e+000 6.954797e-001
    endloop
  endfacet
  facet normal -7.922825e-001 4.858314e-001 -3.691291e-001
    outer loop
      vertex   1.728301e+000 5.260000e+000 7.892885e-001
      vertex   1.649366e+000 5.060000e+000 6.954797e-001
      vertex   1.593499e+000 5.060000e+000 8.153903e-001
    endloop
  endfacet
  facet normal -7.629265e-001 4.856897e-001 -4.266716e-001
    outer loop
      vertex   1.667590e+000 5.260000e+000 9.105731e-001
      vertex   1.593499e+000 5.060000e+000 8.153903e-001
      vertex   1.528929e+000 5.060000e+000 9.308475e-001
    endloop
  endfacet
  facet normal -7.294167e-001 4.855076e-001 -4.819062e-001
    outer loop
      vertex   1.598382e+000 5.260000e+000 1.027218e+000
      vertex   1.528929e+000 5.060000e+000 9.308475e-001
      vertex   1.456008e+000 5.060000e+000 1.041221e+000
    endloop
  endfacet
  facet normal -6.919325e-001 4.852852e-001 -5.345350e-001
    outer loop
      vertex   1.521028e+000 5.260000e+000 1.138628e+000
      vertex   1.456008e+000 5.060000e+000 1.041221e+000
      vertex   1.375135e+000 5.060000e+000 1.145907e+000
    endloop
  endfacet
  facet normal -6.506747e-001 4.850223e-001 -5.842737e-001
    outer loop
      vertex   1.435924e+000 5.260000e+000 1.244235e+000
      vertex   1.375135e+000 5.060000e+000 1.145907e+000
      vertex   1.286752e+000 5.060000e+000 1.244335e+000
    endloop
  endfacet
  facet normal -6.058643e-001 4.847190e-001 -6.308534e-001
    outer loop
      vertex   1.343503e+000 5.260000e+000 1.343503e+000
      vertex   1.286752e+000 5.060000e+000 1.244335e+000
      vertex   1.191341e+000 5.060000e+000 1.335967e+000
    endloop
  endfacet
  facet normal -5.577411e-001 4.843750e-001 -6.740220e-001
    outer loop
      vertex   1.244235e+000 5.260000e+000 1.435924e+000
      vertex   1.191341e+000 5.060000e+000 1.335967e+000
      vertex   1.089423e+000 5.060000e+000 1.420302e+000
    endloop
  endfacet
  facet normal -5.065630e-001 4.839905e-001 -7.135455e-001
    outer loop
      vertex   1.138628e+000 5.260000e+000 1.521028e+000
      vertex   1.089423e+000 5.060000e+000 1.420302e+000
      vertex   9.815547e-001 5.060000e+000 1.496880e+000
    endloop
  endfacet
  facet normal -4.526040e-001 4.835652e-001 -7.492091e-001
    outer loop
      vertex   1.027218e+000 5.260000e+000 1.598382e+000
      vertex   9.815547e-001 5.060000e+000 1.496880e+000
      vertex   8.683258e-001 5.060000e+000 1.565283e+000
    endloop
  endfacet
  facet normal -3.961535e-001 4.830991e-001 -7.808186e-001
    outer loop
      vertex   9.105731e-001 5.260000e+000 1.667590e+000
      vertex   8.683258e-001 5.060000e+000 1.565283e+000
      vertex   7.503545e-001 5.060000e+000 1.625136e+000
    endloop
  endfacet
  facet normal -3.375140e-001 4.825921e-001 -8.082012e-001
    outer loop
      vertex   7.892885e-001 5.260000e+000 1.728301e+000
      vertex   7.503545e-001 5.060000e+000 1.625136e+000
      vertex   6.282850e-001 5.060000e+000 1.676114e+000
    endloop
  endfacet
  facet normal -2.770000e-001 4.820440e-001 -8.312067e-001
    outer loop
      vertex   6.639819e-001 5.260000e+000 1.780204e+000
      vertex   6.282850e-001 5.060000e+000 1.676114e+000
      vertex   5.027840e-001 5.060000e+000 1.717937e+000
    endloop
  endfacet
  facet normal -2.167514e-001 4.814954e-001 -8.492238e-001
    outer loop
      vertex   5.352919e-001 5.260000e+000 1.823037e+000
      vertex   5.027840e-001 5.060000e+000 1.717937e+000
      vertex   4.038741e-001 5.260000e+000 1.856579e+000
    endloop
  endfacet
  facet normal -2.767162e-001 4.818752e-001 -8.313991e-001
    outer loop
      vertex   5.352919e-001 5.260000e+000 1.823037e+000
      vertex   6.639819e-001 5.260000e+000 1.780204e+000
      vertex   5.027840e-001 5.060000e+000 1.717937e+000
    endloop
  endfacet
  facet normal -6.827262e-001 4.808242e-001 5.501755e-001
    outer loop
      vertex   1.435924e+000 5.260000e+000 -1.244235e+000
      vertex   1.357754e+000 5.060000e+000 -1.166450e+000
      vertex   1.521028e+000 5.260000e+000 -1.138628e+000
    endloop
  endfacet
  facet normal -7.204425e-001 4.803649e-001 5.002121e-001
    outer loop
      vertex   1.521028e+000 5.260000e+000 -1.138628e+000
      vertex   1.440191e+000 5.060000e+000 -1.062991e+000
      vertex   1.598382e+000 5.260000e+000 -1.027218e+000
    endloop
  endfacet
  facet normal -7.544899e-001 4.799437e-001 4.476595e-001
    outer loop
      vertex   1.598382e+000 5.260000e+000 -1.027218e+000
      vertex   1.514763e+000 5.060000e+000 -9.537264e-001
      vertex   1.667590e+000 5.260000e+000 -9.105731e-001
    endloop
  endfacet
  facet normal -7.846906e-001 4.795605e-001 3.927881e-001
    outer loop
      vertex   1.667590e+000 5.260000e+000 -9.105731e-001
      vertex   1.581061e+000 5.060000e+000 -8.392529e-001
      vertex   1.728301e+000 5.260000e+000 -7.892885e-001
    endloop
  endfacet
  facet normal -8.108866e-001 4.792154e-001 3.358802e-001
    outer loop
      vertex   1.728301e+000 5.260000e+000 -7.892885e-001
      vertex   1.638725e+000 5.060000e+000 -7.201956e-001
      vertex   1.780204e+000 5.260000e+000 -6.639819e-001
    endloop
  endfacet
  facet normal -8.329409e-001 4.789086e-001 2.772293e-001
    outer loop
      vertex   1.780204e+000 5.260000e+000 -6.639819e-001
      vertex   1.687438e+000 5.060000e+000 -5.972050e-001
      vertex   1.823037e+000 5.260000e+000 -5.352919e-001
    endloop
  endfacet
  facet normal -8.507378e-001 4.786400e-001 2.171379e-001
    outer loop
      vertex   1.823037e+000 5.260000e+000 -5.352919e-001
      vertex   1.726935e+000 5.060000e+000 -4.709526e-001
      vertex   1.856579e+000 5.260000e+000 -4.038741e-001
    endloop
  endfacet
  facet normal -8.641841e-001 4.784098e-001 1.559160e-001
    outer loop
      vertex   1.856579e+000 5.260000e+000 -4.038741e-001
      vertex   1.757000e+000 5.060000e+000 -3.421280e-001
      vertex   1.880661e+000 5.260000e+000 -2.703982e-001
    endloop
  endfacet
  facet normal -8.732091e-001 4.782180e-001 9.387969e-002
    outer loop
      vertex   1.880661e+000 5.260000e+000 -2.703982e-001
      vertex   1.777469e+000 5.060000e+000 -2.114348e-001
      vertex   1.895159e+000 5.260000e+000 -1.355444e-001
    endloop
  endfacet
  facet normal -8.777650e-001 4.780647e-001 3.134946e-002
    outer loop
      vertex   1.895159e+000 5.260000e+000 -1.355444e-001
      vertex   1.788230e+000 5.060000e+000 -7.958684e-002
      vertex   1.900000e+000 5.260000e+000 2.326829e-016
    endloop
  endfacet
  facet normal -8.778275e-001 4.779498e-001 -3.135169e-002
    outer loop
      vertex   1.900000e+000 5.260000e+000 2.326829e-016
      vertex   1.789224e+000 5.060000e+000 5.269579e-002
      vertex   1.895159e+000 5.260000e+000 1.355444e-001
    endloop
  endfacet
  facet normal -8.733956e-001 4.778734e-001 -9.389974e-002
    outer loop
      vertex   1.895159e+000 5.260000e+000 1.355444e-001
      vertex   1.780446e+000 5.060000e+000 1.846906e-001
      vertex   1.880661e+000 5.260000e+000 2.703982e-001
    endloop
  endfacet
  facet normal -8.644918e-001 4.778355e-001 -1.559715e-001
    outer loop
      vertex   1.880661e+000 5.260000e+000 2.703982e-001
      vertex   1.761944e+000 5.060000e+000 3.156767e-001
      vertex   1.856579e+000 5.260000e+000 4.038741e-001
    endloop
  endfacet
  facet normal -8.511620e-001 4.778362e-001 -2.172461e-001
    outer loop
      vertex   1.856579e+000 5.260000e+000 4.038741e-001
      vertex   1.733819e+000 5.060000e+000 4.449387e-001
      vertex   1.823037e+000 5.260000e+000 5.352919e-001
    endloop
  endfacet
  facet normal -8.334749e-001 4.778754e-001 -2.774071e-001
    outer loop
      vertex   1.823037e+000 5.260000e+000 5.352919e-001
      vertex   1.696225e+000 5.060000e+000 5.717706e-001
      vertex   1.780204e+000 5.260000e+000 6.639819e-001
    endloop
  endfacet
  facet normal -8.115223e-001 4.779531e-001 -3.361435e-001
    outer loop
      vertex   1.780204e+000 5.260000e+000 6.639819e-001
      vertex   1.649366e+000 5.060000e+000 6.954797e-001
      vertex   1.728301e+000 5.260000e+000 7.892885e-001
    endloop
  endfacet
  facet normal -7.854178e-001 4.780693e-001 -3.931521e-001
    outer loop
      vertex   1.728301e+000 5.260000e+000 7.892885e-001
      vertex   1.593499e+000 5.060000e+000 8.153903e-001
      vertex   1.667590e+000 5.260000e+000 9.105731e-001
    endloop
  endfacet
  facet normal -7.552971e-001 4.782240e-001 -4.481385e-001
    outer loop
      vertex   1.667590e+000 5.260000e+000 9.105731e-001
      vertex   1.528929e+000 5.060000e+000 9.308475e-001
      vertex   1.598382e+000 5.260000e+000 1.027218e+000
    endloop
  endfacet
  facet normal -7.213165e-001 4.784171e-001 -5.008190e-001
    outer loop
      vertex   1.598382e+000 5.260000e+000 1.027218e+000
      vertex   1.456008e+000 5.060000e+000 1.041221e+000
      vertex   1.521028e+000 5.260000e+000 1.138628e+000
    endloop
  endfacet
  facet normal -6.836524e-001 4.786486e-001 -5.509219e-001
    outer loop
      vertex   1.521028e+000 5.260000e+000 1.138628e+000
      vertex   1.375135e+000 5.060000e+000 1.145907e+000
      vertex   1.435924e+000 5.260000e+000 1.244235e+000
    endloop
  endfacet
  facet normal -6.425005e-001 4.789185e-001 -5.981891e-001
    outer loop
      vertex   1.435924e+000 5.260000e+000 1.244235e+000
      vertex   1.286752e+000 5.060000e+000 1.244335e+000
      vertex   1.343503e+000 5.260000e+000 1.343503e+000
    endloop
  endfacet
  facet normal -5.980745e-001 4.792266e-001 -6.423774e-001
    outer loop
      vertex   1.343503e+000 5.260000e+000 1.343503e+000
      vertex   1.191341e+000 5.060000e+000 1.335967e+000
      vertex   1.244235e+000 5.260000e+000 1.435924e+000
    endloop
  endfacet
  facet normal -5.506053e-001 4.795730e-001 -6.832595e-001
    outer loop
      vertex   1.244235e+000 5.260000e+000 1.435924e+000
      vertex   1.089423e+000 5.060000e+000 1.420302e+000
      vertex   1.138628e+000 5.260000e+000 1.521028e+000
    endloop
  endfacet
  facet normal -5.003393e-001 4.799575e-001 -7.206256e-001
    outer loop
      vertex   1.138628e+000 5.260000e+000 1.521028e+000
      vertex   9.815547e-001 5.060000e+000 1.496880e+000
      vertex   1.027218e+000 5.260000e+000 1.598382e+000
    endloop
  endfacet
  facet normal -4.475376e-001 4.803801e-001 -7.542844e-001
    outer loop
      vertex   1.027218e+000 5.260000e+000 1.598382e+000
      vertex   8.683258e-001 5.060000e+000 1.565283e+000
      vertex   9.105731e-001 5.260000e+000 1.667590e+000
    endloop
  endfacet
  facet normal -3.924744e-001 4.808406e-001 -7.840639e-001
    outer loop
      vertex   9.105731e-001 5.260000e+000 1.667590e+000
      vertex   7.503545e-001 5.060000e+000 1.625136e+000
      vertex   7.892885e-001 5.260000e+000 1.728301e+000
    endloop
  endfacet
  facet normal -3.354352e-001 4.813390e-001 -8.098123e-001
    outer loop
      vertex   7.892885e-001 5.260000e+000 1.728301e+000
      vertex   6.282850e-001 5.060000e+000 1.676114e+000
      vertex   6.639819e-001 5.260000e+000 1.780204e+000
    endloop
  endfacet
  facet normal -2.148044e-001 4.824325e-001 -8.491866e-001
    outer loop
      vertex   5.027840e-001 5.060000e+000 1.717937e+000
      vertex   3.745370e-001 5.060000e+000 1.750378e+000
      vertex   4.038741e-001 5.260000e+000 1.856579e+000
    endloop
  endfacet
  facet normal -1.556659e-001 4.809857e-001 -8.627983e-001
    outer loop
      vertex   4.038741e-001 5.260000e+000 1.856579e+000
      vertex   3.745370e-001 5.060000e+000 1.750378e+000
      vertex   2.703982e-001 5.260000e+000 1.880661e+000
    endloop
  endfacet
  facet normal -1.514537e-001 4.829518e-001 -8.624496e-001
    outer loop
      vertex   2.703982e-001 5.260000e+000 1.880661e+000
      vertex   3.745370e-001 5.060000e+000 1.750378e+000
      vertex   2.442444e-001 5.060000e+000 1.773258e+000
    endloop
  endfacet
  facet normal -8.731970e-002 4.834301e-001 -8.710170e-001
    outer loop
      vertex   1.355444e-001 5.260000e+000 1.895159e+000
      vertex   2.442444e-001 5.060000e+000 1.773258e+000
      vertex   1.126178e-001 5.060000e+000 1.786454e+000
    endloop
  endfacet
  facet normal -2.274816e-002 4.838676e-001 -8.748455e-001
    outer loop
      vertex   -3.227715e-014 5.260000e+000 1.900000e+000
      vertex   1.126178e-001 5.060000e+000 1.786454e+000
      vertex   -1.962389e-002 5.060000e+000 1.789892e+000
    endloop
  endfacet
  facet normal 4.191300e-002 4.842643e-001 -8.739172e-001
    outer loop
      vertex   -1.355444e-001 5.260000e+000 1.895159e+000
      vertex   -1.962389e-002 5.060000e+000 1.789892e+000
      vertex   -1.517584e-001 5.060000e+000 1.783555e+000
    endloop
  endfacet
  facet normal 1.063156e-001 4.846204e-001 -8.682396e-001
    outer loop
      vertex   -2.703982e-001 5.260000e+000 1.880661e+000
      vertex   -1.517584e-001 5.060000e+000 1.783555e+000
      vertex   -2.830640e-001 5.060000e+000 1.767477e+000
    endloop
  endfacet
  facet normal 1.701129e-001 4.849359e-001 -8.578454e-001
    outer loop
      vertex   -4.038741e-001 5.260000e+000 1.856579e+000
      vertex   -2.830640e-001 5.060000e+000 1.767477e+000
      vertex   -4.128237e-001 5.060000e+000 1.741745e+000
    endloop
  endfacet
  facet normal 2.329618e-001 4.852108e-001 -8.427925e-001
    outer loop
      vertex   -5.352919e-001 5.260000e+000 1.823037e+000
      vertex   -4.128237e-001 5.060000e+000 1.741745e+000
      vertex   -5.403286e-001 5.060000e+000 1.706501e+000
    endloop
  endfacet
  facet normal 2.945241e-001 4.854454e-001 -8.231636e-001
    outer loop
      vertex   -6.639819e-001 5.260000e+000 1.780204e+000
      vertex   -5.403286e-001 5.060000e+000 1.706501e+000
      vertex   -6.648825e-001 5.060000e+000 1.661936e+000
    endloop
  endfacet
  facet normal 3.544688e-001 4.856395e-001 -7.990658e-001
    outer loop
      vertex   -7.892885e-001 5.260000e+000 1.728301e+000
      vertex   -6.648825e-001 5.060000e+000 1.661936e+000
      vertex   -7.858050e-001 5.060000e+000 1.608294e+000
    endloop
  endfacet
  facet normal 4.124735e-001 4.857932e-001 -7.706299e-001
    outer loop
      vertex   -9.105731e-001 5.260000e+000 1.667590e+000
      vertex   -7.858050e-001 5.060000e+000 1.608294e+000
      vertex   -9.024357e-001 5.060000e+000 1.545869e+000
    endloop
  endfacet
  facet normal 4.682263e-001 4.859067e-001 -7.380100e-001
    outer loop
      vertex   -1.027218e+000 5.260000e+000 1.598382e+000
      vertex   -9.024357e-001 5.060000e+000 1.545869e+000
      vertex   -1.014138e+000 5.060000e+000 1.475000e+000
    endloop
  endfacet
  facet normal 5.009812e-001 4.778946e-001 -7.215501e-001
    outer loop
      vertex   -1.138628e+000 5.260000e+000 1.521028e+000
      vertex   -1.027218e+000 5.260000e+000 1.598382e+000
      vertex   -1.014138e+000 5.060000e+000 1.475000e+000
    endloop
  endfacet
  facet normal -9.374565e-002 4.805138e-001 -8.719623e-001
    outer loop
      vertex   2.703982e-001 5.260000e+000 1.880661e+000
      vertex   2.442444e-001 5.060000e+000 1.773258e+000
      vertex   1.355444e-001 5.260000e+000 1.895159e+000
    endloop
  endfacet
  facet normal -3.131020e-002 4.800799e-001 -8.766658e-001
    outer loop
      vertex   1.355444e-001 5.260000e+000 1.895159e+000
      vertex   1.126178e-001 5.060000e+000 1.786454e+000
      vertex   -3.227715e-014 5.260000e+000 1.900000e+000
    endloop
  endfacet
  facet normal 3.131793e-002 4.796840e-001 -8.768822e-001
    outer loop
      vertex   -3.227715e-014 5.260000e+000 1.900000e+000
      vertex   -1.962389e-002 5.060000e+000 1.789892e+000
      vertex   -1.355444e-001 5.260000e+000 1.895159e+000
    endloop
  endfacet
  facet normal 9.381510e-002 4.793262e-001 -8.726082e-001
    outer loop
      vertex   -1.355444e-001 5.260000e+000 1.895159e+000
      vertex   -1.517584e-001 5.060000e+000 1.783555e+000
      vertex   -2.703982e-001 5.260000e+000 1.880661e+000
    endloop
  endfacet
  facet normal 1.558582e-001 4.790066e-001 -8.638639e-001
    outer loop
      vertex   -2.703982e-001 5.260000e+000 1.880661e+000
      vertex   -2.830640e-001 5.060000e+000 1.767477e+000
      vertex   -4.038741e-001 5.260000e+000 1.856579e+000
    endloop
  endfacet
  facet normal 2.171264e-001 4.787253e-001 -8.506928e-001
    outer loop
      vertex   -4.038741e-001 5.260000e+000 1.856579e+000
      vertex   -4.128237e-001 5.060000e+000 1.741745e+000
      vertex   -5.352919e-001 5.260000e+000 1.823037e+000
    endloop
  endfacet
  facet normal 2.773027e-001 4.784823e-001 -8.331614e-001
    outer loop
      vertex   -5.352919e-001 5.260000e+000 1.823037e+000
      vertex   -5.403286e-001 5.060000e+000 1.706501e+000
      vertex   -6.639819e-001 5.260000e+000 1.780204e+000
    endloop
  endfacet
  facet normal 3.360759e-001 4.782777e-001 -8.113590e-001
    outer loop
      vertex   -6.639819e-001 5.260000e+000 1.780204e+000
      vertex   -6.648825e-001 5.060000e+000 1.661936e+000
      vertex   -7.892885e-001 5.260000e+000 1.728301e+000
    endloop
  endfacet
  facet normal 3.931418e-001 4.781115e-001 -7.853973e-001
    outer loop
      vertex   -7.892885e-001 5.260000e+000 1.728301e+000
      vertex   -7.858050e-001 5.060000e+000 1.608294e+000
      vertex   -9.105731e-001 5.260000e+000 1.667590e+000
    endloop
  endfacet
  facet normal 4.482052e-001 4.779838e-001 -7.554095e-001
    outer loop
      vertex   -9.105731e-001 5.260000e+000 1.667590e+000
      vertex   -9.024357e-001 5.060000e+000 1.545869e+000
      vertex   -1.027218e+000 5.260000e+000 1.598382e+000
    endloop
  endfacet
  facet normal 9.993628e-001 5.160538e-016 3.569233e-002
    outer loop
      vertex   -1.895159e+000 5.260000e+000 -1.355444e-001
      vertex   -1.900000e+000 5.690000e+000 0.000000e+000
      vertex   -1.900000e+000 5.260000e+000 0.000000e+000
    endloop
  endfacet
  facet normal 9.993628e-001 5.045345e-016 3.569233e-002
    outer loop
      vertex   -1.895159e+000 5.260000e+000 -1.355444e-001
      vertex   -1.895159e+000 5.690000e+000 -1.355444e-001
      vertex   -1.900000e+000 5.690000e+000 0.000000e+000
    endloop
  endfacet
  facet normal 9.942703e-001 4.759083e-016 1.068951e-001
    outer loop
      vertex   -1.895159e+000 5.260000e+000 -1.355444e-001
      vertex   -1.880661e+000 5.260000e+000 -2.703982e-001
      vertex   -1.895159e+000 5.690000e+000 -1.355444e-001
    endloop
  endfacet
  facet normal 9.942703e-001 9.440500e-016 1.068951e-001
    outer loop
      vertex   -1.895159e+000 5.690000e+000 -1.355444e-001
      vertex   -1.880661e+000 5.260000e+000 -2.703982e-001
      vertex   -1.880661e+000 5.690000e+000 -2.703982e-001
    endloop
  endfacet
  facet normal 9.841112e-001 8.788281e-016 1.775532e-001
    outer loop
      vertex   -1.880661e+000 5.690000e+000 -2.703982e-001
      vertex   -1.880661e+000 5.260000e+000 -2.703982e-001
      vertex   -1.856579e+000 5.260000e+000 -4.038741e-001
    endloop
  endfacet
  facet normal 9.689373e-001 2.449329e-016 2.473065e-001
    outer loop
      vertex   -1.856579e+000 5.690000e+000 -4.038741e-001
      vertex   -1.856579e+000 5.260000e+000 -4.038741e-001
      vertex   -1.823037e+000 5.260000e+000 -5.352919e-001
    endloop
  endfacet
  facet normal 9.488259e-001 4.906943e-016 3.157996e-001
    outer loop
      vertex   -1.823037e+000 5.690000e+000 -5.352919e-001
      vertex   -1.823037e+000 5.260000e+000 -5.352919e-001
      vertex   -1.780204e+000 5.260000e+000 -6.639819e-001
    endloop
  endfacet
  facet normal 9.238795e-001 -2.145635e-016 3.826834e-001
    outer loop
      vertex   -1.780204e+000 5.690000e+000 -6.639819e-001
      vertex   -1.780204e+000 5.260000e+000 -6.639819e-001
      vertex   -1.728301e+000 5.260000e+000 -7.892885e-001
    endloop
  endfacet
  facet normal 8.942253e-001 -1.042216e-018 4.476172e-001
    outer loop
      vertex   -1.728301e+000 5.690000e+000 -7.892885e-001
      vertex   -1.728301e+000 5.260000e+000 -7.892885e-001
      vertex   -1.667590e+000 5.260000e+000 -9.105731e-001
    endloop
  endfacet
  facet normal 8.600142e-001 -4.292802e-016 5.102700e-001
    outer loop
      vertex   -1.667590e+000 5.690000e+000 -9.105731e-001
      vertex   -1.667590e+000 5.260000e+000 -9.105731e-001
      vertex   -1.598382e+000 5.260000e+000 -1.027218e+000
    endloop
  endfacet
  facet normal 8.214208e-001 -2.000213e-016 5.703226e-001
    outer loop
      vertex   -1.598382e+000 5.690000e+000 -1.027218e+000
      vertex   -1.598382e+000 5.260000e+000 -1.027218e+000
      vertex   -1.521028e+000 5.260000e+000 -1.138628e+000
    endloop
  endfacet
  facet normal 7.786415e-001 -7.378539e-016 6.274690e-001
    outer loop
      vertex   -1.521028e+000 5.690000e+000 -1.138628e+000
      vertex   -1.521028e+000 5.260000e+000 -1.138628e+000
      vertex   -1.435924e+000 5.260000e+000 -1.244235e+000
    endloop
  endfacet
  facet normal 7.318945e-001 -1.329294e-015 6.814179e-001
    outer loop
      vertex   -1.435924e+000 5.690000e+000 -1.244235e+000
      vertex   -1.435924e+000 5.260000e+000 -1.244235e+000
      vertex   -1.343503e+000 5.260000e+000 -1.343503e+000
    endloop
  endfacet
  facet normal 6.814179e-001 -1.238074e-015 7.318945e-001
    outer loop
      vertex   -1.343503e+000 5.690000e+000 -1.343503e+000
      vertex   -1.343503e+000 5.260000e+000 -1.343503e+000
      vertex   -1.244235e+000 5.260000e+000 -1.435924e+000
    endloop
  endfacet
  facet normal 6.274690e-001 -1.920560e-015 7.786415e-001
    outer loop
      vertex   -1.244235e+000 5.690000e+000 -1.435924e+000
      vertex   -1.244235e+000 5.260000e+000 -1.435924e+000
      vertex   -1.138628e+000 5.260000e+000 -1.521028e+000
    endloop
  endfacet
  facet normal 5.703226e-001 -1.920816e-015 8.214208e-001
    outer loop
      vertex   -1.138628e+000 5.690000e+000 -1.521028e+000
      vertex   -1.138628e+000 5.260000e+000 -1.521028e+000
      vertex   -1.027218e+000 5.260000e+000 -1.598382e+000
    endloop
  endfacet
  facet normal 5.102700e-001 -1.971804e-015 8.600142e-001
    outer loop
      vertex   -1.027218e+000 5.690000e+000 -1.598382e+000
      vertex   -1.027218e+000 5.260000e+000 -1.598382e+000
      vertex   -9.105731e-001 5.260000e+000 -1.667590e+000
    endloop
  endfacet
  facet normal 4.476172e-001 -2.537870e-015 8.942253e-001
    outer loop
      vertex   -9.105731e-001 5.690000e+000 -1.667590e+000
      vertex   -9.105731e-001 5.260000e+000 -1.667590e+000
      vertex   -7.892885e-001 5.260000e+000 -1.728301e+000
    endloop
  endfacet
  facet normal 3.826834e-001 -2.811596e-015 9.238795e-001
    outer loop
      vertex   -7.892885e-001 5.690000e+000 -1.728301e+000
      vertex   -7.892885e-001 5.260000e+000 -1.728301e+000
      vertex   -6.639819e-001 5.260000e+000 -1.780204e+000
    endloop
  endfacet
  facet normal 3.157996e-001 -3.594986e-015 9.488259e-001
    outer loop
      vertex   -6.639819e-001 5.690000e+000 -1.780204e+000
      vertex   -6.639819e-001 5.260000e+000 -1.780204e+000
      vertex   -5.352919e-001 5.260000e+000 -1.823037e+000
    endloop
  endfacet
  facet normal 2.473065e-001 -3.353740e-015 9.689373e-001
    outer loop
      vertex   -5.352919e-001 5.690000e+000 -1.823037e+000
      vertex   -5.352919e-001 5.260000e+000 -1.823037e+000
      vertex   -4.038741e-001 5.260000e+000 -1.856579e+000
    endloop
  endfacet
  facet normal 1.775532e-001 -4.187848e-015 9.841112e-001
    outer loop
      vertex   -4.038741e-001 5.690000e+000 -1.856579e+000
      vertex   -4.038741e-001 5.260000e+000 -1.856579e+000
      vertex   -2.703982e-001 5.260000e+000 -1.880661e+000
    endloop
  endfacet
  facet normal 1.068951e-001 -4.055029e-015 9.942703e-001
    outer loop
      vertex   -2.703982e-001 5.690000e+000 -1.880661e+000
      vertex   -2.703982e-001 5.260000e+000 -1.880661e+000
      vertex   -1.355444e-001 5.260000e+000 -1.895159e+000
    endloop
  endfacet
  facet normal 3.569233e-002 -4.960102e-015 9.993628e-001
    outer loop
      vertex   -1.355444e-001 5.690000e+000 -1.895159e+000
      vertex   -1.355444e-001 5.260000e+000 -1.895159e+000
      vertex   -3.181179e-014 5.260000e+000 -1.900000e+000
    endloop
  endfacet
  facet normal -3.569233e-002 -5.374952e-015 9.993628e-001
    outer loop
      vertex   -3.439492e-014 5.690000e+000 -1.900000e+000
      vertex   -3.181179e-014 5.260000e+000 -1.900000e+000
      vertex   1.355444e-001 5.260000e+000 -1.895159e+000
    endloop
  endfacet
  facet normal -1.068951e-001 -5.810426e-015 9.942703e-001
    outer loop
      vertex   1.355444e-001 5.690000e+000 -1.895159e+000
      vertex   1.355444e-001 5.260000e+000 -1.895159e+000
      vertex   2.703982e-001 5.260000e+000 -1.880661e+000
    endloop
  endfacet
  facet normal -1.775532e-001 -5.765513e-015 9.841112e-001
    outer loop
      vertex   2.703982e-001 5.690000e+000 -1.880661e+000
      vertex   2.703982e-001 5.260000e+000 -1.880661e+000
      vertex   4.038741e-001 5.260000e+000 -1.856579e+000
    endloop
  endfacet
  facet normal -2.473065e-001 -6.791293e-015 9.689373e-001
    outer loop
      vertex   4.038741e-001 5.690000e+000 -1.856579e+000
      vertex   4.038741e-001 5.260000e+000 -1.856579e+000
      vertex   5.352919e-001 5.260000e+000 -1.823037e+000
    endloop
  endfacet
  facet normal -3.157996e-001 -6.774182e-015 9.488259e-001
    outer loop
      vertex   5.352919e-001 5.690000e+000 -1.823037e+000
      vertex   5.352919e-001 5.260000e+000 -1.823037e+000
      vertex   6.639819e-001 5.260000e+000 -1.780204e+000
    endloop
  endfacet
  facet normal -3.826834e-001 -7.734922e-015 9.238795e-001
    outer loop
      vertex   6.639819e-001 5.690000e+000 -1.780204e+000
      vertex   6.639819e-001 5.260000e+000 -1.780204e+000
      vertex   7.892885e-001 5.260000e+000 -1.728301e+000
    endloop
  endfacet
  facet normal -4.476172e-001 -7.738561e-015 8.942253e-001
    outer loop
      vertex   7.892885e-001 5.690000e+000 -1.728301e+000
      vertex   7.892885e-001 5.260000e+000 -1.728301e+000
      vertex   9.105731e-001 5.260000e+000 -1.667590e+000
    endloop
  endfacet
  facet normal -5.102700e-001 -8.344531e-015 8.600142e-001
    outer loop
      vertex   9.105731e-001 5.690000e+000 -1.667590e+000
      vertex   9.105731e-001 5.260000e+000 -1.667590e+000
      vertex   1.027218e+000 5.260000e+000 -1.598382e+000
    endloop
  endfacet
  facet normal -5.703226e-001 -8.105417e-015 8.214208e-001
    outer loop
      vertex   1.027218e+000 5.690000e+000 -1.598382e+000
      vertex   1.027218e+000 5.260000e+000 -1.598382e+000
      vertex   1.138628e+000 5.260000e+000 -1.521028e+000
    endloop
  endfacet
  facet normal -6.274690e-001 -8.724858e-015 7.786415e-001
    outer loop
      vertex   1.138628e+000 5.690000e+000 -1.521028e+000
      vertex   1.138628e+000 5.260000e+000 -1.521028e+000
      vertex   1.244235e+000 5.260000e+000 -1.435924e+000
    endloop
  endfacet
  facet normal -6.814179e-001 -9.357207e-015 7.318945e-001
    outer loop
      vertex   1.244235e+000 5.690000e+000 -1.435924e+000
      vertex   1.244235e+000 5.260000e+000 -1.435924e+000
      vertex   1.343503e+000 5.260000e+000 -1.343503e+000
    endloop
  endfacet
  facet normal -7.318945e-001 -9.617859e-015 6.814179e-001
    outer loop
      vertex   1.343503e+000 5.690000e+000 -1.343503e+000
      vertex   1.343503e+000 5.260000e+000 -1.343503e+000
      vertex   1.435924e+000 5.260000e+000 -1.244235e+000
    endloop
  endfacet
  facet normal -7.786415e-001 -9.907564e-015 6.274690e-001
    outer loop
      vertex   1.435924e+000 5.690000e+000 -1.244235e+000
      vertex   1.435924e+000 5.260000e+000 -1.244235e+000
      vertex   1.521028e+000 5.260000e+000 -1.138628e+000
    endloop
  endfacet
  facet normal -8.214208e-001 -9.826212e-015 5.703226e-001
    outer loop
      vertex   1.521028e+000 5.690000e+000 -1.138628e+000
      vertex   1.521028e+000 5.260000e+000 -1.138628e+000
      vertex   1.598382e+000 5.260000e+000 -1.027218e+000
    endloop
  endfacet
  facet normal -8.600142e-001 -9.755308e-015 5.102700e-001
    outer loop
      vertex   1.598382e+000 5.690000e+000 -1.027218e+000
      vertex   1.598382e+000 5.260000e+000 -1.027218e+000
      vertex   1.667590e+000 5.260000e+000 -9.105731e-001
    endloop
  endfacet
  facet normal -8.942253e-001 -1.027539e-014 4.476172e-001
    outer loop
      vertex   1.667590e+000 5.690000e+000 -9.105731e-001
      vertex   1.667590e+000 5.260000e+000 -9.105731e-001
      vertex   1.728301e+000 5.260000e+000 -7.892885e-001
    endloop
  endfacet
  facet normal -9.238795e-001 -1.033195e-014 3.826834e-001
    outer loop
      vertex   1.728301e+000 5.690000e+000 -7.892885e-001
      vertex   1.728301e+000 5.260000e+000 -7.892885e-001
      vertex   1.780204e+000 5.260000e+000 -6.639819e-001
    endloop
  endfacet
  facet normal -9.488259e-001 -1.085986e-014 3.157996e-001
    outer loop
      vertex   1.780204e+000 5.690000e+000 -6.639819e-001
      vertex   1.780204e+000 5.260000e+000 -6.639819e-001
      vertex   1.823037e+000 5.260000e+000 -5.352919e-001
    endloop
  endfacet
  facet normal -9.689373e-001 -1.032611e-014 2.473065e-001
    outer loop
      vertex   1.823037e+000 5.690000e+000 -5.352919e-001
      vertex   1.823037e+000 5.260000e+000 -5.352919e-001
      vertex   1.856579e+000 5.260000e+000 -4.038741e-001
    endloop
  endfacet
  facet normal -9.841112e-001 -1.087803e-014 1.775532e-001
    outer loop
      vertex   1.856579e+000 5.690000e+000 -4.038741e-001
      vertex   1.856579e+000 5.260000e+000 -4.038741e-001
      vertex   1.880661e+000 5.260000e+000 -2.703982e-001
    endloop
  endfacet
  facet normal -9.942703e-001 -1.035128e-014 1.068951e-001
    outer loop
      vertex   1.880661e+000 5.690000e+000 -2.703982e-001
      vertex   1.880661e+000 5.260000e+000 -2.703982e-001
      vertex   1.895159e+000 5.260000e+000 -1.355444e-001
    endloop
  endfacet
  facet normal -9.993628e-001 -1.085095e-014 3.569233e-002
    outer loop
      vertex   1.895159e+000 5.690000e+000 -1.355444e-001
      vertex   1.895159e+000 5.260000e+000 -1.355444e-001
      vertex   1.900000e+000 5.690000e+000 2.326829e-016
    endloop
  endfacet
  facet normal -9.942703e-001 -1.082691e-014 1.068951e-001
    outer loop
      vertex   1.895159e+000 5.690000e+000 -1.355444e-001
      vertex   1.880661e+000 5.690000e+000 -2.703982e-001
      vertex   1.895159e+000 5.260000e+000 -1.355444e-001
    endloop
  endfacet
  facet normal 9.841112e-001 3.248073e-016 1.775532e-001
    outer loop
      vertex   -1.880661e+000 5.690000e+000 -2.703982e-001
      vertex   -1.856579e+000 5.260000e+000 -4.038741e-001
      vertex   -1.856579e+000 5.690000e+000 -4.038741e-001
    endloop
  endfacet
  facet normal 9.689373e-001 6.175706e-016 2.473065e-001
    outer loop
      vertex   -1.856579e+000 5.690000e+000 -4.038741e-001
      vertex   -1.823037e+000 5.260000e+000 -5.352919e-001
      vertex   -1.823037e+000 5.690000e+000 -5.352919e-001
    endloop
  endfacet
  facet normal 9.488259e-001 -8.079978e-017 3.157996e-001
    outer loop
      vertex   -1.823037e+000 5.690000e+000 -5.352919e-001
      vertex   -1.780204e+000 5.260000e+000 -6.639819e-001
      vertex   -1.780204e+000 5.690000e+000 -6.639819e-001
    endloop
  endfacet
  facet normal 9.238795e-001 1.637064e-016 3.826834e-001
    outer loop
      vertex   -1.780204e+000 5.690000e+000 -6.639819e-001
      vertex   -1.728301e+000 5.260000e+000 -7.892885e-001
      vertex   -1.728301e+000 5.690000e+000 -7.892885e-001
    endloop
  endfacet
  facet normal 8.942253e-001 -2.321840e-016 4.476172e-001
    outer loop
      vertex   -1.728301e+000 5.690000e+000 -7.892885e-001
      vertex   -1.667590e+000 5.260000e+000 -9.105731e-001
      vertex   -1.667590e+000 5.690000e+000 -9.105731e-001
    endloop
  endfacet
  facet normal 8.600142e-001 1.481634e-017 5.102700e-001
    outer loop
      vertex   -1.667590e+000 5.690000e+000 -9.105731e-001
      vertex   -1.598382e+000 5.260000e+000 -1.027218e+000
      vertex   -1.598382e+000 5.690000e+000 -1.027218e+000
    endloop
  endfacet
  facet normal 8.214208e-001 -4.945261e-016 5.703226e-001
    outer loop
      vertex   -1.598382e+000 5.690000e+000 -1.027218e+000
      vertex   -1.521028e+000 5.260000e+000 -1.138628e+000
      vertex   -1.521028e+000 5.690000e+000 -1.138628e+000
    endloop
  endfacet
  facet normal 7.786415e-001 -1.061868e-015 6.274690e-001
    outer loop
      vertex   -1.521028e+000 5.690000e+000 -1.138628e+000
      vertex   -1.435924e+000 5.260000e+000 -1.244235e+000
      vertex   -1.435924e+000 5.690000e+000 -1.244235e+000
    endloop
  endfacet
  facet normal 7.318945e-001 -9.513566e-016 6.814179e-001
    outer loop
      vertex   -1.435924e+000 5.690000e+000 -1.244235e+000
      vertex   -1.343503e+000 5.260000e+000 -1.343503e+000
      vertex   -1.343503e+000 5.690000e+000 -1.343503e+000
    endloop
  endfacet
  facet normal 6.814179e-001 -1.616012e-015 7.318945e-001
    outer loop
      vertex   -1.343503e+000 5.690000e+000 -1.343503e+000
      vertex   -1.244235e+000 5.260000e+000 -1.435924e+000
      vertex   -1.244235e+000 5.690000e+000 -1.435924e+000
    endloop
  endfacet
  facet normal 6.274690e-001 -1.596546e-015 7.786415e-001
    outer loop
      vertex   -1.244235e+000 5.690000e+000 -1.435924e+000
      vertex   -1.138628e+000 5.260000e+000 -1.521028e+000
      vertex   -1.138628e+000 5.690000e+000 -1.521028e+000
    endloop
  endfacet
  facet normal 5.703226e-001 -1.626312e-015 8.214208e-001
    outer loop
      vertex   -1.138628e+000 5.690000e+000 -1.521028e+000
      vertex   -1.027218e+000 5.260000e+000 -1.598382e+000
      vertex   -1.027218e+000 5.690000e+000 -1.598382e+000
    endloop
  endfacet
  facet normal 5.102700e-001 -2.152406e-015 8.600142e-001
    outer loop
      vertex   -1.027218e+000 5.690000e+000 -1.598382e+000
      vertex   -9.105731e-001 5.260000e+000 -1.667590e+000
      vertex   -9.105731e-001 5.690000e+000 -1.667590e+000
    endloop
  endfacet
  facet normal 4.476172e-001 -2.422299e-015 8.942253e-001
    outer loop
      vertex   -9.105731e-001 5.690000e+000 -1.667590e+000
      vertex   -7.892885e-001 5.260000e+000 -1.728301e+000
      vertex   -7.892885e-001 5.690000e+000 -1.728301e+000
    endloop
  endfacet
  facet normal 3.826834e-001 -3.189866e-015 9.238795e-001
    outer loop
      vertex   -7.892885e-001 5.690000e+000 -1.728301e+000
      vertex   -6.639819e-001 5.260000e+000 -1.780204e+000
      vertex   -6.639819e-001 5.690000e+000 -1.780204e+000
    endloop
  endfacet
  facet normal 3.157996e-001 -2.941955e-015 9.488259e-001
    outer loop
      vertex   -6.639819e-001 5.690000e+000 -1.780204e+000
      vertex   -5.352919e-001 5.260000e+000 -1.823037e+000
      vertex   -5.352919e-001 5.690000e+000 -1.823037e+000
    endloop
  endfacet
  facet normal 2.473065e-001 -3.758304e-015 9.689373e-001
    outer loop
      vertex   -5.352919e-001 5.690000e+000 -1.823037e+000
      vertex   -4.038741e-001 5.260000e+000 -1.856579e+000
      vertex   -4.038741e-001 5.690000e+000 -1.856579e+000
    endloop
  endfacet
  facet normal 1.775532e-001 -3.633827e-015 9.841112e-001
    outer loop
      vertex   -4.038741e-001 5.690000e+000 -1.856579e+000
      vertex   -2.703982e-001 5.260000e+000 -1.880661e+000
      vertex   -2.703982e-001 5.690000e+000 -1.880661e+000
    endloop
  endfacet
  facet normal 1.068951e-001 -4.533954e-015 9.942703e-001
    outer loop
      vertex   -2.703982e-001 5.690000e+000 -1.880661e+000
      vertex   -1.355444e-001 5.260000e+000 -1.895159e+000
      vertex   -1.355444e-001 5.690000e+000 -1.895159e+000
    endloop
  endfacet
  facet normal 3.569233e-002 -4.946124e-015 9.993628e-001
    outer loop
      vertex   -1.355444e-001 5.690000e+000 -1.895159e+000
      vertex   -3.181179e-014 5.260000e+000 -1.900000e+000
      vertex   -3.439492e-014 5.690000e+000 -1.900000e+000
    endloop
  endfacet
  facet normal -3.569233e-002 -5.386316e-015 9.993628e-001
    outer loop
      vertex   -3.439492e-014 5.690000e+000 -1.900000e+000
      vertex   1.355444e-001 5.260000e+000 -1.895159e+000
      vertex   1.355444e-001 5.690000e+000 -1.895159e+000
    endloop
  endfacet
  facet normal -1.068951e-001 -5.338401e-015 9.942703e-001
    outer loop
      vertex   1.355444e-001 5.690000e+000 -1.895159e+000
      vertex   2.703982e-001 5.260000e+000 -1.880661e+000
      vertex   2.703982e-001 5.690000e+000 -1.880661e+000
    endloop
  endfacet
  facet normal -1.775532e-001 -6.365377e-015 9.841112e-001
    outer loop
      vertex   2.703982e-001 5.690000e+000 -1.880661e+000
      vertex   4.038741e-001 5.260000e+000 -1.856579e+000
      vertex   4.038741e-001 5.690000e+000 -1.856579e+000
    endloop
  endfacet
  facet normal -2.473065e-001 -6.354803e-015 9.689373e-001
    outer loop
      vertex   4.038741e-001 5.690000e+000 -1.856579e+000
      vertex   5.352919e-001 5.260000e+000 -1.823037e+000
      vertex   5.352919e-001 5.690000e+000 -1.823037e+000
    endloop
  endfacet
  facet normal -3.157996e-001 -7.345676e-015 9.488259e-001
    outer loop
      vertex   5.352919e-001 5.690000e+000 -1.823037e+000
      vertex   6.639819e-001 5.260000e+000 -1.780204e+000
      vertex   6.639819e-001 5.690000e+000 -1.780204e+000
    endloop
  endfacet
  facet normal -3.826834e-001 -7.356652e-015 9.238795e-001
    outer loop
      vertex   6.639819e-001 5.690000e+000 -1.780204e+000
      vertex   7.892885e-001 5.260000e+000 -1.728301e+000
      vertex   7.892885e-001 5.690000e+000 -1.728301e+000
    endloop
  endfacet
  facet normal -4.476172e-001 -7.969703e-015 8.942253e-001
    outer loop
      vertex   7.892885e-001 5.690000e+000 -1.728301e+000
      vertex   9.105731e-001 5.260000e+000 -1.667590e+000
      vertex   9.105731e-001 5.690000e+000 -1.667590e+000
    endloop
  endfacet
  facet normal -5.102700e-001 -7.768687e-015 8.600142e-001
    outer loop
      vertex   9.105731e-001 5.690000e+000 -1.667590e+000
      vertex   1.027218e+000 5.260000e+000 -1.598382e+000
      vertex   1.027218e+000 5.690000e+000 -1.598382e+000
    endloop
  endfacet
  facet normal -5.703226e-001 -8.399922e-015 8.214208e-001
    outer loop
      vertex   1.027218e+000 5.690000e+000 -1.598382e+000
      vertex   1.138628e+000 5.260000e+000 -1.521028e+000
      vertex   1.138628e+000 5.690000e+000 -1.521028e+000
    endloop
  endfacet
  facet normal -6.274690e-001 -9.048872e-015 7.786415e-001
    outer loop
      vertex   1.138628e+000 5.690000e+000 -1.521028e+000
      vertex   1.244235e+000 5.260000e+000 -1.435924e+000
      vertex   1.244235e+000 5.690000e+000 -1.435924e+000
    endloop
  endfacet
  facet normal -6.814179e-001 -9.357207e-015 7.318945e-001
    outer loop
      vertex   1.244235e+000 5.690000e+000 -1.435924e+000
      vertex   1.343503e+000 5.260000e+000 -1.343503e+000
      vertex   1.343503e+000 5.690000e+000 -1.343503e+000
    endloop
  endfacet
  facet normal -7.318945e-001 -9.643925e-015 6.814179e-001
    outer loop
      vertex   1.343503e+000 5.690000e+000 -1.343503e+000
      vertex   1.435924e+000 5.260000e+000 -1.244235e+000
      vertex   1.435924e+000 5.690000e+000 -1.244235e+000
    endloop
  endfacet
  facet normal -7.786415e-001 -9.583550e-015 6.274690e-001
    outer loop
      vertex   1.435924e+000 5.690000e+000 -1.244235e+000
      vertex   1.521028e+000 5.260000e+000 -1.138628e+000
      vertex   1.521028e+000 5.690000e+000 -1.138628e+000
    endloop
  endfacet
  facet normal -8.214208e-001 -9.531708e-015 5.703226e-001
    outer loop
      vertex   1.521028e+000 5.690000e+000 -1.138628e+000
      vertex   1.598382e+000 5.260000e+000 -1.027218e+000
      vertex   1.598382e+000 5.690000e+000 -1.027218e+000
    endloop
  endfacet
  facet normal -8.600142e-001 -1.006766e-014 5.102700e-001
    outer loop
      vertex   1.598382e+000 5.690000e+000 -1.027218e+000
      vertex   1.667590e+000 5.260000e+000 -9.105731e-001
      vertex   1.667590e+000 5.690000e+000 -9.105731e-001
    endloop
  endfacet
  facet normal -8.942253e-001 -1.015982e-014 4.476172e-001
    outer loop
      vertex   1.667590e+000 5.690000e+000 -9.105731e-001
      vertex   1.728301e+000 5.260000e+000 -7.892885e-001
      vertex   1.728301e+000 5.690000e+000 -7.892885e-001
    endloop
  endfacet
  facet normal -9.238795e-001 -1.071022e-014 3.826834e-001
    outer loop
      vertex   1.728301e+000 5.690000e+000 -7.892885e-001
      vertex   1.780204e+000 5.260000e+000 -6.639819e-001
      vertex   1.780204e+000 5.690000e+000 -6.639819e-001
    endloop
  endfacet
  facet normal -9.488259e-001 -1.020683e-014 3.157996e-001
    outer loop
      vertex   1.780204e+000 5.690000e+000 -6.639819e-001
      vertex   1.823037e+000 5.260000e+000 -5.352919e-001
      vertex   1.823037e+000 5.690000e+000 -5.352919e-001
    endloop
  endfacet
  facet normal -9.689373e-001 -1.079453e-014 2.473065e-001
    outer loop
      vertex   1.823037e+000 5.690000e+000 -5.352919e-001
      vertex   1.856579e+000 5.260000e+000 -4.038741e-001
      vertex   1.856579e+000 5.690000e+000 -4.038741e-001
    endloop
  endfacet
  facet normal -9.841112e-001 -1.030109e-014 1.775532e-001
    outer loop
      vertex   1.856579e+000 5.690000e+000 -4.038741e-001
      vertex   1.880661e+000 5.260000e+000 -2.703982e-001
      vertex   1.880661e+000 5.690000e+000 -2.703982e-001
    endloop
  endfacet
  facet normal -9.993628e-001 -1.083713e-014 3.569233e-002
    outer loop
      vertex   1.895159e+000 5.260000e+000 -1.355444e-001
      vertex   1.900000e+000 5.260000e+000 2.326829e-016
      vertex   1.900000e+000 5.690000e+000 2.326829e-016
    endloop
  endfacet
  facet normal -9.993628e-001 -1.083713e-014 -3.569233e-002
    outer loop
      vertex   1.900000e+000 5.690000e+000 2.326829e-016
      vertex   1.900000e+000 5.260000e+000 2.326829e-016
      vertex   1.895159e+000 5.690000e+000 1.355444e-001
    endloop
  endfacet
  facet normal -9.993628e-001 -1.085108e-014 -3.569233e-002
    outer loop
      vertex   1.895159e+000 5.690000e+000 1.355444e-001
      vertex   1.900000e+000 5.260000e+000 2.326829e-016
      vertex   1.895159e+000 5.260000e+000 1.355444e-001
    endloop
  endfacet
  facet normal -9.942703e-001 -1.082330e-014 -1.068951e-001
    outer loop
      vertex   1.880661e+000 5.260000e+000 2.703982e-001
      vertex   1.895159e+000 5.690000e+000 1.355444e-001
      vertex   1.895159e+000 5.260000e+000 1.355444e-001
    endloop
  endfacet
  facet normal -9.942703e-001 -1.033748e-014 -1.068951e-001
    outer loop
      vertex   1.880661e+000 5.260000e+000 2.703982e-001
      vertex   1.880661e+000 5.690000e+000 2.703982e-001
      vertex   1.895159e+000 5.690000e+000 1.355444e-001
    endloop
  endfacet
  facet normal -9.841112e-001 -1.028408e-014 -1.775532e-001
    outer loop
      vertex   1.880661e+000 5.260000e+000 2.703982e-001
      vertex   1.856579e+000 5.260000e+000 4.038741e-001
      vertex   1.880661e+000 5.690000e+000 2.703982e-001
    endloop
  endfacet
  facet normal -9.841112e-001 -1.085511e-014 -1.775532e-001
    outer loop
      vertex   1.880661e+000 5.690000e+000 2.703982e-001
      vertex   1.856579e+000 5.260000e+000 4.038741e-001
      vertex   1.856579e+000 5.690000e+000 4.038741e-001
    endloop
  endfacet
  facet normal -9.689373e-001 -1.076260e-014 -2.473065e-001
    outer loop
      vertex   1.856579e+000 5.690000e+000 4.038741e-001
      vertex   1.856579e+000 5.260000e+000 4.038741e-001
      vertex   1.823037e+000 5.260000e+000 5.352919e-001
    endloop
  endfacet
  facet normal -9.488259e-001 -1.028837e-014 -3.157996e-001
    outer loop
      vertex   1.823037e+000 5.690000e+000 5.352919e-001
      vertex   1.823037e+000 5.260000e+000 5.352919e-001
      vertex   1.780204e+000 5.260000e+000 6.639819e-001
    endloop
  endfacet
  facet normal -9.238795e-001 -1.071022e-014 -3.826834e-001
    outer loop
      vertex   1.780204e+000 5.690000e+000 6.639819e-001
      vertex   1.780204e+000 5.260000e+000 6.639819e-001
      vertex   1.728301e+000 5.260000e+000 7.892885e-001
    endloop
  endfacet
  facet normal -8.942253e-001 -1.015982e-014 -4.476172e-001
    outer loop
      vertex   1.728301e+000 5.690000e+000 7.892885e-001
      vertex   1.728301e+000 5.260000e+000 7.892885e-001
      vertex   1.667590e+000 5.260000e+000 9.105731e-001
    endloop
  endfacet
  facet normal -8.600142e-001 -1.019940e-014 -5.102700e-001
    outer loop
      vertex   1.667590e+000 5.690000e+000 9.105731e-001
      vertex   1.667590e+000 5.260000e+000 9.105731e-001
      vertex   1.598382e+000 5.260000e+000 1.027218e+000
    endloop
  endfacet
  facet normal -8.214208e-001 -9.955875e-015 -5.703226e-001
    outer loop
      vertex   1.598382e+000 5.690000e+000 1.027218e+000
      vertex   1.598382e+000 5.260000e+000 1.027218e+000
      vertex   1.521028e+000 5.260000e+000 1.138628e+000
    endloop
  endfacet
  facet normal -7.786415e-001 -9.583550e-015 -6.274690e-001
    outer loop
      vertex   1.521028e+000 5.690000e+000 1.138628e+000
      vertex   1.521028e+000 5.260000e+000 1.138628e+000
      vertex   1.435924e+000 5.260000e+000 1.244235e+000
    endloop
  endfacet
  facet normal -7.318945e-001 -9.643925e-015 -6.814179e-001
    outer loop
      vertex   1.435924e+000 5.690000e+000 1.244235e+000
      vertex   1.435924e+000 5.260000e+000 1.244235e+000
      vertex   1.343503e+000 5.260000e+000 1.343503e+000
    endloop
  endfacet
  facet normal -6.814179e-001 -9.331142e-015 -7.318945e-001
    outer loop
      vertex   1.343503e+000 5.690000e+000 1.343503e+000
      vertex   1.343503e+000 5.260000e+000 1.343503e+000
      vertex   1.244235e+000 5.260000e+000 1.435924e+000
    endloop
  endfacet
  facet normal -6.274690e-001 -9.048872e-015 -7.786415e-001
    outer loop
      vertex   1.244235e+000 5.690000e+000 1.435924e+000
      vertex   1.244235e+000 5.260000e+000 1.435924e+000
      vertex   1.138628e+000 5.260000e+000 1.521028e+000
    endloop
  endfacet
  facet normal -5.703226e-001 -8.399922e-015 -8.214208e-001
    outer loop
      vertex   1.138628e+000 5.690000e+000 1.521028e+000
      vertex   1.138628e+000 5.260000e+000 1.521028e+000
      vertex   1.027218e+000 5.260000e+000 1.598382e+000
    endloop
  endfacet
  facet normal -5.102700e-001 -8.212784e-015 -8.600142e-001
    outer loop
      vertex   1.027218e+000 5.690000e+000 1.598382e+000
      vertex   1.027218e+000 5.260000e+000 1.598382e+000
      vertex   9.105731e-001 5.260000e+000 1.667590e+000
    endloop
  endfacet
  facet normal -4.476172e-001 -7.854132e-015 -8.942253e-001
    outer loop
      vertex   9.105731e-001 5.690000e+000 1.667590e+000
      vertex   9.105731e-001 5.260000e+000 1.667590e+000
      vertex   7.892885e-001 5.260000e+000 1.728301e+000
    endloop
  endfacet
  facet normal -3.826834e-001 -7.356652e-015 -9.238795e-001
    outer loop
      vertex   7.892885e-001 5.690000e+000 1.728301e+000
      vertex   7.892885e-001 5.260000e+000 1.728301e+000
      vertex   6.639819e-001 5.260000e+000 1.780204e+000
    endloop
  endfacet
  facet normal -3.157996e-001 -7.345676e-015 -9.488259e-001
    outer loop
      vertex   6.639819e-001 5.690000e+000 1.780204e+000
      vertex   6.639819e-001 5.260000e+000 1.780204e+000
      vertex   5.352919e-001 5.260000e+000 1.823037e+000
    endloop
  endfacet
  facet normal -2.473065e-001 -6.354803e-015 -9.689373e-001
    outer loop
      vertex   5.352919e-001 5.690000e+000 1.823037e+000
      vertex   5.352919e-001 5.260000e+000 1.823037e+000
      vertex   4.038741e-001 5.260000e+000 1.856579e+000
    endloop
  endfacet
  facet normal -1.775532e-001 -6.342455e-015 -9.841112e-001
    outer loop
      vertex   4.038741e-001 5.690000e+000 1.856579e+000
      vertex   4.038741e-001 5.260000e+000 1.856579e+000
      vertex   2.703982e-001 5.260000e+000 1.880661e+000
    endloop
  endfacet
  facet normal -1.068951e-001 -5.352201e-015 -9.942703e-001
    outer loop
      vertex   2.703982e-001 5.690000e+000 1.880661e+000
      vertex   2.703982e-001 5.260000e+000 1.880661e+000
      vertex   1.355444e-001 5.260000e+000 1.895159e+000
    endloop
  endfacet
  facet normal -3.569233e-002 -5.388620e-015 -9.993628e-001
    outer loop
      vertex   1.355444e-001 5.690000e+000 1.895159e+000
      vertex   1.355444e-001 5.260000e+000 1.895159e+000
      vertex   -3.227715e-014 5.260000e+000 1.900000e+000
    endloop
  endfacet
  facet normal 3.569233e-002 -4.946124e-015 -9.993628e-001
    outer loop
      vertex   -3.486028e-014 5.690000e+000 1.900000e+000
      vertex   -3.227715e-014 5.260000e+000 1.900000e+000
      vertex   -1.355444e-001 5.260000e+000 1.895159e+000
    endloop
  endfacet
  facet normal 1.068951e-001 -4.527054e-015 -9.942703e-001
    outer loop
      vertex   -1.355444e-001 5.690000e+000 1.895159e+000
      vertex   -1.355444e-001 5.260000e+000 1.895159e+000
      vertex   -2.703982e-001 5.260000e+000 1.880661e+000
    endloop
  endfacet
  facet normal 1.775532e-001 -3.633827e-015 -9.841112e-001
    outer loop
      vertex   -2.703982e-001 5.690000e+000 1.880661e+000
      vertex   -2.703982e-001 5.260000e+000 1.880661e+000
      vertex   -4.038741e-001 5.260000e+000 1.856579e+000
    endloop
  endfacet
  facet normal 2.473065e-001 -3.790230e-015 -9.689373e-001
    outer loop
      vertex   -4.038741e-001 5.690000e+000 1.856579e+000
      vertex   -4.038741e-001 5.260000e+000 1.856579e+000
      vertex   -5.352919e-001 5.260000e+000 1.823037e+000
    endloop
  endfacet
  facet normal 3.157996e-001 -3.023492e-015 -9.488259e-001
    outer loop
      vertex   -5.352919e-001 5.690000e+000 1.823037e+000
      vertex   -5.352919e-001 5.260000e+000 1.823037e+000
      vertex   -6.639819e-001 5.260000e+000 1.780204e+000
    endloop
  endfacet
  facet normal 3.826834e-001 -3.189866e-015 -9.238795e-001
    outer loop
      vertex   -6.639819e-001 5.690000e+000 1.780204e+000
      vertex   -6.639819e-001 5.260000e+000 1.780204e+000
      vertex   -7.892885e-001 5.260000e+000 1.728301e+000
    endloop
  endfacet
  facet normal 4.476172e-001 -2.422299e-015 -8.942253e-001
    outer loop
      vertex   -7.892885e-001 5.690000e+000 1.728301e+000
      vertex   -7.892885e-001 5.260000e+000 1.728301e+000
      vertex   -9.105731e-001 5.260000e+000 1.667590e+000
    endloop
  endfacet
  facet normal 5.102700e-001 -2.152406e-015 -8.600142e-001
    outer loop
      vertex   -9.105731e-001 5.690000e+000 1.667590e+000
      vertex   -9.105731e-001 5.260000e+000 1.667590e+000
      vertex   -1.027218e+000 5.260000e+000 1.598382e+000
    endloop
  endfacet
  facet normal 5.703226e-001 -2.050479e-015 -8.214208e-001
    outer loop
      vertex   -1.027218e+000 5.690000e+000 1.598382e+000
      vertex   -1.027218e+000 5.260000e+000 1.598382e+000
      vertex   -1.138628e+000 5.260000e+000 1.521028e+000
    endloop
  endfacet
  facet normal 6.274690e-001 -1.596546e-015 -7.786415e-001
    outer loop
      vertex   -1.138628e+000 5.690000e+000 1.521028e+000
      vertex   -1.138628e+000 5.260000e+000 1.521028e+000
      vertex   -1.244235e+000 5.260000e+000 1.435924e+000
    endloop
  endfacet
  facet normal 6.814179e-001 -1.616012e-015 -7.318945e-001
    outer loop
      vertex   -1.244235e+000 5.690000e+000 1.435924e+000
      vertex   -1.244235e+000 5.260000e+000 1.435924e+000
      vertex   -1.343503e+000 5.260000e+000 1.343503e+000
    endloop
  endfacet
  facet normal 7.318945e-001 -1.303229e-015 -6.814179e-001
    outer loop
      vertex   -1.343503e+000 5.690000e+000 1.343503e+000
      vertex   -1.343503e+000 5.260000e+000 1.343503e+000
      vertex   -1.435924e+000 5.260000e+000 1.244235e+000
    endloop
  endfacet
  facet normal 7.786415e-001 -1.061868e-015 -6.274690e-001
    outer loop
      vertex   -1.435924e+000 5.690000e+000 1.244235e+000
      vertex   -1.435924e+000 5.260000e+000 1.244235e+000
      vertex   -1.521028e+000 5.260000e+000 1.138628e+000
    endloop
  endfacet
  facet normal 8.214208e-001 -4.945261e-016 -5.703226e-001
    outer loop
      vertex   -1.521028e+000 5.690000e+000 1.138628e+000
      vertex   -1.521028e+000 5.260000e+000 1.138628e+000
      vertex   -1.598382e+000 5.260000e+000 1.027218e+000
    endloop
  endfacet
  facet normal 8.600142e-001 1.481634e-017 -5.102700e-001
    outer loop
      vertex   -1.598382e+000 5.690000e+000 1.027218e+000
      vertex   -1.598382e+000 5.260000e+000 1.027218e+000
      vertex   -1.667590e+000 5.260000e+000 9.105731e-001
    endloop
  endfacet
  facet normal 8.942253e-001 -1.166131e-016 -4.476172e-001
    outer loop
      vertex   -1.667590e+000 5.690000e+000 9.105731e-001
      vertex   -1.667590e+000 5.260000e+000 9.105731e-001
      vertex   -1.728301e+000 5.260000e+000 7.892885e-001
    endloop
  endfacet
  facet normal 9.238795e-001 1.637064e-016 -3.826834e-001
    outer loop
      vertex   -1.728301e+000 5.690000e+000 7.892885e-001
      vertex   -1.728301e+000 5.260000e+000 7.892885e-001
      vertex   -1.780204e+000 5.260000e+000 6.639819e-001
    endloop
  endfacet
  facet normal 9.488259e-001 -8.079978e-017 -3.157996e-001
    outer loop
      vertex   -1.780204e+000 5.690000e+000 6.639819e-001
      vertex   -1.780204e+000 5.260000e+000 6.639819e-001
      vertex   -1.823037e+000 5.260000e+000 5.352919e-001
    endloop
  endfacet
  facet normal 9.689373e-001 6.175706e-016 -2.473065e-001
    outer loop
      vertex   -1.823037e+000 5.690000e+000 5.352919e-001
      vertex   -1.823037e+000 5.260000e+000 5.352919e-001
      vertex   -1.856579e+000 5.260000e+000 4.038741e-001
    endloop
  endfacet
  facet normal 9.841112e-001 3.248073e-016 -1.775532e-001
    outer loop
      vertex   -1.856579e+000 5.690000e+000 4.038741e-001
      vertex   -1.856579e+000 5.260000e+000 4.038741e-001
      vertex   -1.880661e+000 5.260000e+000 2.703982e-001
    endloop
  endfacet
  facet normal 9.942703e-001 9.578497e-016 -1.068951e-001
    outer loop
      vertex   -1.880661e+000 5.690000e+000 2.703982e-001
      vertex   -1.880661e+000 5.260000e+000 2.703982e-001
      vertex   -1.895159e+000 5.260000e+000 1.355444e-001
    endloop
  endfacet
  facet normal 9.993628e-001 5.045345e-016 -3.569233e-002
    outer loop
      vertex   -1.895159e+000 5.690000e+000 1.355444e-001
      vertex   -1.895159e+000 5.260000e+000 1.355444e-001
      vertex   -1.900000e+000 5.260000e+000 0.000000e+000
    endloop
  endfacet
  facet normal 9.993628e-001 5.168066e-016 -3.569233e-002
    outer loop
      vertex   -1.900000e+000 5.690000e+000 0.000000e+000
      vertex   -1.895159e+000 5.690000e+000 1.355444e-001
      vertex   -1.900000e+000 5.260000e+000 0.000000e+000
    endloop
  endfacet
  facet normal -9.689373e-001 -1.038997e-014 -2.473065e-001
    outer loop
      vertex   1.856579e+000 5.690000e+000 4.038741e-001
      vertex   1.823037e+000 5.260000e+000 5.352919e-001
      vertex   1.823037e+000 5.690000e+000 5.352919e-001
    endloop
  endfacet
  facet normal -9.488259e-001 -1.085986e-014 -3.157996e-001
    outer loop
      vertex   1.823037e+000 5.690000e+000 5.352919e-001
      vertex   1.780204e+000 5.260000e+000 6.639819e-001
      vertex   1.780204e+000 5.690000e+000 6.639819e-001
    endloop
  endfacet
  facet normal -9.238795e-001 -1.033195e-014 -3.826834e-001
    outer loop
      vertex   1.780204e+000 5.690000e+000 6.639819e-001
      vertex   1.728301e+000 5.260000e+000 7.892885e-001
      vertex   1.728301e+000 5.690000e+000 7.892885e-001
    endloop
  endfacet
  facet normal -8.942253e-001 -1.039096e-014 -4.476172e-001
    outer loop
      vertex   1.728301e+000 5.690000e+000 7.892885e-001
      vertex   1.667590e+000 5.260000e+000 9.105731e-001
      vertex   1.667590e+000 5.690000e+000 9.105731e-001
    endloop
  endfacet
  facet normal -8.600142e-001 -1.019940e-014 -5.102700e-001
    outer loop
      vertex   1.667590e+000 5.690000e+000 9.105731e-001
      vertex   1.598382e+000 5.260000e+000 1.027218e+000
      vertex   1.598382e+000 5.690000e+000 1.027218e+000
    endloop
  endfacet
  facet normal -8.214208e-001 -9.826212e-015 -5.703226e-001
    outer loop
      vertex   1.598382e+000 5.690000e+000 1.027218e+000
      vertex   1.521028e+000 5.260000e+000 1.138628e+000
      vertex   1.521028e+000 5.690000e+000 1.138628e+000
    endloop
  endfacet
  facet normal -7.786415e-001 -9.907564e-015 -6.274690e-001
    outer loop
      vertex   1.521028e+000 5.690000e+000 1.138628e+000
      vertex   1.435924e+000 5.260000e+000 1.244235e+000
      vertex   1.435924e+000 5.690000e+000 1.244235e+000
    endloop
  endfacet
  facet normal -7.318945e-001 -9.643925e-015 -6.814179e-001
    outer loop
      vertex   1.435924e+000 5.690000e+000 1.244235e+000
      vertex   1.343503e+000 5.260000e+000 1.343503e+000
      vertex   1.343503e+000 5.690000e+000 1.343503e+000
    endloop
  endfacet
  facet normal -6.814179e-001 -9.357207e-015 -7.318945e-001
    outer loop
      vertex   1.343503e+000 5.690000e+000 1.343503e+000
      vertex   1.244235e+000 5.260000e+000 1.435924e+000
      vertex   1.244235e+000 5.690000e+000 1.435924e+000
    endloop
  endfacet
  facet normal -6.274690e-001 -8.724858e-015 -7.786415e-001
    outer loop
      vertex   1.244235e+000 5.690000e+000 1.435924e+000
      vertex   1.138628e+000 5.260000e+000 1.521028e+000
      vertex   1.138628e+000 5.690000e+000 1.521028e+000
    endloop
  endfacet
  facet normal -5.703226e-001 -8.529585e-015 -8.214208e-001
    outer loop
      vertex   1.138628e+000 5.690000e+000 1.521028e+000
      vertex   1.027218e+000 5.260000e+000 1.598382e+000
      vertex   1.027218e+000 5.690000e+000 1.598382e+000
    endloop
  endfacet
  facet normal -5.102700e-001 -8.212784e-015 -8.600142e-001
    outer loop
      vertex   1.027218e+000 5.690000e+000 1.598382e+000
      vertex   9.105731e-001 5.260000e+000 1.667590e+000
      vertex   9.105731e-001 5.690000e+000 1.667590e+000
    endloop
  endfacet
  facet normal -4.476172e-001 -7.738561e-015 -8.942253e-001
    outer loop
      vertex   9.105731e-001 5.690000e+000 1.667590e+000
      vertex   7.892885e-001 5.260000e+000 1.728301e+000
      vertex   7.892885e-001 5.690000e+000 1.728301e+000
    endloop
  endfacet
  facet normal -3.826834e-001 -7.734922e-015 -9.238795e-001
    outer loop
      vertex   7.892885e-001 5.690000e+000 1.728301e+000
      vertex   6.639819e-001 5.260000e+000 1.780204e+000
      vertex   6.639819e-001 5.690000e+000 1.780204e+000
    endloop
  endfacet
  facet normal -3.157996e-001 -6.774182e-015 -9.488259e-001
    outer loop
      vertex   6.639819e-001 5.690000e+000 1.780204e+000
      vertex   5.352919e-001 5.260000e+000 1.823037e+000
      vertex   5.352919e-001 5.690000e+000 1.823037e+000
    endloop
  endfacet
  facet normal -2.473065e-001 -6.759367e-015 -9.689373e-001
    outer loop
      vertex   5.352919e-001 5.690000e+000 1.823037e+000
      vertex   4.038741e-001 5.260000e+000 1.856579e+000
      vertex   4.038741e-001 5.690000e+000 1.856579e+000
    endloop
  endfacet
  facet normal -1.775532e-001 -5.788435e-015 -9.841112e-001
    outer loop
      vertex   4.038741e-001 5.690000e+000 1.856579e+000
      vertex   2.703982e-001 5.260000e+000 1.880661e+000
      vertex   2.703982e-001 5.690000e+000 1.880661e+000
    endloop
  endfacet
  facet normal -1.068951e-001 -5.817326e-015 -9.942703e-001
    outer loop
      vertex   2.703982e-001 5.690000e+000 1.880661e+000
      vertex   1.355444e-001 5.260000e+000 1.895159e+000
      vertex   1.355444e-001 5.690000e+000 1.895159e+000
    endloop
  endfacet
  facet normal -3.569233e-002 -5.374952e-015 -9.993628e-001
    outer loop
      vertex   1.355444e-001 5.690000e+000 1.895159e+000
      vertex   -3.227715e-014 5.260000e+000 1.900000e+000
      vertex   -3.486028e-014 5.690000e+000 1.900000e+000
    endloop
  endfacet
  facet normal 3.569233e-002 -4.957798e-015 -9.993628e-001
    outer loop
      vertex   -3.486028e-014 5.690000e+000 1.900000e+000
      vertex   -1.355444e-001 5.260000e+000 1.895159e+000
      vertex   -1.355444e-001 5.690000e+000 1.895159e+000
    endloop
  endfacet
  facet normal 1.068951e-001 -4.055029e-015 -9.942703e-001
    outer loop
      vertex   -1.355444e-001 5.690000e+000 1.895159e+000
      vertex   -2.703982e-001 5.260000e+000 1.880661e+000
      vertex   -2.703982e-001 5.690000e+000 1.880661e+000
    endloop
  endfacet
  facet normal 1.775532e-001 -4.210770e-015 -9.841112e-001
    outer loop
      vertex   -2.703982e-001 5.690000e+000 1.880661e+000
      vertex   -4.038741e-001 5.260000e+000 1.856579e+000
      vertex   -4.038741e-001 5.690000e+000 1.856579e+000
    endloop
  endfacet
  facet normal 2.473065e-001 -3.417592e-015 -9.689373e-001
    outer loop
      vertex   -4.038741e-001 5.690000e+000 1.856579e+000
      vertex   -5.352919e-001 5.260000e+000 1.823037e+000
      vertex   -5.352919e-001 5.690000e+000 1.823037e+000
    endloop
  endfacet
  facet normal 3.157996e-001 -3.594986e-015 -9.488259e-001
    outer loop
      vertex   -5.352919e-001 5.690000e+000 1.823037e+000
      vertex   -6.639819e-001 5.260000e+000 1.780204e+000
      vertex   -6.639819e-001 5.690000e+000 1.780204e+000
    endloop
  endfacet
  facet normal 3.826834e-001 -2.811596e-015 -9.238795e-001
    outer loop
      vertex   -6.639819e-001 5.690000e+000 1.780204e+000
      vertex   -7.892885e-001 5.260000e+000 1.728301e+000
      vertex   -7.892885e-001 5.690000e+000 1.728301e+000
    endloop
  endfacet
  facet normal 4.476172e-001 -2.537870e-015 -8.942253e-001
    outer loop
      vertex   -7.892885e-001 5.690000e+000 1.728301e+000
      vertex   -9.105731e-001 5.260000e+000 1.667590e+000
      vertex   -9.105731e-001 5.690000e+000 1.667590e+000
    endloop
  endfacet
  facet normal 5.102700e-001 -2.415901e-015 -8.600142e-001
    outer loop
      vertex   -9.105731e-001 5.690000e+000 1.667590e+000
      vertex   -1.027218e+000 5.260000e+000 1.598382e+000
      vertex   -1.027218e+000 5.690000e+000 1.598382e+000
    endloop
  endfacet
  facet normal 5.703226e-001 -1.920816e-015 -8.214208e-001
    outer loop
      vertex   -1.027218e+000 5.690000e+000 1.598382e+000
      vertex   -1.138628e+000 5.260000e+000 1.521028e+000
      vertex   -1.138628e+000 5.690000e+000 1.521028e+000
    endloop
  endfacet
  facet normal 6.274690e-001 -1.920560e-015 -7.786415e-001
    outer loop
      vertex   -1.138628e+000 5.690000e+000 1.521028e+000
      vertex   -1.244235e+000 5.260000e+000 1.435924e+000
      vertex   -1.244235e+000 5.690000e+000 1.435924e+000
    endloop
  endfacet
  facet normal 6.814179e-001 -1.616012e-015 -7.318945e-001
    outer loop
      vertex   -1.244235e+000 5.690000e+000 1.435924e+000
      vertex   -1.343503e+000 5.260000e+000 1.343503e+000
      vertex   -1.343503e+000 5.690000e+000 1.343503e+000
    endloop
  endfacet
  facet normal 7.318945e-001 -1.329294e-015 -6.814179e-001
    outer loop
      vertex   -1.343503e+000 5.690000e+000 1.343503e+000
      vertex   -1.435924e+000 5.260000e+000 1.244235e+000
      vertex   -1.435924e+000 5.690000e+000 1.244235e+000
    endloop
  endfacet
  facet normal 7.786415e-001 -7.378539e-016 -6.274690e-001
    outer loop
      vertex   -1.435924e+000 5.690000e+000 1.244235e+000
      vertex   -1.521028e+000 5.260000e+000 1.138628e+000
      vertex   -1.521028e+000 5.690000e+000 1.138628e+000
    endloop
  endfacet
  facet normal 8.214208e-001 -2.000213e-016 -5.703226e-001
    outer loop
      vertex   -1.521028e+000 5.690000e+000 1.138628e+000
      vertex   -1.598382e+000 5.260000e+000 1.027218e+000
      vertex   -1.598382e+000 5.690000e+000 1.027218e+000
    endloop
  endfacet
  facet normal 8.600142e-001 -2.975329e-016 -5.102700e-001
    outer loop
      vertex   -1.598382e+000 5.690000e+000 1.027218e+000
      vertex   -1.667590e+000 5.260000e+000 9.105731e-001
      vertex   -1.667590e+000 5.690000e+000 9.105731e-001
    endloop
  endfacet
  facet normal 8.942253e-001 -1.042216e-018 -4.476172e-001
    outer loop
      vertex   -1.667590e+000 5.690000e+000 9.105731e-001
      vertex   -1.728301e+000 5.260000e+000 7.892885e-001
      vertex   -1.728301e+000 5.690000e+000 7.892885e-001
    endloop
  endfacet
  facet normal 9.238795e-001 -2.145635e-016 -3.826834e-001
    outer loop
      vertex   -1.728301e+000 5.690000e+000 7.892885e-001
      vertex   -1.780204e+000 5.260000e+000 6.639819e-001
      vertex   -1.780204e+000 5.690000e+000 6.639819e-001
    endloop
  endfacet
  facet normal 9.488259e-001 4.906943e-016 -3.157996e-001
    outer loop
      vertex   -1.780204e+000 5.690000e+000 6.639819e-001
      vertex   -1.823037e+000 5.260000e+000 5.352919e-001
      vertex   -1.823037e+000 5.690000e+000 5.352919e-001
    endloop
  endfacet
  facet normal 9.689373e-001 2.449329e-016 -2.473065e-001
    outer loop
      vertex   -1.823037e+000 5.690000e+000 5.352919e-001
      vertex   -1.856579e+000 5.260000e+000 4.038741e-001
      vertex   -1.856579e+000 5.690000e+000 4.038741e-001
    endloop
  endfacet
  facet normal 9.841112e-001 9.017494e-016 -1.775532e-001
    outer loop
      vertex   -1.856579e+000 5.690000e+000 4.038741e-001
      vertex   -1.880661e+000 5.260000e+000 2.703982e-001
      vertex   -1.880661e+000 5.690000e+000 2.703982e-001
    endloop
  endfacet
  facet normal 9.942703e-001 4.789248e-016 -1.068951e-001
    outer loop
      vertex   -1.880661e+000 5.690000e+000 2.703982e-001
      vertex   -1.895159e+000 5.260000e+000 1.355444e-001
      vertex   -1.895159e+000 5.690000e+000 1.355444e-001
    endloop
  endfacet
  facet normal 1.725483e-014 -1.000000e+000 7.054620e-015
    outer loop
      vertex   1.320095e+000 5.690000e+000 -1.139034e-001
      vertex   1.895159e+000 5.690000e+000 -1.355444e-001
      vertex   1.325000e+000 5.690000e+000 1.622657e-016
    endloop
  endfacet
  facet normal 1.692089e-014 -1.000000e+000 -1.819184e-015
    outer loop
      vertex   1.320095e+000 5.690000e+000 -1.139034e-001
      vertex   1.880661e+000 5.690000e+000 -2.703982e-001
      vertex   1.895159e+000 5.690000e+000 -1.355444e-001
    endloop
  endfacet
  facet normal 1.836159e-014 -1.000000e+000 3.341429e-015
    outer loop
      vertex   1.320095e+000 5.690000e+000 -1.139034e-001
      vertex   1.856579e+000 5.690000e+000 -4.038741e-001
      vertex   1.880661e+000 5.690000e+000 -2.703982e-001
    endloop
  endfacet
  facet normal 1.454851e-014 -1.000000e+000 -3.713285e-015
    outer loop
      vertex   1.320095e+000 5.690000e+000 -1.139034e-001
      vertex   1.823037e+000 5.690000e+000 -5.352919e-001
      vertex   1.856579e+000 5.690000e+000 -4.038741e-001
    endloop
  endfacet
  facet normal 1.380889e-014 -1.000000e+000 -4.596040e-015
    outer loop
      vertex   1.320095e+000 5.690000e+000 -1.139034e-001
      vertex   1.780204e+000 5.690000e+000 -6.639819e-001
      vertex   1.823037e+000 5.690000e+000 -5.352919e-001
    endloop
  endfacet
  facet normal 1.291033e-014 -1.000000e+000 -5.347635e-015
    outer loop
      vertex   1.320095e+000 5.690000e+000 -1.139034e-001
      vertex   1.728301e+000 5.690000e+000 -7.892885e-001
      vertex   1.780204e+000 5.690000e+000 -6.639819e-001
    endloop
  endfacet
  facet normal 1.852884e-014 -1.000000e+000 -1.951781e-015
    outer loop
      vertex   1.320095e+000 5.690000e+000 -1.139034e-001
      vertex   1.667590e+000 5.690000e+000 -9.105731e-001
      vertex   1.728301e+000 5.690000e+000 -7.892885e-001
    endloop
  endfacet
  facet normal 9.746149e-015 -1.000000e+000 -5.782657e-015
    outer loop
      vertex   1.320095e+000 5.690000e+000 -1.139034e-001
      vertex   1.598382e+000 5.690000e+000 -1.027218e+000
      vertex   1.667590e+000 5.690000e+000 -9.105731e-001
    endloop
  endfacet
  facet normal 1.674100e-014 -1.000000e+000 -3.651327e-015
    outer loop
      vertex   1.320095e+000 5.690000e+000 -1.139034e-001
      vertex   1.521028e+000 5.690000e+000 -1.138628e+000
      vertex   1.598382e+000 5.690000e+000 -1.027218e+000
    endloop
  endfacet
  facet normal 6.920591e-015 -1.000000e+000 -5.576964e-015
    outer loop
      vertex   1.320095e+000 5.690000e+000 -1.139034e-001
      vertex   1.435924e+000 5.690000e+000 -1.244235e+000
      vertex   1.521028e+000 5.690000e+000 -1.138628e+000
    endloop
  endfacet
  facet normal 2.706019e-014 -1.000000e+000 -3.513189e-015
    outer loop
      vertex   1.320095e+000 5.690000e+000 -1.139034e-001
      vertex   1.305417e+000 5.690000e+000 -2.269634e-001
      vertex   1.435924e+000 5.690000e+000 -1.244235e+000
    endloop
  endfacet
  facet normal 2.013760e-014 -1.000000e+000 -4.401299e-015
    outer loop
      vertex   1.435924e+000 5.690000e+000 -1.244235e+000
      vertex   1.305417e+000 5.690000e+000 -2.269634e-001
      vertex   1.281073e+000 5.690000e+000 -3.383431e-001
    endloop
  endfacet
  facet normal 1.628505e-014 -1.000000e+000 -5.059844e-015
    outer loop
      vertex   1.247245e+000 5.690000e+000 -4.472178e-001
      vertex   1.435924e+000 5.690000e+000 -1.244235e+000
      vertex   1.281073e+000 5.690000e+000 -3.383431e-001
    endloop
  endfacet
  facet normal 1.382911e-014 -1.000000e+000 -5.641241e-015
    outer loop
      vertex   1.247245e+000 5.690000e+000 -4.472178e-001
      vertex   1.204183e+000 5.690000e+000 -5.527815e-001
      vertex   1.435924e+000 5.690000e+000 -1.244235e+000
    endloop
  endfacet
  facet normal 2.245615e-014 -1.000000e+000 -2.749890e-015
    outer loop
      vertex   1.435924e+000 5.690000e+000 -1.244235e+000
      vertex   1.204183e+000 5.690000e+000 -5.527815e-001
      vertex   1.152206e+000 5.690000e+000 -6.542526e-001
    endloop
  endfacet
  facet normal 1.223826e-014 -1.000000e+000 -7.663595e-015
    outer loop
      vertex   1.091698e+000 5.690000e+000 -7.508798e-001
      vertex   1.435924e+000 5.690000e+000 -1.244235e+000
      vertex   1.152206e+000 5.690000e+000 -6.542526e-001
    endloop
  endfacet
  facet normal 1.788916e-014 -1.000000e+000 -3.720824e-015
    outer loop
      vertex   1.091698e+000 5.690000e+000 -7.508798e-001
      vertex   1.023107e+000 5.690000e+000 -8.419478e-001
      vertex   1.435924e+000 5.690000e+000 -1.244235e+000
    endloop
  endfacet
  facet normal 1.585194e-014 -1.000000e+000 -5.811358e-015
    outer loop
      vertex   1.435924e+000 5.690000e+000 -1.244235e+000
      vertex   1.023107e+000 5.690000e+000 -8.419478e-001
      vertex   1.343503e+000 5.690000e+000 -1.343503e+000
    endloop
  endfacet
  facet normal 1.037192e-014 -1.000000e+000 -9.312016e-015
    outer loop
      vertex   1.343503e+000 5.690000e+000 -1.343503e+000
      vertex   1.023107e+000 5.690000e+000 -8.419478e-001
      vertex   9.469422e-001 5.690000e+000 -9.267823e-001
    endloop
  endfacet
  facet normal 1.535558e-014 -1.000000e+000 -4.989409e-015
    outer loop
      vertex   1.244235e+000 5.690000e+000 -1.435924e+000
      vertex   9.469422e-001 5.690000e+000 -9.267823e-001
      vertex   8.637662e-001 5.690000e+000 -1.004755e+000
    endloop
  endfacet
  facet normal 8.590879e-015 -1.000000e+000 -1.090954e-014
    outer loop
      vertex   1.138628e+000 5.690000e+000 -1.521028e+000
      vertex   8.637662e-001 5.690000e+000 -1.004755e+000
      vertex   7.741951e-001 5.690000e+000 -1.075289e+000
    endloop
  endfacet
  facet normal 1.384201e-014 -1.000000e+000 -6.888052e-015
    outer loop
      vertex   1.027218e+000 5.690000e+000 -1.598382e+000
      vertex   7.741951e-001 5.690000e+000 -1.075289e+000
      vertex   6.788921e-001 5.690000e+000 -1.137862e+000
    endloop
  endfacet
  facet normal 5.856832e-015 -1.000000e+000 -1.085182e-014
    outer loop
      vertex   9.105731e-001 5.690000e+000 -1.667590e+000
      vertex   6.788921e-001 5.690000e+000 -1.137862e+000
      vertex   5.785629e-001 5.690000e+000 -1.192011e+000
    endloop
  endfacet
  facet normal 1.022573e-014 -1.000000e+000 -7.575054e-015
    outer loop
      vertex   7.892885e-001 5.690000e+000 -1.728301e+000
      vertex   5.785629e-001 5.690000e+000 -1.192011e+000
      vertex   6.639819e-001 5.690000e+000 -1.780204e+000
    endloop
  endfacet
  facet normal 1.096875e-014 -1.000000e+000 -7.283097e-015
    outer loop
      vertex   7.892885e-001 5.690000e+000 -1.728301e+000
      vertex   9.105731e-001 5.690000e+000 -1.667590e+000
      vertex   5.785629e-001 5.690000e+000 -1.192011e+000
    endloop
  endfacet
  facet normal 1.421351e-014 -1.000000e+000 -5.656280e-015
    outer loop
      vertex   1.343503e+000 5.690000e+000 -1.343503e+000
      vertex   9.469422e-001 5.690000e+000 -9.267823e-001
      vertex   1.244235e+000 5.690000e+000 -1.435924e+000
    endloop
  endfacet
  facet normal 8.731245e-015 -1.000000e+000 -1.083481e-014
    outer loop
      vertex   1.244235e+000 5.690000e+000 -1.435924e+000
      vertex   8.637662e-001 5.690000e+000 -1.004755e+000
      vertex   1.138628e+000 5.690000e+000 -1.521028e+000
    endloop
  endfacet
  facet normal 1.302800e-014 -1.000000e+000 -7.281793e-015
    outer loop
      vertex   1.138628e+000 5.690000e+000 -1.521028e+000
      vertex   7.741951e-001 5.690000e+000 -1.075289e+000
      vertex   1.027218e+000 5.690000e+000 -1.598382e+000
    endloop
  endfacet
  facet normal 1.236440e-014 -1.000000e+000 -8.005681e-015
    outer loop
      vertex   1.027218e+000 5.690000e+000 -1.598382e+000
      vertex   6.788921e-001 5.690000e+000 -1.137862e+000
      vertex   9.105731e-001 5.690000e+000 -1.667590e+000
    endloop
  endfacet
  facet normal 1.168052e-014 -1.000000e+000 -7.363786e-015
    outer loop
      vertex   5.785629e-001 5.690000e+000 -1.192011e+000
      vertex   4.739502e-001 5.690000e+000 -1.237334e+000
      vertex   6.639819e-001 5.690000e+000 -1.780204e+000
    endloop
  endfacet
  facet normal 3.414016e-015 -1.000000e+000 -1.025748e-014
    outer loop
      vertex   6.639819e-001 5.690000e+000 -1.780204e+000
      vertex   4.739502e-001 5.690000e+000 -1.237334e+000
      vertex   5.352919e-001 5.690000e+000 -1.823037e+000
    endloop
  endfacet
  facet normal 1.136678e-014 -1.000000e+000 -9.424568e-015
    outer loop
      vertex   5.352919e-001 5.690000e+000 -1.823037e+000
      vertex   4.739502e-001 5.690000e+000 -1.237334e+000
      vertex   3.658285e-001 5.690000e+000 -1.273497e+000
    endloop
  endfacet
  facet normal 2.532178e-015 -1.000000e+000 -1.049751e-014
    outer loop
      vertex   4.038741e-001 5.690000e+000 -1.856579e+000
      vertex   3.658285e-001 5.690000e+000 -1.273497e+000
      vertex   2.549983e-001 5.690000e+000 -1.300231e+000
    endloop
  endfacet
  facet normal 9.235928e-015 -1.000000e+000 -8.936205e-015
    outer loop
      vertex   2.703982e-001 5.690000e+000 -1.880661e+000
      vertex   2.549983e-001 5.690000e+000 -1.300231e+000
      vertex   1.422803e-001 5.690000e+000 -1.317339e+000
    endloop
  endfacet
  facet normal 8.409211e-015 -1.000000e+000 -9.320742e-015
    outer loop
      vertex   1.355444e-001 5.690000e+000 -1.895159e+000
      vertex   1.422803e-001 5.690000e+000 -1.317339e+000
      vertex   2.850883e-002 5.690000e+000 -1.324693e+000
    endloop
  endfacet
  facet normal 7.584794e-015 -1.000000e+000 -9.638865e-015
    outer loop
      vertex   -3.439492e-014 5.690000e+000 -1.900000e+000
      vertex   2.850883e-002 5.690000e+000 -1.324693e+000
      vertex   -8.547370e-002 5.690000e+000 -1.322240e+000
    endloop
  endfacet
  facet normal -9.952346e-016 -1.000000e+000 -9.214637e-015
    outer loop
      vertex   -1.355444e-001 5.690000e+000 -1.895159e+000
      vertex   -8.547370e-002 5.690000e+000 -1.322240e+000
      vertex   -1.988234e-001 5.690000e+000 -1.309998e+000
    endloop
  endfacet
  facet normal 5.134023e-015 -1.000000e+000 -8.425917e-015
    outer loop
      vertex   -2.703982e-001 5.690000e+000 -1.880661e+000
      vertex   -1.988234e-001 5.690000e+000 -1.309998e+000
      vertex   -4.038741e-001 5.690000e+000 -1.856579e+000
    endloop
  endfacet
  facet normal 5.673086e-015 -1.000000e+000 -8.493529e-015
    outer loop
      vertex   -2.703982e-001 5.690000e+000 -1.880661e+000
      vertex   -1.355444e-001 5.690000e+000 -1.895159e+000
      vertex   -1.988234e-001 5.690000e+000 -1.309998e+000
    endloop
  endfacet
  facet normal 9.324642e-015 -1.000000e+000 -1.005431e-014
    outer loop
      vertex   5.352919e-001 5.690000e+000 -1.823037e+000
      vertex   3.658285e-001 5.690000e+000 -1.273497e+000
      vertex   4.038741e-001 5.690000e+000 -1.856579e+000
    endloop
  endfacet
  facet normal 8.271113e-015 -1.000000e+000 -8.961804e-015
    outer loop
      vertex   4.038741e-001 5.690000e+000 -1.856579e+000
      vertex   2.549983e-001 5.690000e+000 -1.300231e+000
      vertex   2.703982e-001 5.690000e+000 -1.880661e+000
    endloop
  endfacet
  facet normal 7.587288e-015 -1.000000e+000 -9.311160e-015
    outer loop
      vertex   2.703982e-001 5.690000e+000 -1.880661e+000
      vertex   1.422803e-001 5.690000e+000 -1.317339e+000
      vertex   1.355444e-001 5.690000e+000 -1.895159e+000
    endloop
  endfacet
  facet normal 6.895706e-015 -1.000000e+000 -9.604718e-015
    outer loop
      vertex   1.355444e-001 5.690000e+000 -1.895159e+000
      vertex   2.850883e-002 5.690000e+000 -1.324693e+000
      vertex   -3.439492e-014 5.690000e+000 -1.900000e+000
    endloop
  endfacet
  facet normal 6.201109e-015 -1.000000e+000 -9.843568e-015
    outer loop
      vertex   -3.439492e-014 5.690000e+000 -1.900000e+000
      vertex   -8.547370e-002 5.690000e+000 -1.322240e+000
      vertex   -1.355444e-001 5.690000e+000 -1.895159e+000
    endloop
  endfacet
  facet normal 6.207391e-015 -1.000000e+000 -8.828593e-015
    outer loop
      vertex   -1.988234e-001 5.690000e+000 -1.309998e+000
      vertex   -3.107011e-001 5.690000e+000 -1.288057e+000
      vertex   -4.038741e-001 5.690000e+000 -1.856579e+000
    endloop
  endfacet
  facet normal 4.573417e-015 -1.000000e+000 -8.560807e-015
    outer loop
      vertex   -4.038741e-001 5.690000e+000 -1.856579e+000
      vertex   -3.107011e-001 5.690000e+000 -1.288057e+000
      vertex   -5.352919e-001 5.690000e+000 -1.823037e+000
    endloop
  endfacet
  facet normal 5.530829e-015 -1.000000e+000 -8.962739e-015
    outer loop
      vertex   -5.352919e-001 5.690000e+000 -1.823037e+000
      vertex   -3.107011e-001 5.690000e+000 -1.288057e+000
      vertex   -4.202785e-001 5.690000e+000 -1.256579e+000
    endloop
  endfacet
  facet normal -2.757078e-015 -1.000000e+000 -7.197861e-015
    outer loop
      vertex   -6.639819e-001 5.690000e+000 -1.780204e+000
      vertex   -4.202785e-001 5.690000e+000 -1.256579e+000
      vertex   -5.267442e-001 5.690000e+000 -1.215798e+000
    endloop
  endfacet
  facet normal 4.240583e-015 -1.000000e+000 -9.104452e-015
    outer loop
      vertex   -7.892885e-001 5.690000e+000 -1.728301e+000
      vertex   -5.267442e-001 5.690000e+000 -1.215798e+000
      vertex   -6.293102e-001 5.690000e+000 -1.166016e+000
    endloop
  endfacet
  facet normal 3.630837e-015 -1.000000e+000 -9.119161e-015
    outer loop
      vertex   -9.105731e-001 5.690000e+000 -1.667590e+000
      vertex   -6.293102e-001 5.690000e+000 -1.166016e+000
      vertex   -7.272169e-001 5.690000e+000 -1.107601e+000
    endloop
  endfacet
  facet normal -3.619118e-015 -1.000000e+000 -5.026639e-015
    outer loop
      vertex   -1.027218e+000 5.690000e+000 -1.598382e+000
      vertex   -7.272169e-001 5.690000e+000 -1.107601e+000
      vertex   -8.197396e-001 5.690000e+000 -1.040986e+000
    endloop
  endfacet
  facet normal -2.913385e-015 -1.000000e+000 -3.615290e-015
    outer loop
      vertex   -1.138628e+000 5.690000e+000 -1.521028e+000
      vertex   -8.197396e-001 5.690000e+000 -1.040986e+000
      vertex   -1.244235e+000 5.690000e+000 -1.435924e+000
    endloop
  endfacet
  facet normal 2.818381e-015 -1.000000e+000 -7.422852e-015
    outer loop
      vertex   -1.138628e+000 5.690000e+000 -1.521028e+000
      vertex   -1.027218e+000 5.690000e+000 -1.598382e+000
      vertex   -8.197396e-001 5.690000e+000 -1.040986e+000
    endloop
  endfacet
  facet normal -2.444152e-015 -1.000000e+000 -7.343501e-015
    outer loop
      vertex   -5.352919e-001 5.690000e+000 -1.823037e+000
      vertex   -4.202785e-001 5.690000e+000 -1.256579e+000
      vertex   -6.639819e-001 5.690000e+000 -1.780204e+000
    endloop
  endfacet
  facet normal 3.478553e-015 -1.000000e+000 -8.714080e-015
    outer loop
      vertex   -6.639819e-001 5.690000e+000 -1.780204e+000
      vertex   -5.267442e-001 5.690000e+000 -1.215798e+000
      vertex   -7.892885e-001 5.690000e+000 -1.728301e+000
    endloop
  endfacet
  facet normal 2.949593e-015 -1.000000e+000 -8.737147e-015
    outer loop
      vertex   -7.892885e-001 5.690000e+000 -1.728301e+000
      vertex   -6.293102e-001 5.690000e+000 -1.166016e+000
      vertex   -9.105731e-001 5.690000e+000 -1.667590e+000
    endloop
  endfacet
  facet normal 2.435900e-015 -1.000000e+000 -8.727905e-015
    outer loop
      vertex   -9.105731e-001 5.690000e+000 -1.667590e+000
      vertex   -7.272169e-001 5.690000e+000 -1.107601e+000
      vertex   -1.027218e+000 5.690000e+000 -1.598382e+000
    endloop
  endfacet
  facet normal 2.325063e-015 -1.000000e+000 -9.245789e-015
    outer loop
      vertex   -8.197396e-001 5.690000e+000 -1.040986e+000
      vertex   -9.061932e-001 5.690000e+000 -9.666638e-001
      vertex   -1.244235e+000 5.690000e+000 -1.435924e+000
    endloop
  endfacet
  facet normal 1.136409e-015 -1.000000e+000 -8.389516e-015
    outer loop
      vertex   -1.244235e+000 5.690000e+000 -1.435924e+000
      vertex   -9.061932e-001 5.690000e+000 -9.666638e-001
      vertex   -1.343503e+000 5.690000e+000 -1.343503e+000
    endloop
  endfacet
  facet normal -3.305358e-015 -1.000000e+000 -3.234989e-015
    outer loop
      vertex   -1.343503e+000 5.690000e+000 -1.343503e+000
      vertex   -9.061932e-001 5.690000e+000 -9.666638e-001
      vertex   -9.859377e-001 5.690000e+000 -8.851846e-001
    endloop
  endfacet
  facet normal 2.476552e-015 -1.000000e+000 -8.051150e-015
    outer loop
      vertex   -1.435924e+000 5.690000e+000 -1.244235e+000
      vertex   -9.859377e-001 5.690000e+000 -8.851846e-001
      vertex   -1.058383e+000 5.690000e+000 -7.971519e-001
    endloop
  endfacet
  facet normal -3.820036e-015 -1.000000e+000 -2.627455e-015
    outer loop
      vertex   -1.521028e+000 5.690000e+000 -1.138628e+000
      vertex   -1.058383e+000 5.690000e+000 -7.971519e-001
      vertex   -1.122992e+000 5.690000e+000 -7.032173e-001
    endloop
  endfacet
  facet normal -2.694039e-015 -1.000000e+000 -1.529745e-015
    outer loop
      vertex   -1.598382e+000 5.690000e+000 -1.027218e+000
      vertex   -1.122992e+000 5.690000e+000 -7.032173e-001
      vertex   -1.179287e+000 5.690000e+000 -6.040764e-001
    endloop
  endfacet
  facet normal 7.295152e-016 -1.000000e+000 -6.957927e-015
    outer loop
      vertex   -1.667590e+000 5.690000e+000 -9.105731e-001
      vertex   -1.179287e+000 5.690000e+000 -6.040764e-001
      vertex   -1.728301e+000 5.690000e+000 -7.892885e-001
    endloop
  endfacet
  facet normal -2.650660e-015 -1.000000e+000 -1.572709e-015
    outer loop
      vertex   -1.667590e+000 5.690000e+000 -9.105731e-001
      vertex   -1.598382e+000 5.690000e+000 -1.027218e+000
      vertex   -1.179287e+000 5.690000e+000 -6.040764e-001
    endloop
  endfacet
  facet normal 1.831230e-015 -1.000000e+000 -7.242389e-015
    outer loop
      vertex   -1.343503e+000 5.690000e+000 -1.343503e+000
      vertex   -9.859377e-001 5.690000e+000 -8.851846e-001
      vertex   -1.435924e+000 5.690000e+000 -1.244235e+000
    endloop
  endfacet
  facet normal -3.611342e-015 -1.000000e+000 -2.910203e-015
    outer loop
      vertex   -1.435924e+000 5.690000e+000 -1.244235e+000
      vertex   -1.058383e+000 5.690000e+000 -7.971519e-001
      vertex   -1.521028e+000 5.690000e+000 -1.138628e+000
    endloop
  endfacet
  facet normal 1.151750e-015 -1.000000e+000 -7.172486e-015
    outer loop
      vertex   -1.521028e+000 5.690000e+000 -1.138628e+000
      vertex   -1.122992e+000 5.690000e+000 -7.032173e-001
      vertex   -1.598382e+000 5.690000e+000 -1.027218e+000
    endloop
  endfacet
  facet normal 1.103201e-015 -1.000000e+000 -8.065624e-015
    outer loop
      vertex   -1.179287e+000 5.690000e+000 -6.040764e-001
      vertex   -1.226850e+000 5.690000e+000 -5.004631e-001
      vertex   -1.728301e+000 5.690000e+000 -7.892885e-001
    endloop
  endfacet
  facet normal -2.860082e-015 -1.000000e+000 -1.184685e-015
    outer loop
      vertex   -1.728301e+000 5.690000e+000 -7.892885e-001
      vertex   -1.226850e+000 5.690000e+000 -5.004631e-001
      vertex   -1.780204e+000 5.690000e+000 -6.639819e-001
    endloop
  endfacet
  facet normal -2.902609e-015 -1.000000e+000 -1.040772e-015
    outer loop
      vertex   -1.780204e+000 5.690000e+000 -6.639819e-001
      vertex   -1.226850e+000 5.690000e+000 -5.004631e-001
      vertex   -1.265331e+000 5.690000e+000 -3.931445e-001
    endloop
  endfacet
  facet normal -2.984229e-015 -1.000000e+000 -7.881621e-016
    outer loop
      vertex   -1.823037e+000 5.690000e+000 -5.352919e-001
      vertex   -1.265331e+000 5.690000e+000 -3.931445e-001
      vertex   -1.294444e+000 5.690000e+000 -2.829152e-001
    endloop
  endfacet
  facet normal -3.046058e-015 -1.000000e+000 -5.295962e-016
    outer loop
      vertex   -1.856579e+000 5.690000e+000 -4.038741e-001
      vertex   -1.294444e+000 5.690000e+000 -2.829152e-001
      vertex   -1.313972e+000 5.690000e+000 -1.705913e-001
    endloop
  endfacet
  facet normal -1.538188e-015 -1.000000e+000 -1.653723e-016
    outer loop
      vertex   -1.880661e+000 5.690000e+000 -2.703982e-001
      vertex   -1.313972e+000 5.690000e+000 -1.705913e-001
      vertex   -1.895159e+000 5.690000e+000 -1.355444e-001
    endloop
  endfacet
  facet normal -3.831757e-016 -1.000000e+000 -6.723358e-015
    outer loop
      vertex   -1.880661e+000 5.690000e+000 -2.703982e-001
      vertex   -1.856579e+000 5.690000e+000 -4.038741e-001
      vertex   -1.313972e+000 5.690000e+000 -1.705913e-001
    endloop
  endfacet
  facet normal -2.936045e-015 -1.000000e+000 -9.772096e-016
    outer loop
      vertex   -1.780204e+000 5.690000e+000 -6.639819e-001
      vertex   -1.265331e+000 5.690000e+000 -3.931445e-001
      vertex   -1.823037e+000 5.690000e+000 -5.352919e-001
    endloop
  endfacet
  facet normal -2.995500e-015 -1.000000e+000 -7.645558e-016
    outer loop
      vertex   -1.823037e+000 5.690000e+000 -5.352919e-001
      vertex   -1.294444e+000 5.690000e+000 -2.829152e-001
      vertex   -1.856579e+000 5.690000e+000 -4.038741e-001
    endloop
  endfacet
  facet normal -1.536209e-015 -1.000000e+000 -1.325506e-016
    outer loop
      vertex   -1.313972e+000 5.690000e+000 -1.705913e-001
      vertex   -1.323773e+000 5.690000e+000 -5.700446e-002
      vertex   -1.895159e+000 5.690000e+000 -1.355444e-001
    endloop
  endfacet
  facet normal -2.443134e-015 -1.000000e+000 6.465416e-015
    outer loop
      vertex   -1.895159e+000 5.690000e+000 -1.355444e-001
      vertex   -1.323773e+000 5.690000e+000 -5.700446e-002
      vertex   -1.900000e+000 5.690000e+000 0.000000e+000
    endloop
  endfacet
  facet normal -3.082739e-015 -1.000000e+000 0.000000e+000
    outer loop
      vertex   -1.900000e+000 5.690000e+000 0.000000e+000
      vertex   -1.323773e+000 5.690000e+000 -5.700446e-002
      vertex   -1.323773e+000 5.690000e+000 5.700446e-002
    endloop
  endfacet
  facet normal -1.531792e-015 -1.000000e+000 1.646847e-016
    outer loop
      vertex   -1.895159e+000 5.690000e+000 1.355444e-001
      vertex   -1.323773e+000 5.690000e+000 5.700446e-002
      vertex   -1.880661e+000 5.690000e+000 2.703982e-001
    endloop
  endfacet
  facet normal -2.443134e-015 -1.000000e+000 -6.465416e-015
    outer loop
      vertex   -1.895159e+000 5.690000e+000 1.355444e-001
      vertex   -1.900000e+000 5.690000e+000 0.000000e+000
      vertex   -1.323773e+000 5.690000e+000 5.700446e-002
    endloop
  endfacet
  facet normal -3.396887e-014 -1.000000e+000 2.930977e-015
    outer loop
      vertex   -1.313972e+000 5.690000e+000 1.705913e-001
      vertex   -1.343503e+000 5.690000e+000 1.343503e+000
      vertex   -1.323773e+000 5.690000e+000 5.700446e-002
    endloop
  endfacet
  facet normal -1.902238e-014 -1.000000e+000 3.307285e-015
    outer loop
      vertex   -1.313972e+000 5.690000e+000 1.705913e-001
      vertex   -1.294444e+000 5.690000e+000 2.829152e-001
      vertex   -1.343503e+000 5.690000e+000 1.343503e+000
    endloop
  endfacet
  facet normal -1.349117e-014 -1.000000e+000 3.563141e-015
    outer loop
      vertex   -1.343503e+000 5.690000e+000 1.343503e+000
      vertex   -1.294444e+000 5.690000e+000 2.829152e-001
      vertex   -1.265331e+000 5.690000e+000 3.931445e-001
    endloop
  endfacet
  facet normal -1.060039e-014 -1.000000e+000 3.800923e-015
    outer loop
      vertex   -1.226850e+000 5.690000e+000 5.004631e-001
      vertex   -1.343503e+000 5.690000e+000 1.343503e+000
      vertex   -1.265331e+000 5.690000e+000 3.931445e-001
    endloop
  endfacet
  facet normal 5.530988e-015 -1.000000e+000 6.033044e-015
    outer loop
      vertex   -1.226850e+000 5.690000e+000 5.004631e-001
      vertex   -1.179287e+000 5.690000e+000 6.040764e-001
      vertex   -1.343503e+000 5.690000e+000 1.343503e+000
    endloop
  endfacet
  facet normal -6.082560e-015 -1.000000e+000 3.453836e-015
    outer loop
      vertex   -1.343503e+000 5.690000e+000 1.343503e+000
      vertex   -1.179287e+000 5.690000e+000 6.040764e-001
      vertex   -1.122992e+000 5.690000e+000 7.032173e-001
    endloop
  endfacet
  facet normal -5.375525e-015 -1.000000e+000 3.697335e-015
    outer loop
      vertex   -1.058383e+000 5.690000e+000 7.971519e-001
      vertex   -1.343503e+000 5.690000e+000 1.343503e+000
      vertex   -1.122992e+000 5.690000e+000 7.032173e-001
    endloop
  endfacet
  facet normal 2.666996e-015 -1.000000e+000 7.894427e-015
    outer loop
      vertex   -1.058383e+000 5.690000e+000 7.971519e-001
      vertex   -9.859377e-001 5.690000e+000 8.851846e-001
      vertex   -1.343503e+000 5.690000e+000 1.343503e+000
    endloop
  endfacet
  facet normal -3.305358e-015 -1.000000e+000 3.234989e-015
    outer loop
      vertex   -1.343503e+000 5.690000e+000 1.343503e+000
      vertex   -9.859377e-001 5.690000e+000 8.851846e-001
      vertex   -9.061932e-001 5.690000e+000 9.666638e-001
    endloop
  endfacet
  facet normal 2.325063e-015 -1.000000e+000 9.245789e-015
    outer loop
      vertex   -1.244235e+000 5.690000e+000 1.435924e+000
      vertex   -9.061932e-001 5.690000e+000 9.666638e-001
      vertex   -8.197396e-001 5.690000e+000 1.040986e+000
    endloop
  endfacet
  facet normal 2.818381e-015 -1.000000e+000 7.422852e-015
    outer loop
      vertex   -1.138628e+000 5.690000e+000 1.521028e+000
      vertex   -8.197396e-001 5.690000e+000 1.040986e+000
      vertex   -1.027218e+000 5.690000e+000 1.598382e+000
    endloop
  endfacet
  facet normal -2.913385e-015 -1.000000e+000 3.615290e-015
    outer loop
      vertex   -1.138628e+000 5.690000e+000 1.521028e+000
      vertex   -1.244235e+000 5.690000e+000 1.435924e+000
      vertex   -8.197396e-001 5.690000e+000 1.040986e+000
    endloop
  endfacet
  facet normal 1.136409e-015 -1.000000e+000 8.389516e-015
    outer loop
      vertex   -1.343503e+000 5.690000e+000 1.343503e+000
      vertex   -9.061932e-001 5.690000e+000 9.666638e-001
      vertex   -1.244235e+000 5.690000e+000 1.435924e+000
    endloop
  endfacet
  facet normal -3.619118e-015 -1.000000e+000 5.026639e-015
    outer loop
      vertex   -8.197396e-001 5.690000e+000 1.040986e+000
      vertex   -7.272169e-001 5.690000e+000 1.107601e+000
      vertex   -1.027218e+000 5.690000e+000 1.598382e+000
    endloop
  endfacet
  facet normal 2.435900e-015 -1.000000e+000 8.727905e-015
    outer loop
      vertex   -1.027218e+000 5.690000e+000 1.598382e+000
      vertex   -7.272169e-001 5.690000e+000 1.107601e+000
      vertex   -9.105731e-001 5.690000e+000 1.667590e+000
    endloop
  endfacet
  facet normal 3.630837e-015 -1.000000e+000 9.119161e-015
    outer loop
      vertex   -9.105731e-001 5.690000e+000 1.667590e+000
      vertex   -7.272169e-001 5.690000e+000 1.107601e+000
      vertex   -6.293102e-001 5.690000e+000 1.166016e+000
    endloop
  endfacet
  facet normal 4.240583e-015 -1.000000e+000 9.104452e-015
    outer loop
      vertex   -7.892885e-001 5.690000e+000 1.728301e+000
      vertex   -6.293102e-001 5.690000e+000 1.166016e+000
      vertex   -5.267442e-001 5.690000e+000 1.215798e+000
    endloop
  endfacet
  facet normal -2.757078e-015 -1.000000e+000 7.197861e-015
    outer loop
      vertex   -6.639819e-001 5.690000e+000 1.780204e+000
      vertex   -5.267442e-001 5.690000e+000 1.215798e+000
      vertex   -4.202785e-001 5.690000e+000 1.256579e+000
    endloop
  endfacet
  facet normal 5.530829e-015 -1.000000e+000 8.962739e-015
    outer loop
      vertex   -5.352919e-001 5.690000e+000 1.823037e+000
      vertex   -4.202785e-001 5.690000e+000 1.256579e+000
      vertex   -3.107011e-001 5.690000e+000 1.288057e+000
    endloop
  endfacet
  facet normal 6.207391e-015 -1.000000e+000 8.828593e-015
    outer loop
      vertex   -4.038741e-001 5.690000e+000 1.856579e+000
      vertex   -3.107011e-001 5.690000e+000 1.288057e+000
      vertex   -1.988234e-001 5.690000e+000 1.309998e+000
    endloop
  endfacet
  facet normal 5.673086e-015 -1.000000e+000 8.493529e-015
    outer loop
      vertex   -2.703982e-001 5.690000e+000 1.880661e+000
      vertex   -1.988234e-001 5.690000e+000 1.309998e+000
      vertex   -1.355444e-001 5.690000e+000 1.895159e+000
    endloop
  endfacet
  facet normal 5.134023e-015 -1.000000e+000 8.425917e-015
    outer loop
      vertex   -2.703982e-001 5.690000e+000 1.880661e+000
      vertex   -4.038741e-001 5.690000e+000 1.856579e+000
      vertex   -1.988234e-001 5.690000e+000 1.309998e+000
    endloop
  endfacet
  facet normal 2.949593e-015 -1.000000e+000 8.737147e-015
    outer loop
      vertex   -9.105731e-001 5.690000e+000 1.667590e+000
      vertex   -6.293102e-001 5.690000e+000 1.166016e+000
      vertex   -7.892885e-001 5.690000e+000 1.728301e+000
    endloop
  endfacet
  facet normal 3.478553e-015 -1.000000e+000 8.714080e-015
    outer loop
      vertex   -7.892885e-001 5.690000e+000 1.728301e+000
      vertex   -5.267442e-001 5.690000e+000 1.215798e+000
      vertex   -6.639819e-001 5.690000e+000 1.780204e+000
    endloop
  endfacet
  facet normal -2.444152e-015 -1.000000e+000 7.343501e-015
    outer loop
      vertex   -6.639819e-001 5.690000e+000 1.780204e+000
      vertex   -4.202785e-001 5.690000e+000 1.256579e+000
      vertex   -5.352919e-001 5.690000e+000 1.823037e+000
    endloop
  endfacet
  facet normal 4.573417e-015 -1.000000e+000 8.560807e-015
    outer loop
      vertex   -5.352919e-001 5.690000e+000 1.823037e+000
      vertex   -3.107011e-001 5.690000e+000 1.288057e+000
      vertex   -4.038741e-001 5.690000e+000 1.856579e+000
    endloop
  endfacet
  facet normal -9.952346e-016 -1.000000e+000 9.214637e-015
    outer loop
      vertex   -1.988234e-001 5.690000e+000 1.309998e+000
      vertex   -8.547370e-002 5.690000e+000 1.322240e+000
      vertex   -1.355444e-001 5.690000e+000 1.895159e+000
    endloop
  endfacet
  facet normal 6.201109e-015 -1.000000e+000 9.843568e-015
    outer loop
      vertex   -1.355444e-001 5.690000e+000 1.895159e+000
      vertex   -8.547370e-002 5.690000e+000 1.322240e+000
      vertex   -3.486028e-014 5.690000e+000 1.900000e+000
    endloop
  endfacet
  facet normal 7.584794e-015 -1.000000e+000 9.638865e-015
    outer loop
      vertex   -3.486028e-014 5.690000e+000 1.900000e+000
      vertex   -8.547370e-002 5.690000e+000 1.322240e+000
      vertex   2.850883e-002 5.690000e+000 1.324693e+000
    endloop
  endfacet
  facet normal 8.409211e-015 -1.000000e+000 9.320742e-015
    outer loop
      vertex   1.355444e-001 5.690000e+000 1.895159e+000
      vertex   2.850883e-002 5.690000e+000 1.324693e+000
      vertex   1.422803e-001 5.690000e+000 1.317339e+000
    endloop
  endfacet
  facet normal 9.235928e-015 -1.000000e+000 8.936205e-015
    outer loop
      vertex   2.703982e-001 5.690000e+000 1.880661e+000
      vertex   1.422803e-001 5.690000e+000 1.317339e+000
      vertex   2.549983e-001 5.690000e+000 1.300231e+000
    endloop
  endfacet
  facet normal 2.532178e-015 -1.000000e+000 1.049751e-014
    outer loop
      vertex   4.038741e-001 5.690000e+000 1.856579e+000
      vertex   2.549983e-001 5.690000e+000 1.300231e+000
      vertex   3.658285e-001 5.690000e+000 1.273497e+000
    endloop
  endfacet
  facet normal 1.136678e-014 -1.000000e+000 9.424568e-015
    outer loop
      vertex   5.352919e-001 5.690000e+000 1.823037e+000
      vertex   3.658285e-001 5.690000e+000 1.273497e+000
      vertex   4.739502e-001 5.690000e+000 1.237334e+000
    endloop
  endfacet
  facet normal 1.168052e-014 -1.000000e+000 7.363786e-015
    outer loop
      vertex   6.639819e-001 5.690000e+000 1.780204e+000
      vertex   4.739502e-001 5.690000e+000 1.237334e+000
      vertex   5.785629e-001 5.690000e+000 1.192011e+000
    endloop
  endfacet
  facet normal 1.096875e-014 -1.000000e+000 7.283097e-015
    outer loop
      vertex   7.892885e-001 5.690000e+000 1.728301e+000
      vertex   5.785629e-001 5.690000e+000 1.192011e+000
      vertex   9.105731e-001 5.690000e+000 1.667590e+000
    endloop
  endfacet
  facet normal 1.022573e-014 -1.000000e+000 7.575054e-015
    outer loop
      vertex   7.892885e-001 5.690000e+000 1.728301e+000
      vertex   6.639819e-001 5.690000e+000 1.780204e+000
      vertex   5.785629e-001 5.690000e+000 1.192011e+000
    endloop
  endfacet
  facet normal 6.895706e-015 -1.000000e+000 9.604718e-015
    outer loop
      vertex   -3.486028e-014 5.690000e+000 1.900000e+000
      vertex   2.850883e-002 5.690000e+000 1.324693e+000
      vertex   1.355444e-001 5.690000e+000 1.895159e+000
    endloop
  endfacet
  facet normal 7.587288e-015 -1.000000e+000 9.311160e-015
    outer loop
      vertex   1.355444e-001 5.690000e+000 1.895159e+000
      vertex   1.422803e-001 5.690000e+000 1.317339e+000
      vertex   2.703982e-001 5.690000e+000 1.880661e+000
    endloop
  endfacet
  facet normal 8.271113e-015 -1.000000e+000 8.961804e-015
    outer loop
      vertex   2.703982e-001 5.690000e+000 1.880661e+000
      vertex   2.549983e-001 5.690000e+000 1.300231e+000
      vertex   4.038741e-001 5.690000e+000 1.856579e+000
    endloop
  endfacet
  facet normal 9.324642e-015 -1.000000e+000 1.005431e-014
    outer loop
      vertex   4.038741e-001 5.690000e+000 1.856579e+000
      vertex   3.658285e-001 5.690000e+000 1.273497e+000
      vertex   5.352919e-001 5.690000e+000 1.823037e+000
    endloop
  endfacet
  facet normal 3.414016e-015 -1.000000e+000 1.025748e-014
    outer loop
      vertex   5.352919e-001 5.690000e+000 1.823037e+000
      vertex   4.739502e-001 5.690000e+000 1.237334e+000
      vertex   6.639819e-001 5.690000e+000 1.780204e+000
    endloop
  endfacet
  facet normal 5.856832e-015 -1.000000e+000 1.085182e-014
    outer loop
      vertex   5.785629e-001 5.690000e+000 1.192011e+000
      vertex   6.788921e-001 5.690000e+000 1.137862e+000
      vertex   9.105731e-001 5.690000e+000 1.667590e+000
    endloop
  endfacet
  facet normal 1.236440e-014 -1.000000e+000 8.005681e-015
    outer loop
      vertex   9.105731e-001 5.690000e+000 1.667590e+000
      vertex   6.788921e-001 5.690000e+000 1.137862e+000
      vertex   1.027218e+000 5.690000e+000 1.598382e+000
    endloop
  endfacet
  facet normal 1.384201e-014 -1.000000e+000 6.888052e-015
    outer loop
      vertex   1.027218e+000 5.690000e+000 1.598382e+000
      vertex   6.788921e-001 5.690000e+000 1.137862e+000
      vertex   7.741951e-001 5.690000e+000 1.075289e+000
    endloop
  endfacet
  facet normal 8.590879e-015 -1.000000e+000 1.090954e-014
    outer loop
      vertex   1.138628e+000 5.690000e+000 1.521028e+000
      vertex   7.741951e-001 5.690000e+000 1.075289e+000
      vertex   8.637662e-001 5.690000e+000 1.004755e+000
    endloop
  endfacet
  facet normal 1.535558e-014 -1.000000e+000 4.989409e-015
    outer loop
      vertex   1.244235e+000 5.690000e+000 1.435924e+000
      vertex   8.637662e-001 5.690000e+000 1.004755e+000
      vertex   9.469422e-001 5.690000e+000 9.267823e-001
    endloop
  endfacet
  facet normal 1.037192e-014 -1.000000e+000 9.312016e-015
    outer loop
      vertex   1.343503e+000 5.690000e+000 1.343503e+000
      vertex   9.469422e-001 5.690000e+000 9.267823e-001
      vertex   1.023107e+000 5.690000e+000 8.419478e-001
    endloop
  endfacet
  facet normal 1.205126e-014 -1.000000e+000 9.711518e-015
    outer loop
      vertex   1.435924e+000 5.690000e+000 1.244235e+000
      vertex   1.023107e+000 5.690000e+000 8.419478e-001
      vertex   1.521028e+000 5.690000e+000 1.138628e+000
    endloop
  endfacet
  facet normal 1.585194e-014 -1.000000e+000 5.811358e-015
    outer loop
      vertex   1.435924e+000 5.690000e+000 1.244235e+000
      vertex   1.343503e+000 5.690000e+000 1.343503e+000
      vertex   1.023107e+000 5.690000e+000 8.419478e-001
    endloop
  endfacet
  facet normal 1.302800e-014 -1.000000e+000 7.281793e-015
    outer loop
      vertex   1.027218e+000 5.690000e+000 1.598382e+000
      vertex   7.741951e-001 5.690000e+000 1.075289e+000
      vertex   1.138628e+000 5.690000e+000 1.521028e+000
    endloop
  endfacet
  facet normal 8.731245e-015 -1.000000e+000 1.083481e-014
    outer loop
      vertex   1.138628e+000 5.690000e+000 1.521028e+000
      vertex   8.637662e-001 5.690000e+000 1.004755e+000
      vertex   1.244235e+000 5.690000e+000 1.435924e+000
    endloop
  endfacet
  facet normal 1.421351e-014 -1.000000e+000 5.656280e-015
    outer loop
      vertex   1.244235e+000 5.690000e+000 1.435924e+000
      vertex   9.469422e-001 5.690000e+000 9.267823e-001
      vertex   1.343503e+000 5.690000e+000 1.343503e+000
    endloop
  endfacet
  facet normal 1.632340e-014 -1.000000e+000 2.541531e-015
    outer loop
      vertex   1.023107e+000 5.690000e+000 8.419478e-001
      vertex   1.091698e+000 5.690000e+000 7.508798e-001
      vertex   1.521028e+000 5.690000e+000 1.138628e+000
    endloop
  endfacet
  facet normal 1.586832e-014 -1.000000e+000 3.045414e-015
    outer loop
      vertex   1.521028e+000 5.690000e+000 1.138628e+000
      vertex   1.091698e+000 5.690000e+000 7.508798e-001
      vertex   1.598382e+000 5.690000e+000 1.027218e+000
    endloop
  endfacet
  facet normal 1.306670e-014 -1.000000e+000 8.182369e-015
    outer loop
      vertex   1.598382e+000 5.690000e+000 1.027218e+000
      vertex   1.091698e+000 5.690000e+000 7.508798e-001
      vertex   1.152206e+000 5.690000e+000 6.542526e-001
    endloop
  endfacet
  facet normal 1.720378e-014 -1.000000e+000 5.942190e-017
    outer loop
      vertex   1.667590e+000 5.690000e+000 9.105731e-001
      vertex   1.152206e+000 5.690000e+000 6.542526e-001
      vertex   1.204183e+000 5.690000e+000 5.527815e-001
    endloop
  endfacet
  facet normal 1.431173e-014 -1.000000e+000 5.838116e-015
    outer loop
      vertex   1.728301e+000 5.690000e+000 7.892885e-001
      vertex   1.204183e+000 5.690000e+000 5.527815e-001
      vertex   1.247245e+000 5.690000e+000 4.472178e-001
    endloop
  endfacet
  facet normal 1.467809e-014 -1.000000e+000 4.885336e-015
    outer loop
      vertex   1.780204e+000 5.690000e+000 6.639819e-001
      vertex   1.247245e+000 5.690000e+000 4.472178e-001
      vertex   1.823037e+000 5.690000e+000 5.352919e-001
    endloop
  endfacet
  facet normal 1.426230e-014 -1.000000e+000 5.907637e-015
    outer loop
      vertex   1.780204e+000 5.690000e+000 6.639819e-001
      vertex   1.728301e+000 5.690000e+000 7.892885e-001
      vertex   1.247245e+000 5.690000e+000 4.472178e-001
    endloop
  endfacet
  facet normal 1.330672e-014 -1.000000e+000 7.895242e-015
    outer loop
      vertex   1.598382e+000 5.690000e+000 1.027218e+000
      vertex   1.152206e+000 5.690000e+000 6.542526e-001
      vertex   1.667590e+000 5.690000e+000 9.105731e-001
    endloop
  endfacet
  facet normal 1.651934e-014 -1.000000e+000 9.458947e-016
    outer loop
      vertex   1.667590e+000 5.690000e+000 9.105731e-001
      vertex   1.204183e+000 5.690000e+000 5.527815e-001
      vertex   1.728301e+000 5.690000e+000 7.892885e-001
    endloop
  endfacet
  facet normal 1.472551e-014 -1.000000e+000 4.575288e-015
    outer loop
      vertex   1.247245e+000 5.690000e+000 4.472178e-001
      vertex   1.281073e+000 5.690000e+000 3.383431e-001
      vertex   1.823037e+000 5.690000e+000 5.352919e-001
    endloop
  endfacet
  facet normal 1.499715e-014 -1.000000e+000 3.827794e-015
    outer loop
      vertex   1.823037e+000 5.690000e+000 5.352919e-001
      vertex   1.281073e+000 5.690000e+000 3.383431e-001
      vertex   1.856579e+000 5.690000e+000 4.038741e-001
    endloop
  endfacet
  facet normal 1.505826e-014 -1.000000e+000 3.291151e-015
    outer loop
      vertex   1.856579e+000 5.690000e+000 4.038741e-001
      vertex   1.281073e+000 5.690000e+000 3.383431e-001
      vertex   1.305417e+000 5.690000e+000 2.269634e-001
    endloop
  endfacet
  facet normal 1.681915e-014 -1.000000e+000 2.183609e-015
    outer loop
      vertex   1.880661e+000 5.690000e+000 2.703982e-001
      vertex   1.305417e+000 5.690000e+000 2.269634e-001
      vertex   1.320095e+000 5.690000e+000 1.139034e-001
    endloop
  endfacet
  facet normal 1.725483e-014 -1.000000e+000 -7.054620e-015
    outer loop
      vertex   1.895159e+000 5.690000e+000 1.355444e-001
      vertex   1.320095e+000 5.690000e+000 1.139034e-001
      vertex   1.325000e+000 5.690000e+000 1.622657e-016
    endloop
  endfacet
  facet normal 1.544658e-014 -1.000000e+000 -5.516760e-016
    outer loop
      vertex   1.900000e+000 5.690000e+000 2.326829e-016
      vertex   1.325000e+000 5.690000e+000 1.622657e-016
      vertex   1.895159e+000 5.690000e+000 -1.355444e-001
    endloop
  endfacet
  facet normal 1.544658e-014 -1.000000e+000 5.516760e-016
    outer loop
      vertex   1.900000e+000 5.690000e+000 2.326829e-016
      vertex   1.895159e+000 5.690000e+000 1.355444e-001
      vertex   1.325000e+000 5.690000e+000 1.622657e-016
    endloop
  endfacet
  facet normal 1.725145e-014 -1.000000e+000 -3.541721e-015
    outer loop
      vertex   1.856579e+000 5.690000e+000 4.038741e-001
      vertex   1.305417e+000 5.690000e+000 2.269634e-001
      vertex   1.880661e+000 5.690000e+000 2.703982e-001
    endloop
  endfacet
  facet normal 1.692089e-014 -1.000000e+000 1.819184e-015
    outer loop
      vertex   1.880661e+000 5.690000e+000 2.703982e-001
      vertex   1.320095e+000 5.690000e+000 1.139034e-001
      vertex   1.895159e+000 5.690000e+000 1.355444e-001
    endloop
  endfacet
  facet normal 5.806829e-015 -1.000000e+000 3.540975e-015
    outer loop
      vertex   -1.343503e+000 5.690000e+000 1.343503e+000
      vertex   -1.435924e+000 5.690000e+000 1.244235e+000
      vertex   -1.323773e+000 5.690000e+000 5.700446e-002
    endloop
  endfacet
  facet normal -3.323766e-015 -1.000000e+000 2.678460e-015
    outer loop
      vertex   -1.323773e+000 5.690000e+000 5.700446e-002
      vertex   -1.435924e+000 5.690000e+000 1.244235e+000
      vertex   -1.521028e+000 5.690000e+000 1.138628e+000
    endloop
  endfacet
  facet normal 5.346918e-015 -1.000000e+000 4.259728e-015
    outer loop
      vertex   -1.598382e+000 5.690000e+000 1.027218e+000
      vertex   -1.323773e+000 5.690000e+000 5.700446e-002
      vertex   -1.521028e+000 5.690000e+000 1.138628e+000
    endloop
  endfacet
  facet normal -3.133779e-015 -1.000000e+000 1.859357e-015
    outer loop
      vertex   -1.598382e+000 5.690000e+000 1.027218e+000
      vertex   -1.667590e+000 5.690000e+000 9.105731e-001
      vertex   -1.323773e+000 5.690000e+000 5.700446e-002
    endloop
  endfacet
  facet normal 4.650901e-015 -1.000000e+000 4.995021e-015
    outer loop
      vertex   -1.323773e+000 5.690000e+000 5.700446e-002
      vertex   -1.667590e+000 5.690000e+000 9.105731e-001
      vertex   -1.728301e+000 5.690000e+000 7.892885e-001
    endloop
  endfacet
  facet normal -2.509512e-015 -1.000000e+000 1.039474e-015
    outer loop
      vertex   -1.780204e+000 5.690000e+000 6.639819e-001
      vertex   -1.323773e+000 5.690000e+000 5.700446e-002
      vertex   -1.728301e+000 5.690000e+000 7.892885e-001
    endloop
  endfacet
  facet normal -2.697774e-015 -1.000000e+000 8.979054e-016
    outer loop
      vertex   -1.780204e+000 5.690000e+000 6.639819e-001
      vertex   -1.823037e+000 5.690000e+000 5.352919e-001
      vertex   -1.323773e+000 5.690000e+000 5.700446e-002
    endloop
  endfacet
  facet normal -2.858917e-015 -1.000000e+000 7.296951e-016
    outer loop
      vertex   -1.323773e+000 5.690000e+000 5.700446e-002
      vertex   -1.823037e+000 5.690000e+000 5.352919e-001
      vertex   -1.856579e+000 5.690000e+000 4.038741e-001
    endloop
  endfacet
  facet normal 8.931849e-016 -1.000000e+000 6.493077e-015
    outer loop
      vertex   -1.880661e+000 5.690000e+000 2.703982e-001
      vertex   -1.323773e+000 5.690000e+000 5.700446e-002
      vertex   -1.856579e+000 5.690000e+000 4.038741e-001
    endloop
  endfacet
  facet normal -9.990741e-001 -5.915707e-015 4.302223e-002
    outer loop
      vertex   1.320095e+000 5.990000e+000 -1.139034e-001
      vertex   1.320095e+000 5.690000e+000 -1.139034e-001
      vertex   1.325000e+000 5.990000e+000 1.622657e-016
    endloop
  endfacet
  facet normal -9.916773e-001 -5.877057e-015 1.287482e-001
    outer loop
      vertex   1.320095e+000 5.990000e+000 -1.139034e-001
      vertex   1.305417e+000 5.690000e+000 -2.269634e-001
      vertex   1.320095e+000 5.690000e+000 -1.139034e-001
    endloop
  endfacet
  facet normal -9.916773e-001 -5.871909e-015 1.287482e-001
    outer loop
      vertex   1.320095e+000 5.990000e+000 -1.139034e-001
      vertex   1.305417e+000 5.990000e+000 -2.269634e-001
      vertex   1.305417e+000 5.690000e+000 -2.269634e-001
    endloop
  endfacet
  facet normal -9.769385e-001 -5.784638e-015 2.135209e-001
    outer loop
      vertex   1.305417e+000 5.690000e+000 -2.269634e-001
      vertex   1.305417e+000 5.990000e+000 -2.269634e-001
      vertex   1.281073e+000 5.690000e+000 -3.383431e-001
    endloop
  endfacet
  facet normal -9.769385e-001 -5.781959e-015 2.135209e-001
    outer loop
      vertex   1.281073e+000 5.690000e+000 -3.383431e-001
      vertex   1.305417e+000 5.990000e+000 -2.269634e-001
      vertex   1.281073e+000 5.990000e+000 -3.383431e-001
    endloop
  endfacet
  facet normal -9.549668e-001 -5.655162e-015 2.967128e-001
    outer loop
      vertex   1.247245e+000 5.690000e+000 -4.472178e-001
      vertex   1.281073e+000 5.990000e+000 -3.383431e-001
      vertex   1.247245e+000 5.990000e+000 -4.472178e-001
    endloop
  endfacet
  facet normal -9.259248e-001 -5.477646e-015 3.777080e-001
    outer loop
      vertex   1.204183e+000 5.690000e+000 -5.527815e-001
      vertex   1.247245e+000 5.990000e+000 -4.472178e-001
      vertex   1.204183e+000 5.990000e+000 -5.527815e-001
    endloop
  endfacet
  facet normal -8.900276e-001 -5.274770e-015 4.559067e-001
    outer loop
      vertex   1.152206e+000 5.690000e+000 -6.542526e-001
      vertex   1.204183e+000 5.990000e+000 -5.527815e-001
      vertex   1.152206e+000 5.990000e+000 -6.542526e-001
    endloop
  endfacet
  facet normal -8.475409e-001 -5.021175e-015 5.307300e-001
    outer loop
      vertex   1.091698e+000 5.690000e+000 -7.508798e-001
      vertex   1.152206e+000 5.990000e+000 -6.542526e-001
      vertex   1.091698e+000 5.990000e+000 -7.508798e-001
    endloop
  endfacet
  facet normal -7.987794e-001 -4.716862e-015 6.016241e-001
    outer loop
      vertex   1.023107e+000 5.690000e+000 -8.419478e-001
      vertex   1.091698e+000 5.990000e+000 -7.508798e-001
      vertex   1.023107e+000 5.990000e+000 -8.419478e-001
    endloop
  endfacet
  facet normal -7.441039e-001 -4.133594e-015 6.680639e-001
    outer loop
      vertex   9.469422e-001 5.690000e+000 -9.267823e-001
      vertex   1.023107e+000 5.990000e+000 -8.419478e-001
      vertex   9.469422e-001 5.990000e+000 -9.267823e-001
    endloop
  endfacet
  facet normal -6.839194e-001 -3.803921e-015 7.295576e-001
    outer loop
      vertex   8.637662e-001 5.690000e+000 -1.004755e+000
      vertex   9.469422e-001 5.990000e+000 -9.267823e-001
      vertex   8.637662e-001 5.990000e+000 -1.004755e+000
    endloop
  endfacet
  facet normal -6.186714e-001 -3.448888e-015 7.856499e-001
    outer loop
      vertex   7.741951e-001 5.690000e+000 -1.075289e+000
      vertex   8.637662e-001 5.990000e+000 -1.004755e+000
      vertex   7.741951e-001 5.990000e+000 -1.075289e+000
    endloop
  endfacet
  facet normal -5.488430e-001 -3.043136e-015 8.359255e-001
    outer loop
      vertex   6.788921e-001 5.690000e+000 -1.137862e+000
      vertex   7.741951e-001 5.990000e+000 -1.075289e+000
      vertex   6.788921e-001 5.990000e+000 -1.137862e+000
    endloop
  endfacet
  facet normal -4.749511e-001 -2.637385e-015 8.800122e-001
    outer loop
      vertex   5.785629e-001 5.690000e+000 -1.192011e+000
      vertex   6.788921e-001 5.990000e+000 -1.137862e+000
      vertex   5.785629e-001 5.990000e+000 -1.192011e+000
    endloop
  endfacet
  facet normal -3.975428e-001 -1.851241e-015 9.175836e-001
    outer loop
      vertex   4.739502e-001 5.690000e+000 -1.237334e+000
      vertex   5.785629e-001 5.990000e+000 -1.192011e+000
      vertex   4.739502e-001 5.990000e+000 -1.237334e+000
    endloop
  endfacet
  facet normal -3.171913e-001 -1.394771e-015 9.483616e-001
    outer loop
      vertex   3.658285e-001 5.690000e+000 -1.273497e+000
      vertex   4.739502e-001 5.990000e+000 -1.237334e+000
      vertex   3.658285e-001 5.990000e+000 -1.273497e+000
    endloop
  endfacet
  facet normal -2.344914e-001 -1.077778e-015 9.721182e-001
    outer loop
      vertex   2.549983e-001 5.690000e+000 -1.300231e+000
      vertex   3.658285e-001 5.990000e+000 -1.273497e+000
      vertex   2.549983e-001 5.990000e+000 -1.300231e+000
    endloop
  endfacet
  facet normal -1.500554e-001 -6.847057e-016 9.886776e-001
    outer loop
      vertex   1.422803e-001 5.690000e+000 -1.317339e+000
      vertex   2.549983e-001 5.990000e+000 -1.300231e+000
      vertex   1.422803e-001 5.990000e+000 -1.317339e+000
    endloop
  endfacet
  facet normal -6.450845e-002 -2.948038e-016 9.979172e-001
    outer loop
      vertex   2.850883e-002 5.690000e+000 -1.324693e+000
      vertex   1.422803e-001 5.990000e+000 -1.317339e+000
      vertex   2.850883e-002 5.990000e+000 -1.324693e+000
    endloop
  endfacet
  facet normal 2.151610e-002 9.826795e-017 9.997685e-001
    outer loop
      vertex   -8.547370e-002 5.690000e+000 -1.322240e+000
      vertex   2.850883e-002 5.990000e+000 -1.324693e+000
      vertex   -8.547370e-002 5.990000e+000 -1.322240e+000
    endloop
  endfacet
  facet normal 1.073813e-001 1.217255e-015 9.942179e-001
    outer loop
      vertex   -1.988234e-001 5.690000e+000 -1.309998e+000
      vertex   -8.547370e-002 5.990000e+000 -1.322240e+000
      vertex   -1.988234e-001 5.990000e+000 -1.309998e+000
    endloop
  endfacet
  facet normal 1.924516e-001 1.610326e-015 9.813065e-001
    outer loop
      vertex   -3.107011e-001 5.690000e+000 -1.288057e+000
      vertex   -1.988234e-001 5.990000e+000 -1.309998e+000
      vertex   -3.107011e-001 5.990000e+000 -1.288057e+000
    endloop
  endfacet
  facet normal 2.760970e-001 2.041437e-015 9.611298e-001
    outer loop
      vertex   -4.202785e-001 5.690000e+000 -1.256579e+000
      vertex   -3.107011e-001 5.990000e+000 -1.288057e+000
      vertex   -4.202785e-001 5.990000e+000 -1.256579e+000
    endloop
  endfacet
  facet normal 3.576982e-001 1.597647e-015 9.338372e-001
    outer loop
      vertex   -5.267442e-001 5.690000e+000 -1.215798e+000
      vertex   -4.202785e-001 5.990000e+000 -1.256579e+000
      vertex   -5.267442e-001 5.990000e+000 -1.215798e+000
    endloop
  endfacet
  facet normal 4.366512e-001 2.282352e-015 8.996309e-001
    outer loop
      vertex   -6.293102e-001 5.690000e+000 -1.166016e+000
      vertex   -5.267442e-001 5.990000e+000 -1.215798e+000
      vertex   -6.293102e-001 5.990000e+000 -1.166016e+000
    endloop
  endfacet
  facet normal 5.123714e-001 3.169934e-015 8.587640e-001
    outer loop
      vertex   -7.272169e-001 5.690000e+000 -1.107601e+000
      vertex   -6.293102e-001 5.990000e+000 -1.166016e+000
      vertex   -7.272169e-001 5.990000e+000 -1.107601e+000
    endloop
  endfacet
  facet normal 5.842982e-001 2.967058e-015 8.115391e-001
    outer loop
      vertex   -8.197396e-001 5.690000e+000 -1.040986e+000
      vertex   -7.272169e-001 5.990000e+000 -1.107601e+000
      vertex   -8.197396e-001 5.990000e+000 -1.040986e+000
    endloop
  endfacet
  facet normal 6.518990e-001 3.626404e-015 7.583058e-001
    outer loop
      vertex   -9.061932e-001 5.690000e+000 -9.666638e-001
      vertex   -8.197396e-001 5.990000e+000 -1.040986e+000
      vertex   -9.061932e-001 5.990000e+000 -9.666638e-001
    endloop
  endfacet
  facet normal 7.146734e-001 3.956077e-015 6.994583e-001
    outer loop
      vertex   -9.859377e-001 5.690000e+000 -8.851846e-001
      vertex   -9.061932e-001 5.990000e+000 -9.666638e-001
      vertex   -9.859377e-001 5.990000e+000 -8.851846e-001
    endloop
  endfacet
  facet normal 7.721566e-001 4.564705e-015 6.354323e-001
    outer loop
      vertex   -1.058383e+000 5.690000e+000 -7.971519e-001
      vertex   -9.859377e-001 5.990000e+000 -8.851846e-001
      vertex   -1.058383e+000 5.990000e+000 -7.971519e-001
    endloop
  endfacet
  facet normal 8.239230e-001 4.894378e-015 5.667018e-001
    outer loop
      vertex   -1.122992e+000 5.690000e+000 -7.032173e-001
      vertex   -1.058383e+000 5.990000e+000 -7.971519e-001
      vertex   -1.122992e+000 5.990000e+000 -7.032173e-001
    endloop
  endfacet
  facet normal 8.695894e-001 5.147973e-015 4.937756e-001
    outer loop
      vertex   -1.179287e+000 5.690000e+000 -6.040764e-001
      vertex   -1.122992e+000 5.990000e+000 -7.032173e-001
      vertex   -1.179287e+000 5.990000e+000 -6.040764e-001
    endloop
  endfacet
  facet normal 9.088176e-001 5.376208e-015 4.171936e-001
    outer loop
      vertex   -1.226850e+000 5.690000e+000 -5.004631e-001
      vertex   -1.179287e+000 5.990000e+000 -6.040764e-001
      vertex   -1.226850e+000 5.990000e+000 -5.004631e-001
    endloop
  endfacet
  facet normal 9.413173e-001 5.553724e-015 3.375229e-001
    outer loop
      vertex   -1.265331e+000 5.690000e+000 -3.931445e-001
      vertex   -1.226850e+000 5.990000e+000 -5.004631e-001
      vertex   -1.265331e+000 5.990000e+000 -3.931445e-001
    endloop
  endfacet
  facet normal 9.668478e-001 5.731240e-015 2.553533e-001
    outer loop
      vertex   -1.294444e+000 5.690000e+000 -2.829152e-001
      vertex   -1.265331e+000 5.990000e+000 -3.931445e-001
      vertex   -1.294444e+000 5.990000e+000 -2.829152e-001
    endloop
  endfacet
  facet normal 9.852201e-001 5.845358e-015 1.712931e-001
    outer loop
      vertex   -1.313972e+000 5.690000e+000 -1.705913e-001
      vertex   -1.294444e+000 5.990000e+000 -2.829152e-001
      vertex   -1.313972e+000 5.990000e+000 -1.705913e-001
    endloop
  endfacet
  facet normal 9.962982e-001 5.896077e-015 8.596480e-002
    outer loop
      vertex   -1.323773e+000 5.690000e+000 -5.700446e-002
      vertex   -1.313972e+000 5.990000e+000 -1.705913e-001
      vertex   -1.323773e+000 5.990000e+000 -5.700446e-002
    endloop
  endfacet
  facet normal 1.000000e+000 5.921189e-015 -0.000000e+000
    outer loop
      vertex   -1.323773e+000 5.690000e+000 5.700446e-002
      vertex   -1.323773e+000 5.990000e+000 -5.700446e-002
      vertex   -1.323773e+000 5.990000e+000 5.700446e-002
    endloop
  endfacet
  facet normal 9.962982e-001 5.902417e-015 -8.596480e-002
    outer loop
      vertex   -1.313972e+000 5.690000e+000 1.705913e-001
      vertex   -1.323773e+000 5.990000e+000 5.700446e-002
      vertex   -1.313972e+000 5.990000e+000 1.705913e-001
    endloop
  endfacet
  facet normal 9.852201e-001 5.832678e-015 -1.712931e-001
    outer loop
      vertex   -1.294444e+000 5.690000e+000 2.829152e-001
      vertex   -1.313972e+000 5.990000e+000 1.705913e-001
      vertex   -1.294444e+000 5.990000e+000 2.829152e-001
    endloop
  endfacet
  facet normal 9.668478e-001 5.718561e-015 -2.553533e-001
    outer loop
      vertex   -1.265331e+000 5.690000e+000 3.931445e-001
      vertex   -1.294444e+000 5.990000e+000 2.829152e-001
      vertex   -1.265331e+000 5.990000e+000 3.931445e-001
    endloop
  endfacet
  facet normal 9.413173e-001 5.579084e-015 -3.375229e-001
    outer loop
      vertex   -1.226850e+000 5.690000e+000 5.004631e-001
      vertex   -1.265331e+000 5.990000e+000 3.931445e-001
      vertex   -1.226850e+000 5.990000e+000 5.004631e-001
    endloop
  endfacet
  facet normal 9.088176e-001 5.376208e-015 -4.171936e-001
    outer loop
      vertex   -1.179287e+000 5.690000e+000 6.040764e-001
      vertex   -1.226850e+000 5.990000e+000 5.004631e-001
      vertex   -1.179287e+000 5.990000e+000 6.040764e-001
    endloop
  endfacet
  facet normal 8.695894e-001 5.173332e-015 -4.937756e-001
    outer loop
      vertex   -1.122992e+000 5.690000e+000 7.032173e-001
      vertex   -1.179287e+000 5.990000e+000 6.040764e-001
      vertex   -1.122992e+000 5.990000e+000 7.032173e-001
    endloop
  endfacet
  facet normal 8.239230e-001 4.869018e-015 -5.667018e-001
    outer loop
      vertex   -1.058383e+000 5.690000e+000 7.971519e-001
      vertex   -1.122992e+000 5.990000e+000 7.032173e-001
      vertex   -1.058383e+000 5.990000e+000 7.971519e-001
    endloop
  endfacet
  facet normal 7.721566e-001 4.285751e-015 -6.354323e-001
    outer loop
      vertex   -9.859377e-001 5.690000e+000 8.851846e-001
      vertex   -1.058383e+000 5.990000e+000 7.971519e-001
      vertex   -9.859377e-001 5.990000e+000 8.851846e-001
    endloop
  endfacet
  facet normal 7.146734e-001 3.956077e-015 -6.994583e-001
    outer loop
      vertex   -9.061932e-001 5.690000e+000 9.666638e-001
      vertex   -9.859377e-001 5.990000e+000 8.851846e-001
      vertex   -9.061932e-001 5.990000e+000 9.666638e-001
    endloop
  endfacet
  facet normal 6.518990e-001 4.006796e-015 -7.583058e-001
    outer loop
      vertex   -8.197396e-001 5.690000e+000 1.040986e+000
      vertex   -9.061932e-001 5.990000e+000 9.666638e-001
      vertex   -8.197396e-001 5.990000e+000 1.040986e+000
    endloop
  endfacet
  facet normal 5.842982e-001 3.119215e-015 -8.115391e-001
    outer loop
      vertex   -7.272169e-001 5.690000e+000 1.107601e+000
      vertex   -8.197396e-001 5.990000e+000 1.040986e+000
      vertex   -7.272169e-001 5.990000e+000 1.107601e+000
    endloop
  endfacet
  facet normal 5.123714e-001 3.144574e-015 -8.587640e-001
    outer loop
      vertex   -6.293102e-001 5.690000e+000 1.166016e+000
      vertex   -7.272169e-001 5.990000e+000 1.107601e+000
      vertex   -6.293102e-001 5.990000e+000 1.166016e+000
    endloop
  endfacet
  facet normal 4.366512e-001 2.916339e-015 -8.996309e-001
    outer loop
      vertex   -5.267442e-001 5.690000e+000 1.215798e+000
      vertex   -6.293102e-001 5.990000e+000 1.166016e+000
      vertex   -5.267442e-001 5.990000e+000 1.215798e+000
    endloop
  endfacet
  facet normal 3.576982e-001 1.572287e-015 -9.338372e-001
    outer loop
      vertex   -4.202785e-001 5.690000e+000 1.256579e+000
      vertex   -5.267442e-001 5.990000e+000 1.215798e+000
      vertex   -4.202785e-001 5.990000e+000 1.256579e+000
    endloop
  endfacet
  facet normal 2.760970e-001 1.077778e-015 -9.611298e-001
    outer loop
      vertex   -3.107011e-001 5.690000e+000 1.288057e+000
      vertex   -4.202785e-001 5.990000e+000 1.256579e+000
      vertex   -3.107011e-001 5.990000e+000 1.288057e+000
    endloop
  endfacet
  facet normal 1.924516e-001 5.325489e-016 -9.813065e-001
    outer loop
      vertex   -1.988234e-001 5.690000e+000 1.309998e+000
      vertex   -3.107011e-001 5.990000e+000 1.288057e+000
      vertex   -1.988234e-001 5.990000e+000 1.309998e+000
    endloop
  endfacet
  facet normal 1.073813e-001 7.037253e-016 -9.942179e-001
    outer loop
      vertex   -8.547370e-002 5.690000e+000 1.322240e+000
      vertex   -1.988234e-001 5.990000e+000 1.309998e+000
      vertex   -8.547370e-002 5.990000e+000 1.322240e+000
    endloop
  endfacet
  facet normal 2.151610e-002 1.410621e-016 -9.997685e-001
    outer loop
      vertex   2.850883e-002 5.690000e+000 1.324693e+000
      vertex   -8.547370e-002 5.990000e+000 1.322240e+000
      vertex   2.850883e-002 5.990000e+000 1.324693e+000
    endloop
  endfacet
  facet normal -6.450845e-002 -4.247711e-016 -9.979172e-001
    outer loop
      vertex   1.422803e-001 5.690000e+000 1.317339e+000
      vertex   2.850883e-002 5.990000e+000 1.324693e+000
      vertex   1.422803e-001 5.990000e+000 1.317339e+000
    endloop
  endfacet
  facet normal -1.500554e-001 -9.699998e-016 -9.886776e-001
    outer loop
      vertex   2.549983e-001 5.690000e+000 1.300231e+000
      vertex   1.422803e-001 5.990000e+000 1.317339e+000
      vertex   2.549983e-001 5.990000e+000 1.300231e+000
    endloop
  endfacet
  facet normal -2.344914e-001 -1.559607e-015 -9.721182e-001
    outer loop
      vertex   3.658285e-001 5.690000e+000 1.273497e+000
      vertex   2.549983e-001 5.990000e+000 1.300231e+000
      vertex   3.658285e-001 5.990000e+000 1.273497e+000
    endloop
  endfacet
  facet normal -3.171913e-001 -2.054117e-015 -9.483616e-001
    outer loop
      vertex   4.739502e-001 5.690000e+000 1.237334e+000
      vertex   3.658285e-001 5.990000e+000 1.273497e+000
      vertex   4.739502e-001 5.990000e+000 1.237334e+000
    endloop
  endfacet
  facet normal -3.975428e-001 -2.206274e-015 -9.175836e-001
    outer loop
      vertex   5.785629e-001 5.690000e+000 1.192011e+000
      vertex   4.739502e-001 5.990000e+000 1.237334e+000
      vertex   5.785629e-001 5.990000e+000 1.192011e+000
    endloop
  endfacet
  facet normal -4.749511e-001 -2.637385e-015 -8.800122e-001
    outer loop
      vertex   6.788921e-001 5.690000e+000 1.137862e+000
      vertex   5.785629e-001 5.990000e+000 1.192011e+000
      vertex   6.788921e-001 5.990000e+000 1.137862e+000
    endloop
  endfacet
  facet normal -5.488430e-001 -3.043136e-015 -8.359255e-001
    outer loop
      vertex   7.741951e-001 5.690000e+000 1.075289e+000
      vertex   6.788921e-001 5.990000e+000 1.137862e+000
      vertex   7.741951e-001 5.990000e+000 1.075289e+000
    endloop
  endfacet
  facet normal -6.186714e-001 -3.423529e-015 -7.856499e-001
    outer loop
      vertex   8.637662e-001 5.690000e+000 1.004755e+000
      vertex   7.741951e-001 5.990000e+000 1.075289e+000
      vertex   8.637662e-001 5.990000e+000 1.004755e+000
    endloop
  endfacet
  facet normal -6.839194e-001 -3.803921e-015 -7.295576e-001
    outer loop
      vertex   9.469422e-001 5.690000e+000 9.267823e-001
      vertex   8.637662e-001 5.990000e+000 1.004755e+000
      vertex   9.469422e-001 5.990000e+000 9.267823e-001
    endloop
  endfacet
  facet normal -7.441039e-001 -4.412548e-015 -6.680639e-001
    outer loop
      vertex   1.023107e+000 5.690000e+000 8.419478e-001
      vertex   9.469422e-001 5.990000e+000 9.267823e-001
      vertex   1.023107e+000 5.990000e+000 8.419478e-001
    endloop
  endfacet
  facet normal -7.987794e-001 -4.742221e-015 -6.016241e-001
    outer loop
      vertex   1.091698e+000 5.690000e+000 7.508798e-001
      vertex   1.023107e+000 5.990000e+000 8.419478e-001
      vertex   1.091698e+000 5.990000e+000 7.508798e-001
    endloop
  endfacet
  facet normal -8.475409e-001 -5.021175e-015 -5.307300e-001
    outer loop
      vertex   1.152206e+000 5.690000e+000 6.542526e-001
      vertex   1.091698e+000 5.990000e+000 7.508798e-001
      vertex   1.152206e+000 5.990000e+000 6.542526e-001
    endloop
  endfacet
  facet normal -8.900276e-001 -5.249410e-015 -4.559067e-001
    outer loop
      vertex   1.204183e+000 5.690000e+000 5.527815e-001
      vertex   1.152206e+000 5.990000e+000 6.542526e-001
      vertex   1.204183e+000 5.990000e+000 5.527815e-001
    endloop
  endfacet
  facet normal -9.259248e-001 -5.503005e-015 -3.777080e-001
    outer loop
      vertex   1.247245e+000 5.690000e+000 4.472178e-001
      vertex   1.204183e+000 5.990000e+000 5.527815e-001
      vertex   1.247245e+000 5.990000e+000 4.472178e-001
    endloop
  endfacet
  facet normal -9.549668e-001 -5.655162e-015 -2.967128e-001
    outer loop
      vertex   1.281073e+000 5.690000e+000 3.383431e-001
      vertex   1.247245e+000 5.990000e+000 4.472178e-001
      vertex   1.281073e+000 5.990000e+000 3.383431e-001
    endloop
  endfacet
  facet normal -9.769385e-001 -5.781959e-015 -2.135209e-001
    outer loop
      vertex   1.305417e+000 5.690000e+000 2.269634e-001
      vertex   1.281073e+000 5.990000e+000 3.383431e-001
      vertex   1.305417e+000 5.990000e+000 2.269634e-001
    endloop
  endfacet
  facet normal -9.916773e-001 -5.870717e-015 -1.287482e-001
    outer loop
      vertex   1.320095e+000 5.690000e+000 1.139034e-001
      vertex   1.305417e+000 5.990000e+000 2.269634e-001
      vertex   1.320095e+000 5.990000e+000 1.139034e-001
    endloop
  endfacet
  facet normal -9.990741e-001 -5.176502e-015 -4.302223e-002
    outer loop
      vertex   1.325000e+000 5.690000e+000 1.622657e-016
      vertex   1.320095e+000 5.990000e+000 1.139034e-001
      vertex   1.325000e+000 5.990000e+000 1.622657e-016
    endloop
  endfacet
  facet normal -9.990741e-001 -5.176244e-015 4.302223e-002
    outer loop
      vertex   1.320095e+000 5.690000e+000 -1.139034e-001
      vertex   1.325000e+000 5.690000e+000 1.622657e-016
      vertex   1.325000e+000 5.990000e+000 1.622657e-016
    endloop
  endfacet
  facet normal -9.549668e-001 -5.654539e-015 2.967128e-001
    outer loop
      vertex   1.281073e+000 5.690000e+000 -3.383431e-001
      vertex   1.281073e+000 5.990000e+000 -3.383431e-001
      vertex   1.247245e+000 5.690000e+000 -4.472178e-001
    endloop
  endfacet
  facet normal -9.259248e-001 -5.482576e-015 3.777080e-001
    outer loop
      vertex   1.247245e+000 5.690000e+000 -4.472178e-001
      vertex   1.247245e+000 5.990000e+000 -4.472178e-001
      vertex   1.204183e+000 5.690000e+000 -5.527815e-001
    endloop
  endfacet
  facet normal -8.900276e-001 -5.270022e-015 4.559067e-001
    outer loop
      vertex   1.204183e+000 5.690000e+000 -5.527815e-001
      vertex   1.204183e+000 5.990000e+000 -5.527815e-001
      vertex   1.152206e+000 5.690000e+000 -6.542526e-001
    endloop
  endfacet
  facet normal -8.475409e-001 -5.018450e-015 5.307300e-001
    outer loop
      vertex   1.152206e+000 5.690000e+000 -6.542526e-001
      vertex   1.152206e+000 5.990000e+000 -6.542526e-001
      vertex   1.091698e+000 5.690000e+000 -7.508798e-001
    endloop
  endfacet
  facet normal -7.987794e-001 -4.729724e-015 6.016241e-001
    outer loop
      vertex   1.091698e+000 5.690000e+000 -7.508798e-001
      vertex   1.091698e+000 5.990000e+000 -7.508798e-001
      vertex   1.023107e+000 5.690000e+000 -8.419478e-001
    endloop
  endfacet
  facet normal -7.441039e-001 -4.405980e-015 6.680639e-001
    outer loop
      vertex   1.023107e+000 5.690000e+000 -8.419478e-001
      vertex   1.023107e+000 5.990000e+000 -8.419478e-001
      vertex   9.469422e-001 5.690000e+000 -9.267823e-001
    endloop
  endfacet
  facet normal -6.839194e-001 -3.796515e-015 7.295576e-001
    outer loop
      vertex   9.469422e-001 5.690000e+000 -9.267823e-001
      vertex   9.469422e-001 5.990000e+000 -9.267823e-001
      vertex   8.637662e-001 5.690000e+000 -1.004755e+000
    endloop
  endfacet
  facet normal -6.186714e-001 -3.434316e-015 7.856499e-001
    outer loop
      vertex   8.637662e-001 5.690000e+000 -1.004755e+000
      vertex   8.637662e-001 5.990000e+000 -1.004755e+000
      vertex   7.741951e-001 5.690000e+000 -1.075289e+000
    endloop
  endfacet
  facet normal -5.488430e-001 -3.046690e-015 8.359255e-001
    outer loop
      vertex   7.741951e-001 5.690000e+000 -1.075289e+000
      vertex   7.741951e-001 5.990000e+000 -1.075289e+000
      vertex   6.788921e-001 5.690000e+000 -1.137862e+000
    endloop
  endfacet
  facet normal -4.749511e-001 -2.636508e-015 8.800122e-001
    outer loop
      vertex   6.788921e-001 5.690000e+000 -1.137862e+000
      vertex   6.788921e-001 5.990000e+000 -1.137862e+000
      vertex   5.785629e-001 5.690000e+000 -1.192011e+000
    endloop
  endfacet
  facet normal -3.975428e-001 -2.206806e-015 9.175836e-001
    outer loop
      vertex   5.785629e-001 5.690000e+000 -1.192011e+000
      vertex   5.785629e-001 5.990000e+000 -1.192011e+000
      vertex   4.739502e-001 5.690000e+000 -1.237334e+000
    endloop
  endfacet
  facet normal -3.171913e-001 -1.467304e-015 9.483616e-001
    outer loop
      vertex   4.739502e-001 5.690000e+000 -1.237334e+000
      vertex   4.739502e-001 5.990000e+000 -1.237334e+000
      vertex   3.658285e-001 5.690000e+000 -1.273497e+000
    endloop
  endfacet
  facet normal -2.344914e-001 -1.041351e-015 9.721182e-001
    outer loop
      vertex   3.658285e-001 5.690000e+000 -1.273497e+000
      vertex   3.658285e-001 5.990000e+000 -1.273497e+000
      vertex   2.549983e-001 5.690000e+000 -1.300231e+000
    endloop
  endfacet
  facet normal -1.500554e-001 -6.941457e-016 9.886776e-001
    outer loop
      vertex   2.549983e-001 5.690000e+000 -1.300231e+000
      vertex   2.549983e-001 5.990000e+000 -1.300231e+000
      vertex   1.422803e-001 5.690000e+000 -1.317339e+000
    endloop
  endfacet
  facet normal -6.450845e-002 -2.924433e-016 9.979172e-001
    outer loop
      vertex   1.422803e-001 5.690000e+000 -1.317339e+000
      vertex   1.422803e-001 5.990000e+000 -1.317339e+000
      vertex   2.850883e-002 5.690000e+000 -1.324693e+000
    endloop
  endfacet
  facet normal 2.151610e-002 9.853663e-017 9.997685e-001
    outer loop
      vertex   2.850883e-002 5.690000e+000 -1.324693e+000
      vertex   2.850883e-002 5.990000e+000 -1.324693e+000
      vertex   -8.547370e-002 5.690000e+000 -1.322240e+000
    endloop
  endfacet
  facet normal 1.073813e-001 4.917711e-016 9.942179e-001
    outer loop
      vertex   -8.547370e-002 5.690000e+000 -1.322240e+000
      vertex   -8.547370e-002 5.990000e+000 -1.322240e+000
      vertex   -1.988234e-001 5.690000e+000 -1.309998e+000
    endloop
  endfacet
  facet normal 1.924516e-001 1.598775e-015 9.813065e-001
    outer loop
      vertex   -1.988234e-001 5.690000e+000 -1.309998e+000
      vertex   -1.988234e-001 5.990000e+000 -1.309998e+000
      vertex   -3.107011e-001 5.690000e+000 -1.288057e+000
    endloop
  endfacet
  facet normal 2.760970e-001 1.988584e-015 9.611298e-001
    outer loop
      vertex   -3.107011e-001 5.690000e+000 -1.288057e+000
      vertex   -3.107011e-001 5.990000e+000 -1.288057e+000
      vertex   -4.202785e-001 5.690000e+000 -1.256579e+000
    endloop
  endfacet
  facet normal 3.576982e-001 2.412053e-015 9.338372e-001
    outer loop
      vertex   -4.202785e-001 5.690000e+000 -1.256579e+000
      vertex   -4.202785e-001 5.990000e+000 -1.256579e+000
      vertex   -5.267442e-001 5.690000e+000 -1.215798e+000
    endloop
  endfacet
  facet normal 4.366512e-001 1.939121e-015 8.996309e-001
    outer loop
      vertex   -5.267442e-001 5.690000e+000 -1.215798e+000
      vertex   -5.267442e-001 5.990000e+000 -1.215798e+000
      vertex   -6.293102e-001 5.690000e+000 -1.166016e+000
    endloop
  endfacet
  facet normal 5.123714e-001 2.531768e-015 8.587640e-001
    outer loop
      vertex   -6.293102e-001 5.690000e+000 -1.166016e+000
      vertex   -6.293102e-001 5.990000e+000 -1.166016e+000
      vertex   -7.272169e-001 5.690000e+000 -1.107601e+000
    endloop
  endfacet
  facet normal 5.842982e-001 3.363657e-015 8.115391e-001
    outer loop
      vertex   -7.272169e-001 5.690000e+000 -1.107601e+000
      vertex   -7.272169e-001 5.990000e+000 -1.107601e+000
      vertex   -8.197396e-001 5.690000e+000 -1.040986e+000
    endloop
  endfacet
  facet normal 6.518990e-001 3.215021e-015 7.583058e-001
    outer loop
      vertex   -8.197396e-001 5.690000e+000 -1.040986e+000
      vertex   -8.197396e-001 5.990000e+000 -1.040986e+000
      vertex   -9.061932e-001 5.690000e+000 -9.666638e-001
    endloop
  endfacet
  facet normal 7.146734e-001 3.967234e-015 6.994583e-001
    outer loop
      vertex   -9.061932e-001 5.690000e+000 -9.666638e-001
      vertex   -9.061932e-001 5.990000e+000 -9.666638e-001
      vertex   -9.859377e-001 5.690000e+000 -8.851846e-001
    endloop
  endfacet
  facet normal 7.721566e-001 4.286330e-015 6.354323e-001
    outer loop
      vertex   -9.859377e-001 5.690000e+000 -8.851846e-001
      vertex   -9.859377e-001 5.990000e+000 -8.851846e-001
      vertex   -1.058383e+000 5.690000e+000 -7.971519e-001
    endloop
  endfacet
  facet normal 8.239230e-001 4.878604e-015 5.667018e-001
    outer loop
      vertex   -1.058383e+000 5.690000e+000 -7.971519e-001
      vertex   -1.058383e+000 5.990000e+000 -7.971519e-001
      vertex   -1.122992e+000 5.690000e+000 -7.032173e-001
    endloop
  endfacet
  facet normal 8.695894e-001 5.149004e-015 4.937756e-001
    outer loop
      vertex   -1.122992e+000 5.690000e+000 -7.032173e-001
      vertex   -1.122992e+000 5.990000e+000 -7.032173e-001
      vertex   -1.179287e+000 5.690000e+000 -6.040764e-001
    endloop
  endfacet
  facet normal 9.088176e-001 5.381281e-015 4.171936e-001
    outer loop
      vertex   -1.179287e+000 5.690000e+000 -6.040764e-001
      vertex   -1.179287e+000 5.990000e+000 -6.040764e-001
      vertex   -1.226850e+000 5.690000e+000 -5.004631e-001
    endloop
  endfacet
  facet normal 9.413173e-001 5.573718e-015 3.375229e-001
    outer loop
      vertex   -1.226850e+000 5.690000e+000 -5.004631e-001
      vertex   -1.226850e+000 5.990000e+000 -5.004631e-001
      vertex   -1.265331e+000 5.690000e+000 -3.931445e-001
    endloop
  endfacet
  facet normal 9.668478e-001 5.724889e-015 2.553533e-001
    outer loop
      vertex   -1.265331e+000 5.690000e+000 -3.931445e-001
      vertex   -1.265331e+000 5.990000e+000 -3.931445e-001
      vertex   -1.294444e+000 5.690000e+000 -2.829152e-001
    endloop
  endfacet
  facet normal 9.852201e-001 5.833675e-015 1.712931e-001
    outer loop
      vertex   -1.294444e+000 5.690000e+000 -2.829152e-001
      vertex   -1.294444e+000 5.990000e+000 -2.829152e-001
      vertex   -1.313972e+000 5.690000e+000 -1.705913e-001
    endloop
  endfacet
  facet normal 9.962982e-001 5.899270e-015 8.596480e-002
    outer loop
      vertex   -1.313972e+000 5.690000e+000 -1.705913e-001
      vertex   -1.313972e+000 5.990000e+000 -1.705913e-001
      vertex   -1.323773e+000 5.690000e+000 -5.700446e-002
    endloop
  endfacet
  facet normal 1.000000e+000 5.921189e-015 0.000000e+000
    outer loop
      vertex   -1.323773e+000 5.690000e+000 -5.700446e-002
      vertex   -1.323773e+000 5.990000e+000 -5.700446e-002
      vertex   -1.323773e+000 5.690000e+000 5.700446e-002
    endloop
  endfacet
  facet normal 9.962982e-001 5.899270e-015 -8.596480e-002
    outer loop
      vertex   -1.323773e+000 5.690000e+000 5.700446e-002
      vertex   -1.323773e+000 5.990000e+000 5.700446e-002
      vertex   -1.313972e+000 5.690000e+000 1.705913e-001
    endloop
  endfacet
  facet normal 9.852201e-001 5.833675e-015 -1.712931e-001
    outer loop
      vertex   -1.313972e+000 5.690000e+000 1.705913e-001
      vertex   -1.313972e+000 5.990000e+000 1.705913e-001
      vertex   -1.294444e+000 5.690000e+000 2.829152e-001
    endloop
  endfacet
  facet normal 9.668478e-001 5.724889e-015 -2.553533e-001
    outer loop
      vertex   -1.294444e+000 5.690000e+000 2.829152e-001
      vertex   -1.294444e+000 5.990000e+000 2.829152e-001
      vertex   -1.265331e+000 5.690000e+000 3.931445e-001
    endloop
  endfacet
  facet normal 9.413173e-001 5.573718e-015 -3.375229e-001
    outer loop
      vertex   -1.265331e+000 5.690000e+000 3.931445e-001
      vertex   -1.265331e+000 5.990000e+000 3.931445e-001
      vertex   -1.226850e+000 5.690000e+000 5.004631e-001
    endloop
  endfacet
  facet normal 9.088176e-001 5.381281e-015 -4.171936e-001
    outer loop
      vertex   -1.226850e+000 5.690000e+000 5.004631e-001
      vertex   -1.226850e+000 5.990000e+000 5.004631e-001
      vertex   -1.179287e+000 5.690000e+000 6.040764e-001
    endloop
  endfacet
  facet normal 8.695894e-001 5.149004e-015 -4.937756e-001
    outer loop
      vertex   -1.179287e+000 5.690000e+000 6.040764e-001
      vertex   -1.179287e+000 5.990000e+000 6.040764e-001
      vertex   -1.122992e+000 5.690000e+000 7.032173e-001
    endloop
  endfacet
  facet normal 8.239230e-001 4.878604e-015 -5.667018e-001
    outer loop
      vertex   -1.122992e+000 5.690000e+000 7.032173e-001
      vertex   -1.122992e+000 5.990000e+000 7.032173e-001
      vertex   -1.058383e+000 5.690000e+000 7.971519e-001
    endloop
  endfacet
  facet normal 7.721566e-001 4.572085e-015 -6.354323e-001
    outer loop
      vertex   -1.058383e+000 5.690000e+000 7.971519e-001
      vertex   -1.058383e+000 5.990000e+000 7.971519e-001
      vertex   -9.859377e-001 5.690000e+000 8.851846e-001
    endloop
  endfacet
  facet normal 7.146734e-001 3.967234e-015 -6.994583e-001
    outer loop
      vertex   -9.859377e-001 5.690000e+000 8.851846e-001
      vertex   -9.859377e-001 5.990000e+000 8.851846e-001
      vertex   -9.061932e-001 5.690000e+000 9.666638e-001
    endloop
  endfacet
  facet normal 6.518990e-001 3.618766e-015 -7.583058e-001
    outer loop
      vertex   -9.061932e-001 5.690000e+000 9.666638e-001
      vertex   -9.061932e-001 5.990000e+000 9.666638e-001
      vertex   -8.197396e-001 5.690000e+000 1.040986e+000
    endloop
  endfacet
  facet normal 5.842982e-001 3.507782e-015 -8.115391e-001
    outer loop
      vertex   -8.197396e-001 5.690000e+000 1.040986e+000
      vertex   -8.197396e-001 5.990000e+000 1.040986e+000
      vertex   -7.272169e-001 5.690000e+000 1.107601e+000
    endloop
  endfacet
  facet normal 5.123714e-001 2.521084e-015 -8.587640e-001
    outer loop
      vertex   -7.272169e-001 5.690000e+000 1.107601e+000
      vertex   -7.272169e-001 5.990000e+000 1.107601e+000
      vertex   -6.293102e-001 5.690000e+000 1.166016e+000
    endloop
  endfacet
  facet normal 4.366512e-001 2.566008e-015 -8.996309e-001
    outer loop
      vertex   -6.293102e-001 5.690000e+000 1.166016e+000
      vertex   -6.293102e-001 5.990000e+000 1.166016e+000
      vertex   -5.267442e-001 5.690000e+000 1.215798e+000
    endloop
  endfacet
  facet normal 3.576982e-001 2.382749e-015 -9.338372e-001
    outer loop
      vertex   -5.267442e-001 5.690000e+000 1.215798e+000
      vertex   -5.267442e-001 5.990000e+000 1.215798e+000
      vertex   -4.202785e-001 5.690000e+000 1.256579e+000
    endloop
  endfacet
  facet normal 2.760970e-001 1.025620e-015 -9.611298e-001
    outer loop
      vertex   -4.202785e-001 5.690000e+000 1.256579e+000
      vertex   -4.202785e-001 5.990000e+000 1.256579e+000
      vertex   -3.107011e-001 5.690000e+000 1.288057e+000
    endloop
  endfacet
  facet normal 1.924516e-001 5.200617e-016 -9.813065e-001
    outer loop
      vertex   -3.107011e-001 5.690000e+000 1.288057e+000
      vertex   -3.107011e-001 5.990000e+000 1.288057e+000
      vertex   -1.988234e-001 5.690000e+000 1.309998e+000
    endloop
  endfacet
  facet normal 1.073813e-001 -3.050038e-017 -9.942179e-001
    outer loop
      vertex   -1.988234e-001 5.690000e+000 1.309998e+000
      vertex   -1.988234e-001 5.990000e+000 1.309998e+000
      vertex   -8.547370e-002 5.690000e+000 1.322240e+000
    endloop
  endfacet
  facet normal 2.151610e-002 1.403400e-016 -9.997685e-001
    outer loop
      vertex   -8.547370e-002 5.690000e+000 1.322240e+000
      vertex   -8.547370e-002 5.990000e+000 1.322240e+000
      vertex   2.850883e-002 5.690000e+000 1.324693e+000
    endloop
  endfacet
  facet normal -6.450845e-002 -4.207602e-016 -9.979172e-001
    outer loop
      vertex   2.850883e-002 5.690000e+000 1.324693e+000
      vertex   2.850883e-002 5.990000e+000 1.324693e+000
      vertex   1.422803e-001 5.690000e+000 1.317339e+000
    endloop
  endfacet
  facet normal -1.500554e-001 -9.856868e-016 -9.886776e-001
    outer loop
      vertex   1.422803e-001 5.690000e+000 1.317339e+000
      vertex   1.422803e-001 5.990000e+000 1.317339e+000
      vertex   2.549983e-001 5.690000e+000 1.300231e+000
    endloop
  endfacet
  facet normal -2.344914e-001 -1.518637e-015 -9.721182e-001
    outer loop
      vertex   2.549983e-001 5.690000e+000 1.300231e+000
      vertex   2.549983e-001 5.990000e+000 1.300231e+000
      vertex   3.658285e-001 5.690000e+000 1.273497e+000
    endloop
  endfacet
  facet normal -3.171913e-001 -2.112918e-015 -9.483616e-001
    outer loop
      vertex   3.658285e-001 5.690000e+000 1.273497e+000
      vertex   3.658285e-001 5.990000e+000 1.273497e+000
      vertex   4.739502e-001 5.690000e+000 1.237334e+000
    endloop
  endfacet
  facet normal -3.975428e-001 -2.574607e-015 -9.175836e-001
    outer loop
      vertex   4.739502e-001 5.690000e+000 1.237334e+000
      vertex   4.739502e-001 5.990000e+000 1.237334e+000
      vertex   5.785629e-001 5.690000e+000 1.192011e+000
    endloop
  endfacet
  facet normal -4.749511e-001 -2.636508e-015 -8.800122e-001
    outer loop
      vertex   5.785629e-001 5.690000e+000 1.192011e+000
      vertex   5.785629e-001 5.990000e+000 1.192011e+000
      vertex   6.788921e-001 5.690000e+000 1.137862e+000
    endloop
  endfacet
  facet normal -5.488430e-001 -3.046690e-015 -8.359255e-001
    outer loop
      vertex   6.788921e-001 5.690000e+000 1.137862e+000
      vertex   6.788921e-001 5.990000e+000 1.137862e+000
      vertex   7.741951e-001 5.690000e+000 1.075289e+000
    endloop
  endfacet
  facet normal -6.186714e-001 -3.434316e-015 -7.856499e-001
    outer loop
      vertex   7.741951e-001 5.690000e+000 1.075289e+000
      vertex   7.741951e-001 5.990000e+000 1.075289e+000
      vertex   8.637662e-001 5.690000e+000 1.004755e+000
    endloop
  endfacet
  facet normal -6.839194e-001 -3.796515e-015 -7.295576e-001
    outer loop
      vertex   8.637662e-001 5.690000e+000 1.004755e+000
      vertex   8.637662e-001 5.990000e+000 1.004755e+000
      vertex   9.469422e-001 5.690000e+000 9.267823e-001
    endloop
  endfacet
  facet normal -7.441039e-001 -4.130607e-015 -6.680639e-001
    outer loop
      vertex   9.469422e-001 5.690000e+000 9.267823e-001
      vertex   9.469422e-001 5.990000e+000 9.267823e-001
      vertex   1.023107e+000 5.690000e+000 8.419478e-001
    endloop
  endfacet
  facet normal -7.987794e-001 -4.729724e-015 -6.016241e-001
    outer loop
      vertex   1.023107e+000 5.690000e+000 8.419478e-001
      vertex   1.023107e+000 5.990000e+000 8.419478e-001
      vertex   1.091698e+000 5.690000e+000 7.508798e-001
    endloop
  endfacet
  facet normal -8.475409e-001 -5.018450e-015 -5.307300e-001
    outer loop
      vertex   1.091698e+000 5.690000e+000 7.508798e-001
      vertex   1.091698e+000 5.990000e+000 7.508798e-001
      vertex   1.152206e+000 5.690000e+000 6.542526e-001
    endloop
  endfacet
  facet normal -8.900276e-001 -5.270022e-015 -4.559067e-001
    outer loop
      vertex   1.152206e+000 5.690000e+000 6.542526e-001
      vertex   1.152206e+000 5.990000e+000 6.542526e-001
      vertex   1.204183e+000 5.690000e+000 5.527815e-001
    endloop
  endfacet
  facet normal -9.259248e-001 -5.482576e-015 -3.777080e-001
    outer loop
      vertex   1.204183e+000 5.690000e+000 5.527815e-001
      vertex   1.204183e+000 5.990000e+000 5.527815e-001
      vertex   1.247245e+000 5.690000e+000 4.472178e-001
    endloop
  endfacet
  facet normal -9.549668e-001 -5.654539e-015 -2.967128e-001
    outer loop
      vertex   1.247245e+000 5.690000e+000 4.472178e-001
      vertex   1.247245e+000 5.990000e+000 4.472178e-001
      vertex   1.281073e+000 5.690000e+000 3.383431e-001
    endloop
  endfacet
  facet normal -9.769385e-001 -5.784638e-015 -2.135209e-001
    outer loop
      vertex   1.281073e+000 5.690000e+000 3.383431e-001
      vertex   1.281073e+000 5.990000e+000 3.383431e-001
      vertex   1.305417e+000 5.690000e+000 2.269634e-001
    endloop
  endfacet
  facet normal -9.916773e-001 -5.871909e-015 -1.287482e-001
    outer loop
      vertex   1.305417e+000 5.690000e+000 2.269634e-001
      vertex   1.305417e+000 5.990000e+000 2.269634e-001
      vertex   1.320095e+000 5.690000e+000 1.139034e-001
    endloop
  endfacet
  facet normal -9.990741e-001 -5.915707e-015 -4.302223e-002
    outer loop
      vertex   1.320095e+000 5.690000e+000 1.139034e-001
      vertex   1.320095e+000 5.990000e+000 1.139034e-001
      vertex   1.325000e+000 5.690000e+000 1.622657e-016
    endloop
  endfacet
  facet normal 5.529843e-015 -1.000000e+000 5.399523e-015
    outer loop
      vertex   6.023081e-001 3.560000e+000 1.675000e+000
      vertex   4.853265e-001 3.560000e+000 1.712559e+000
      vertex   -6.023081e-001 3.560000e+000 1.675000e+000
    endloop
  endfacet
  facet normal 5.490191e-015 -1.000000e+000 6.547767e-015
    outer loop
      vertex   -6.023081e-001 3.560000e+000 1.675000e+000
      vertex   4.853265e-001 3.560000e+000 1.712559e+000
      vertex   -4.853265e-001 3.560000e+000 1.712559e+000
    endloop
  endfacet
  facet normal 5.490191e-015 -1.000000e+000 7.172061e-015
    outer loop
      vertex   -4.853265e-001 3.560000e+000 1.712559e+000
      vertex   4.853265e-001 3.560000e+000 1.712559e+000
      vertex   3.660327e-001 3.560000e+000 1.741959e+000
    endloop
  endfacet
  facet normal 6.066251e-015 -1.000000e+000 -7.295262e-015
    outer loop
      vertex   -3.660327e-001 3.560000e+000 1.741959e+000
      vertex   3.660327e-001 3.560000e+000 1.741959e+000
      vertex   2.449950e-001 3.560000e+000 1.763059e+000
    endloop
  endfacet
  facet normal 5.437939e-015 -1.000000e+000 1.735775e-014
    outer loop
      vertex   -2.449950e-001 3.560000e+000 1.763059e+000
      vertex   2.449950e-001 3.560000e+000 1.763059e+000
      vertex   1.227900e-001 3.560000e+000 1.775760e+000
    endloop
  endfacet
  facet normal 6.635331e-015 -1.000000e+000 -1.731640e-014
    outer loop
      vertex   -2.205742e-014 3.560000e+000 1.780000e+000
      vertex   -2.449950e-001 3.560000e+000 1.763059e+000
      vertex   1.227900e-001 3.560000e+000 1.775760e+000
    endloop
  endfacet
  facet normal 9.024411e-015 -1.000000e+000 -5.186670e-014
    outer loop
      vertex   -2.205742e-014 3.560000e+000 1.780000e+000
      vertex   -1.227900e-001 3.560000e+000 1.775760e+000
      vertex   -2.449950e-001 3.560000e+000 1.763059e+000
    endloop
  endfacet
  facet normal 6.066251e-015 -1.000000e+000 -9.509510e-015
    outer loop
      vertex   -4.853265e-001 3.560000e+000 1.712559e+000
      vertex   3.660327e-001 3.560000e+000 1.741959e+000
      vertex   -3.660327e-001 3.560000e+000 1.741959e+000
    endloop
  endfacet
  facet normal 5.437939e-015 -1.000000e+000 1.089943e-014
    outer loop
      vertex   -3.660327e-001 3.560000e+000 1.741959e+000
      vertex   2.449950e-001 3.560000e+000 1.763059e+000
      vertex   -2.449950e-001 3.560000e+000 1.763059e+000
    endloop
  endfacet
  facet normal 6.267156e-015 -1.000000e+000 -1.595161e-014
    outer loop
      vertex   -6.023081e-001 3.560000e+000 -1.675000e+000
      vertex   -4.853265e-001 3.560000e+000 -1.712559e+000
      vertex   6.023081e-001 3.560000e+000 -1.675000e+000
    endloop
  endfacet
  facet normal 5.490191e-015 -1.000000e+000 6.547767e-015
    outer loop
      vertex   6.023081e-001 3.560000e+000 -1.675000e+000
      vertex   -4.853265e-001 3.560000e+000 -1.712559e+000
      vertex   4.853265e-001 3.560000e+000 -1.712559e+000
    endloop
  endfacet
  facet normal 5.490191e-015 -1.000000e+000 7.172061e-015
    outer loop
      vertex   4.853265e-001 3.560000e+000 -1.712559e+000
      vertex   -4.853265e-001 3.560000e+000 -1.712559e+000
      vertex   -3.660327e-001 3.560000e+000 -1.741959e+000
    endloop
  endfacet
  facet normal 6.066251e-015 -1.000000e+000 -7.295262e-015
    outer loop
      vertex   3.660327e-001 3.560000e+000 -1.741959e+000
      vertex   -3.660327e-001 3.560000e+000 -1.741959e+000
      vertex   -2.449950e-001 3.560000e+000 -1.763059e+000
    endloop
  endfacet
  facet normal 5.437939e-015 -1.000000e+000 1.735775e-014
    outer loop
      vertex   2.449950e-001 3.560000e+000 -1.763059e+000
      vertex   -2.449950e-001 3.560000e+000 -1.763059e+000
      vertex   -1.227900e-001 3.560000e+000 -1.775760e+000
    endloop
  endfacet
  facet normal 6.635331e-015 -1.000000e+000 -1.731640e-014
    outer loop
      vertex   -2.166218e-014 3.560000e+000 -1.780000e+000
      vertex   2.449950e-001 3.560000e+000 -1.763059e+000
      vertex   -1.227900e-001 3.560000e+000 -1.775760e+000
    endloop
  endfacet
  facet normal 9.024411e-015 -1.000000e+000 -5.186670e-014
    outer loop
      vertex   -2.166218e-014 3.560000e+000 -1.780000e+000
      vertex   1.227900e-001 3.560000e+000 -1.775760e+000
      vertex   2.449950e-001 3.560000e+000 -1.763059e+000
    endloop
  endfacet
  facet normal 6.066251e-015 -1.000000e+000 -9.509510e-015
    outer loop
      vertex   4.853265e-001 3.560000e+000 -1.712559e+000
      vertex   -3.660327e-001 3.560000e+000 -1.741959e+000
      vertex   3.660327e-001 3.560000e+000 -1.741959e+000
    endloop
  endfacet
  facet normal 5.437939e-015 -1.000000e+000 1.089943e-014
    outer loop
      vertex   3.660327e-001 3.560000e+000 -1.741959e+000
      vertex   -2.449950e-001 3.560000e+000 -1.763059e+000
      vertex   2.449950e-001 3.560000e+000 -1.763059e+000
    endloop
  endfacet
endsolid