solid ascii
  facet normal 7.064122e-001 -7.072697e-001 -2.741201e-002
    outer loop
      vertex   -1.610144e+000 1.600000e+000 1.251503e-001
      vertex   -1.710088e+000 1.500000e+000 1.297033e-001
      vertex   -1.615000e+000 1.600000e+000 1.977805e-016
    endloop
  endfacet
  facet normal 7.031962e-001 -7.064588e-001 -8.019399e-002
    outer loop
      vertex   -1.610144e+000 1.600000e+000 1.251503e-001
      vertex   -1.695381e+000 1.500000e+000 2.586637e-001
      vertex   -1.710088e+000 1.500000e+000 1.297033e-001
    endloop
  endfacet
  facet normal 7.017590e-001 -7.076768e-001 -8.202386e-002
    outer loop
      vertex   -1.610144e+000 1.600000e+000 1.251503e-001
      vertex   -1.595604e+000 1.600000e+000 2.495479e-001
      vertex   -1.695381e+000 1.500000e+000 2.586637e-001
    endloop
  endfacet
  facet normal 6.954851e-001 -7.060835e-001 -1.332166e-001
    outer loop
      vertex   -1.695381e+000 1.500000e+000 2.586637e-001
      vertex   -1.595604e+000 1.600000e+000 2.495479e-001
      vertex   -1.670963e+000 1.500000e+000 3.861424e-001
    endloop
  endfacet
  facet normal 6.929136e-001 -7.080621e-001 -1.360838e-001
    outer loop
      vertex   -1.670963e+000 1.500000e+000 3.861424e-001
      vertex   -1.595604e+000 1.600000e+000 2.495479e-001
      vertex   -1.571467e+000 1.600000e+000 3.724446e-001
    endloop
  endfacet
  facet normal 6.799331e-001 -7.084257e-001 -1.892723e-001
    outer loop
      vertex   -1.636974e+000 1.500000e+000 5.114094e-001
      vertex   -1.571467e+000 1.600000e+000 3.724446e-001
      vertex   -1.537880e+000 1.600000e+000 4.931015e-001
    endloop
  endfacet
  facet normal 6.628986e-001 -7.087677e-001 -2.412754e-001
    outer loop
      vertex   -1.593609e+000 1.500000e+000 6.337471e-001
      vertex   -1.537880e+000 1.600000e+000 4.931015e-001
      vertex   -1.495044e+000 1.600000e+000 6.107928e-001
    endloop
  endfacet
  facet normal 6.419149e-001 -7.090882e-001 -2.917861e-001
    outer loop
      vertex   -1.541115e+000 1.500000e+000 7.524547e-001
      vertex   -1.495044e+000 1.600000e+000 6.107928e-001
      vertex   -1.443217e+000 1.600000e+000 7.248107e-001
    endloop
  endfacet
  facet normal 6.171100e-001 -7.093873e-001 -3.405069e-001
    outer loop
      vertex   -1.479795e+000 1.500000e+000 8.668524e-001
      vertex   -1.443217e+000 1.600000e+000 7.248107e-001
      vertex   -1.382710e+000 1.600000e+000 8.344695e-001
    endloop
  endfacet
  facet normal 5.886339e-001 -7.096651e-001 -3.871506e-001
    outer loop
      vertex   -1.409998e+000 1.500000e+000 9.762847e-001
      vertex   -1.382710e+000 1.600000e+000 8.344695e-001
      vertex   -1.313887e+000 1.600000e+000 9.391097e-001
    endloop
  endfacet
  facet normal 5.566583e-001 -7.099216e-001 -4.314427e-001
    outer loop
      vertex   -1.332124e+000 1.500000e+000 1.080125e+000
      vertex   -1.313887e+000 1.600000e+000 9.391097e-001
      vertex   -1.237162e+000 1.600000e+000 1.038102e+000
    endloop
  endfacet
  facet normal 5.213751e-001 -7.101570e-001 -4.731227e-001
    outer loop
      vertex   -1.246621e+000 1.500000e+000 1.177778e+000
      vertex   -1.237162e+000 1.600000e+000 1.038102e+000
      vertex   -1.152997e+000 1.600000e+000 1.130851e+000
    endloop
  endfacet
  facet normal 4.829956e-001 -7.103712e-001 -5.119454e-001
    outer loop
      vertex   -1.153976e+000 1.500000e+000 1.268686e+000
      vertex   -1.152997e+000 1.600000e+000 1.130851e+000
      vertex   -1.061897e+000 1.600000e+000 1.216799e+000
    endloop
  endfacet
  facet normal 4.417488e-001 -7.105643e-001 -5.476826e-001
    outer loop
      vertex   -1.054722e+000 1.500000e+000 1.352326e+000
      vertex   -1.061897e+000 1.600000e+000 1.216799e+000
      vertex   -9.644111e-001 1.600000e+000 1.295429e+000
    endloop
  endfacet
  facet normal 3.978809e-001 -7.107365e-001 -5.801245e-001
    outer loop
      vertex   -9.494269e-001 1.500000e+000 1.428220e+000
      vertex   -9.644111e-001 1.600000e+000 1.295429e+000
      vertex   -8.611252e-001 1.600000e+000 1.366268e+000
    endloop
  endfacet
  facet normal 3.516528e-001 -7.108876e-001 -6.090805e-001
    outer loop
      vertex   -8.386933e-001 1.500000e+000 1.495934e+000
      vertex   -8.611252e-001 1.600000e+000 1.366268e+000
      vertex   -7.526603e-001 1.600000e+000 1.428890e+000
    endloop
  endfacet
  facet normal 3.033394e-001 -7.110179e-001 -6.343806e-001
    outer loop
      vertex   -7.231557e-001 1.500000e+000 1.555079e+000
      vertex   -7.526603e-001 1.600000e+000 1.428890e+000
      vertex   -6.396688e-001 1.600000e+000 1.482919e+000
    endloop
  endfacet
  facet normal 2.532278e-001 -7.111272e-001 -6.558763e-001
    outer loop
      vertex   -6.034759e-001 1.500000e+000 1.605317e+000
      vertex   -6.396688e-001 1.600000e+000 1.482919e+000
      vertex   -5.228303e-001 1.600000e+000 1.528029e+000
    endloop
  endfacet
  facet normal 2.016152e-001 -7.112157e-001 -6.734416e-001
    outer loop
      vertex   -4.803395e-001 1.500000e+000 1.646359e+000
      vertex   -5.228303e-001 1.600000e+000 1.528029e+000
      vertex   -4.028474e-001 1.600000e+000 1.563950e+000
    endloop
  endfacet
  facet normal 1.488078e-001 -7.112833e-001 -6.869733e-001
    outer loop
      vertex   -3.544518e-001 1.500000e+000 1.677972e+000
      vertex   -4.028474e-001 1.600000e+000 1.563950e+000
      vertex   -2.804418e-001 1.600000e+000 1.590465e+000
    endloop
  endfacet
  facet normal 9.511869e-002 -7.113302e-001 -6.963920e-001
    outer loop
      vertex   -2.265337e-001 1.500000e+000 1.699973e+000
      vertex   -2.804418e-001 1.600000e+000 1.590465e+000
      vertex   -1.563496e-001 1.600000e+000 1.607414e+000
    endloop
  endfacet
  facet normal 4.086603e-002 -7.113562e-001 -7.016426e-001
    outer loop
      vertex   -9.731814e-002 1.500000e+000 1.712237e+000
      vertex   -1.563496e-001 1.600000e+000 1.607414e+000
      vertex   -3.131700e-002 1.600000e+000 1.614696e+000
    endloop
  endfacet
  facet normal -1.362874e-002 -7.113614e-001 -7.026943e-001
    outer loop
      vertex   3.245488e-002 1.500000e+000 1.714693e+000
      vertex   -3.131700e-002 1.600000e+000 1.614696e+000
      vertex   9.390390e-002 1.600000e+000 1.612268e+000
    endloop
  endfacet
  facet normal -6.804277e-002 -7.113458e-001 -6.995408e-001
    outer loop
      vertex   1.620420e-001 1.500000e+000 1.707328e+000
      vertex   9.390390e-002 1.600000e+000 1.612268e+000
      vertex   2.185600e-001 1.600000e+000 1.600143e+000
    endloop
  endfacet
  facet normal -1.220537e-001 -7.113093e-001 -6.922008e-001
    outer loop
      vertex   2.907010e-001 1.500000e+000 1.690183e+000
      vertex   2.185600e-001 1.600000e+000 1.600143e+000
      vertex   3.419018e-001 1.600000e+000 1.578394e+000
    endloop
  endfacet
  facet normal -1.753414e-001 -7.112521e-001 -6.807171e-001
    outer loop
      vertex   4.176948e-001 1.500000e+000 1.663357e+000
      vertex   3.419018e-001 1.600000e+000 1.578394e+000
      vertex   4.631872e-001 1.600000e+000 1.547153e+000
    endloop
  endfacet
  facet normal -2.275901e-001 -7.111741e-001 -6.651573e-001
    outer loop
      vertex   5.422961e-001 1.500000e+000 1.627003e+000
      vertex   4.631872e-001 1.600000e+000 1.547153e+000
      vertex   5.816870e-001 1.600000e+000 1.506607e+000
    endloop
  endfacet
  facet normal -2.784900e-001 -7.110752e-001 -6.456124e-001
    outer loop
      vertex   6.637913e-001 1.500000e+000 1.581331e+000
      vertex   5.816870e-001 1.600000e+000 1.506607e+000
      vertex   6.966885e-001 1.600000e+000 1.457000e+000
    endloop
  endfacet
  facet normal -3.277391e-001 -7.109554e-001 -6.221973e-001
    outer loop
      vertex   7.814842e-001 1.500000e+000 1.526600e+000
      vertex   6.966885e-001 1.600000e+000 1.457000e+000
      vertex   8.075000e-001 1.600000e+000 1.398631e+000
    endloop
  endfacet
  facet normal -3.750450e-001 -7.108147e-001 -5.950494e-001
    outer loop
      vertex   8.947009e-001 1.500000e+000 1.463125e+000
      vertex   8.075000e-001 1.600000e+000 1.398631e+000
      vertex   9.134551e-001 1.600000e+000 1.331850e+000
    endloop
  endfacet
  facet normal -4.201265e-001 -7.106530e-001 -5.643279e-001
    outer loop
      vertex   1.002793e+000 1.500000e+000 1.391270e+000
      vertex   9.134551e-001 1.600000e+000 1.331850e+000
      vertex   1.013917e+000 1.600000e+000 1.257059e+000
    endloop
  endfacet
  facet normal -4.627156e-001 -7.104704e-001 -5.302133e-001
    outer loop
      vertex   1.105141e+000 1.500000e+000 1.311445e+000
      vertex   1.013917e+000 1.600000e+000 1.257059e+000
      vertex   1.108280e+000 1.600000e+000 1.174708e+000
    endloop
  endfacet
  facet normal -5.025585e-001 -7.102667e-001 -4.929059e-001
    outer loop
      vertex   1.201159e+000 1.500000e+000 1.224109e+000
      vertex   1.108280e+000 1.600000e+000 1.174708e+000
      vertex   1.195979e+000 1.600000e+000 1.085293e+000
    endloop
  endfacet
  facet normal -5.394174e-001 -7.100419e-001 -4.526249e-001
    outer loop
      vertex   1.290297e+000 1.500000e+000 1.129761e+000
      vertex   1.195979e+000 1.600000e+000 1.085293e+000
      vertex   1.276484e+000 1.600000e+000 9.893499e-001
    endloop
  endfacet
  facet normal -5.730720e-001 -7.097960e-001 -4.096072e-001
    outer loop
      vertex   1.372044e+000 1.500000e+000 1.028942e+000
      vertex   1.276484e+000 1.600000e+000 9.893499e-001
      vertex   1.349313e+000 1.600000e+000 8.874570e-001
    endloop
  endfacet
  facet normal -6.033206e-001 -7.095289e-001 -3.641058e-001
    outer loop
      vertex   1.445932e+000 1.500000e+000 9.222291e-001
      vertex   1.349313e+000 1.600000e+000 8.874570e-001
      vertex   1.414027e+000 1.600000e+000 7.802268e-001
    endloop
  endfacet
  facet normal -6.299812e-001 -7.092404e-001 -3.163885e-001
    outer loop
      vertex   1.511538e+000 1.500000e+000 8.102339e-001
      vertex   1.414027e+000 1.600000e+000 7.802268e-001
      vertex   1.470236e+000 1.600000e+000 6.683043e-001
    endloop
  endfacet
  facet normal -6.528929e-001 -7.089306e-001 -2.667361e-001
    outer loop
      vertex   1.568486e+000 1.500000e+000 6.935977e-001
      vertex   1.470236e+000 1.600000e+000 6.683043e-001
      vertex   1.517604e+000 1.600000e+000 5.523625e-001
    endloop
  endfacet
  facet normal -6.719166e-001 -7.085994e-001 -2.154414e-001
    outer loop
      vertex   1.616450e+000 1.500000e+000 5.729887e-001
      vertex   1.517604e+000 1.600000e+000 5.523625e-001
      vertex   1.555844e+000 1.600000e+000 4.330988e-001
    endloop
  endfacet
  facet normal -6.869358e-001 -7.082466e-001 -1.628068e-001
    outer loop
      vertex   1.655154e+000 1.500000e+000 4.490976e-001
      vertex   1.555844e+000 1.600000e+000 4.330988e-001
      vertex   1.584727e+000 1.600000e+000 3.112303e-001
    endloop
  endfacet
  facet normal -6.978573e-001 -7.078721e-001 -1.091429e-001
    outer loop
      vertex   1.684379e+000 1.500000e+000 3.226341e-001
      vertex   1.584727e+000 1.600000e+000 3.112303e-001
      vertex   1.604080e+000 1.600000e+000 1.874901e-001
    endloop
  endfacet
  facet normal -7.046122e-001 -7.074760e-001 -5.476679e-002
    outer loop
      vertex   1.703955e+000 1.500000e+000 1.943227e-001
      vertex   1.604080e+000 1.600000e+000 1.874901e-001
      vertex   1.613785e+000 1.600000e+000 6.262222e-002
    endloop
  endfacet
  facet normal -7.071556e-001 -7.070580e-001 -0.000000e+000
    outer loop
      vertex   1.713772e+000 1.500000e+000 6.489813e-002
      vertex   1.613785e+000 1.600000e+000 6.262222e-002
      vertex   1.613785e+000 1.600000e+000 -6.262222e-002
    endloop
  endfacet
  facet normal -7.055332e-001 -7.066537e-001 5.351185e-002
    outer loop
      vertex   1.713772e+000 1.500000e+000 -6.489813e-002
      vertex   1.613785e+000 1.600000e+000 -6.262222e-002
      vertex   1.703955e+000 1.500000e+000 -1.943227e-001
    endloop
  endfacet
  facet normal -7.071556e-001 -7.070580e-001 0.000000e+000
    outer loop
      vertex   1.713772e+000 1.500000e+000 -6.489813e-002
      vertex   1.713772e+000 1.500000e+000 6.489813e-002
      vertex   1.613785e+000 1.600000e+000 -6.262222e-002
    endloop
  endfacet
  facet normal 6.837605e-001 -7.057276e-001 -1.855266e-001
    outer loop
      vertex   -1.670963e+000 1.500000e+000 3.861424e-001
      vertex   -1.571467e+000 1.600000e+000 3.724446e-001
      vertex   -1.636974e+000 1.500000e+000 5.114094e-001
    endloop
  endfacet
  facet normal 6.680867e-001 -7.053913e-001 -2.368191e-001
    outer loop
      vertex   -1.636974e+000 1.500000e+000 5.114094e-001
      vertex   -1.537880e+000 1.600000e+000 4.931015e-001
      vertex   -1.593609e+000 1.500000e+000 6.337471e-001
    endloop
  endfacet
  facet normal 6.485510e-001 -7.050747e-001 -2.867948e-001
    outer loop
      vertex   -1.593609e+000 1.500000e+000 6.337471e-001
      vertex   -1.495044e+000 1.600000e+000 6.107928e-001
      vertex   -1.541115e+000 1.500000e+000 7.524547e-001
    endloop
  endfacet
  facet normal 6.252638e-001 -7.047778e-001 -3.351619e-001
    outer loop
      vertex   -1.541115e+000 1.500000e+000 7.524547e-001
      vertex   -1.443217e+000 1.600000e+000 7.248107e-001
      vertex   -1.479795e+000 1.500000e+000 8.668524e-001
    endloop
  endfacet
  facet normal 5.983572e-001 -7.045006e-001 -3.816380e-001
    outer loop
      vertex   -1.479795e+000 1.500000e+000 8.668524e-001
      vertex   -1.382710e+000 1.600000e+000 8.344695e-001
      vertex   -1.409998e+000 1.500000e+000 9.762847e-001
    endloop
  endfacet
  facet normal 5.679850e-001 -7.042434e-001 -4.259511e-001
    outer loop
      vertex   -1.409998e+000 1.500000e+000 9.762847e-001
      vertex   -1.313887e+000 1.600000e+000 9.391097e-001
      vertex   -1.332124e+000 1.500000e+000 1.080125e+000
    endloop
  endfacet
  facet normal 5.343212e-001 -7.040060e-001 -4.678423e-001
    outer loop
      vertex   -1.332124e+000 1.500000e+000 1.080125e+000
      vertex   -1.237162e+000 1.600000e+000 1.038102e+000
      vertex   -1.246621e+000 1.500000e+000 1.177778e+000
    endloop
  endfacet
  facet normal 4.975595e-001 -7.037886e-001 -5.070662e-001
    outer loop
      vertex   -1.246621e+000 1.500000e+000 1.177778e+000
      vertex   -1.152997e+000 1.600000e+000 1.130851e+000
      vertex   -1.153976e+000 1.500000e+000 1.268686e+000
    endloop
  endfacet
  facet normal 4.579116e-001 -7.035913e-001 -5.433932e-001
    outer loop
      vertex   -1.153976e+000 1.500000e+000 1.268686e+000
      vertex   -1.061897e+000 1.600000e+000 1.216799e+000
      vertex   -1.054722e+000 1.500000e+000 1.352326e+000
    endloop
  endfacet
  facet normal 4.156066e-001 -7.034141e-001 -5.766105e-001
    outer loop
      vertex   -1.054722e+000 1.500000e+000 1.352326e+000
      vertex   -9.644111e-001 1.600000e+000 1.295429e+000
      vertex   -9.494269e-001 1.500000e+000 1.428220e+000
    endloop
  endfacet
  facet normal 3.708891e-001 -7.032570e-001 -6.065235e-001
    outer loop
      vertex   -9.494269e-001 1.500000e+000 1.428220e+000
      vertex   -8.611252e-001 1.600000e+000 1.366268e+000
      vertex   -8.386933e-001 1.500000e+000 1.495934e+000
    endloop
  endfacet
  facet normal 3.240180e-001 -7.031202e-001 -6.329569e-001
    outer loop
      vertex   -8.386933e-001 1.500000e+000 1.495934e+000
      vertex   -7.526603e-001 1.600000e+000 1.428890e+000
      vertex   -7.231557e-001 1.500000e+000 1.555079e+000
    endloop
  endfacet
  facet normal 2.752649e-001 -7.030035e-001 -6.557555e-001
    outer loop
      vertex   -7.231557e-001 1.500000e+000 1.555079e+000
      vertex   -6.396688e-001 1.600000e+000 1.482919e+000
      vertex   -6.034759e-001 1.500000e+000 1.605317e+000
    endloop
  endfacet
  facet normal 2.249127e-001 -7.029071e-001 -6.747858e-001
    outer loop
      vertex   -6.034759e-001 1.500000e+000 1.605317e+000
      vertex   -5.228303e-001 1.600000e+000 1.528029e+000
      vertex   -4.803395e-001 1.500000e+000 1.646359e+000
    endloop
  endfacet
  facet normal 1.732537e-001 -7.028309e-001 -6.899361e-001
    outer loop
      vertex   -4.803395e-001 1.500000e+000 1.646359e+000
      vertex   -4.028474e-001 1.600000e+000 1.563950e+000
      vertex   -3.544518e-001 1.500000e+000 1.677972e+000
    endloop
  endfacet
  facet normal 1.205879e-001 -7.027750e-001 -7.011175e-001
    outer loop
      vertex   -3.544518e-001 1.500000e+000 1.677972e+000
      vertex   -2.804418e-001 1.600000e+000 1.590465e+000
      vertex   -2.265337e-001 1.500000e+000 1.699973e+000
    endloop
  endfacet
  facet normal 6.722119e-002 -7.027395e-001 -7.082644e-001
    outer loop
      vertex   -2.265337e-001 1.500000e+000 1.699973e+000
      vertex   -1.563496e-001 1.600000e+000 1.607414e+000
      vertex   -9.731814e-002 1.500000e+000 1.712237e+000
    endloop
  endfacet
  facet normal 1.346380e-002 -7.027242e-001 -7.113349e-001
    outer loop
      vertex   -9.731814e-002 1.500000e+000 1.712237e+000
      vertex   -3.131700e-002 1.600000e+000 1.614696e+000
      vertex   3.245488e-002 1.500000e+000 1.714693e+000
    endloop
  endfacet
  facet normal -4.037184e-002 -7.027293e-001 -7.103109e-001
    outer loop
      vertex   3.245488e-002 1.500000e+000 1.714693e+000
      vertex   9.390390e-002 1.600000e+000 1.612268e+000
      vertex   1.620420e-001 1.500000e+000 1.707328e+000
    endloop
  endfacet
  facet normal -9.397283e-002 -7.027547e-001 -7.051985e-001
    outer loop
      vertex   1.620420e-001 1.500000e+000 1.707328e+000
      vertex   2.185600e-001 1.600000e+000 1.600143e+000
      vertex   2.907010e-001 1.500000e+000 1.690183e+000
    endloop
  endfacet
  facet normal -1.470276e-001 -7.028004e-001 -6.960276e-001
    outer loop
      vertex   2.907010e-001 1.500000e+000 1.690183e+000
      vertex   3.419018e-001 1.600000e+000 1.578394e+000
      vertex   4.176948e-001 1.500000e+000 1.663357e+000
    endloop
  endfacet
  facet normal -1.992280e-001 -7.028664e-001 -6.828521e-001
    outer loop
      vertex   4.176948e-001 1.500000e+000 1.663357e+000
      vertex   4.631872e-001 1.600000e+000 1.547153e+000
      vertex   5.422961e-001 1.500000e+000 1.627003e+000
    endloop
  endfacet
  facet normal -2.502706e-001 -7.029527e-001 -6.657492e-001
    outer loop
      vertex   5.422961e-001 1.500000e+000 1.627003e+000
      vertex   5.816870e-001 1.600000e+000 1.506607e+000
      vertex   6.637913e-001 1.500000e+000 1.581331e+000
    endloop
  endfacet
  facet normal -2.998592e-001 -7.030593e-001 -6.448194e-001
    outer loop
      vertex   6.637913e-001 1.500000e+000 1.581331e+000
      vertex   6.966885e-001 1.600000e+000 1.457000e+000
      vertex   7.814842e-001 1.500000e+000 1.526600e+000
    endloop
  endfacet
  facet normal -3.477060e-001 -7.031861e-001 -6.201853e-001
    outer loop
      vertex   7.814842e-001 1.500000e+000 1.526600e+000
      vertex   8.075000e-001 1.600000e+000 1.398631e+000
      vertex   8.947009e-001 1.500000e+000 1.463125e+000
    endloop
  endfacet
  facet normal -3.935336e-001 -7.033331e-001 -5.919915e-001
    outer loop
      vertex   8.947009e-001 1.500000e+000 1.463125e+000
      vertex   9.134551e-001 1.600000e+000 1.331850e+000
      vertex   1.002793e+000 1.500000e+000 1.391270e+000
    endloop
  endfacet
  facet normal -4.370763e-001 -7.035002e-001 -5.604032e-001
    outer loop
      vertex   1.002793e+000 1.500000e+000 1.391270e+000
      vertex   1.013917e+000 1.600000e+000 1.257059e+000
      vertex   1.105141e+000 1.500000e+000 1.311445e+000
    endloop
  endfacet
  facet normal -4.780824e-001 -7.036875e-001 -5.256055e-001
    outer loop
      vertex   1.105141e+000 1.500000e+000 1.311445e+000
      vertex   1.108280e+000 1.600000e+000 1.174708e+000
      vertex   1.201159e+000 1.500000e+000 1.224109e+000
    endloop
  endfacet
  facet normal -5.163148e-001 -7.038948e-001 -4.878024e-001
    outer loop
      vertex   1.201159e+000 1.500000e+000 1.224109e+000
      vertex   1.195979e+000 1.600000e+000 1.085293e+000
      vertex   1.290297e+000 1.500000e+000 1.129761e+000
    endloop
  endfacet
  facet normal -5.515529e-001 -7.041222e-001 -4.472151e-001
    outer loop
      vertex   1.290297e+000 1.500000e+000 1.129761e+000
      vertex   1.276484e+000 1.600000e+000 9.893499e-001
      vertex   1.372044e+000 1.500000e+000 1.028942e+000
    endloop
  endfacet
  facet normal -5.835939e-001 -7.043695e-001 -4.040814e-001
    outer loop
      vertex   1.372044e+000 1.500000e+000 1.028942e+000
      vertex   1.349313e+000 1.600000e+000 8.874570e-001
      vertex   1.445932e+000 1.500000e+000 9.222291e-001
    endloop
  endfacet
  facet normal -6.122538e-001 -7.046367e-001 -3.586536e-001
    outer loop
      vertex   1.445932e+000 1.500000e+000 9.222291e-001
      vertex   1.414027e+000 1.600000e+000 7.802268e-001
      vertex   1.511538e+000 1.500000e+000 8.102339e-001
    endloop
  endfacet
  facet normal -6.373686e-001 -7.049238e-001 -3.111973e-001
    outer loop
      vertex   1.511538e+000 1.500000e+000 8.102339e-001
      vertex   1.470236e+000 1.600000e+000 6.683043e-001
      vertex   1.568486e+000 1.500000e+000 6.935977e-001
    endloop
  endfacet
  facet normal -6.587952e-001 -7.052306e-001 -2.619900e-001
    outer loop
      vertex   1.568486e+000 1.500000e+000 6.935977e-001
      vertex   1.517604e+000 1.600000e+000 5.523625e-001
      vertex   1.616450e+000 1.500000e+000 5.729887e-001
    endloop
  endfacet
  facet normal -6.764123e-001 -7.055570e-001 -2.113189e-001
    outer loop
      vertex   1.616450e+000 1.500000e+000 5.729887e-001
      vertex   1.555844e+000 1.600000e+000 4.330988e-001
      vertex   1.655154e+000 1.500000e+000 4.490976e-001
    endloop
  endfacet
  facet normal -6.901210e-001 -7.059031e-001 -1.594798e-001
    outer loop
      vertex   1.655154e+000 1.500000e+000 4.490976e-001
      vertex   1.584727e+000 1.600000e+000 3.112303e-001
      vertex   1.684379e+000 1.500000e+000 3.226341e-001
    endloop
  endfacet
  facet normal -6.998454e-001 -7.062687e-001 -1.067751e-001
    outer loop
      vertex   1.684379e+000 1.500000e+000 3.226341e-001
      vertex   1.604080e+000 1.600000e+000 1.874901e-001
      vertex   1.703955e+000 1.500000e+000 1.943227e-001
    endloop
  endfacet
  facet normal -7.055332e-001 -7.066537e-001 -5.351185e-002
    outer loop
      vertex   1.703955e+000 1.500000e+000 1.943227e-001
      vertex   1.613785e+000 1.600000e+000 6.262222e-002
      vertex   1.713772e+000 1.500000e+000 6.489813e-002
    endloop
  endfacet
  facet normal -7.046122e-001 -7.074760e-001 5.476679e-002
    outer loop
      vertex   1.613785e+000 1.600000e+000 -6.262222e-002
      vertex   1.604080e+000 1.600000e+000 -1.874901e-001
      vertex   1.703955e+000 1.500000e+000 -1.943227e-001
    endloop
  endfacet
  facet normal -6.998454e-001 -7.062687e-001 1.067751e-001
    outer loop
      vertex   1.703955e+000 1.500000e+000 -1.943227e-001
      vertex   1.604080e+000 1.600000e+000 -1.874901e-001
      vertex   1.684379e+000 1.500000e+000 -3.226341e-001
    endloop
  endfacet
  facet normal -6.978573e-001 -7.078721e-001 1.091429e-001
    outer loop
      vertex   1.684379e+000 1.500000e+000 -3.226341e-001
      vertex   1.604080e+000 1.600000e+000 -1.874901e-001
      vertex   1.584727e+000 1.600000e+000 -3.112303e-001
    endloop
  endfacet
  facet normal -6.869358e-001 -7.082466e-001 1.628068e-001
    outer loop
      vertex   1.655154e+000 1.500000e+000 -4.490976e-001
      vertex   1.584727e+000 1.600000e+000 -3.112303e-001
      vertex   1.555844e+000 1.600000e+000 -4.330988e-001
    endloop
  endfacet
  facet normal -6.719166e-001 -7.085994e-001 2.154414e-001
    outer loop
      vertex   1.616450e+000 1.500000e+000 -5.729887e-001
      vertex   1.555844e+000 1.600000e+000 -4.330988e-001
      vertex   1.517604e+000 1.600000e+000 -5.523625e-001
    endloop
  endfacet
  facet normal -6.528929e-001 -7.089306e-001 2.667361e-001
    outer loop
      vertex   1.568486e+000 1.500000e+000 -6.935977e-001
      vertex   1.517604e+000 1.600000e+000 -5.523625e-001
      vertex   1.470236e+000 1.600000e+000 -6.683043e-001
    endloop
  endfacet
  facet normal -6.299812e-001 -7.092404e-001 3.163885e-001
    outer loop
      vertex   1.511538e+000 1.500000e+000 -8.102339e-001
      vertex   1.470236e+000 1.600000e+000 -6.683043e-001
      vertex   1.414027e+000 1.600000e+000 -7.802268e-001
    endloop
  endfacet
  facet normal -6.033206e-001 -7.095289e-001 3.641058e-001
    outer loop
      vertex   1.445932e+000 1.500000e+000 -9.222291e-001
      vertex   1.414027e+000 1.600000e+000 -7.802268e-001
      vertex   1.349313e+000 1.600000e+000 -8.874570e-001
    endloop
  endfacet
  facet normal -5.730720e-001 -7.097960e-001 4.096072e-001
    outer loop
      vertex   1.372044e+000 1.500000e+000 -1.028942e+000
      vertex   1.349313e+000 1.600000e+000 -8.874570e-001
      vertex   1.276484e+000 1.600000e+000 -9.893499e-001
    endloop
  endfacet
  facet normal -5.394174e-001 -7.100419e-001 4.526249e-001
    outer loop
      vertex   1.290297e+000 1.500000e+000 -1.129761e+000
      vertex   1.276484e+000 1.600000e+000 -9.893499e-001
      vertex   1.195979e+000 1.600000e+000 -1.085293e+000
    endloop
  endfacet
  facet normal -5.025585e-001 -7.102667e-001 4.929059e-001
    outer loop
      vertex   1.201159e+000 1.500000e+000 -1.224109e+000
      vertex   1.195979e+000 1.600000e+000 -1.085293e+000
      vertex   1.108280e+000 1.600000e+000 -1.174708e+000
    endloop
  endfacet
  facet normal -4.627156e-001 -7.104704e-001 5.302133e-001
    outer loop
      vertex   1.105141e+000 1.500000e+000 -1.311445e+000
      vertex   1.108280e+000 1.600000e+000 -1.174708e+000
      vertex   1.013917e+000 1.600000e+000 -1.257059e+000
    endloop
  endfacet
  facet normal -4.201265e-001 -7.106530e-001 5.643279e-001
    outer loop
      vertex   1.002793e+000 1.500000e+000 -1.391270e+000
      vertex   1.013917e+000 1.600000e+000 -1.257059e+000
      vertex   9.134551e-001 1.600000e+000 -1.331850e+000
    endloop
  endfacet
  facet normal -3.750450e-001 -7.108147e-001 5.950494e-001
    outer loop
      vertex   8.947009e-001 1.500000e+000 -1.463125e+000
      vertex   9.134551e-001 1.600000e+000 -1.331850e+000
      vertex   8.075000e-001 1.600000e+000 -1.398631e+000
    endloop
  endfacet
  facet normal -3.277391e-001 -7.109554e-001 6.221973e-001
    outer loop
      vertex   7.814842e-001 1.500000e+000 -1.526600e+000
      vertex   8.075000e-001 1.600000e+000 -1.398631e+000
      vertex   6.966885e-001 1.600000e+000 -1.457000e+000
    endloop
  endfacet
  facet normal -2.784900e-001 -7.110752e-001 6.456124e-001
    outer loop
      vertex   6.637913e-001 1.500000e+000 -1.581331e+000
      vertex   6.966885e-001 1.600000e+000 -1.457000e+000
      vertex   5.816870e-001 1.600000e+000 -1.506607e+000
    endloop
  endfacet
  facet normal -2.275901e-001 -7.111741e-001 6.651573e-001
    outer loop
      vertex   5.422961e-001 1.500000e+000 -1.627003e+000
      vertex   5.816870e-001 1.600000e+000 -1.506607e+000
      vertex   4.631872e-001 1.600000e+000 -1.547153e+000
    endloop
  endfacet
  facet normal -1.753414e-001 -7.112521e-001 6.807171e-001
    outer loop
      vertex   4.176948e-001 1.500000e+000 -1.663357e+000
      vertex   4.631872e-001 1.600000e+000 -1.547153e+000
      vertex   3.419018e-001 1.600000e+000 -1.578394e+000
    endloop
  endfacet
  facet normal -1.220537e-001 -7.113093e-001 6.922008e-001
    outer loop
      vertex   2.907010e-001 1.500000e+000 -1.690183e+000
      vertex   3.419018e-001 1.600000e+000 -1.578394e+000
      vertex   2.185600e-001 1.600000e+000 -1.600143e+000
    endloop
  endfacet
  facet normal -6.804277e-002 -7.113458e-001 6.995408e-001
    outer loop
      vertex   1.620420e-001 1.500000e+000 -1.707328e+000
      vertex   2.185600e-001 1.600000e+000 -1.600143e+000
      vertex   9.390390e-002 1.600000e+000 -1.612268e+000
    endloop
  endfacet
  facet normal -1.362874e-002 -7.113614e-001 7.026943e-001
    outer loop
      vertex   3.245488e-002 1.500000e+000 -1.714693e+000
      vertex   9.390390e-002 1.600000e+000 -1.612268e+000
      vertex   -3.131700e-002 1.600000e+000 -1.614696e+000
    endloop
  endfacet
  facet normal 4.086603e-002 -7.113562e-001 7.016426e-001
    outer loop
      vertex   -9.731814e-002 1.500000e+000 -1.712237e+000
      vertex   -3.131700e-002 1.600000e+000 -1.614696e+000
      vertex   -1.563496e-001 1.600000e+000 -1.607414e+000
    endloop
  endfacet
  facet normal 9.511869e-002 -7.113302e-001 6.963920e-001
    outer loop
      vertex   -2.265337e-001 1.500000e+000 -1.699973e+000
      vertex   -1.563496e-001 1.600000e+000 -1.607414e+000
      vertex   -2.804418e-001 1.600000e+000 -1.590465e+000
    endloop
  endfacet
  facet normal 1.488078e-001 -7.112833e-001 6.869733e-001
    outer loop
      vertex   -3.544518e-001 1.500000e+000 -1.677972e+000
      vertex   -2.804418e-001 1.600000e+000 -1.590465e+000
      vertex   -4.028474e-001 1.600000e+000 -1.563950e+000
    endloop
  endfacet
  facet normal 2.016152e-001 -7.112157e-001 6.734416e-001
    outer loop
      vertex   -4.803395e-001 1.500000e+000 -1.646359e+000
      vertex   -4.028474e-001 1.600000e+000 -1.563950e+000
      vertex   -5.228303e-001 1.600000e+000 -1.528029e+000
    endloop
  endfacet
  facet normal 2.532278e-001 -7.111272e-001 6.558763e-001
    outer loop
      vertex   -6.034759e-001 1.500000e+000 -1.605317e+000
      vertex   -5.228303e-001 1.600000e+000 -1.528029e+000
      vertex   -6.396688e-001 1.600000e+000 -1.482919e+000
    endloop
  endfacet
  facet normal 3.033394e-001 -7.110179e-001 6.343806e-001
    outer loop
      vertex   -7.231557e-001 1.500000e+000 -1.555079e+000
      vertex   -6.396688e-001 1.600000e+000 -1.482919e+000
      vertex   -7.526603e-001 1.600000e+000 -1.428890e+000
    endloop
  endfacet
  facet normal 3.516528e-001 -7.108876e-001 6.090805e-001
    outer loop
      vertex   -8.386933e-001 1.500000e+000 -1.495934e+000
      vertex   -7.526603e-001 1.600000e+000 -1.428890e+000
      vertex   -8.611252e-001 1.600000e+000 -1.366268e+000
    endloop
  endfacet
  facet normal 3.978809e-001 -7.107365e-001 5.801245e-001
    outer loop
      vertex   -9.494269e-001 1.500000e+000 -1.428220e+000
      vertex   -8.611252e-001 1.600000e+000 -1.366268e+000
      vertex   -9.644111e-001 1.600000e+000 -1.295429e+000
    endloop
  endfacet
  facet normal 4.417488e-001 -7.105643e-001 5.476826e-001
    outer loop
      vertex   -1.054722e+000 1.500000e+000 -1.352326e+000
      vertex   -9.644111e-001 1.600000e+000 -1.295429e+000
      vertex   -1.061897e+000 1.600000e+000 -1.216799e+000
    endloop
  endfacet
  facet normal 4.829956e-001 -7.103712e-001 5.119454e-001
    outer loop
      vertex   -1.153976e+000 1.500000e+000 -1.268686e+000
      vertex   -1.061897e+000 1.600000e+000 -1.216799e+000
      vertex   -1.152997e+000 1.600000e+000 -1.130851e+000
    endloop
  endfacet
  facet normal 5.213751e-001 -7.101570e-001 4.731227e-001
    outer loop
      vertex   -1.246621e+000 1.500000e+000 -1.177778e+000
      vertex   -1.152997e+000 1.600000e+000 -1.130851e+000
      vertex   -1.237162e+000 1.600000e+000 -1.038102e+000
    endloop
  endfacet
  facet normal 5.566583e-001 -7.099216e-001 4.314427e-001
    outer loop
      vertex   -1.332124e+000 1.500000e+000 -1.080125e+000
      vertex   -1.237162e+000 1.600000e+000 -1.038102e+000
      vertex   -1.313887e+000 1.600000e+000 -9.391097e-001
    endloop
  endfacet
  facet normal 5.886339e-001 -7.096651e-001 3.871506e-001
    outer loop
      vertex   -1.409998e+000 1.500000e+000 -9.762847e-001
      vertex   -1.313887e+000 1.600000e+000 -9.391097e-001
      vertex   -1.382710e+000 1.600000e+000 -8.344695e-001
    endloop
  endfacet
  facet normal 6.171100e-001 -7.093873e-001 3.405069e-001
    outer loop
      vertex   -1.479795e+000 1.500000e+000 -8.668524e-001
      vertex   -1.382710e+000 1.600000e+000 -8.344695e-001
      vertex   -1.443217e+000 1.600000e+000 -7.248107e-001
    endloop
  endfacet
  facet normal 6.419149e-001 -7.090882e-001 2.917861e-001
    outer loop
      vertex   -1.541115e+000 1.500000e+000 -7.524547e-001
      vertex   -1.443217e+000 1.600000e+000 -7.248107e-001
      vertex   -1.495044e+000 1.600000e+000 -6.107928e-001
    endloop
  endfacet
  facet normal 6.628986e-001 -7.087677e-001 2.412754e-001
    outer loop
      vertex   -1.593609e+000 1.500000e+000 -6.337471e-001
      vertex   -1.495044e+000 1.600000e+000 -6.107928e-001
      vertex   -1.537880e+000 1.600000e+000 -4.931015e-001
    endloop
  endfacet
  facet normal 6.799331e-001 -7.084257e-001 1.892723e-001
    outer loop
      vertex   -1.636974e+000 1.500000e+000 -5.114094e-001
      vertex   -1.537880e+000 1.600000e+000 -4.931015e-001
      vertex   -1.571467e+000 1.600000e+000 -3.724446e-001
    endloop
  endfacet
  facet normal 6.929136e-001 -7.080621e-001 1.360838e-001
    outer loop
      vertex   -1.670963e+000 1.500000e+000 -3.861424e-001
      vertex   -1.571467e+000 1.600000e+000 -3.724446e-001
      vertex   -1.595604e+000 1.600000e+000 -2.495479e-001
    endloop
  endfacet
  facet normal 7.017590e-001 -7.076768e-001 8.202386e-002
    outer loop
      vertex   -1.695381e+000 1.500000e+000 -2.586637e-001
      vertex   -1.595604e+000 1.600000e+000 -2.495479e-001
      vertex   -1.610144e+000 1.600000e+000 -1.251503e-001
    endloop
  endfacet
  facet normal 7.064122e-001 -7.072697e-001 2.741201e-002
    outer loop
      vertex   -1.710088e+000 1.500000e+000 -1.297033e-001
      vertex   -1.610144e+000 1.600000e+000 -1.251503e-001
      vertex   -1.615000e+000 1.600000e+000 1.977805e-016
    endloop
  endfacet
  facet normal 7.068534e-001 -7.068534e-001 -2.676755e-002
    outer loop
      vertex   -1.715000e+000 1.500000e+000 -2.100269e-016
      vertex   -1.615000e+000 1.600000e+000 1.977805e-016
      vertex   -1.710088e+000 1.500000e+000 1.297033e-001
    endloop
  endfacet
  facet normal 7.068534e-001 -7.068534e-001 2.676755e-002
    outer loop
      vertex   -1.715000e+000 1.500000e+000 -2.100269e-016
      vertex   -1.710088e+000 1.500000e+000 -1.297033e-001
      vertex   -1.615000e+000 1.600000e+000 1.977805e-016
    endloop
  endfacet
  facet normal -6.901210e-001 -7.059031e-001 1.594798e-001
    outer loop
      vertex   1.684379e+000 1.500000e+000 -3.226341e-001
      vertex   1.584727e+000 1.600000e+000 -3.112303e-001
      vertex   1.655154e+000 1.500000e+000 -4.490976e-001
    endloop
  endfacet
  facet normal -6.764123e-001 -7.055570e-001 2.113189e-001
    outer loop
      vertex   1.655154e+000 1.500000e+000 -4.490976e-001
      vertex   1.555844e+000 1.600000e+000 -4.330988e-001
      vertex   1.616450e+000 1.500000e+000 -5.729887e-001
    endloop
  endfacet
  facet normal -6.587952e-001 -7.052306e-001 2.619900e-001
    outer loop
      vertex   1.616450e+000 1.500000e+000 -5.729887e-001
      vertex   1.517604e+000 1.600000e+000 -5.523625e-001
      vertex   1.568486e+000 1.500000e+000 -6.935977e-001
    endloop
  endfacet
  facet normal -6.373686e-001 -7.049238e-001 3.111973e-001
    outer loop
      vertex   1.568486e+000 1.500000e+000 -6.935977e-001
      vertex   1.470236e+000 1.600000e+000 -6.683043e-001
      vertex   1.511538e+000 1.500000e+000 -8.102339e-001
    endloop
  endfacet
  facet normal -6.122538e-001 -7.046367e-001 3.586536e-001
    outer loop
      vertex   1.511538e+000 1.500000e+000 -8.102339e-001
      vertex   1.414027e+000 1.600000e+000 -7.802268e-001
      vertex   1.445932e+000 1.500000e+000 -9.222291e-001
    endloop
  endfacet
  facet normal -5.835939e-001 -7.043695e-001 4.040814e-001
    outer loop
      vertex   1.445932e+000 1.500000e+000 -9.222291e-001
      vertex   1.349313e+000 1.600000e+000 -8.874570e-001
      vertex   1.372044e+000 1.500000e+000 -1.028942e+000
    endloop
  endfacet
  facet normal -5.515529e-001 -7.041222e-001 4.472151e-001
    outer loop
      vertex   1.372044e+000 1.500000e+000 -1.028942e+000
      vertex   1.276484e+000 1.600000e+000 -9.893499e-001
      vertex   1.290297e+000 1.500000e+000 -1.129761e+000
    endloop
  endfacet
  facet normal -5.163148e-001 -7.038948e-001 4.878024e-001
    outer loop
      vertex   1.290297e+000 1.500000e+000 -1.129761e+000
      vertex   1.195979e+000 1.600000e+000 -1.085293e+000
      vertex   1.201159e+000 1.500000e+000 -1.224109e+000
    endloop
  endfacet
  facet normal -4.780824e-001 -7.036875e-001 5.256055e-001
    outer loop
      vertex   1.201159e+000 1.500000e+000 -1.224109e+000
      vertex   1.108280e+000 1.600000e+000 -1.174708e+000
      vertex   1.105141e+000 1.500000e+000 -1.311445e+000
    endloop
  endfacet
  facet normal -4.370763e-001 -7.035002e-001 5.604032e-001
    outer loop
      vertex   1.105141e+000 1.500000e+000 -1.311445e+000
      vertex   1.013917e+000 1.600000e+000 -1.257059e+000
      vertex   1.002793e+000 1.500000e+000 -1.391270e+000
    endloop
  endfacet
  facet normal -3.935336e-001 -7.033331e-001 5.919915e-001
    outer loop
      vertex   1.002793e+000 1.500000e+000 -1.391270e+000
      vertex   9.134551e-001 1.600000e+000 -1.331850e+000
      vertex   8.947009e-001 1.500000e+000 -1.463125e+000
    endloop
  endfacet
  facet normal -3.477060e-001 -7.031861e-001 6.201853e-001
    outer loop
      vertex   8.947009e-001 1.500000e+000 -1.463125e+000
      vertex   8.075000e-001 1.600000e+000 -1.398631e+000
      vertex   7.814842e-001 1.500000e+000 -1.526600e+000
    endloop
  endfacet
  facet normal -2.998592e-001 -7.030593e-001 6.448194e-001
    outer loop
      vertex   7.814842e-001 1.500000e+000 -1.526600e+000
      vertex   6.966885e-001 1.600000e+000 -1.457000e+000
      vertex   6.637913e-001 1.500000e+000 -1.581331e+000
    endloop
  endfacet
  facet normal -2.502706e-001 -7.029527e-001 6.657492e-001
    outer loop
      vertex   6.637913e-001 1.500000e+000 -1.581331e+000
      vertex   5.816870e-001 1.600000e+000 -1.506607e+000
      vertex   5.422961e-001 1.500000e+000 -1.627003e+000
    endloop
  endfacet
  facet normal -1.992280e-001 -7.028664e-001 6.828521e-001
    outer loop
      vertex   5.422961e-001 1.500000e+000 -1.627003e+000
      vertex   4.631872e-001 1.600000e+000 -1.547153e+000
      vertex   4.176948e-001 1.500000e+000 -1.663357e+000
    endloop
  endfacet
  facet normal -1.470276e-001 -7.028004e-001 6.960276e-001
    outer loop
      vertex   4.176948e-001 1.500000e+000 -1.663357e+000
      vertex   3.419018e-001 1.600000e+000 -1.578394e+000
      vertex   2.907010e-001 1.500000e+000 -1.690183e+000
    endloop
  endfacet
  facet normal -9.397283e-002 -7.027547e-001 7.051985e-001
    outer loop
      vertex   2.907010e-001 1.500000e+000 -1.690183e+000
      vertex   2.185600e-001 1.600000e+000 -1.600143e+000
      vertex   1.620420e-001 1.500000e+000 -1.707328e+000
    endloop
  endfacet
  facet normal -4.037184e-002 -7.027293e-001 7.103109e-001
    outer loop
      vertex   1.620420e-001 1.500000e+000 -1.707328e+000
      vertex   9.390390e-002 1.600000e+000 -1.612268e+000
      vertex   3.245488e-002 1.500000e+000 -1.714693e+000
    endloop
  endfacet
  facet normal 1.346380e-002 -7.027242e-001 7.113349e-001
    outer loop
      vertex   3.245488e-002 1.500000e+000 -1.714693e+000
      vertex   -3.131700e-002 1.600000e+000 -1.614696e+000
      vertex   -9.731814e-002 1.500000e+000 -1.712237e+000
    endloop
  endfacet
  facet normal 6.722119e-002 -7.027395e-001 7.082644e-001
    outer loop
      vertex   -9.731814e-002 1.500000e+000 -1.712237e+000
      vertex   -1.563496e-001 1.600000e+000 -1.607414e+000
      vertex   -2.265337e-001 1.500000e+000 -1.699973e+000
    endloop
  endfacet
  facet normal 1.205879e-001 -7.027750e-001 7.011175e-001
    outer loop
      vertex   -2.265337e-001 1.500000e+000 -1.699973e+000
      vertex   -2.804418e-001 1.600000e+000 -1.590465e+000
      vertex   -3.544518e-001 1.500000e+000 -1.677972e+000
    endloop
  endfacet
  facet normal 1.732537e-001 -7.028309e-001 6.899361e-001
    outer loop
      vertex   -3.544518e-001 1.500000e+000 -1.677972e+000
      vertex   -4.028474e-001 1.600000e+000 -1.563950e+000
      vertex   -4.803395e-001 1.500000e+000 -1.646359e+000
    endloop
  endfacet
  facet normal 2.249127e-001 -7.029071e-001 6.747858e-001
    outer loop
      vertex   -4.803395e-001 1.500000e+000 -1.646359e+000
      vertex   -5.228303e-001 1.600000e+000 -1.528029e+000
      vertex   -6.034759e-001 1.500000e+000 -1.605317e+000
    endloop
  endfacet
  facet normal 2.752649e-001 -7.030035e-001 6.557555e-001
    outer loop
      vertex   -6.034759e-001 1.500000e+000 -1.605317e+000
      vertex   -6.396688e-001 1.600000e+000 -1.482919e+000
      vertex   -7.231557e-001 1.500000e+000 -1.555079e+000
    endloop
  endfacet
  facet normal 3.240180e-001 -7.031202e-001 6.329569e-001
    outer loop
      vertex   -7.231557e-001 1.500000e+000 -1.555079e+000
      vertex   -7.526603e-001 1.600000e+000 -1.428890e+000
      vertex   -8.386933e-001 1.500000e+000 -1.495934e+000
    endloop
  endfacet
  facet normal 3.708891e-001 -7.032570e-001 6.065235e-001
    outer loop
      vertex   -8.386933e-001 1.500000e+000 -1.495934e+000
      vertex   -8.611252e-001 1.600000e+000 -1.366268e+000
      vertex   -9.494269e-001 1.500000e+000 -1.428220e+000
    endloop
  endfacet
  facet normal 4.156066e-001 -7.034141e-001 5.766105e-001
    outer loop
      vertex   -9.494269e-001 1.500000e+000 -1.428220e+000
      vertex   -9.644111e-001 1.600000e+000 -1.295429e+000
      vertex   -1.054722e+000 1.500000e+000 -1.352326e+000
    endloop
  endfacet
  facet normal 4.579116e-001 -7.035913e-001 5.433932e-001
    outer loop
      vertex   -1.054722e+000 1.500000e+000 -1.352326e+000
      vertex   -1.061897e+000 1.600000e+000 -1.216799e+000
      vertex   -1.153976e+000 1.500000e+000 -1.268686e+000
    endloop
  endfacet
  facet normal 4.975595e-001 -7.037886e-001 5.070662e-001
    outer loop
      vertex   -1.153976e+000 1.500000e+000 -1.268686e+000
      vertex   -1.152997e+000 1.600000e+000 -1.130851e+000
      vertex   -1.246621e+000 1.500000e+000 -1.177778e+000
    endloop
  endfacet
  facet normal 5.343212e-001 -7.040060e-001 4.678423e-001
    outer loop
      vertex   -1.246621e+000 1.500000e+000 -1.177778e+000
      vertex   -1.237162e+000 1.600000e+000 -1.038102e+000
      vertex   -1.332124e+000 1.500000e+000 -1.080125e+000
    endloop
  endfacet
  facet normal 5.679850e-001 -7.042434e-001 4.259511e-001
    outer loop
      vertex   -1.332124e+000 1.500000e+000 -1.080125e+000
      vertex   -1.313887e+000 1.600000e+000 -9.391097e-001
      vertex   -1.409998e+000 1.500000e+000 -9.762847e-001
    endloop
  endfacet
  facet normal 5.983572e-001 -7.045006e-001 3.816380e-001
    outer loop
      vertex   -1.409998e+000 1.500000e+000 -9.762847e-001
      vertex   -1.382710e+000 1.600000e+000 -8.344695e-001
      vertex   -1.479795e+000 1.500000e+000 -8.668524e-001
    endloop
  endfacet
  facet normal 6.252638e-001 -7.047778e-001 3.351619e-001
    outer loop
      vertex   -1.479795e+000 1.500000e+000 -8.668524e-001
      vertex   -1.443217e+000 1.600000e+000 -7.248107e-001
      vertex   -1.541115e+000 1.500000e+000 -7.524547e-001
    endloop
  endfacet
  facet normal 6.485510e-001 -7.050747e-001 2.867948e-001
    outer loop
      vertex   -1.541115e+000 1.500000e+000 -7.524547e-001
      vertex   -1.495044e+000 1.600000e+000 -6.107928e-001
      vertex   -1.593609e+000 1.500000e+000 -6.337471e-001
    endloop
  endfacet
  facet normal 6.680867e-001 -7.053913e-001 2.368191e-001
    outer loop
      vertex   -1.593609e+000 1.500000e+000 -6.337471e-001
      vertex   -1.537880e+000 1.600000e+000 -4.931015e-001
      vertex   -1.636974e+000 1.500000e+000 -5.114094e-001
    endloop
  endfacet
  facet normal 6.837605e-001 -7.057276e-001 1.855266e-001
    outer loop
      vertex   -1.636974e+000 1.500000e+000 -5.114094e-001
      vertex   -1.571467e+000 1.600000e+000 -3.724446e-001
      vertex   -1.670963e+000 1.500000e+000 -3.861424e-001
    endloop
  endfacet
  facet normal 6.954851e-001 -7.060835e-001 1.332166e-001
    outer loop
      vertex   -1.670963e+000 1.500000e+000 -3.861424e-001
      vertex   -1.595604e+000 1.600000e+000 -2.495479e-001
      vertex   -1.695381e+000 1.500000e+000 -2.586637e-001
    endloop
  endfacet
  facet normal 7.031962e-001 -7.064588e-001 8.019399e-002
    outer loop
      vertex   -1.695381e+000 1.500000e+000 -2.586637e-001
      vertex   -1.610144e+000 1.600000e+000 -1.251503e-001
      vertex   -1.710088e+000 1.500000e+000 -1.297033e-001
    endloop
  endfacet
  facet normal 5.172981e-001 5.801742e-017 8.558053e-001
    outer loop
      vertex   -8.094558e-001 5.060000e+000 -1.397500e+000
      vertex   -8.611252e-001 1.600000e+000 -1.366268e+000
      vertex   -8.094558e-001 3.760000e+000 -1.397500e+000
    endloop
  endfacet
  facet normal 5.343436e-001 -3.496672e-004 8.452673e-001
    outer loop
      vertex   -8.094558e-001 5.060000e+000 -1.397500e+000
      vertex   -9.151795e-001 5.060000e+000 -1.330666e+000
      vertex   -8.611252e-001 1.600000e+000 -1.366268e+000
    endloop
  endfacet
  facet normal 5.656068e-001 3.506363e-004 8.246750e-001
    outer loop
      vertex   -8.611252e-001 1.600000e+000 -1.366268e+000
      vertex   -9.151795e-001 5.060000e+000 -1.330666e+000
      vertex   -9.644111e-001 1.600000e+000 -1.295429e+000
    endloop
  endfacet
  facet normal 5.981555e-001 -3.497299e-004 8.013799e-001
    outer loop
      vertex   -9.644111e-001 1.600000e+000 -1.295429e+000
      vertex   -9.151795e-001 5.060000e+000 -1.330666e+000
      vertex   -1.015414e+000 5.060000e+000 -1.255850e+000
    endloop
  endfacet
  facet normal 6.583797e-001 -3.497875e-004 7.526859e-001
    outer loop
      vertex   -1.061897e+000 1.600000e+000 -1.216799e+000
      vertex   -1.015414e+000 5.060000e+000 -1.255850e+000
      vertex   -1.109558e+000 5.060000e+000 -1.173502e+000
    endloop
  endfacet
  facet normal 7.146549e-001 -3.498402e-004 6.994771e-001
    outer loop
      vertex   -1.152997e+000 1.600000e+000 -1.130851e+000
      vertex   -1.109558e+000 5.060000e+000 -1.173502e+000
      vertex   -1.197046e+000 5.060000e+000 -1.084115e+000
    endloop
  endfacet
  facet normal 7.666436e-001 -3.498878e-004 6.420728e-001
    outer loop
      vertex   -1.237162e+000 1.600000e+000 -1.038102e+000
      vertex   -1.197046e+000 5.060000e+000 -1.084115e+000
      vertex   -1.277355e+000 5.060000e+000 -9.882251e-001
    endloop
  endfacet
  facet normal 8.140338e-001 -3.499304e-004 5.808174e-001
    outer loop
      vertex   -1.313887e+000 1.600000e+000 -9.391097e-001
      vertex   -1.277355e+000 5.060000e+000 -9.882251e-001
      vertex   -1.350002e+000 5.060000e+000 -8.864080e-001
    endloop
  endfacet
  facet normal 8.565414e-001 -3.499680e-004 5.160782e-001
    outer loop
      vertex   -1.382710e+000 1.600000e+000 -8.344695e-001
      vertex   -1.350002e+000 5.060000e+000 -8.864080e-001
      vertex   -1.414552e+000 5.060000e+000 -7.792742e-001
    endloop
  endfacet
  facet normal 8.939115e-001 -3.500006e-004 4.482434e-001
    outer loop
      vertex   -1.443217e+000 1.600000e+000 -7.248107e-001
      vertex   -1.414552e+000 5.060000e+000 -7.792742e-001
      vertex   -1.470617e+000 5.060000e+000 -6.674663e-001
    endloop
  endfacet
  facet normal 9.259197e-001 -3.500281e-004 3.777201e-001
    outer loop
      vertex   -1.495044e+000 1.600000e+000 -6.107928e-001
      vertex   -1.470617e+000 5.060000e+000 -6.674663e-001
      vertex   -1.517861e+000 5.060000e+000 -5.516548e-001
    endloop
  endfacet
  facet normal 9.523743e-001 -3.500507e-004 3.049312e-001
    outer loop
      vertex   -1.537880e+000 1.600000e+000 -4.931015e-001
      vertex   -1.517861e+000 5.060000e+000 -5.516548e-001
      vertex   -1.556001e+000 5.060000e+000 -4.325344e-001
    endloop
  endfacet
  facet normal 9.731165e-001 -3.500682e-004 2.303133e-001
    outer loop
      vertex   -1.571467e+000 1.600000e+000 -3.724446e-001
      vertex   -1.556001e+000 5.060000e+000 -4.325344e-001
      vertex   -1.584808e+000 5.060000e+000 -3.108197e-001
    endloop
  endfacet
  facet normal 9.880218e-001 -3.500808e-004 1.543140e-001
    outer loop
      vertex   -1.595604e+000 1.600000e+000 -2.495479e-001
      vertex   -1.584808e+000 5.060000e+000 -3.108197e-001
      vertex   -1.604109e+000 5.060000e+000 -1.872407e-001
    endloop
  endfacet
  facet normal 9.970009e-001 -3.500883e-004 7.738910e-002
    outer loop
      vertex   -1.610144e+000 1.600000e+000 -1.251503e-001
      vertex   -1.604109e+000 5.060000e+000 -1.872407e-001
      vertex   -1.613789e+000 5.060000e+000 -6.253861e-002
    endloop
  endfacet
  facet normal 9.999999e-001 -3.500908e-004 0.000000e+000
    outer loop
      vertex   -1.615000e+000 1.600000e+000 1.977805e-016
      vertex   -1.613789e+000 5.060000e+000 -6.253861e-002
      vertex   -1.613789e+000 5.060000e+000 6.253861e-002
    endloop
  endfacet
  facet normal 9.970009e-001 -3.500883e-004 -7.738910e-002
    outer loop
      vertex   -1.610144e+000 1.600000e+000 1.251503e-001
      vertex   -1.613789e+000 5.060000e+000 6.253861e-002
      vertex   -1.604109e+000 5.060000e+000 1.872407e-001
    endloop
  endfacet
  facet normal 9.880218e-001 -3.500808e-004 -1.543140e-001
    outer loop
      vertex   -1.595604e+000 1.600000e+000 2.495479e-001
      vertex   -1.604109e+000 5.060000e+000 1.872407e-001
      vertex   -1.584808e+000 5.060000e+000 3.108197e-001
    endloop
  endfacet
  facet normal 9.731165e-001 -3.500682e-004 -2.303133e-001
    outer loop
      vertex   -1.571467e+000 1.600000e+000 3.724446e-001
      vertex   -1.584808e+000 5.060000e+000 3.108197e-001
      vertex   -1.556001e+000 5.060000e+000 4.325344e-001
    endloop
  endfacet
  facet normal 9.523743e-001 -3.500507e-004 -3.049312e-001
    outer loop
      vertex   -1.537880e+000 1.600000e+000 4.931015e-001
      vertex   -1.556001e+000 5.060000e+000 4.325344e-001
      vertex   -1.517861e+000 5.060000e+000 5.516548e-001
    endloop
  endfacet
  facet normal 9.259197e-001 -3.500281e-004 -3.777201e-001
    outer loop
      vertex   -1.495044e+000 1.600000e+000 6.107928e-001
      vertex   -1.517861e+000 5.060000e+000 5.516548e-001
      vertex   -1.470617e+000 5.060000e+000 6.674663e-001
    endloop
  endfacet
  facet normal 8.939115e-001 -3.500006e-004 -4.482434e-001
    outer loop
      vertex   -1.443217e+000 1.600000e+000 7.248107e-001
      vertex   -1.470617e+000 5.060000e+000 6.674663e-001
      vertex   -1.414552e+000 5.060000e+000 7.792742e-001
    endloop
  endfacet
  facet normal 8.565414e-001 -3.499680e-004 -5.160782e-001
    outer loop
      vertex   -1.382710e+000 1.600000e+000 8.344695e-001
      vertex   -1.414552e+000 5.060000e+000 7.792742e-001
      vertex   -1.350002e+000 5.060000e+000 8.864080e-001
    endloop
  endfacet
  facet normal 8.140338e-001 -3.499304e-004 -5.808174e-001
    outer loop
      vertex   -1.313887e+000 1.600000e+000 9.391097e-001
      vertex   -1.350002e+000 5.060000e+000 8.864080e-001
      vertex   -1.277355e+000 5.060000e+000 9.882251e-001
    endloop
  endfacet
  facet normal 7.666436e-001 -3.498878e-004 -6.420728e-001
    outer loop
      vertex   -1.237162e+000 1.600000e+000 1.038102e+000
      vertex   -1.277355e+000 5.060000e+000 9.882251e-001
      vertex   -1.197046e+000 5.060000e+000 1.084115e+000
    endloop
  endfacet
  facet normal 7.146549e-001 -3.498402e-004 -6.994771e-001
    outer loop
      vertex   -1.152997e+000 1.600000e+000 1.130851e+000
      vertex   -1.197046e+000 5.060000e+000 1.084115e+000
      vertex   -1.109558e+000 5.060000e+000 1.173502e+000
    endloop
  endfacet
  facet normal 6.583797e-001 -3.497875e-004 -7.526859e-001
    outer loop
      vertex   -1.061897e+000 1.600000e+000 1.216799e+000
      vertex   -1.109558e+000 5.060000e+000 1.173502e+000
      vertex   -1.015414e+000 5.060000e+000 1.255850e+000
    endloop
  endfacet
  facet normal 5.981555e-001 -3.497299e-004 -8.013799e-001
    outer loop
      vertex   -9.644111e-001 1.600000e+000 1.295429e+000
      vertex   -1.015414e+000 5.060000e+000 1.255850e+000
      vertex   -9.151795e-001 5.060000e+000 1.330666e+000
    endloop
  endfacet
  facet normal 5.343436e-001 -3.496672e-004 -8.452673e-001
    outer loop
      vertex   -8.611252e-001 1.600000e+000 1.366268e+000
      vertex   -9.151795e-001 5.060000e+000 1.330666e+000
      vertex   -8.094558e-001 5.060000e+000 1.397500e+000
    endloop
  endfacet
  facet normal 5.172981e-001 1.906287e-016 -8.558053e-001
    outer loop
      vertex   -8.094558e-001 3.760000e+000 1.397500e+000
      vertex   -8.611252e-001 1.600000e+000 1.366268e+000
      vertex   -8.094558e-001 5.060000e+000 1.397500e+000
    endloop
  endfacet
  facet normal 4.999999e-001 5.615630e-004 -8.660253e-001
    outer loop
      vertex   -8.094558e-001 3.760000e+000 1.397500e+000
      vertex   -7.526603e-001 1.600000e+000 1.428890e+000
      vertex   -8.611252e-001 1.600000e+000 1.366268e+000
    endloop
  endfacet
  facet normal 4.806038e-001 -1.070310e-004 -8.769378e-001
    outer loop
      vertex   -8.094558e-001 3.760000e+000 1.397500e+000
      vertex   -7.426077e-001 3.723360e+000 1.434140e+000
      vertex   -7.526603e-001 1.600000e+000 1.428890e+000
    endloop
  endfacet
  facet normal 4.387899e-001 1.444635e-004 -8.985897e-001
    outer loop
      vertex   -7.526603e-001 1.600000e+000 1.428890e+000
      vertex   -7.426077e-001 3.723360e+000 1.434140e+000
      vertex   -6.741050e-001 3.689914e+000 1.467586e+000
    endloop
  endfacet
  facet normal 3.957607e-001 -2.167671e-004 -9.183537e-001
    outer loop
      vertex   -6.396688e-001 1.600000e+000 1.482919e+000
      vertex   -6.741050e-001 3.689914e+000 1.467586e+000
      vertex   -6.041004e-001 3.659739e+000 1.497761e+000
    endloop
  endfacet
  facet normal 3.521098e-001 1.388752e-004 -9.359587e-001
    outer loop
      vertex   -5.228303e-001 1.600000e+000 1.528029e+000
      vertex   -6.041004e-001 3.659739e+000 1.497761e+000
      vertex   -5.327498e-001 3.632901e+000 1.524599e+000
    endloop
  endfacet
  facet normal 3.074735e-001 -1.052454e-004 -9.515567e-001
    outer loop
      vertex   -4.602123e-001 3.609459e+000 1.548041e+000
      vertex   -5.228303e-001 1.600000e+000 1.528029e+000
      vertex   -5.327498e-001 3.632901e+000 1.524599e+000
    endloop
  endfacet
  facet normal 2.868032e-001 6.029346e-004 -9.579893e-001
    outer loop
      vertex   -4.602123e-001 3.609459e+000 1.548041e+000
      vertex   -4.028474e-001 1.600000e+000 1.563950e+000
      vertex   -5.228303e-001 1.600000e+000 1.528029e+000
    endloop
  endfacet
  facet normal 2.622202e-001 -1.544128e-004 -9.650080e-001
    outer loop
      vertex   -4.602123e-001 3.609459e+000 1.548041e+000
      vertex   -3.866493e-001 3.589467e+000 1.568033e+000
      vertex   -4.028474e-001 1.600000e+000 1.563950e+000
    endloop
  endfacet
  facet normal 2.164810e-001 2.411413e-004 -9.762868e-001
    outer loop
      vertex   -4.028474e-001 1.600000e+000 1.563950e+000
      vertex   -3.866493e-001 3.589467e+000 1.568033e+000
      vertex   -3.122250e-001 3.572968e+000 1.584532e+000
    endloop
  endfacet
  facet normal 1.700811e-001 -2.233730e-004 -9.854300e-001
    outer loop
      vertex   -2.804418e-001 1.600000e+000 1.590465e+000
      vertex   -3.122250e-001 3.572968e+000 1.584532e+000
      vertex   -2.371049e-001 3.560000e+000 1.597500e+000
    endloop
  endfacet
  facet normal 1.102853e-001 -4.833714e-004 -9.938999e-001
    outer loop
      vertex   -1.563496e-001 1.600000e+000 1.607414e+000
      vertex   -2.371049e-001 3.560000e+000 1.597500e+000
      vertex   -1.188749e-001 3.560000e+000 1.610619e+000
    endloop
  endfacet
  facet normal 3.682837e-002 -4.336185e-004 -9.993215e-001
    outer loop
      vertex   -3.131700e-002 1.600000e+000 1.614696e+000
      vertex   -1.188749e-001 3.560000e+000 1.610619e+000
      vertex   -5.482706e-016 3.560000e+000 1.615000e+000
    endloop
  endfacet
  facet normal -3.682837e-002 -3.713554e-004 -9.993215e-001
    outer loop
      vertex   9.390390e-002 1.600000e+000 1.612268e+000
      vertex   -5.482706e-016 3.560000e+000 1.615000e+000
      vertex   1.188749e-001 3.560000e+000 1.610619e+000
    endloop
  endfacet
  facet normal -1.102853e-001 -2.965831e-004 -9.938999e-001
    outer loop
      vertex   2.185600e-001 1.600000e+000 1.600143e+000
      vertex   1.188749e-001 3.560000e+000 1.610619e+000
      vertex   2.371049e-001 3.560000e+000 1.597500e+000
    endloop
  endfacet
  facet normal -1.701657e-001 2.814258e-004 -9.854154e-001
    outer loop
      vertex   3.122250e-001 3.572968e+000 1.584532e+000
      vertex   2.185600e-001 1.600000e+000 1.600143e+000
      vertex   2.371049e-001 3.560000e+000 1.597500e+000
    endloop
  endfacet
  facet normal -1.736482e-001 4.515599e-004 -9.848077e-001
    outer loop
      vertex   3.122250e-001 3.572968e+000 1.584532e+000
      vertex   3.419018e-001 1.600000e+000 1.578394e+000
      vertex   2.185600e-001 1.600000e+000 1.600143e+000
    endloop
  endfacet
  facet normal -2.163840e-001 -2.176998e-004 -9.763083e-001
    outer loop
      vertex   3.122250e-001 3.572968e+000 1.584532e+000
      vertex   3.866493e-001 3.589467e+000 1.568033e+000
      vertex   3.419018e-001 1.600000e+000 1.578394e+000
    endloop
  endfacet
  facet normal -2.494411e-001 5.670680e-004 -9.683898e-001
    outer loop
      vertex   3.419018e-001 1.600000e+000 1.578394e+000
      vertex   3.866493e-001 3.589467e+000 1.568033e+000
      vertex   4.631872e-001 1.600000e+000 1.547153e+000
    endloop
  endfacet
  facet normal -2.622689e-001 3.793167e-005 -9.649948e-001
    outer loop
      vertex   4.631872e-001 1.600000e+000 1.547153e+000
      vertex   3.866493e-001 3.589467e+000 1.568033e+000
      vertex   4.602123e-001 3.609459e+000 1.548041e+000
    endloop
  endfacet
  facet normal -3.074940e-001 -3.496137e-005 -9.515500e-001
    outer loop
      vertex   5.327498e-001 3.632901e+000 1.524599e+000
      vertex   4.631872e-001 1.600000e+000 1.547153e+000
      vertex   4.602123e-001 3.609459e+000 1.548041e+000
    endloop
  endfacet
  facet normal -3.237339e-001 5.806730e-004 -9.461480e-001
    outer loop
      vertex   5.327498e-001 3.632901e+000 1.524599e+000
      vertex   5.816870e-001 1.600000e+000 1.506607e+000
      vertex   4.631872e-001 1.600000e+000 1.547153e+000
    endloop
  endfacet
  facet normal -3.520016e-001 -1.896231e-004 -9.359994e-001
    outer loop
      vertex   5.327498e-001 3.632901e+000 1.524599e+000
      vertex   6.041004e-001 3.659739e+000 1.497761e+000
      vertex   5.816870e-001 1.600000e+000 1.506607e+000
    endloop
  endfacet
  facet normal -3.959721e-001 3.650266e-004 -9.182625e-001
    outer loop
      vertex   5.816870e-001 1.600000e+000 1.506607e+000
      vertex   6.041004e-001 3.659739e+000 1.497761e+000
      vertex   6.741050e-001 3.689914e+000 1.467586e+000
    endloop
  endfacet
  facet normal -4.386586e-001 -1.885343e-004 -8.986538e-001
    outer loop
      vertex   6.966885e-001 1.600000e+000 1.457000e+000
      vertex   6.741050e-001 3.689914e+000 1.467586e+000
      vertex   7.426077e-001 3.723360e+000 1.434140e+000
    endloop
  endfacet
  facet normal -4.806388e-001 -2.396678e-005 -8.769187e-001
    outer loop
      vertex   8.075000e-001 1.600000e+000 1.398631e+000
      vertex   7.426077e-001 3.723360e+000 1.434140e+000
      vertex   8.094558e-001 3.760000e+000 1.397500e+000
    endloop
  endfacet
  facet normal -5.341401e-001 -2.316697e-005 -8.453960e-001
    outer loop
      vertex   9.134551e-001 1.600000e+000 1.331850e+000
      vertex   8.094558e-001 3.760000e+000 1.397500e+000
      vertex   9.151795e-001 5.060000e+000 1.330666e+000
    endloop
  endfacet
  facet normal -5.981556e-001 -2.120857e-005 -8.013800e-001
    outer loop
      vertex   1.013917e+000 1.600000e+000 1.257059e+000
      vertex   9.151795e-001 5.060000e+000 1.330666e+000
      vertex   1.015414e+000 5.060000e+000 1.255850e+000
    endloop
  endfacet
  facet normal -6.583798e-001 -1.939064e-005 -7.526859e-001
    outer loop
      vertex   1.108280e+000 1.600000e+000 1.174708e+000
      vertex   1.015414e+000 5.060000e+000 1.255850e+000
      vertex   1.109558e+000 5.060000e+000 1.173502e+000
    endloop
  endfacet
  facet normal -7.146550e-001 -1.756771e-005 -6.994772e-001
    outer loop
      vertex   1.195979e+000 1.600000e+000 1.085293e+000
      vertex   1.109558e+000 5.060000e+000 1.173502e+000
      vertex   1.197046e+000 5.060000e+000 1.084115e+000
    endloop
  endfacet
  facet normal -7.666436e-001 -1.573976e-005 -6.420729e-001
    outer loop
      vertex   1.276484e+000 1.600000e+000 9.893499e-001
      vertex   1.197046e+000 5.060000e+000 1.084115e+000
      vertex   1.277355e+000 5.060000e+000 9.882251e-001
    endloop
  endfacet
  facet normal -8.140339e-001 -1.390681e-005 -5.808174e-001
    outer loop
      vertex   1.349313e+000 1.600000e+000 8.874570e-001
      vertex   1.277355e+000 5.060000e+000 9.882251e-001
      vertex   1.350002e+000 5.060000e+000 8.864080e-001
    endloop
  endfacet
  facet normal -8.565415e-001 -1.206884e-005 -5.160782e-001
    outer loop
      vertex   1.414027e+000 1.600000e+000 7.802268e-001
      vertex   1.350002e+000 5.060000e+000 8.864080e-001
      vertex   1.414552e+000 5.060000e+000 7.792742e-001
    endloop
  endfacet
  facet normal -8.939115e-001 -1.022587e-005 -4.482435e-001
    outer loop
      vertex   1.470236e+000 1.600000e+000 6.683043e-001
      vertex   1.414552e+000 5.060000e+000 7.792742e-001
      vertex   1.470617e+000 5.060000e+000 6.674663e-001
    endloop
  endfacet
  facet normal -9.259198e-001 -8.377892e-006 -3.777202e-001
    outer loop
      vertex   1.517604e+000 1.600000e+000 5.523625e-001
      vertex   1.470617e+000 5.060000e+000 6.674663e-001
      vertex   1.517861e+000 5.060000e+000 5.516548e-001
    endloop
  endfacet
  facet normal -9.523744e-001 -6.524903e-006 -3.049313e-001
    outer loop
      vertex   1.555844e+000 1.600000e+000 4.330988e-001
      vertex   1.517861e+000 5.060000e+000 5.516548e-001
      vertex   1.556001e+000 5.060000e+000 4.325344e-001
    endloop
  endfacet
  facet normal -9.731165e-001 -4.666906e-006 -2.303134e-001
    outer loop
      vertex   1.584727e+000 1.600000e+000 3.112303e-001
      vertex   1.556001e+000 5.060000e+000 4.325344e-001
      vertex   1.584808e+000 5.060000e+000 3.108197e-001
    endloop
  endfacet
  facet normal -9.880219e-001 -2.803900e-006 -1.543140e-001
    outer loop
      vertex   1.604080e+000 1.600000e+000 1.874901e-001
      vertex   1.584808e+000 5.060000e+000 3.108197e-001
      vertex   1.604109e+000 5.060000e+000 1.872407e-001
    endloop
  endfacet
  facet normal -9.970010e-001 -9.358855e-007 -7.738911e-002
    outer loop
      vertex   1.613785e+000 1.600000e+000 6.262222e-002
      vertex   1.604109e+000 5.060000e+000 1.872407e-001
      vertex   1.613789e+000 5.060000e+000 6.253861e-002
    endloop
  endfacet
  facet normal -1.000000e+000 9.371376e-007 0.000000e+000
    outer loop
      vertex   1.613789e+000 5.060000e+000 -6.253861e-002
      vertex   1.613785e+000 1.600000e+000 6.262222e-002
      vertex   1.613789e+000 5.060000e+000 6.253861e-002
    endloop
  endfacet
  facet normal -1.000000e+000 9.371376e-007 0.000000e+000
    outer loop
      vertex   1.613789e+000 5.060000e+000 -6.253861e-002
      vertex   1.613785e+000 1.600000e+000 -6.262222e-002
      vertex   1.613785e+000 1.600000e+000 6.262222e-002
    endloop
  endfacet
  facet normal -9.970010e-001 -9.358855e-007 7.738911e-002
    outer loop
      vertex   1.613789e+000 5.060000e+000 -6.253861e-002
      vertex   1.604109e+000 5.060000e+000 -1.872407e-001
      vertex   1.613785e+000 1.600000e+000 -6.262222e-002
    endloop
  endfacet
  facet normal -9.969929e-001 2.807656e-006 7.749242e-002
    outer loop
      vertex   1.613785e+000 1.600000e+000 -6.262222e-002
      vertex   1.604109e+000 5.060000e+000 -1.872407e-001
      vertex   1.604080e+000 1.600000e+000 -1.874901e-001
    endloop
  endfacet
  facet normal -9.880219e-001 -2.803900e-006 1.543140e-001
    outer loop
      vertex   1.604080e+000 1.600000e+000 -1.874901e-001
      vertex   1.604109e+000 5.060000e+000 -1.872407e-001
      vertex   1.584808e+000 5.060000e+000 -3.108197e-001
    endloop
  endfacet
  facet normal -9.731165e-001 -4.666906e-006 2.303134e-001
    outer loop
      vertex   1.584727e+000 1.600000e+000 -3.112303e-001
      vertex   1.584808e+000 5.060000e+000 -3.108197e-001
      vertex   1.556001e+000 5.060000e+000 -4.325344e-001
    endloop
  endfacet
  facet normal -9.523744e-001 -6.524903e-006 3.049313e-001
    outer loop
      vertex   1.555844e+000 1.600000e+000 -4.330988e-001
      vertex   1.556001e+000 5.060000e+000 -4.325344e-001
      vertex   1.517861e+000 5.060000e+000 -5.516548e-001
    endloop
  endfacet
  facet normal -9.259198e-001 -8.377892e-006 3.777202e-001
    outer loop
      vertex   1.517604e+000 1.600000e+000 -5.523625e-001
      vertex   1.517861e+000 5.060000e+000 -5.516548e-001
      vertex   1.470617e+000 5.060000e+000 -6.674663e-001
    endloop
  endfacet
  facet normal -8.939115e-001 -1.022587e-005 4.482435e-001
    outer loop
      vertex   1.470236e+000 1.600000e+000 -6.683043e-001
      vertex   1.470617e+000 5.060000e+000 -6.674663e-001
      vertex   1.414552e+000 5.060000e+000 -7.792742e-001
    endloop
  endfacet
  facet normal -8.565415e-001 -1.206884e-005 5.160782e-001
    outer loop
      vertex   1.414027e+000 1.600000e+000 -7.802268e-001
      vertex   1.414552e+000 5.060000e+000 -7.792742e-001
      vertex   1.350002e+000 5.060000e+000 -8.864080e-001
    endloop
  endfacet
  facet normal -8.140339e-001 -1.390681e-005 5.808174e-001
    outer loop
      vertex   1.349313e+000 1.600000e+000 -8.874570e-001
      vertex   1.350002e+000 5.060000e+000 -8.864080e-001
      vertex   1.277355e+000 5.060000e+000 -9.882251e-001
    endloop
  endfacet
  facet normal -7.666436e-001 -1.573976e-005 6.420729e-001
    outer loop
      vertex   1.276484e+000 1.600000e+000 -9.893499e-001
      vertex   1.277355e+000 5.060000e+000 -9.882251e-001
      vertex   1.197046e+000 5.060000e+000 -1.084115e+000
    endloop
  endfacet
  facet normal -7.146550e-001 -1.756771e-005 6.994772e-001
    outer loop
      vertex   1.195979e+000 1.600000e+000 -1.085293e+000
      vertex   1.197046e+000 5.060000e+000 -1.084115e+000
      vertex   1.109558e+000 5.060000e+000 -1.173502e+000
    endloop
  endfacet
  facet normal -6.583798e-001 -1.939064e-005 7.526859e-001
    outer loop
      vertex   1.108280e+000 1.600000e+000 -1.174708e+000
      vertex   1.109558e+000 5.060000e+000 -1.173502e+000
      vertex   1.015414e+000 5.060000e+000 -1.255850e+000
    endloop
  endfacet
  facet normal -5.981556e-001 -2.120857e-005 8.013800e-001
    outer loop
      vertex   1.013917e+000 1.600000e+000 -1.257059e+000
      vertex   1.015414e+000 5.060000e+000 -1.255850e+000
      vertex   9.151795e-001 5.060000e+000 -1.330666e+000
    endloop
  endfacet
  facet normal -5.343436e-001 -2.302149e-005 8.452674e-001
    outer loop
      vertex   9.134551e-001 1.600000e+000 -1.331850e+000
      vertex   9.151795e-001 5.060000e+000 -1.330666e+000
      vertex   8.094558e-001 5.060000e+000 -1.397500e+000
    endloop
  endfacet
  facet normal -5.337961e-001 -1.301996e-016 8.456133e-001
    outer loop
      vertex   8.094558e-001 3.760000e+000 -1.397500e+000
      vertex   9.134551e-001 1.600000e+000 -1.331850e+000
      vertex   8.094558e-001 5.060000e+000 -1.397500e+000
    endloop
  endfacet
  facet normal -5.332044e-001 3.982717e-005 8.459864e-001
    outer loop
      vertex   8.094558e-001 3.760000e+000 -1.397500e+000
      vertex   8.075000e-001 1.600000e+000 -1.398631e+000
      vertex   9.134551e-001 1.600000e+000 -1.331850e+000
    endloop
  endfacet
  facet normal -4.806388e-001 -2.396678e-005 8.769187e-001
    outer loop
      vertex   8.094558e-001 3.760000e+000 -1.397500e+000
      vertex   7.426077e-001 3.723360e+000 -1.434140e+000
      vertex   8.075000e-001 1.600000e+000 -1.398631e+000
    endloop
  endfacet
  facet normal -4.660434e-001 5.532443e-004 8.847617e-001
    outer loop
      vertex   8.075000e-001 1.600000e+000 -1.398631e+000
      vertex   7.426077e-001 3.723360e+000 -1.434140e+000
      vertex   6.966885e-001 1.600000e+000 -1.457000e+000
    endloop
  endfacet
  facet normal -4.386586e-001 -1.885343e-004 8.986538e-001
    outer loop
      vertex   6.966885e-001 1.600000e+000 -1.457000e+000
      vertex   7.426077e-001 3.723360e+000 -1.434140e+000
      vertex   6.741050e-001 3.689914e+000 -1.467586e+000
    endloop
  endfacet
  facet normal -3.959747e-001 3.720162e-004 9.182614e-001
    outer loop
      vertex   6.041004e-001 3.659739e+000 -1.497761e+000
      vertex   6.966885e-001 1.600000e+000 -1.457000e+000
      vertex   6.741050e-001 3.689914e+000 -1.467586e+000
    endloop
  endfacet
  facet normal -3.960797e-001 3.663968e-004 9.182160e-001
    outer loop
      vertex   6.041004e-001 3.659739e+000 -1.497761e+000
      vertex   5.816870e-001 1.600000e+000 -1.506607e+000
      vertex   6.966885e-001 1.600000e+000 -1.457000e+000
    endloop
  endfacet
  facet normal -3.520016e-001 -1.896231e-004 9.359994e-001
    outer loop
      vertex   6.041004e-001 3.659739e+000 -1.497761e+000
      vertex   5.327498e-001 3.632901e+000 -1.524599e+000
      vertex   5.816870e-001 1.600000e+000 -1.506607e+000
    endloop
  endfacet
  facet normal -3.237339e-001 5.806730e-004 9.461480e-001
    outer loop
      vertex   5.816870e-001 1.600000e+000 -1.506607e+000
      vertex   5.327498e-001 3.632901e+000 -1.524599e+000
      vertex   4.631872e-001 1.600000e+000 -1.547153e+000
    endloop
  endfacet
  facet normal -3.074940e-001 -3.496137e-005 9.515500e-001
    outer loop
      vertex   4.631872e-001 1.600000e+000 -1.547153e+000
      vertex   5.327498e-001 3.632901e+000 -1.524599e+000
      vertex   4.602123e-001 3.609459e+000 -1.548041e+000
    endloop
  endfacet
  facet normal -2.622689e-001 3.793167e-005 9.649948e-001
    outer loop
      vertex   3.866493e-001 3.589467e+000 -1.568033e+000
      vertex   4.631872e-001 1.600000e+000 -1.547153e+000
      vertex   4.602123e-001 3.609459e+000 -1.548041e+000
    endloop
  endfacet
  facet normal -2.494411e-001 5.670680e-004 9.683898e-001
    outer loop
      vertex   3.866493e-001 3.589467e+000 -1.568033e+000
      vertex   3.419018e-001 1.600000e+000 -1.578394e+000
      vertex   4.631872e-001 1.600000e+000 -1.547153e+000
    endloop
  endfacet
  facet normal -2.163840e-001 -2.176998e-004 9.763083e-001
    outer loop
      vertex   3.866493e-001 3.589467e+000 -1.568033e+000
      vertex   3.122250e-001 3.572968e+000 -1.584532e+000
      vertex   3.419018e-001 1.600000e+000 -1.578394e+000
    endloop
  endfacet
  facet normal -1.736482e-001 4.515599e-004 9.848077e-001
    outer loop
      vertex   3.419018e-001 1.600000e+000 -1.578394e+000
      vertex   3.122250e-001 3.572968e+000 -1.584532e+000
      vertex   2.185600e-001 1.600000e+000 -1.600143e+000
    endloop
  endfacet
  facet normal -1.701657e-001 2.814258e-004 9.854154e-001
    outer loop
      vertex   2.185600e-001 1.600000e+000 -1.600143e+000
      vertex   3.122250e-001 3.572968e+000 -1.584532e+000
      vertex   2.371049e-001 3.560000e+000 -1.597500e+000
    endloop
  endfacet
  facet normal -1.102853e-001 -2.965831e-004 9.938999e-001
    outer loop
      vertex   1.188749e-001 3.560000e+000 -1.610619e+000
      vertex   2.185600e-001 1.600000e+000 -1.600143e+000
      vertex   2.371049e-001 3.560000e+000 -1.597500e+000
    endloop
  endfacet
  facet normal -9.681086e-002 3.962214e-004 9.953027e-001
    outer loop
      vertex   1.188749e-001 3.560000e+000 -1.610619e+000
      vertex   9.390390e-002 1.600000e+000 -1.612268e+000
      vertex   2.185600e-001 1.600000e+000 -1.600143e+000
    endloop
  endfacet
  facet normal -3.682837e-002 -3.713554e-004 9.993215e-001
    outer loop
      vertex   1.188749e-001 3.560000e+000 -1.610619e+000
      vertex   -1.896686e-016 3.560000e+000 -1.615000e+000
      vertex   9.390390e-002 1.600000e+000 -1.612268e+000
    endloop
  endfacet
  facet normal -1.939133e-002 4.647392e-004 9.998119e-001
    outer loop
      vertex   9.390390e-002 1.600000e+000 -1.612268e+000
      vertex   -1.896686e-016 3.560000e+000 -1.615000e+000
      vertex   -3.131700e-002 1.600000e+000 -1.614696e+000
    endloop
  endfacet
  facet normal 3.682837e-002 -4.336185e-004 9.993215e-001
    outer loop
      vertex   -3.131700e-002 1.600000e+000 -1.614696e+000
      vertex   -1.896686e-016 3.560000e+000 -1.615000e+000
      vertex   -1.188749e-001 3.560000e+000 -1.610619e+000
    endloop
  endfacet
  facet normal 1.102853e-001 -4.833714e-004 9.938999e-001
    outer loop
      vertex   -1.563496e-001 1.600000e+000 -1.607414e+000
      vertex   -1.188749e-001 3.560000e+000 -1.610619e+000
      vertex   -2.371049e-001 3.560000e+000 -1.597500e+000
    endloop
  endfacet
  facet normal 1.700811e-001 -2.233730e-004 9.854300e-001
    outer loop
      vertex   -2.804418e-001 1.600000e+000 -1.590465e+000
      vertex   -2.371049e-001 3.560000e+000 -1.597500e+000
      vertex   -3.122250e-001 3.572968e+000 -1.584532e+000
    endloop
  endfacet
  facet normal 2.164810e-001 2.411413e-004 9.762868e-001
    outer loop
      vertex   -4.028474e-001 1.600000e+000 -1.563950e+000
      vertex   -3.122250e-001 3.572968e+000 -1.584532e+000
      vertex   -3.866493e-001 3.589467e+000 -1.568033e+000
    endloop
  endfacet
  facet normal 2.622202e-001 -1.544128e-004 9.650080e-001
    outer loop
      vertex   -4.602123e-001 3.609459e+000 -1.548041e+000
      vertex   -4.028474e-001 1.600000e+000 -1.563950e+000
      vertex   -3.866493e-001 3.589467e+000 -1.568033e+000
    endloop
  endfacet
  facet normal 2.868032e-001 6.029346e-004 9.579893e-001
    outer loop
      vertex   -4.602123e-001 3.609459e+000 -1.548041e+000
      vertex   -5.228303e-001 1.600000e+000 -1.528029e+000
      vertex   -4.028474e-001 1.600000e+000 -1.563950e+000
    endloop
  endfacet
  facet normal 3.074735e-001 -1.052454e-004 9.515567e-001
    outer loop
      vertex   -4.602123e-001 3.609459e+000 -1.548041e+000
      vertex   -5.327498e-001 3.632901e+000 -1.524599e+000
      vertex   -5.228303e-001 1.600000e+000 -1.528029e+000
    endloop
  endfacet
  facet normal 3.521098e-001 1.388752e-004 9.359587e-001
    outer loop
      vertex   -5.228303e-001 1.600000e+000 -1.528029e+000
      vertex   -5.327498e-001 3.632901e+000 -1.524599e+000
      vertex   -6.041004e-001 3.659739e+000 -1.497761e+000
    endloop
  endfacet
  facet normal 3.957607e-001 -2.167671e-004 9.183537e-001
    outer loop
      vertex   -6.396688e-001 1.600000e+000 -1.482919e+000
      vertex   -6.041004e-001 3.659739e+000 -1.497761e+000
      vertex   -6.741050e-001 3.689914e+000 -1.467586e+000
    endloop
  endfacet
  facet normal 4.387899e-001 1.444635e-004 8.985897e-001
    outer loop
      vertex   -7.526603e-001 1.600000e+000 -1.428890e+000
      vertex   -6.741050e-001 3.689914e+000 -1.467586e+000
      vertex   -7.426077e-001 3.723360e+000 -1.434140e+000
    endloop
  endfacet
  facet normal 4.806038e-001 -1.070310e-004 8.769378e-001
    outer loop
      vertex   -8.094558e-001 3.760000e+000 -1.397500e+000
      vertex   -7.526603e-001 1.600000e+000 -1.428890e+000
      vertex   -7.426077e-001 3.723360e+000 -1.434140e+000
    endloop
  endfacet
  facet normal 4.999999e-001 5.615630e-004 8.660253e-001
    outer loop
      vertex   -8.094558e-001 3.760000e+000 -1.397500e+000
      vertex   -8.611252e-001 1.600000e+000 -1.366268e+000
      vertex   -7.526603e-001 1.600000e+000 -1.428890e+000
    endloop
  endfacet
  facet normal 6.278121e-001 3.506965e-004 7.783649e-001
    outer loop
      vertex   -9.644111e-001 1.600000e+000 -1.295429e+000
      vertex   -1.015414e+000 5.060000e+000 -1.255850e+000
      vertex   -1.061897e+000 1.600000e+000 -1.216799e+000
    endloop
  endfacet
  facet normal 6.862416e-001 3.507516e-004 7.273736e-001
    outer loop
      vertex   -1.061897e+000 1.600000e+000 -1.216799e+000
      vertex   -1.109558e+000 5.060000e+000 -1.173502e+000
      vertex   -1.152997e+000 1.600000e+000 -1.130851e+000
    endloop
  endfacet
  facet normal 7.405440e-001 3.508017e-004 6.720078e-001
    outer loop
      vertex   -1.152997e+000 1.600000e+000 -1.130851e+000
      vertex   -1.197046e+000 5.060000e+000 -1.084115e+000
      vertex   -1.237162e+000 1.600000e+000 -1.038102e+000
    endloop
  endfacet
  facet normal 7.903926e-001 3.508469e-004 6.126005e-001
    outer loop
      vertex   -1.237162e+000 1.600000e+000 -1.038102e+000
      vertex   -1.277355e+000 5.060000e+000 -9.882251e-001
      vertex   -1.313887e+000 1.600000e+000 -9.391097e-001
    endloop
  endfacet
  facet normal 8.354878e-001 3.508870e-004 5.495089e-001
    outer loop
      vertex   -1.313887e+000 1.600000e+000 -9.391097e-001
      vertex   -1.350002e+000 5.060000e+000 -8.864080e-001
      vertex   -1.382710e+000 1.600000e+000 -8.344695e-001
    endloop
  endfacet
  facet normal 8.755582e-001 3.509220e-004 4.831126e-001
    outer loop
      vertex   -1.382710e+000 1.600000e+000 -8.344695e-001
      vertex   -1.414552e+000 5.060000e+000 -7.792742e-001
      vertex   -1.443217e+000 1.600000e+000 -7.248107e-001
    endloop
  endfacet
  facet normal 9.103629e-001 3.509521e-004 4.138107e-001
    outer loop
      vertex   -1.443217e+000 1.600000e+000 -7.248107e-001
      vertex   -1.470617e+000 5.060000e+000 -6.674663e-001
      vertex   -1.495044e+000 1.600000e+000 -6.107928e-001
    endloop
  endfacet
  facet normal 9.396926e-001 3.509772e-004 3.420201e-001
    outer loop
      vertex   -1.495044e+000 1.600000e+000 -6.107928e-001
      vertex   -1.517861e+000 5.060000e+000 -5.516548e-001
      vertex   -1.537880e+000 1.600000e+000 -4.931015e-001
    endloop
  endfacet
  facet normal 9.633708e-001 3.509972e-004 2.681726e-001
    outer loop
      vertex   -1.537880e+000 1.600000e+000 -4.931015e-001
      vertex   -1.556001e+000 5.060000e+000 -4.325344e-001
      vertex   -1.571467e+000 1.600000e+000 -3.724446e-001
    endloop
  endfacet
  facet normal 9.812553e-001 3.510123e-004 1.927122e-001
    outer loop
      vertex   -1.571467e+000 1.600000e+000 -3.724446e-001
      vertex   -1.584808e+000 5.060000e+000 -3.108197e-001
      vertex   -1.595604e+000 1.600000e+000 -2.495479e-001
    endloop
  endfacet
  facet normal 9.932383e-001 3.510223e-004 1.160929e-001
    outer loop
      vertex   -1.595604e+000 1.600000e+000 -2.495479e-001
      vertex   -1.604109e+000 5.060000e+000 -1.872407e-001
      vertex   -1.610144e+000 1.600000e+000 -1.251503e-001
    endloop
  endfacet
  facet normal 9.992479e-001 3.510273e-004 3.877537e-002
    outer loop
      vertex   -1.610144e+000 1.600000e+000 -1.251503e-001
      vertex   -1.613789e+000 5.060000e+000 -6.253861e-002
      vertex   -1.615000e+000 1.600000e+000 1.977805e-016
    endloop
  endfacet
  facet normal 9.992479e-001 3.510273e-004 -3.877537e-002
    outer loop
      vertex   -1.615000e+000 1.600000e+000 1.977805e-016
      vertex   -1.613789e+000 5.060000e+000 6.253861e-002
      vertex   -1.610144e+000 1.600000e+000 1.251503e-001
    endloop
  endfacet
  facet normal 9.932383e-001 3.510223e-004 -1.160929e-001
    outer loop
      vertex   -1.610144e+000 1.600000e+000 1.251503e-001
      vertex   -1.604109e+000 5.060000e+000 1.872407e-001
      vertex   -1.595604e+000 1.600000e+000 2.495479e-001
    endloop
  endfacet
  facet normal 9.812553e-001 3.510123e-004 -1.927122e-001
    outer loop
      vertex   -1.595604e+000 1.600000e+000 2.495479e-001
      vertex   -1.584808e+000 5.060000e+000 3.108197e-001
      vertex   -1.571467e+000 1.600000e+000 3.724446e-001
    endloop
  endfacet
  facet normal 9.633708e-001 3.509972e-004 -2.681726e-001
    outer loop
      vertex   -1.571467e+000 1.600000e+000 3.724446e-001
      vertex   -1.556001e+000 5.060000e+000 4.325344e-001
      vertex   -1.537880e+000 1.600000e+000 4.931015e-001
    endloop
  endfacet
  facet normal 9.396926e-001 3.509772e-004 -3.420201e-001
    outer loop
      vertex   -1.537880e+000 1.600000e+000 4.931015e-001
      vertex   -1.517861e+000 5.060000e+000 5.516548e-001
      vertex   -1.495044e+000 1.600000e+000 6.107928e-001
    endloop
  endfacet
  facet normal 9.103629e-001 3.509521e-004 -4.138107e-001
    outer loop
      vertex   -1.495044e+000 1.600000e+000 6.107928e-001
      vertex   -1.470617e+000 5.060000e+000 6.674663e-001
      vertex   -1.443217e+000 1.600000e+000 7.248107e-001
    endloop
  endfacet
  facet normal 8.755582e-001 3.509220e-004 -4.831126e-001
    outer loop
      vertex   -1.443217e+000 1.600000e+000 7.248107e-001
      vertex   -1.414552e+000 5.060000e+000 7.792742e-001
      vertex   -1.382710e+000 1.600000e+000 8.344695e-001
    endloop
  endfacet
  facet normal 8.354878e-001 3.508870e-004 -5.495089e-001
    outer loop
      vertex   -1.382710e+000 1.600000e+000 8.344695e-001
      vertex   -1.350002e+000 5.060000e+000 8.864080e-001
      vertex   -1.313887e+000 1.600000e+000 9.391097e-001
    endloop
  endfacet
  facet normal 7.903926e-001 3.508469e-004 -6.126005e-001
    outer loop
      vertex   -1.313887e+000 1.600000e+000 9.391097e-001
      vertex   -1.277355e+000 5.060000e+000 9.882251e-001
      vertex   -1.237162e+000 1.600000e+000 1.038102e+000
    endloop
  endfacet
  facet normal 7.405440e-001 3.508017e-004 -6.720078e-001
    outer loop
      vertex   -1.237162e+000 1.600000e+000 1.038102e+000
      vertex   -1.197046e+000 5.060000e+000 1.084115e+000
      vertex   -1.152997e+000 1.600000e+000 1.130851e+000
    endloop
  endfacet
  facet normal 6.862416e-001 3.507516e-004 -7.273736e-001
    outer loop
      vertex   -1.152997e+000 1.600000e+000 1.130851e+000
      vertex   -1.109558e+000 5.060000e+000 1.173502e+000
      vertex   -1.061897e+000 1.600000e+000 1.216799e+000
    endloop
  endfacet
  facet normal 6.278121e-001 3.506965e-004 -7.783649e-001
    outer loop
      vertex   -1.061897e+000 1.600000e+000 1.216799e+000
      vertex   -1.015414e+000 5.060000e+000 1.255850e+000
      vertex   -9.644111e-001 1.600000e+000 1.295429e+000
    endloop
  endfacet
  facet normal 5.656068e-001 3.506363e-004 -8.246750e-001
    outer loop
      vertex   -9.644111e-001 1.600000e+000 1.295429e+000
      vertex   -9.151795e-001 5.060000e+000 1.330666e+000
      vertex   -8.611252e-001 1.600000e+000 1.366268e+000
    endloop
  endfacet
  facet normal 4.313860e-001 4.890000e-004 -9.021673e-001
    outer loop
      vertex   -7.526603e-001 1.600000e+000 1.428890e+000
      vertex   -6.741050e-001 3.689914e+000 1.467586e+000
      vertex   -6.396688e-001 1.600000e+000 1.482919e+000
    endloop
  endfacet
  facet normal 3.601777e-001 5.023935e-004 -9.328836e-001
    outer loop
      vertex   -6.396688e-001 1.600000e+000 1.482919e+000
      vertex   -6.041004e-001 3.659739e+000 1.497761e+000
      vertex   -5.228303e-001 1.600000e+000 1.528029e+000
    endloop
  endfacet
  facet normal 2.117038e-001 4.714867e-004 -9.773337e-001
    outer loop
      vertex   -4.028474e-001 1.600000e+000 1.563950e+000
      vertex   -3.122250e-001 3.572968e+000 1.584532e+000
      vertex   -2.804418e-001 1.600000e+000 1.590465e+000
    endloop
  endfacet
  facet normal 1.353313e-001 5.642448e-004 -9.908002e-001
    outer loop
      vertex   -2.804418e-001 1.600000e+000 1.590465e+000
      vertex   -2.371049e-001 3.560000e+000 1.597500e+000
      vertex   -1.563496e-001 1.600000e+000 1.607414e+000
    endloop
  endfacet
  facet normal 5.814482e-002 5.207473e-004 -9.983080e-001
    outer loop
      vertex   -1.563496e-001 1.600000e+000 1.607414e+000
      vertex   -1.188749e-001 3.560000e+000 1.610619e+000
      vertex   -3.131700e-002 1.600000e+000 1.614696e+000
    endloop
  endfacet
  facet normal -1.939133e-002 4.647392e-004 -9.998119e-001
    outer loop
      vertex   -3.131700e-002 1.600000e+000 1.614696e+000
      vertex   -5.482706e-016 3.560000e+000 1.615000e+000
      vertex   9.390390e-002 1.600000e+000 1.612268e+000
    endloop
  endfacet
  facet normal -9.681086e-002 3.962214e-004 -9.953027e-001
    outer loop
      vertex   9.390390e-002 1.600000e+000 1.612268e+000
      vertex   1.188749e-001 3.560000e+000 1.610619e+000
      vertex   2.185600e-001 1.600000e+000 1.600143e+000
    endloop
  endfacet
  facet normal -3.960797e-001 3.706514e-004 -9.182160e-001
    outer loop
      vertex   5.816870e-001 1.600000e+000 1.506607e+000
      vertex   6.741050e-001 3.689914e+000 1.467586e+000
      vertex   6.966885e-001 1.600000e+000 1.457000e+000
    endloop
  endfacet
  facet normal -4.660434e-001 5.532443e-004 -8.847617e-001
    outer loop
      vertex   6.966885e-001 1.600000e+000 1.457000e+000
      vertex   7.426077e-001 3.723360e+000 1.434140e+000
      vertex   8.075000e-001 1.600000e+000 1.398631e+000
    endloop
  endfacet
  facet normal -5.343436e-001 9.874077e-017 -8.452674e-001
    outer loop
      vertex   8.094558e-001 3.760000e+000 1.397500e+000
      vertex   8.094558e-001 5.060000e+000 1.397500e+000
      vertex   9.151795e-001 5.060000e+000 1.330666e+000
    endloop
  endfacet
  facet normal -5.971586e-001 2.305279e-005 -8.021232e-001
    outer loop
      vertex   9.134551e-001 1.600000e+000 1.331850e+000
      vertex   9.151795e-001 5.060000e+000 1.330666e+000
      vertex   1.013917e+000 1.600000e+000 1.257059e+000
    endloop
  endfacet
  facet normal -6.575214e-001 2.123737e-005 -7.534359e-001
    outer loop
      vertex   1.013917e+000 1.600000e+000 1.257059e+000
      vertex   1.015414e+000 5.060000e+000 1.255850e+000
      vertex   1.108280e+000 1.600000e+000 1.174708e+000
    endloop
  endfacet
  facet normal -7.139297e-001 1.941694e-005 -7.002173e-001
    outer loop
      vertex   1.108280e+000 1.600000e+000 1.174708e+000
      vertex   1.109558e+000 5.060000e+000 1.173502e+000
      vertex   1.195979e+000 1.600000e+000 1.085293e+000
    endloop
  endfacet
  facet normal -7.660444e-001 1.759150e-005 -6.427876e-001
    outer loop
      vertex   1.195979e+000 1.600000e+000 1.085293e+000
      vertex   1.197046e+000 5.060000e+000 1.084115e+000
      vertex   1.276484e+000 1.600000e+000 9.893499e-001
    endloop
  endfacet
  facet normal -8.135521e-001 1.576105e-005 -5.814921e-001
    outer loop
      vertex   1.276484e+000 1.600000e+000 9.893499e-001
      vertex   1.277355e+000 5.060000e+000 9.882251e-001
      vertex   1.349313e+000 1.600000e+000 8.874570e-001
    endloop
  endfacet
  facet normal -8.561669e-001 1.392559e-005 -5.166994e-001
    outer loop
      vertex   1.349313e+000 1.600000e+000 8.874570e-001
      vertex   1.350002e+000 5.060000e+000 8.864080e-001
      vertex   1.414027e+000 1.600000e+000 7.802268e-001
    endloop
  endfacet
  facet normal -8.936326e-001 1.208512e-005 -4.487992e-001
    outer loop
      vertex   1.414027e+000 1.600000e+000 7.802268e-001
      vertex   1.414552e+000 5.060000e+000 7.792742e-001
      vertex   1.470236e+000 1.600000e+000 6.683043e-001
    endloop
  endfacet
  facet normal -9.257240e-001 1.023965e-005 -3.781999e-001
    outer loop
      vertex   1.470236e+000 1.600000e+000 6.683043e-001
      vertex   1.470617e+000 5.060000e+000 6.674663e-001
      vertex   1.517604e+000 1.600000e+000 5.523625e-001
    endloop
  endfacet
  facet normal -9.522479e-001 8.389161e-006 -3.053260e-001
    outer loop
      vertex   1.517604e+000 1.600000e+000 5.523625e-001
      vertex   1.517861e+000 5.060000e+000 5.516548e-001
      vertex   1.555844e+000 1.600000e+000 4.330988e-001
    endloop
  endfacet
  facet normal -9.730449e-001 6.533668e-006 -2.306159e-001
    outer loop
      vertex   1.555844e+000 1.600000e+000 4.330988e-001
      vertex   1.556001e+000 5.060000e+000 4.325344e-001
      vertex   1.584727e+000 1.600000e+000 3.112303e-001
    endloop
  endfacet
  facet normal -9.879898e-001 4.673167e-006 -1.545188e-001
    outer loop
      vertex   1.584727e+000 1.600000e+000 3.112303e-001
      vertex   1.584808e+000 5.060000e+000 3.108197e-001
      vertex   1.604080e+000 1.600000e+000 1.874901e-001
    endloop
  endfacet
  facet normal -9.969929e-001 2.807656e-006 -7.749242e-002
    outer loop
      vertex   1.604080e+000 1.600000e+000 1.874901e-001
      vertex   1.604109e+000 5.060000e+000 1.872407e-001
      vertex   1.613785e+000 1.600000e+000 6.262222e-002
    endloop
  endfacet
  facet normal -9.879898e-001 4.673167e-006 1.545188e-001
    outer loop
      vertex   1.604080e+000 1.600000e+000 -1.874901e-001
      vertex   1.584808e+000 5.060000e+000 -3.108197e-001
      vertex   1.584727e+000 1.600000e+000 -3.112303e-001
    endloop
  endfacet
  facet normal -9.730449e-001 6.533668e-006 2.306159e-001
    outer loop
      vertex   1.584727e+000 1.600000e+000 -3.112303e-001
      vertex   1.556001e+000 5.060000e+000 -4.325344e-001
      vertex   1.555844e+000 1.600000e+000 -4.330988e-001
    endloop
  endfacet
  facet normal -9.522479e-001 8.389161e-006 3.053260e-001
    outer loop
      vertex   1.555844e+000 1.600000e+000 -4.330988e-001
      vertex   1.517861e+000 5.060000e+000 -5.516548e-001
      vertex   1.517604e+000 1.600000e+000 -5.523625e-001
    endloop
  endfacet
  facet normal -9.257240e-001 1.023965e-005 3.781999e-001
    outer loop
      vertex   1.517604e+000 1.600000e+000 -5.523625e-001
      vertex   1.470617e+000 5.060000e+000 -6.674663e-001
      vertex   1.470236e+000 1.600000e+000 -6.683043e-001
    endloop
  endfacet
  facet normal -8.936326e-001 1.208512e-005 4.487992e-001
    outer loop
      vertex   1.470236e+000 1.600000e+000 -6.683043e-001
      vertex   1.414552e+000 5.060000e+000 -7.792742e-001
      vertex   1.414027e+000 1.600000e+000 -7.802268e-001
    endloop
  endfacet
  facet normal -8.561669e-001 1.392559e-005 5.166994e-001
    outer loop
      vertex   1.414027e+000 1.600000e+000 -7.802268e-001
      vertex   1.350002e+000 5.060000e+000 -8.864080e-001
      vertex   1.349313e+000 1.600000e+000 -8.874570e-001
    endloop
  endfacet
  facet normal -8.135521e-001 1.576105e-005 5.814921e-001
    outer loop
      vertex   1.349313e+000 1.600000e+000 -8.874570e-001
      vertex   1.277355e+000 5.060000e+000 -9.882251e-001
      vertex   1.276484e+000 1.600000e+000 -9.893499e-001
    endloop
  endfacet
  facet normal -7.660444e-001 1.759150e-005 6.427876e-001
    outer loop
      vertex   1.276484e+000 1.600000e+000 -9.893499e-001
      vertex   1.197046e+000 5.060000e+000 -1.084115e+000
      vertex   1.195979e+000 1.600000e+000 -1.085293e+000
    endloop
  endfacet
  facet normal -7.139297e-001 1.941694e-005 7.002173e-001
    outer loop
      vertex   1.195979e+000 1.600000e+000 -1.085293e+000
      vertex   1.109558e+000 5.060000e+000 -1.173502e+000
      vertex   1.108280e+000 1.600000e+000 -1.174708e+000
    endloop
  endfacet
  facet normal -6.575214e-001 2.123737e-005 7.534359e-001
    outer loop
      vertex   1.108280e+000 1.600000e+000 -1.174708e+000
      vertex   1.015414e+000 5.060000e+000 -1.255850e+000
      vertex   1.013917e+000 1.600000e+000 -1.257059e+000
    endloop
  endfacet
  facet normal -5.971586e-001 2.305279e-005 8.021232e-001
    outer loop
      vertex   1.013917e+000 1.600000e+000 -1.257059e+000
      vertex   9.151795e-001 5.060000e+000 -1.330666e+000
      vertex   9.134551e-001 1.600000e+000 -1.331850e+000
    endloop
  endfacet
  facet normal 5.814482e-002 5.207473e-004 9.983080e-001
    outer loop
      vertex   -3.131700e-002 1.600000e+000 -1.614696e+000
      vertex   -1.188749e-001 3.560000e+000 -1.610619e+000
      vertex   -1.563496e-001 1.600000e+000 -1.607414e+000
    endloop
  endfacet
  facet normal 1.353313e-001 5.642448e-004 9.908002e-001
    outer loop
      vertex   -1.563496e-001 1.600000e+000 -1.607414e+000
      vertex   -2.371049e-001 3.560000e+000 -1.597500e+000
      vertex   -2.804418e-001 1.600000e+000 -1.590465e+000
    endloop
  endfacet
  facet normal 2.117038e-001 4.714867e-004 9.773337e-001
    outer loop
      vertex   -2.804418e-001 1.600000e+000 -1.590465e+000
      vertex   -3.122250e-001 3.572968e+000 -1.584532e+000
      vertex   -4.028474e-001 1.600000e+000 -1.563950e+000
    endloop
  endfacet
  facet normal 3.601777e-001 5.023935e-004 9.328836e-001
    outer loop
      vertex   -5.228303e-001 1.600000e+000 -1.528029e+000
      vertex   -6.041004e-001 3.659739e+000 -1.497761e+000
      vertex   -6.396688e-001 1.600000e+000 -1.482919e+000
    endloop
  endfacet
  facet normal 4.313860e-001 4.890000e-004 9.021673e-001
    outer loop
      vertex   -6.396688e-001 1.600000e+000 -1.482919e+000
      vertex   -6.741050e-001 3.689914e+000 -1.467586e+000
      vertex   -7.526603e-001 1.600000e+000 -1.428890e+000
    endloop
  endfacet
  facet normal -5.332044e-001 3.982717e-005 -8.459864e-001
    outer loop
      vertex   9.134551e-001 1.600000e+000 1.331850e+000
      vertex   8.075000e-001 1.600000e+000 1.398631e+000
      vertex   8.094558e-001 3.760000e+000 1.397500e+000
    endloop
  endfacet
  facet normal 7.304645e-013 -1.000000e+000 -2.416483e-014
    outer loop
      vertex   -2.245081e+000 1.500000e+000 1.487038e-001
      vertex   -2.250000e+000 1.500000e+000 0.000000e+000
      vertex   -1.715000e+000 1.500000e+000 -2.100269e-016
    endloop
  endfacet
  facet normal 6.918451e-013 -1.000000e+000 -1.154485e-013
    outer loop
      vertex   -2.230344e+000 1.500000e+000 2.967574e-001
      vertex   -1.715000e+000 1.500000e+000 -2.100269e-016
      vertex   -2.205855e+000 1.500000e+000 4.435133e-001
    endloop
  endfacet
  facet normal 7.172169e-013 -1.000000e+000 -7.138815e-014
    outer loop
      vertex   -2.230344e+000 1.500000e+000 2.967574e-001
      vertex   -2.245081e+000 1.500000e+000 1.487038e-001
      vertex   -1.715000e+000 1.500000e+000 -2.100269e-016
    endloop
  endfacet
  facet normal 7.274882e-013 -1.000000e+000 7.241051e-014
    outer loop
      vertex   -2.230344e+000 1.500000e+000 -2.967574e-001
      vertex   -1.710088e+000 1.500000e+000 -1.297033e-001
      vertex   -2.245081e+000 1.500000e+000 -1.487038e-001
    endloop
  endfacet
  facet normal 7.242191e-013 -1.000000e+000 8.259148e-014
    outer loop
      vertex   -2.230344e+000 1.500000e+000 -2.967574e-001
      vertex   -1.695381e+000 1.500000e+000 -2.586637e-001
      vertex   -1.710088e+000 1.500000e+000 -1.297033e-001
    endloop
  endfacet
  facet normal 7.215267e-013 -1.000000e+000 1.204015e-013
    outer loop
      vertex   -2.230344e+000 1.500000e+000 -2.967574e-001
      vertex   -2.205855e+000 1.500000e+000 -4.435133e-001
      vertex   -1.695381e+000 1.500000e+000 -2.586637e-001
    endloop
  endfacet
  facet normal 7.154981e-013 -1.000000e+000 1.370500e-013
    outer loop
      vertex   -1.695381e+000 1.500000e+000 -2.586637e-001
      vertex   -2.205855e+000 1.500000e+000 -4.435133e-001
      vertex   -1.670963e+000 1.500000e+000 -3.861424e-001
    endloop
  endfacet
  facet normal 7.121922e-013 -1.000000e+000 1.678716e-013
    outer loop
      vertex   -1.670963e+000 1.500000e+000 -3.861424e-001
      vertex   -2.205855e+000 1.500000e+000 -4.435133e-001
      vertex   -2.171720e+000 1.500000e+000 -5.883299e-001
    endloop
  endfacet
  facet normal 6.995318e-013 -1.000000e+000 2.145712e-013
    outer loop
      vertex   -1.636974e+000 1.500000e+000 -5.114094e-001
      vertex   -2.171720e+000 1.500000e+000 -5.883299e-001
      vertex   -2.128089e+000 1.500000e+000 -7.305738e-001
    endloop
  endfacet
  facet normal 6.797937e-013 -1.000000e+000 2.588012e-013
    outer loop
      vertex   -2.075152e+000 1.500000e+000 -8.696231e-001
      vertex   -1.636974e+000 1.500000e+000 -5.114094e-001
      vertex   -2.128089e+000 1.500000e+000 -7.305738e-001
    endloop
  endfacet
  facet normal 6.910964e-013 -1.000000e+000 2.449754e-013
    outer loop
      vertex   -2.075152e+000 1.500000e+000 -8.696231e-001
      vertex   -1.593609e+000 1.500000e+000 -6.337471e-001
      vertex   -1.636974e+000 1.500000e+000 -5.114094e-001
    endloop
  endfacet
  facet normal 6.623389e-013 -1.000000e+000 3.036841e-013
    outer loop
      vertex   -2.075152e+000 1.500000e+000 -8.696231e-001
      vertex   -2.013141e+000 1.500000e+000 -1.004870e+000
      vertex   -1.593609e+000 1.500000e+000 -6.337471e-001
    endloop
  endfacet
  facet normal 6.692014e-013 -1.000000e+000 2.959265e-013
    outer loop
      vertex   -1.593609e+000 1.500000e+000 -6.337471e-001
      vertex   -2.013141e+000 1.500000e+000 -1.004870e+000
      vertex   -1.541115e+000 1.500000e+000 -7.524547e-001
    endloop
  endfacet
  facet normal 6.417350e-013 -1.000000e+000 3.472896e-013
    outer loop
      vertex   -1.541115e+000 1.500000e+000 -7.524547e-001
      vertex   -2.013141e+000 1.500000e+000 -1.004870e+000
      vertex   -1.942327e+000 1.500000e+000 -1.135722e+000
    endloop
  endfacet
  facet normal 6.184323e-013 -1.000000e+000 3.896063e-013
    outer loop
      vertex   -1.479795e+000 1.500000e+000 -8.668524e-001
      vertex   -1.942327e+000 1.500000e+000 -1.135722e+000
      vertex   -1.863020e+000 1.500000e+000 -1.261609e+000
    endloop
  endfacet
  facet normal 5.918298e-013 -1.000000e+000 4.299895e-013
    outer loop
      vertex   -1.409998e+000 1.500000e+000 -9.762847e-001
      vertex   -1.863020e+000 1.500000e+000 -1.261609e+000
      vertex   -1.775566e+000 1.500000e+000 -1.381979e+000
    endloop
  endfacet
  facet normal 5.624271e-013 -1.000000e+000 4.684216e-013
    outer loop
      vertex   -1.332124e+000 1.500000e+000 -1.080125e+000
      vertex   -1.775566e+000 1.500000e+000 -1.381979e+000
      vertex   -1.680348e+000 1.500000e+000 -1.496305e+000
    endloop
  endfacet
  facet normal 5.250863e-013 -1.000000e+000 4.996652e-013
    outer loop
      vertex   -1.577783e+000 1.500000e+000 -1.604089e+000
      vertex   -1.332124e+000 1.500000e+000 -1.080125e+000
      vertex   -1.680348e+000 1.500000e+000 -1.496305e+000
    endloop
  endfacet
  facet normal 5.547709e-013 -1.000000e+000 4.857477e-013
    outer loop
      vertex   -1.577783e+000 1.500000e+000 -1.604089e+000
      vertex   -1.246621e+000 1.500000e+000 -1.177778e+000
      vertex   -1.332124e+000 1.500000e+000 -1.080125e+000
    endloop
  endfacet
  facet normal 4.920291e-013 -1.000000e+000 5.344861e-013
    outer loop
      vertex   -1.577783e+000 1.500000e+000 -1.604089e+000
      vertex   -1.468318e+000 1.500000e+000 -1.704858e+000
      vertex   -1.246621e+000 1.500000e+000 -1.177778e+000
    endloop
  endfacet
  facet normal 5.149891e-013 -1.000000e+000 5.248288e-013
    outer loop
      vertex   -1.246621e+000 1.500000e+000 -1.177778e+000
      vertex   -1.468318e+000 1.500000e+000 -1.704858e+000
      vertex   -1.153976e+000 1.500000e+000 -1.268686e+000
    endloop
  endfacet
  facet normal 4.565321e-013 -1.000000e+000 5.669577e-013
    outer loop
      vertex   -1.153976e+000 1.500000e+000 -1.268686e+000
      vertex   -1.468318e+000 1.500000e+000 -1.704858e+000
      vertex   -1.352433e+000 1.500000e+000 -1.798173e+000
    endloop
  endfacet
  facet normal 4.187714e-013 -1.000000e+000 5.968998e-013
    outer loop
      vertex   -1.054722e+000 1.500000e+000 -1.352326e+000
      vertex   -1.352433e+000 1.500000e+000 -1.798173e+000
      vertex   -1.230633e+000 1.500000e+000 -1.883625e+000
    endloop
  endfacet
  facet normal 3.789374e-013 -1.000000e+000 6.241464e-013
    outer loop
      vertex   -9.494269e-001 1.500000e+000 -1.428220e+000
      vertex   -1.230633e+000 1.500000e+000 -1.883625e+000
      vertex   -1.103453e+000 1.500000e+000 -1.960840e+000
    endloop
  endfacet
  facet normal 3.372333e-013 -1.000000e+000 6.485463e-013
    outer loop
      vertex   -8.386933e-001 1.500000e+000 -1.495934e+000
      vertex   -1.103453e+000 1.500000e+000 -1.960840e+000
      vertex   -9.714473e-001 1.500000e+000 -2.029480e+000
    endloop
  endfacet
  facet normal 2.938738e-013 -1.000000e+000 6.699648e-013
    outer loop
      vertex   -7.231557e-001 1.500000e+000 -1.555079e+000
      vertex   -9.714473e-001 1.500000e+000 -2.029480e+000
      vertex   -8.351938e-001 1.500000e+000 -2.089247e+000
    endloop
  endfacet
  facet normal 2.490839e-013 -1.000000e+000 6.882843e-013
    outer loop
      vertex   -6.034759e-001 1.500000e+000 -1.605317e+000
      vertex   -8.351938e-001 1.500000e+000 -2.089247e+000
      vertex   -6.952882e-001 1.500000e+000 -2.139877e+000
    endloop
  endfacet
  facet normal 2.030974e-013 -1.000000e+000 7.034051e-013
    outer loop
      vertex   -4.803395e-001 1.500000e+000 -1.646359e+000
      vertex   -6.952882e-001 1.500000e+000 -2.139877e+000
      vertex   -5.523423e-001 1.500000e+000 -2.181151e+000
    endloop
  endfacet
  facet normal 1.561554e-013 -1.000000e+000 7.152462e-013
    outer loop
      vertex   -3.544518e-001 1.500000e+000 -1.677972e+000
      vertex   -5.523423e-001 1.500000e+000 -2.181151e+000
      vertex   -4.069812e-001 1.500000e+000 -2.212886e+000
    endloop
  endfacet
  facet normal 1.085044e-013 -1.000000e+000 7.237459e-013
    outer loop
      vertex   -2.265337e-001 1.500000e+000 -1.699973e+000
      vertex   -4.069812e-001 1.500000e+000 -2.212886e+000
      vertex   -2.598404e-001 1.500000e+000 -2.234946e+000
    endloop
  endfacet
  facet normal 6.039523e-014 -1.000000e+000 7.288620e-013
    outer loop
      vertex   -9.731814e-002 1.500000e+000 -1.712237e+000
      vertex   -2.598404e-001 1.500000e+000 -2.234946e+000
      vertex   -1.115634e-001 1.500000e+000 -2.247232e+000
    endloop
  endfacet
  facet normal 1.208089e-014 -1.000000e+000 7.305723e-013
    outer loop
      vertex   3.245488e-002 1.500000e+000 -1.714693e+000
      vertex   -1.115634e-001 1.500000e+000 -2.247232e+000
      vertex   3.720138e-002 1.500000e+000 -2.249692e+000
    endloop
  endfacet
  facet normal -3.624784e-014 -1.000000e+000 7.301435e-013
    outer loop
      vertex   1.858035e-001 1.500000e+000 -2.242315e+000
      vertex   3.245488e-002 1.500000e+000 -1.714693e+000
      vertex   3.720138e-002 1.500000e+000 -2.249692e+000
    endloop
  endfacet
  facet normal -4.141373e-014 -1.000000e+000 7.286421e-013
    outer loop
      vertex   1.858035e-001 1.500000e+000 -2.242315e+000
      vertex   1.620420e-001 1.500000e+000 -1.707328e+000
      vertex   3.245488e-002 1.500000e+000 -1.714693e+000
    endloop
  endfacet
  facet normal -8.449132e-014 -1.000000e+000 7.267288e-013
    outer loop
      vertex   1.858035e-001 1.500000e+000 -2.242315e+000
      vertex   3.335932e-001 1.500000e+000 -2.225133e+000
      vertex   1.620420e-001 1.500000e+000 -1.707328e+000
    endloop
  endfacet
  facet normal -9.631969e-014 -1.000000e+000 7.228100e-013
    outer loop
      vertex   1.620420e-001 1.500000e+000 -1.707328e+000
      vertex   3.335932e-001 1.500000e+000 -2.225133e+000
      vertex   2.907010e-001 1.500000e+000 -1.690183e+000
    endloop
  endfacet
  facet normal -1.324029e-013 -1.000000e+000 7.199169e-013
    outer loop
      vertex   2.907010e-001 1.500000e+000 -1.690183e+000
      vertex   3.335932e-001 1.500000e+000 -2.225133e+000
      vertex   4.799242e-001 1.500000e+000 -2.198220e+000
    endloop
  endfacet
  facet normal -1.797306e-013 -1.000000e+000 7.097399e-013
    outer loop
      vertex   4.176948e-001 1.500000e+000 -1.663357e+000
      vertex   4.799242e-001 1.500000e+000 -2.198220e+000
      vertex   6.241565e-001 1.500000e+000 -2.161696e+000
    endloop
  endfacet
  facet normal -2.262253e-013 -1.000000e+000 6.962500e-013
    outer loop
      vertex   5.422961e-001 1.500000e+000 -1.627003e+000
      vertex   6.241565e-001 1.500000e+000 -2.161696e+000
      vertex   7.656596e-001 1.500000e+000 -2.115719e+000
    endloop
  endfacet
  facet normal -2.716432e-013 -1.000000e+000 6.795186e-013
    outer loop
      vertex   6.637913e-001 1.500000e+000 -1.581331e+000
      vertex   7.656596e-001 1.500000e+000 -2.115719e+000
      vertex   9.038147e-001 1.500000e+000 -2.060490e+000
    endloop
  endfacet
  facet normal -3.157466e-013 -1.000000e+000 6.596360e-013
    outer loop
      vertex   7.814842e-001 1.500000e+000 -1.526600e+000
      vertex   9.038147e-001 1.500000e+000 -2.060490e+000
      vertex   1.038018e+000 1.500000e+000 -1.996251e+000
    endloop
  endfacet
  facet normal -3.583060e-013 -1.000000e+000 6.367110e-013
    outer loop
      vertex   8.947009e-001 1.500000e+000 -1.463125e+000
      vertex   1.038018e+000 1.500000e+000 -1.996251e+000
      vertex   1.167682e+000 1.500000e+000 -1.923284e+000
    endloop
  endfacet
  facet normal -3.991012e-013 -1.000000e+000 6.108699e-013
    outer loop
      vertex   1.002793e+000 1.500000e+000 -1.391270e+000
      vertex   1.167682e+000 1.500000e+000 -1.923284e+000
      vertex   1.292239e+000 1.500000e+000 -1.841906e+000
    endloop
  endfacet
  facet normal -4.379231e-013 -1.000000e+000 5.822557e-013
    outer loop
      vertex   1.105141e+000 1.500000e+000 -1.311445e+000
      vertex   1.292239e+000 1.500000e+000 -1.841906e+000
      vertex   1.411147e+000 1.500000e+000 -1.752474e+000
    endloop
  endfacet
  facet normal -4.745749e-013 -1.000000e+000 5.510272e-013
    outer loop
      vertex   1.201159e+000 1.500000e+000 -1.224109e+000
      vertex   1.411147e+000 1.500000e+000 -1.752474e+000
      vertex   1.523884e+000 1.500000e+000 -1.655379e+000
    endloop
  endfacet
  facet normal -5.088731e-013 -1.000000e+000 5.173575e-013
    outer loop
      vertex   1.290297e+000 1.500000e+000 -1.129761e+000
      vertex   1.523884e+000 1.500000e+000 -1.655379e+000
      vertex   1.629957e+000 1.500000e+000 -1.551045e+000
    endloop
  endfacet
  facet normal -5.467224e-013 -1.000000e+000 4.868416e-013
    outer loop
      vertex   1.728902e+000 1.500000e+000 -1.439929e+000
      vertex   1.290297e+000 1.500000e+000 -1.129761e+000
      vertex   1.629957e+000 1.500000e+000 -1.551045e+000
    endloop
  endfacet
  facet normal -5.662931e-013 -1.000000e+000 4.591669e-013
    outer loop
      vertex   1.728902e+000 1.500000e+000 -1.439929e+000
      vertex   1.372044e+000 1.500000e+000 -1.028942e+000
      vertex   1.290297e+000 1.500000e+000 -1.129761e+000
    endloop
  endfacet
  facet normal -5.774694e-013 -1.000000e+000 4.494625e-013
    outer loop
      vertex   1.728902e+000 1.500000e+000 -1.439929e+000
      vertex   1.820288e+000 1.500000e+000 -1.322517e+000
      vertex   1.372044e+000 1.500000e+000 -1.028942e+000
    endloop
  endfacet
  facet normal -5.998291e-013 -1.000000e+000 4.153227e-013
    outer loop
      vertex   1.372044e+000 1.500000e+000 -1.028942e+000
      vertex   1.820288e+000 1.500000e+000 -1.322517e+000
      vertex   1.445932e+000 1.500000e+000 -9.222291e-001
    endloop
  endfacet
  facet normal -6.054899e-013 -1.000000e+000 4.100286e-013
    outer loop
      vertex   1.445932e+000 1.500000e+000 -9.222291e-001
      vertex   1.820288e+000 1.500000e+000 -1.322517e+000
      vertex   1.903714e+000 1.500000e+000 -1.199321e+000
    endloop
  endfacet
  facet normal -6.306407e-013 -1.000000e+000 3.687498e-013
    outer loop
      vertex   1.511538e+000 1.500000e+000 -8.102339e-001
      vertex   1.903714e+000 1.500000e+000 -1.199321e+000
      vertex   1.978816e+000 1.500000e+000 -1.070882e+000
    endloop
  endfacet
  facet normal -6.531667e-013 -1.000000e+000 3.260316e-013
    outer loop
      vertex   1.568486e+000 1.500000e+000 -6.935977e-001
      vertex   1.978816e+000 1.500000e+000 -1.070882e+000
      vertex   2.045265e+000 1.500000e+000 -9.377592e-001
    endloop
  endfacet
  facet normal -6.722289e-013 -1.000000e+000 2.817075e-013
    outer loop
      vertex   1.616450e+000 1.500000e+000 -5.729887e-001
      vertex   2.045265e+000 1.500000e+000 -9.377592e-001
      vertex   2.102770e+000 1.500000e+000 -8.005362e-001
    endloop
  endfacet
  facet normal -6.880959e-013 -1.000000e+000 2.362236e-013
    outer loop
      vertex   1.655154e+000 1.500000e+000 -4.490976e-001
      vertex   2.102770e+000 1.500000e+000 -8.005362e-001
      vertex   2.151081e+000 1.500000e+000 -6.598126e-001
    endloop
  endfacet
  facet normal -7.070771e-013 -1.000000e+000 1.915507e-013
    outer loop
      vertex   2.189985e+000 1.500000e+000 -5.162038e-001
      vertex   1.655154e+000 1.500000e+000 -4.490976e-001
      vertex   2.151081e+000 1.500000e+000 -6.598126e-001
    endloop
  endfacet
  facet normal -7.105099e-013 -1.000000e+000 1.641915e-013
    outer loop
      vertex   2.189985e+000 1.500000e+000 -5.162038e-001
      vertex   1.684379e+000 1.500000e+000 -3.226341e-001
      vertex   1.655154e+000 1.500000e+000 -4.490976e-001
    endloop
  endfacet
  facet normal -7.180942e-013 -1.000000e+000 1.443814e-013
    outer loop
      vertex   2.189985e+000 1.500000e+000 -5.162038e-001
      vertex   2.219313e+000 1.500000e+000 -3.703378e-001
      vertex   1.684379e+000 1.500000e+000 -3.226341e-001
    endloop
  endfacet
  facet normal -7.211578e-013 -1.000000e+000 1.100268e-013
    outer loop
      vertex   1.684379e+000 1.500000e+000 -3.226341e-001
      vertex   2.219313e+000 1.500000e+000 -3.703378e-001
      vertex   1.703955e+000 1.500000e+000 -1.943227e-001
    endloop
  endfacet
  facet normal -7.257555e-013 -1.000000e+000 9.656506e-014
    outer loop
      vertex   1.703955e+000 1.500000e+000 -1.943227e-001
      vertex   2.219313e+000 1.500000e+000 -3.703378e-001
      vertex   2.238937e+000 1.500000e+000 -2.228524e-001
    endloop
  endfacet
  facet normal -7.300239e-013 -1.000000e+000 4.835342e-014
    outer loop
      vertex   1.713772e+000 1.500000e+000 -6.489813e-002
      vertex   2.238937e+000 1.500000e+000 -2.228524e-001
      vertex   2.248770e+000 1.500000e+000 -7.439258e-002
    endloop
  endfacet
  facet normal -7.308820e-013 -1.000000e+000 0.000000e+000
    outer loop
      vertex   2.248770e+000 1.500000e+000 7.439258e-002
      vertex   1.713772e+000 1.500000e+000 -6.489813e-002
      vertex   2.248770e+000 1.500000e+000 -7.439258e-002
    endloop
  endfacet
  facet normal -7.308820e-013 -1.000000e+000 -0.000000e+000
    outer loop
      vertex   2.248770e+000 1.500000e+000 7.439258e-002
      vertex   1.713772e+000 1.500000e+000 6.489813e-002
      vertex   1.713772e+000 1.500000e+000 -6.489813e-002
    endloop
  endfacet
  facet normal -7.300239e-013 -1.000000e+000 -4.835342e-014
    outer loop
      vertex   2.248770e+000 1.500000e+000 7.439258e-002
      vertex   2.238937e+000 1.500000e+000 2.228524e-001
      vertex   1.713772e+000 1.500000e+000 6.489813e-002
    endloop
  endfacet
  facet normal -7.279608e-013 -1.000000e+000 -5.521289e-014
    outer loop
      vertex   1.713772e+000 1.500000e+000 6.489813e-002
      vertex   2.238937e+000 1.500000e+000 2.228524e-001
      vertex   1.703955e+000 1.500000e+000 1.943227e-001
    endloop
  endfacet
  facet normal -7.257555e-013 -1.000000e+000 -9.656506e-014
    outer loop
      vertex   1.703955e+000 1.500000e+000 1.943227e-001
      vertex   2.238937e+000 1.500000e+000 2.228524e-001
      vertex   2.219313e+000 1.500000e+000 3.703378e-001
    endloop
  endfacet
  facet normal -7.180942e-013 -1.000000e+000 -1.443814e-013
    outer loop
      vertex   1.684379e+000 1.500000e+000 3.226341e-001
      vertex   2.219313e+000 1.500000e+000 3.703378e-001
      vertex   2.189985e+000 1.500000e+000 5.162038e-001
    endloop
  endfacet
  facet normal -7.070771e-013 -1.000000e+000 -1.915507e-013
    outer loop
      vertex   1.655154e+000 1.500000e+000 4.490976e-001
      vertex   2.189985e+000 1.500000e+000 5.162038e-001
      vertex   2.151081e+000 1.500000e+000 6.598126e-001
    endloop
  endfacet
  facet normal -6.880959e-013 -1.000000e+000 -2.362236e-013
    outer loop
      vertex   2.102770e+000 1.500000e+000 8.005362e-001
      vertex   1.655154e+000 1.500000e+000 4.490976e-001
      vertex   2.151081e+000 1.500000e+000 6.598126e-001
    endloop
  endfacet
  facet normal -7.014967e-013 -1.000000e+000 -2.191555e-013
    outer loop
      vertex   2.102770e+000 1.500000e+000 8.005362e-001
      vertex   1.616450e+000 1.500000e+000 5.729887e-001
      vertex   1.655154e+000 1.500000e+000 4.490976e-001
    endloop
  endfacet
  facet normal -6.722289e-013 -1.000000e+000 -2.817075e-013
    outer loop
      vertex   2.102770e+000 1.500000e+000 8.005362e-001
      vertex   2.045265e+000 1.500000e+000 9.377592e-001
      vertex   1.616450e+000 1.500000e+000 5.729887e-001
    endloop
  endfacet
  facet normal -6.813661e-013 -1.000000e+000 -2.709660e-013
    outer loop
      vertex   1.616450e+000 1.500000e+000 5.729887e-001
      vertex   2.045265e+000 1.500000e+000 9.377592e-001
      vertex   1.568486e+000 1.500000e+000 6.935977e-001
    endloop
  endfacet
  facet normal -6.531667e-013 -1.000000e+000 -3.260316e-013
    outer loop
      vertex   1.568486e+000 1.500000e+000 6.935977e-001
      vertex   2.045265e+000 1.500000e+000 9.377592e-001
      vertex   1.978816e+000 1.500000e+000 1.070882e+000
    endloop
  endfacet
  facet normal -6.306407e-013 -1.000000e+000 -3.687498e-013
    outer loop
      vertex   1.511538e+000 1.500000e+000 8.102339e-001
      vertex   1.978816e+000 1.500000e+000 1.070882e+000
      vertex   1.903714e+000 1.500000e+000 1.199321e+000
    endloop
  endfacet
  facet normal -6.054899e-013 -1.000000e+000 -4.100286e-013
    outer loop
      vertex   1.445932e+000 1.500000e+000 9.222291e-001
      vertex   1.903714e+000 1.500000e+000 1.199321e+000
      vertex   1.820288e+000 1.500000e+000 1.322517e+000
    endloop
  endfacet
  facet normal -5.774694e-013 -1.000000e+000 -4.494625e-013
    outer loop
      vertex   1.372044e+000 1.500000e+000 1.028942e+000
      vertex   1.820288e+000 1.500000e+000 1.322517e+000
      vertex   1.728902e+000 1.500000e+000 1.439929e+000
    endloop
  endfacet
  facet normal -5.467224e-013 -1.000000e+000 -4.868416e-013
    outer loop
      vertex   1.290297e+000 1.500000e+000 1.129761e+000
      vertex   1.728902e+000 1.500000e+000 1.439929e+000
      vertex   1.629957e+000 1.500000e+000 1.551045e+000
    endloop
  endfacet
  facet normal -5.088731e-013 -1.000000e+000 -5.173575e-013
    outer loop
      vertex   1.523884e+000 1.500000e+000 1.655379e+000
      vertex   1.290297e+000 1.500000e+000 1.129761e+000
      vertex   1.629957e+000 1.500000e+000 1.551045e+000
    endloop
  endfacet
  facet normal -5.352094e-013 -1.000000e+000 -5.056536e-013
    outer loop
      vertex   1.523884e+000 1.500000e+000 1.655379e+000
      vertex   1.201159e+000 1.500000e+000 1.224109e+000
      vertex   1.290297e+000 1.500000e+000 1.129761e+000
    endloop
  endfacet
  facet normal -4.745749e-013 -1.000000e+000 -5.510272e-013
    outer loop
      vertex   1.523884e+000 1.500000e+000 1.655379e+000
      vertex   1.411147e+000 1.500000e+000 1.752474e+000
      vertex   1.201159e+000 1.500000e+000 1.224109e+000
    endloop
  endfacet
  facet normal -4.941347e-013 -1.000000e+000 -5.432535e-013
    outer loop
      vertex   1.201159e+000 1.500000e+000 1.224109e+000
      vertex   1.411147e+000 1.500000e+000 1.752474e+000
      vertex   1.105141e+000 1.500000e+000 1.311445e+000
    endloop
  endfacet
  facet normal -4.379231e-013 -1.000000e+000 -5.822557e-013
    outer loop
      vertex   1.105141e+000 1.500000e+000 1.311445e+000
      vertex   1.411147e+000 1.500000e+000 1.752474e+000
      vertex   1.292239e+000 1.500000e+000 1.841906e+000
    endloop
  endfacet
  facet normal -3.991012e-013 -1.000000e+000 -6.108699e-013
    outer loop
      vertex   1.002793e+000 1.500000e+000 1.391270e+000
      vertex   1.292239e+000 1.500000e+000 1.841906e+000
      vertex   1.167682e+000 1.500000e+000 1.923284e+000
    endloop
  endfacet
  facet normal -3.583060e-013 -1.000000e+000 -6.367110e-013
    outer loop
      vertex   8.947009e-001 1.500000e+000 1.463125e+000
      vertex   1.167682e+000 1.500000e+000 1.923284e+000
      vertex   1.038018e+000 1.500000e+000 1.996251e+000
    endloop
  endfacet
  facet normal -3.157466e-013 -1.000000e+000 -6.596360e-013
    outer loop
      vertex   7.814842e-001 1.500000e+000 1.526600e+000
      vertex   1.038018e+000 1.500000e+000 1.996251e+000
      vertex   9.038147e-001 1.500000e+000 2.060490e+000
    endloop
  endfacet
  facet normal -2.716432e-013 -1.000000e+000 -6.795186e-013
    outer loop
      vertex   6.637913e-001 1.500000e+000 1.581331e+000
      vertex   9.038147e-001 1.500000e+000 2.060490e+000
      vertex   7.656596e-001 1.500000e+000 2.115719e+000
    endloop
  endfacet
  facet normal -2.262253e-013 -1.000000e+000 -6.962500e-013
    outer loop
      vertex   5.422961e-001 1.500000e+000 1.627003e+000
      vertex   7.656596e-001 1.500000e+000 2.115719e+000
      vertex   6.241565e-001 1.500000e+000 2.161696e+000
    endloop
  endfacet
  facet normal -1.797306e-013 -1.000000e+000 -7.097399e-013
    outer loop
      vertex   4.176948e-001 1.500000e+000 1.663357e+000
      vertex   6.241565e-001 1.500000e+000 2.161696e+000
      vertex   4.799242e-001 1.500000e+000 2.198220e+000
    endloop
  endfacet
  facet normal -1.324029e-013 -1.000000e+000 -7.199169e-013
    outer loop
      vertex   2.907010e-001 1.500000e+000 1.690183e+000
      vertex   4.799242e-001 1.500000e+000 2.198220e+000
      vertex   3.335932e-001 1.500000e+000 2.225133e+000
    endloop
  endfacet
  facet normal -8.449132e-014 -1.000000e+000 -7.267288e-013
    outer loop
      vertex   1.620420e-001 1.500000e+000 1.707328e+000
      vertex   3.335932e-001 1.500000e+000 2.225133e+000
      vertex   1.858035e-001 1.500000e+000 2.242315e+000
    endloop
  endfacet
  facet normal -3.624784e-014 -1.000000e+000 -7.301435e-013
    outer loop
      vertex   3.245488e-002 1.500000e+000 1.714693e+000
      vertex   1.858035e-001 1.500000e+000 2.242315e+000
      vertex   3.720138e-002 1.500000e+000 2.249692e+000
    endloop
  endfacet
  facet normal 1.208089e-014 -1.000000e+000 -7.305723e-013
    outer loop
      vertex   -1.115634e-001 1.500000e+000 2.247232e+000
      vertex   3.245488e-002 1.500000e+000 1.714693e+000
      vertex   3.720138e-002 1.500000e+000 2.249692e+000
    endloop
  endfacet
  facet normal 1.381902e-014 -1.000000e+000 -7.301022e-013
    outer loop
      vertex   -1.115634e-001 1.500000e+000 2.247232e+000
      vertex   -9.731814e-002 1.500000e+000 1.712237e+000
      vertex   3.245488e-002 1.500000e+000 1.714693e+000
    endloop
  endfacet
  facet normal 6.039523e-014 -1.000000e+000 -7.288620e-013
    outer loop
      vertex   -1.115634e-001 1.500000e+000 2.247232e+000
      vertex   -2.598404e-001 1.500000e+000 2.234946e+000
      vertex   -9.731814e-002 1.500000e+000 1.712237e+000
    endloop
  endfacet
  facet normal 6.892441e-014 -1.000000e+000 -7.262101e-013
    outer loop
      vertex   -9.731814e-002 1.500000e+000 1.712237e+000
      vertex   -2.598404e-001 1.500000e+000 2.234946e+000
      vertex   -2.265337e-001 1.500000e+000 1.699973e+000
    endloop
  endfacet
  facet normal 1.085044e-013 -1.000000e+000 -7.237459e-013
    outer loop
      vertex   -2.265337e-001 1.500000e+000 1.699973e+000
      vertex   -2.598404e-001 1.500000e+000 2.234946e+000
      vertex   -4.069812e-001 1.500000e+000 2.212886e+000
    endloop
  endfacet
  facet normal 1.561554e-013 -1.000000e+000 -7.152462e-013
    outer loop
      vertex   -3.544518e-001 1.500000e+000 1.677972e+000
      vertex   -4.069812e-001 1.500000e+000 2.212886e+000
      vertex   -5.523423e-001 1.500000e+000 2.181151e+000
    endloop
  endfacet
  facet normal 2.030974e-013 -1.000000e+000 -7.034051e-013
    outer loop
      vertex   -4.803395e-001 1.500000e+000 1.646359e+000
      vertex   -5.523423e-001 1.500000e+000 2.181151e+000
      vertex   -6.952882e-001 1.500000e+000 2.139877e+000
    endloop
  endfacet
  facet normal 2.490839e-013 -1.000000e+000 -6.882843e-013
    outer loop
      vertex   -6.034759e-001 1.500000e+000 1.605317e+000
      vertex   -6.952882e-001 1.500000e+000 2.139877e+000
      vertex   -8.351938e-001 1.500000e+000 2.089247e+000
    endloop
  endfacet
  facet normal 2.938738e-013 -1.000000e+000 -6.699648e-013
    outer loop
      vertex   -7.231557e-001 1.500000e+000 1.555079e+000
      vertex   -8.351938e-001 1.500000e+000 2.089247e+000
      vertex   -9.714473e-001 1.500000e+000 2.029480e+000
    endloop
  endfacet
  facet normal 3.372333e-013 -1.000000e+000 -6.485463e-013
    outer loop
      vertex   -8.386933e-001 1.500000e+000 1.495934e+000
      vertex   -9.714473e-001 1.500000e+000 2.029480e+000
      vertex   -1.103453e+000 1.500000e+000 1.960840e+000
    endloop
  endfacet
  facet normal 3.789374e-013 -1.000000e+000 -6.241464e-013
    outer loop
      vertex   -9.494269e-001 1.500000e+000 1.428220e+000
      vertex   -1.103453e+000 1.500000e+000 1.960840e+000
      vertex   -1.230633e+000 1.500000e+000 1.883625e+000
    endloop
  endfacet
  facet normal 4.187714e-013 -1.000000e+000 -5.968998e-013
    outer loop
      vertex   -1.054722e+000 1.500000e+000 1.352326e+000
      vertex   -1.230633e+000 1.500000e+000 1.883625e+000
      vertex   -1.352433e+000 1.500000e+000 1.798173e+000
    endloop
  endfacet
  facet normal 4.565321e-013 -1.000000e+000 -5.669577e-013
    outer loop
      vertex   -1.153976e+000 1.500000e+000 1.268686e+000
      vertex   -1.352433e+000 1.500000e+000 1.798173e+000
      vertex   -1.468318e+000 1.500000e+000 1.704858e+000
    endloop
  endfacet
  facet normal 4.920291e-013 -1.000000e+000 -5.344861e-013
    outer loop
      vertex   -1.246621e+000 1.500000e+000 1.177778e+000
      vertex   -1.468318e+000 1.500000e+000 1.704858e+000
      vertex   -1.577783e+000 1.500000e+000 1.604089e+000
    endloop
  endfacet
  facet normal 5.250863e-013 -1.000000e+000 -4.996652e-013
    outer loop
      vertex   -1.332124e+000 1.500000e+000 1.080125e+000
      vertex   -1.577783e+000 1.500000e+000 1.604089e+000
      vertex   -1.680348e+000 1.500000e+000 1.496305e+000
    endloop
  endfacet
  facet normal 5.624271e-013 -1.000000e+000 -4.684216e-013
    outer loop
      vertex   -1.775566e+000 1.500000e+000 1.381979e+000
      vertex   -1.332124e+000 1.500000e+000 1.080125e+000
      vertex   -1.680348e+000 1.500000e+000 1.496305e+000
    endloop
  endfacet
  facet normal 5.834450e-013 -1.000000e+000 -4.375451e-013
    outer loop
      vertex   -1.775566e+000 1.500000e+000 1.381979e+000
      vertex   -1.409998e+000 1.500000e+000 9.762847e-001
      vertex   -1.332124e+000 1.500000e+000 1.080125e+000
    endloop
  endfacet
  facet normal 5.918298e-013 -1.000000e+000 -4.299895e-013
    outer loop
      vertex   -1.775566e+000 1.500000e+000 1.381979e+000
      vertex   -1.863020e+000 1.500000e+000 1.261609e+000
      vertex   -1.409998e+000 1.500000e+000 9.762847e-001
    endloop
  endfacet
  facet normal 6.154261e-013 -1.000000e+000 -3.925246e-013
    outer loop
      vertex   -1.409998e+000 1.500000e+000 9.762847e-001
      vertex   -1.863020e+000 1.500000e+000 1.261609e+000
      vertex   -1.479795e+000 1.500000e+000 8.668524e-001
    endloop
  endfacet
  facet normal 6.582825e-013 -1.000000e+000 -3.509201e-013
    outer loop
      vertex   -1.479795e+000 1.500000e+000 8.668524e-001
      vertex   -1.863020e+000 1.500000e+000 1.261609e+000
      vertex   -1.541115e+000 1.500000e+000 7.524547e-001
    endloop
  endfacet
  facet normal 7.139597e-013 -1.000000e+000 -3.157191e-013
    outer loop
      vertex   -1.541115e+000 1.500000e+000 7.524547e-001
      vertex   -1.863020e+000 1.500000e+000 1.261609e+000
      vertex   -1.593609e+000 1.500000e+000 6.337471e-001
    endloop
  endfacet
  facet normal 7.939009e-013 -1.000000e+000 -2.814169e-013
    outer loop
      vertex   -1.593609e+000 1.500000e+000 6.337471e-001
      vertex   -1.863020e+000 1.500000e+000 1.261609e+000
      vertex   -1.636974e+000 1.500000e+000 5.114094e-001
    endloop
  endfacet
  facet normal 9.091650e-013 -1.000000e+000 -2.466862e-013
    outer loop
      vertex   -1.636974e+000 1.500000e+000 5.114094e-001
      vertex   -1.863020e+000 1.500000e+000 1.261609e+000
      vertex   -1.670963e+000 1.500000e+000 3.861424e-001
    endloop
  endfacet
  facet normal 1.085696e-012 -1.000000e+000 -2.079595e-013
    outer loop
      vertex   -1.670963e+000 1.500000e+000 3.861424e-001
      vertex   -1.863020e+000 1.500000e+000 1.261609e+000
      vertex   -1.695381e+000 1.500000e+000 2.586637e-001
    endloop
  endfacet
  facet normal 1.384942e-012 -1.000000e+000 -1.579417e-013
    outer loop
      vertex   -1.695381e+000 1.500000e+000 2.586637e-001
      vertex   -1.863020e+000 1.500000e+000 1.261609e+000
      vertex   -1.710088e+000 1.500000e+000 1.297033e-001
    endloop
  endfacet
  facet normal 1.984924e-012 -1.000000e+000 -7.687824e-014
    outer loop
      vertex   -1.710088e+000 1.500000e+000 1.297033e-001
      vertex   -1.863020e+000 1.500000e+000 1.261609e+000
      vertex   -1.715000e+000 1.500000e+000 -2.100269e-016
    endloop
  endfacet
  facet normal 4.144991e-013 -1.000000e+000 -2.611304e-013
    outer loop
      vertex   -1.715000e+000 1.500000e+000 -2.100269e-016
      vertex   -1.863020e+000 1.500000e+000 1.261609e+000
      vertex   -1.942327e+000 1.500000e+000 1.135722e+000
    endloop
  endfacet
  facet normal 4.641592e-013 -1.000000e+000 -2.511904e-013
    outer loop
      vertex   -2.013141e+000 1.500000e+000 1.004870e+000
      vertex   -1.715000e+000 1.500000e+000 -2.100269e-016
      vertex   -1.942327e+000 1.500000e+000 1.135722e+000
    endloop
  endfacet
  facet normal 5.149699e-013 -1.000000e+000 -2.361150e-013
    outer loop
      vertex   -2.013141e+000 1.500000e+000 1.004870e+000
      vertex   -2.075152e+000 1.500000e+000 8.696231e-001
      vertex   -1.715000e+000 1.500000e+000 -2.100269e-016
    endloop
  endfacet
  facet normal 5.653731e-013 -1.000000e+000 -2.152407e-013
    outer loop
      vertex   -1.715000e+000 1.500000e+000 -2.100269e-016
      vertex   -2.075152e+000 1.500000e+000 8.696231e-001
      vertex   -2.128089e+000 1.500000e+000 7.305738e-001
    endloop
  endfacet
  facet normal 6.133235e-013 -1.000000e+000 -1.881281e-013
    outer loop
      vertex   -2.171720e+000 1.500000e+000 5.883299e-001
      vertex   -1.715000e+000 1.500000e+000 -2.100269e-016
      vertex   -2.128089e+000 1.500000e+000 7.305738e-001
    endloop
  endfacet
  facet normal 6.563674e-013 -1.000000e+000 -1.547131e-013
    outer loop
      vertex   -2.171720e+000 1.500000e+000 5.883299e-001
      vertex   -2.205855e+000 1.500000e+000 4.435133e-001
      vertex   -1.715000e+000 1.500000e+000 -2.100269e-016
    endloop
  endfacet
  facet normal 7.029604e-013 -1.000000e+000 1.907362e-013
    outer loop
      vertex   -1.670963e+000 1.500000e+000 -3.861424e-001
      vertex   -2.171720e+000 1.500000e+000 -5.883299e-001
      vertex   -1.636974e+000 1.500000e+000 -5.114094e-001
    endloop
  endfacet
  facet normal 6.450452e-013 -1.000000e+000 3.438245e-013
    outer loop
      vertex   -1.541115e+000 1.500000e+000 -7.524547e-001
      vertex   -1.942327e+000 1.500000e+000 -1.135722e+000
      vertex   -1.479795e+000 1.500000e+000 -8.668524e-001
    endloop
  endfacet
  facet normal 6.154261e-013 -1.000000e+000 3.925246e-013
    outer loop
      vertex   -1.479795e+000 1.500000e+000 -8.668524e-001
      vertex   -1.863020e+000 1.500000e+000 -1.261609e+000
      vertex   -1.409998e+000 1.500000e+000 -9.762847e-001
    endloop
  endfacet
  facet normal 5.834450e-013 -1.000000e+000 4.375451e-013
    outer loop
      vertex   -1.409998e+000 1.500000e+000 -9.762847e-001
      vertex   -1.775566e+000 1.500000e+000 -1.381979e+000
      vertex   -1.332124e+000 1.500000e+000 -1.080125e+000
    endloop
  endfacet
  facet normal 4.726716e-013 -1.000000e+000 5.609085e-013
    outer loop
      vertex   -1.153976e+000 1.500000e+000 -1.268686e+000
      vertex   -1.352433e+000 1.500000e+000 -1.798173e+000
      vertex   -1.054722e+000 1.500000e+000 -1.352326e+000
    endloop
  endfacet
  facet normal 4.280229e-013 -1.000000e+000 5.938367e-013
    outer loop
      vertex   -1.054722e+000 1.500000e+000 -1.352326e+000
      vertex   -1.230633e+000 1.500000e+000 -1.883625e+000
      vertex   -9.494269e-001 1.500000e+000 -1.428220e+000
    endloop
  endfacet
  facet normal 3.812555e-013 -1.000000e+000 6.234760e-013
    outer loop
      vertex   -9.494269e-001 1.500000e+000 -1.428220e+000
      vertex   -1.103453e+000 1.500000e+000 -1.960840e+000
      vertex   -8.386933e-001 1.500000e+000 -1.495934e+000
    endloop
  endfacet
  facet normal 3.325898e-013 -1.000000e+000 6.497016e-013
    outer loop
      vertex   -8.386933e-001 1.500000e+000 -1.495934e+000
      vertex   -9.714473e-001 1.500000e+000 -2.029480e+000
      vertex   -7.231557e-001 1.500000e+000 -1.555079e+000
    endloop
  endfacet
  facet normal 2.822527e-013 -1.000000e+000 6.724022e-013
    outer loop
      vertex   -7.231557e-001 1.500000e+000 -1.555079e+000
      vertex   -8.351938e-001 1.500000e+000 -2.089247e+000
      vertex   -6.034759e-001 1.500000e+000 -1.605317e+000
    endloop
  endfacet
  facet normal 2.304771e-013 -1.000000e+000 6.914800e-013
    outer loop
      vertex   -6.034759e-001 1.500000e+000 -1.605317e+000
      vertex   -6.952882e-001 1.500000e+000 -2.139877e+000
      vertex   -4.803395e-001 1.500000e+000 -1.646359e+000
    endloop
  endfacet
  facet normal 1.775014e-013 -1.000000e+000 7.068513e-013
    outer loop
      vertex   -4.803395e-001 1.500000e+000 -1.646359e+000
      vertex   -5.523423e-001 1.500000e+000 -2.181151e+000
      vertex   -3.544518e-001 1.500000e+000 -1.677972e+000
    endloop
  endfacet
  facet normal 1.235683e-013 -1.000000e+000 7.184463e-013
    outer loop
      vertex   -3.544518e-001 1.500000e+000 -1.677972e+000
      vertex   -4.069812e-001 1.500000e+000 -2.212886e+000
      vertex   -2.265337e-001 1.500000e+000 -1.699973e+000
    endloop
  endfacet
  facet normal 6.892441e-014 -1.000000e+000 7.262101e-013
    outer loop
      vertex   -2.265337e-001 1.500000e+000 -1.699973e+000
      vertex   -2.598404e-001 1.500000e+000 -2.234946e+000
      vertex   -9.731814e-002 1.500000e+000 -1.712237e+000
    endloop
  endfacet
  facet normal 1.381902e-014 -1.000000e+000 7.301022e-013
    outer loop
      vertex   -9.731814e-002 1.500000e+000 -1.712237e+000
      vertex   -1.115634e-001 1.500000e+000 -2.247232e+000
      vertex   3.245488e-002 1.500000e+000 -1.714693e+000
    endloop
  endfacet
  facet normal -1.506392e-013 -1.000000e+000 7.131246e-013
    outer loop
      vertex   2.907010e-001 1.500000e+000 -1.690183e+000
      vertex   4.799242e-001 1.500000e+000 -2.198220e+000
      vertex   4.176948e-001 1.500000e+000 -1.663357e+000
    endloop
  endfacet
  facet normal -2.041242e-013 -1.000000e+000 6.996337e-013
    outer loop
      vertex   4.176948e-001 1.500000e+000 -1.663357e+000
      vertex   6.241565e-001 1.500000e+000 -2.161696e+000
      vertex   5.422961e-001 1.500000e+000 -1.627003e+000
    endloop
  endfacet
  facet normal -2.565299e-013 -1.000000e+000 6.823996e-013
    outer loop
      vertex   5.422961e-001 1.500000e+000 -1.627003e+000
      vertex   7.656596e-001 1.500000e+000 -2.115719e+000
      vertex   6.637913e-001 1.500000e+000 -1.581331e+000
    endloop
  endfacet
  facet normal -3.076157e-013 -1.000000e+000 6.614990e-013
    outer loop
      vertex   6.637913e-001 1.500000e+000 -1.581331e+000
      vertex   9.038147e-001 1.500000e+000 -2.060490e+000
      vertex   7.814842e-001 1.500000e+000 -1.526600e+000
    endloop
  endfacet
  facet normal -3.571459e-013 -1.000000e+000 6.370228e-013
    outer loop
      vertex   7.814842e-001 1.500000e+000 -1.526600e+000
      vertex   1.038018e+000 1.500000e+000 -1.996251e+000
      vertex   8.947009e-001 1.500000e+000 -1.463125e+000
    endloop
  endfacet
  facet normal -4.048904e-013 -1.000000e+000 6.090756e-013
    outer loop
      vertex   8.947009e-001 1.500000e+000 -1.463125e+000
      vertex   1.167682e+000 1.500000e+000 -1.923284e+000
      vertex   1.002793e+000 1.500000e+000 -1.391270e+000
    endloop
  endfacet
  facet normal -4.506255e-013 -1.000000e+000 5.777754e-013
    outer loop
      vertex   1.002793e+000 1.500000e+000 -1.391270e+000
      vertex   1.292239e+000 1.500000e+000 -1.841906e+000
      vertex   1.105141e+000 1.500000e+000 -1.311445e+000
    endloop
  endfacet
  facet normal -4.941347e-013 -1.000000e+000 5.432535e-013
    outer loop
      vertex   1.105141e+000 1.500000e+000 -1.311445e+000
      vertex   1.411147e+000 1.500000e+000 -1.752474e+000
      vertex   1.201159e+000 1.500000e+000 -1.224109e+000
    endloop
  endfacet
  facet normal -5.352094e-013 -1.000000e+000 5.056536e-013
    outer loop
      vertex   1.201159e+000 1.500000e+000 -1.224109e+000
      vertex   1.523884e+000 1.500000e+000 -1.655379e+000
      vertex   1.290297e+000 1.500000e+000 -1.129761e+000
    endloop
  endfacet
  facet normal -6.302173e-013 -1.000000e+000 3.691765e-013
    outer loop
      vertex   1.445932e+000 1.500000e+000 -9.222291e-001
      vertex   1.903714e+000 1.500000e+000 -1.199321e+000
      vertex   1.511538e+000 1.500000e+000 -8.102339e-001
    endloop
  endfacet
  facet normal -6.564773e-013 -1.000000e+000 3.224310e-013
    outer loop
      vertex   1.511538e+000 1.500000e+000 -8.102339e-001
      vertex   1.978816e+000 1.500000e+000 -1.070882e+000
      vertex   1.568486e+000 1.500000e+000 -6.935977e-001
    endloop
  endfacet
  facet normal -6.813661e-013 -1.000000e+000 2.709660e-013
    outer loop
      vertex   1.568486e+000 1.500000e+000 -6.935977e-001
      vertex   2.045265e+000 1.500000e+000 -9.377592e-001
      vertex   1.616450e+000 1.500000e+000 -5.729887e-001
    endloop
  endfacet
  facet normal -7.014967e-013 -1.000000e+000 2.191555e-013
    outer loop
      vertex   1.616450e+000 1.500000e+000 -5.729887e-001
      vertex   2.102770e+000 1.500000e+000 -8.005362e-001
      vertex   1.655154e+000 1.500000e+000 -4.490976e-001
    endloop
  endfacet
  facet normal -7.279608e-013 -1.000000e+000 5.521289e-014
    outer loop
      vertex   1.703955e+000 1.500000e+000 -1.943227e-001
      vertex   2.238937e+000 1.500000e+000 -2.228524e-001
      vertex   1.713772e+000 1.500000e+000 -6.489813e-002
    endloop
  endfacet
  facet normal -7.211578e-013 -1.000000e+000 -1.100268e-013
    outer loop
      vertex   1.703955e+000 1.500000e+000 1.943227e-001
      vertex   2.219313e+000 1.500000e+000 3.703378e-001
      vertex   1.684379e+000 1.500000e+000 3.226341e-001
    endloop
  endfacet
  facet normal -7.105099e-013 -1.000000e+000 -1.641915e-013
    outer loop
      vertex   1.684379e+000 1.500000e+000 3.226341e-001
      vertex   2.189985e+000 1.500000e+000 5.162038e-001
      vertex   1.655154e+000 1.500000e+000 4.490976e-001
    endloop
  endfacet
  facet normal -6.564773e-013 -1.000000e+000 -3.224310e-013
    outer loop
      vertex   1.568486e+000 1.500000e+000 6.935977e-001
      vertex   1.978816e+000 1.500000e+000 1.070882e+000
      vertex   1.511538e+000 1.500000e+000 8.102339e-001
    endloop
  endfacet
  facet normal -6.302173e-013 -1.000000e+000 -3.691765e-013
    outer loop
      vertex   1.511538e+000 1.500000e+000 8.102339e-001
      vertex   1.903714e+000 1.500000e+000 1.199321e+000
      vertex   1.445932e+000 1.500000e+000 9.222291e-001
    endloop
  endfacet
  facet normal -5.998291e-013 -1.000000e+000 -4.153227e-013
    outer loop
      vertex   1.445932e+000 1.500000e+000 9.222291e-001
      vertex   1.820288e+000 1.500000e+000 1.322517e+000
      vertex   1.372044e+000 1.500000e+000 1.028942e+000
    endloop
  endfacet
  facet normal -5.662931e-013 -1.000000e+000 -4.591669e-013
    outer loop
      vertex   1.372044e+000 1.500000e+000 1.028942e+000
      vertex   1.728902e+000 1.500000e+000 1.439929e+000
      vertex   1.290297e+000 1.500000e+000 1.129761e+000
    endloop
  endfacet
  facet normal -4.506255e-013 -1.000000e+000 -5.777754e-013
    outer loop
      vertex   1.105141e+000 1.500000e+000 1.311445e+000
      vertex   1.292239e+000 1.500000e+000 1.841906e+000
      vertex   1.002793e+000 1.500000e+000 1.391270e+000
    endloop
  endfacet
  facet normal -4.048904e-013 -1.000000e+000 -6.090756e-013
    outer loop
      vertex   1.002793e+000 1.500000e+000 1.391270e+000
      vertex   1.167682e+000 1.500000e+000 1.923284e+000
      vertex   8.947009e-001 1.500000e+000 1.463125e+000
    endloop
  endfacet
  facet normal -3.571459e-013 -1.000000e+000 -6.370228e-013
    outer loop
      vertex   8.947009e-001 1.500000e+000 1.463125e+000
      vertex   1.038018e+000 1.500000e+000 1.996251e+000
      vertex   7.814842e-001 1.500000e+000 1.526600e+000
    endloop
  endfacet
  facet normal -3.076157e-013 -1.000000e+000 -6.614990e-013
    outer loop
      vertex   7.814842e-001 1.500000e+000 1.526600e+000
      vertex   9.038147e-001 1.500000e+000 2.060490e+000
      vertex   6.637913e-001 1.500000e+000 1.581331e+000
    endloop
  endfacet
  facet normal -2.565299e-013 -1.000000e+000 -6.823996e-013
    outer loop
      vertex   6.637913e-001 1.500000e+000 1.581331e+000
      vertex   7.656596e-001 1.500000e+000 2.115719e+000
      vertex   5.422961e-001 1.500000e+000 1.627003e+000
    endloop
  endfacet
  facet normal -2.041242e-013 -1.000000e+000 -6.996337e-013
    outer loop
      vertex   5.422961e-001 1.500000e+000 1.627003e+000
      vertex   6.241565e-001 1.500000e+000 2.161696e+000
      vertex   4.176948e-001 1.500000e+000 1.663357e+000
    endloop
  endfacet
  facet normal -1.506392e-013 -1.000000e+000 -7.131246e-013
    outer loop
      vertex   4.176948e-001 1.500000e+000 1.663357e+000
      vertex   4.799242e-001 1.500000e+000 2.198220e+000
      vertex   2.907010e-001 1.500000e+000 1.690183e+000
    endloop
  endfacet
  facet normal -9.631969e-014 -1.000000e+000 -7.228100e-013
    outer loop
      vertex   2.907010e-001 1.500000e+000 1.690183e+000
      vertex   3.335932e-001 1.500000e+000 2.225133e+000
      vertex   1.620420e-001 1.500000e+000 1.707328e+000
    endloop
  endfacet
  facet normal -4.141373e-014 -1.000000e+000 -7.286421e-013
    outer loop
      vertex   1.620420e-001 1.500000e+000 1.707328e+000
      vertex   1.858035e-001 1.500000e+000 2.242315e+000
      vertex   3.245488e-002 1.500000e+000 1.714693e+000
    endloop
  endfacet
  facet normal 1.235683e-013 -1.000000e+000 -7.184463e-013
    outer loop
      vertex   -2.265337e-001 1.500000e+000 1.699973e+000
      vertex   -4.069812e-001 1.500000e+000 2.212886e+000
      vertex   -3.544518e-001 1.500000e+000 1.677972e+000
    endloop
  endfacet
  facet normal 1.775014e-013 -1.000000e+000 -7.068513e-013
    outer loop
      vertex   -3.544518e-001 1.500000e+000 1.677972e+000
      vertex   -5.523423e-001 1.500000e+000 2.181151e+000
      vertex   -4.803395e-001 1.500000e+000 1.646359e+000
    endloop
  endfacet
  facet normal 2.304771e-013 -1.000000e+000 -6.914800e-013
    outer loop
      vertex   -4.803395e-001 1.500000e+000 1.646359e+000
      vertex   -6.952882e-001 1.500000e+000 2.139877e+000
      vertex   -6.034759e-001 1.500000e+000 1.605317e+000
    endloop
  endfacet
  facet normal 2.822527e-013 -1.000000e+000 -6.724022e-013
    outer loop
      vertex   -6.034759e-001 1.500000e+000 1.605317e+000
      vertex   -8.351938e-001 1.500000e+000 2.089247e+000
      vertex   -7.231557e-001 1.500000e+000 1.555079e+000
    endloop
  endfacet
  facet normal 3.325898e-013 -1.000000e+000 -6.497016e-013
    outer loop
      vertex   -7.231557e-001 1.500000e+000 1.555079e+000
      vertex   -9.714473e-001 1.500000e+000 2.029480e+000
      vertex   -8.386933e-001 1.500000e+000 1.495934e+000
    endloop
  endfacet
  facet normal 3.812555e-013 -1.000000e+000 -6.234760e-013
    outer loop
      vertex   -8.386933e-001 1.500000e+000 1.495934e+000
      vertex   -1.103453e+000 1.500000e+000 1.960840e+000
      vertex   -9.494269e-001 1.500000e+000 1.428220e+000
    endloop
  endfacet
  facet normal 4.280229e-013 -1.000000e+000 -5.938367e-013
    outer loop
      vertex   -9.494269e-001 1.500000e+000 1.428220e+000
      vertex   -1.230633e+000 1.500000e+000 1.883625e+000
      vertex   -1.054722e+000 1.500000e+000 1.352326e+000
    endloop
  endfacet
  facet normal 4.726716e-013 -1.000000e+000 -5.609085e-013
    outer loop
      vertex   -1.054722e+000 1.500000e+000 1.352326e+000
      vertex   -1.352433e+000 1.500000e+000 1.798173e+000
      vertex   -1.153976e+000 1.500000e+000 1.268686e+000
    endloop
  endfacet
  facet normal 5.149891e-013 -1.000000e+000 -5.248288e-013
    outer loop
      vertex   -1.153976e+000 1.500000e+000 1.268686e+000
      vertex   -1.468318e+000 1.500000e+000 1.704858e+000
      vertex   -1.246621e+000 1.500000e+000 1.177778e+000
    endloop
  endfacet
  facet normal 5.547709e-013 -1.000000e+000 -4.857477e-013
    outer loop
      vertex   -1.246621e+000 1.500000e+000 1.177778e+000
      vertex   -1.577783e+000 1.500000e+000 1.604089e+000
      vertex   -1.332124e+000 1.500000e+000 1.080125e+000
    endloop
  endfacet
  facet normal 7.290186e-013 -1.000000e+000 2.931886e-014
    outer loop
      vertex   -1.710088e+000 1.500000e+000 -1.297033e-001
      vertex   -1.715000e+000 1.500000e+000 -2.100269e-016
      vertex   -2.245081e+000 1.500000e+000 -1.487038e-001
    endloop
  endfacet
  facet normal 7.304645e-013 -1.000000e+000 2.416483e-014
    outer loop
      vertex   -2.245081e+000 1.500000e+000 -1.487038e-001
      vertex   -1.715000e+000 1.500000e+000 -2.100269e-016
      vertex   -2.250000e+000 1.500000e+000 0.000000e+000
    endloop
  endfacet
  facet normal 0.000000e+000 -7.071068e-001 7.071068e-001
    outer loop
      vertex   -2.371049e-001 3.560000e+000 -1.597500e+000
      vertex   2.371049e-001 3.560000e+000 -1.597500e+000
      vertex   -3.122250e-001 3.572968e+000 -1.584532e+000
    endloop
  endfacet
  facet normal 0.000000e+000 -7.071068e-001 7.071068e-001
    outer loop
      vertex   -3.122250e-001 3.572968e+000 -1.584532e+000
      vertex   2.371049e-001 3.560000e+000 -1.597500e+000
      vertex   3.122250e-001 3.572968e+000 -1.584532e+000
    endloop
  endfacet
  facet normal 0.000000e+000 -7.071068e-001 7.071068e-001
    outer loop
      vertex   -3.866493e-001 3.589467e+000 -1.568033e+000
      vertex   3.122250e-001 3.572968e+000 -1.584532e+000
      vertex   3.866493e-001 3.589467e+000 -1.568033e+000
    endloop
  endfacet
  facet normal 0.000000e+000 -7.071068e-001 7.071068e-001
    outer loop
      vertex   -4.602123e-001 3.609459e+000 -1.548041e+000
      vertex   3.866493e-001 3.589467e+000 -1.568033e+000
      vertex   4.602123e-001 3.609459e+000 -1.548041e+000
    endloop
  endfacet
  facet normal 0.000000e+000 -7.071068e-001 7.071068e-001
    outer loop
      vertex   -5.327498e-001 3.632901e+000 -1.524599e+000
      vertex   4.602123e-001 3.609459e+000 -1.548041e+000
      vertex   5.327498e-001 3.632901e+000 -1.524599e+000
    endloop
  endfacet
  facet normal 0.000000e+000 -7.071068e-001 7.071068e-001
    outer loop
      vertex   -6.041004e-001 3.659739e+000 -1.497761e+000
      vertex   5.327498e-001 3.632901e+000 -1.524599e+000
      vertex   6.041004e-001 3.659739e+000 -1.497761e+000
    endloop
  endfacet
  facet normal 0.000000e+000 -7.071068e-001 7.071068e-001
    outer loop
      vertex   -6.741050e-001 3.689914e+000 -1.467586e+000
      vertex   6.041004e-001 3.659739e+000 -1.497761e+000
      vertex   6.741050e-001 3.689914e+000 -1.467586e+000
    endloop
  endfacet
  facet normal 0.000000e+000 -7.071068e-001 7.071068e-001
    outer loop
      vertex   -7.426077e-001 3.723360e+000 -1.434140e+000
      vertex   6.741050e-001 3.689914e+000 -1.467586e+000
      vertex   7.426077e-001 3.723360e+000 -1.434140e+000
    endloop
  endfacet
  facet normal 0.000000e+000 -7.071068e-001 7.071068e-001
    outer loop
      vertex   -8.094558e-001 3.760000e+000 -1.397500e+000
      vertex   7.426077e-001 3.723360e+000 -1.434140e+000
      vertex   8.094558e-001 3.760000e+000 -1.397500e+000
    endloop
  endfacet
  facet normal 0.000000e+000 -7.071068e-001 7.071068e-001
    outer loop
      vertex   -8.094558e-001 3.760000e+000 -1.397500e+000
      vertex   -7.426077e-001 3.723360e+000 -1.434140e+000
      vertex   7.426077e-001 3.723360e+000 -1.434140e+000
    endloop
  endfacet
  facet normal 0.000000e+000 -7.071068e-001 7.071068e-001
    outer loop
      vertex   -3.122250e-001 3.572968e+000 -1.584532e+000
      vertex   3.122250e-001 3.572968e+000 -1.584532e+000
      vertex   -3.866493e-001 3.589467e+000 -1.568033e+000
    endloop
  endfacet
  facet normal 0.000000e+000 -7.071068e-001 7.071068e-001
    outer loop
      vertex   -3.866493e-001 3.589467e+000 -1.568033e+000
      vertex   3.866493e-001 3.589467e+000 -1.568033e+000
      vertex   -4.602123e-001 3.609459e+000 -1.548041e+000
    endloop
  endfacet
  facet normal 0.000000e+000 -7.071068e-001 7.071068e-001
    outer loop
      vertex   -4.602123e-001 3.609459e+000 -1.548041e+000
      vertex   4.602123e-001 3.609459e+000 -1.548041e+000
      vertex   -5.327498e-001 3.632901e+000 -1.524599e+000
    endloop
  endfacet
  facet normal 0.000000e+000 -7.071068e-001 7.071068e-001
    outer loop
      vertex   -5.327498e-001 3.632901e+000 -1.524599e+000
      vertex   5.327498e-001 3.632901e+000 -1.524599e+000
      vertex   -6.041004e-001 3.659739e+000 -1.497761e+000
    endloop
  endfacet
  facet normal 0.000000e+000 -7.071068e-001 7.071068e-001
    outer loop
      vertex   -6.041004e-001 3.659739e+000 -1.497761e+000
      vertex   6.041004e-001 3.659739e+000 -1.497761e+000
      vertex   -6.741050e-001 3.689914e+000 -1.467586e+000
    endloop
  endfacet
  facet normal 0.000000e+000 -7.071068e-001 7.071068e-001
    outer loop
      vertex   -6.741050e-001 3.689914e+000 -1.467586e+000
      vertex   6.741050e-001 3.689914e+000 -1.467586e+000
      vertex   -7.426077e-001 3.723360e+000 -1.434140e+000
    endloop
  endfacet
  facet normal -0.000000e+000 1.708035e-016 1.000000e+000
    outer loop
      vertex   -8.094558e-001 3.760000e+000 -1.397500e+000
      vertex   8.094558e-001 3.760000e+000 -1.397500e+000
      vertex   -8.094558e-001 5.060000e+000 -1.397500e+000
    endloop
  endfacet
  facet normal 0.000000e+000 1.708035e-016 1.000000e+000
    outer loop
      vertex   -8.094558e-001 5.060000e+000 -1.397500e+000
      vertex   8.094558e-001 3.760000e+000 -1.397500e+000
      vertex   8.094558e-001 5.060000e+000 -1.397500e+000
    endloop
  endfacet
  facet normal -0.000000e+000 -7.071068e-001 -7.071068e-001
    outer loop
      vertex   2.371049e-001 3.560000e+000 1.597500e+000
      vertex   -2.371049e-001 3.560000e+000 1.597500e+000
      vertex   3.122250e-001 3.572968e+000 1.584532e+000
    endloop
  endfacet
  facet normal 0.000000e+000 -7.071068e-001 -7.071068e-001
    outer loop
      vertex   3.122250e-001 3.572968e+000 1.584532e+000
      vertex   -2.371049e-001 3.560000e+000 1.597500e+000
      vertex   -3.122250e-001 3.572968e+000 1.584532e+000
    endloop
  endfacet
  facet normal 0.000000e+000 -7.071068e-001 -7.071068e-001
    outer loop
      vertex   3.866493e-001 3.589467e+000 1.568033e+000
      vertex   -3.122250e-001 3.572968e+000 1.584532e+000
      vertex   -3.866493e-001 3.589467e+000 1.568033e+000
    endloop
  endfacet
  facet normal 0.000000e+000 -7.071068e-001 -7.071068e-001
    outer loop
      vertex   4.602123e-001 3.609459e+000 1.548041e+000
      vertex   -3.866493e-001 3.589467e+000 1.568033e+000
      vertex   -4.602123e-001 3.609459e+000 1.548041e+000
    endloop
  endfacet
  facet normal 0.000000e+000 -7.071068e-001 -7.071068e-001
    outer loop
      vertex   5.327498e-001 3.632901e+000 1.524599e+000
      vertex   -4.602123e-001 3.609459e+000 1.548041e+000
      vertex   -5.327498e-001 3.632901e+000 1.524599e+000
    endloop
  endfacet
  facet normal 2.600725e-016 -7.071068e-001 -7.071068e-001
    outer loop
      vertex   6.041004e-001 3.659739e+000 1.497761e+000
      vertex   -5.327498e-001 3.632901e+000 1.524599e+000
      vertex   -6.041004e-001 3.659739e+000 1.497761e+000
    endloop
  endfacet
  facet normal -1.168362e-016 -7.071068e-001 -7.071068e-001
    outer loop
      vertex   6.741050e-001 3.689914e+000 1.467586e+000
      vertex   -6.041004e-001 3.659739e+000 1.497761e+000
      vertex   -6.741050e-001 3.689914e+000 1.467586e+000
    endloop
  endfacet
  facet normal 1.049498e-016 -7.071068e-001 -7.071068e-001
    outer loop
      vertex   7.426077e-001 3.723360e+000 1.434140e+000
      vertex   -6.741050e-001 3.689914e+000 1.467586e+000
      vertex   -7.426077e-001 3.723360e+000 1.434140e+000
    endloop
  endfacet
  facet normal 0.000000e+000 -7.071068e-001 -7.071068e-001
    outer loop
      vertex   8.094558e-001 3.760000e+000 1.397500e+000
      vertex   -7.426077e-001 3.723360e+000 1.434140e+000
      vertex   -8.094558e-001 3.760000e+000 1.397500e+000
    endloop
  endfacet
  facet normal 1.057148e-016 -7.071068e-001 -7.071068e-001
    outer loop
      vertex   8.094558e-001 3.760000e+000 1.397500e+000
      vertex   7.426077e-001 3.723360e+000 1.434140e+000
      vertex   -7.426077e-001 3.723360e+000 1.434140e+000
    endloop
  endfacet
  facet normal -0.000000e+000 -7.071068e-001 -7.071068e-001
    outer loop
      vertex   3.122250e-001 3.572968e+000 1.584532e+000
      vertex   -3.122250e-001 3.572968e+000 1.584532e+000
      vertex   3.866493e-001 3.589467e+000 1.568033e+000
    endloop
  endfacet
  facet normal -0.000000e+000 -7.071068e-001 -7.071068e-001
    outer loop
      vertex   3.866493e-001 3.589467e+000 1.568033e+000
      vertex   -3.866493e-001 3.589467e+000 1.568033e+000
      vertex   4.602123e-001 3.609459e+000 1.548041e+000
    endloop
  endfacet
  facet normal -0.000000e+000 -7.071068e-001 -7.071068e-001
    outer loop
      vertex   4.602123e-001 3.609459e+000 1.548041e+000
      vertex   -4.602123e-001 3.609459e+000 1.548041e+000
      vertex   5.327498e-001 3.632901e+000 1.524599e+000
    endloop
  endfacet
  facet normal -0.000000e+000 -7.071068e-001 -7.071068e-001
    outer loop
      vertex   5.327498e-001 3.632901e+000 1.524599e+000
      vertex   -5.327498e-001 3.632901e+000 1.524599e+000
      vertex   6.041004e-001 3.659739e+000 1.497761e+000
    endloop
  endfacet
  facet normal 2.599059e-016 -7.071068e-001 -7.071068e-001
    outer loop
      vertex   6.041004e-001 3.659739e+000 1.497761e+000
      vertex   -6.041004e-001 3.659739e+000 1.497761e+000
      vertex   6.741050e-001 3.689914e+000 1.467586e+000
    endloop
  endfacet
  facet normal -1.164576e-016 -7.071068e-001 -7.071068e-001
    outer loop
      vertex   6.741050e-001 3.689914e+000 1.467586e+000
      vertex   -6.741050e-001 3.689914e+000 1.467586e+000
      vertex   7.426077e-001 3.723360e+000 1.434140e+000
    endloop
  endfacet
  facet normal 0.000000e+000 1.708035e-016 -1.000000e+000
    outer loop
      vertex   8.094558e-001 3.760000e+000 1.397500e+000
      vertex   -8.094558e-001 3.760000e+000 1.397500e+000
      vertex   8.094558e-001 5.060000e+000 1.397500e+000
    endloop
  endfacet
  facet normal 0.000000e+000 1.708035e-016 -1.000000e+000
    outer loop
      vertex   8.094558e-001 5.060000e+000 1.397500e+000
      vertex   -8.094558e-001 3.760000e+000 1.397500e+000
      vertex   -8.094558e-001 5.060000e+000 1.397500e+000
    endloop
  endfacet
  facet normal 0.000000e+000 -1.000000e+000 -1.354028e-013
    outer loop
      vertex   -2.371049e-001 3.560000e+000 -1.597500e+000
      vertex   -1.188749e-001 3.560000e+000 -1.610619e+000
      vertex   2.371049e-001 3.560000e+000 -1.597500e+000
    endloop
  endfacet
  facet normal 0.000000e+000 -1.000000e+000 -1.354028e-013
    outer loop
      vertex   2.371049e-001 3.560000e+000 -1.597500e+000
      vertex   -1.188749e-001 3.560000e+000 -1.610619e+000
      vertex   1.188749e-001 3.560000e+000 -1.610619e+000
    endloop
  endfacet
  facet normal -0.000000e+000 -1.000000e+000 -1.013684e-013
    outer loop
      vertex   1.188749e-001 3.560000e+000 -1.610619e+000
      vertex   -1.188749e-001 3.560000e+000 -1.610619e+000
      vertex   -1.896686e-016 3.560000e+000 -1.615000e+000
    endloop
  endfacet
  facet normal 0.000000e+000 -1.000000e+000 1.354028e-013
    outer loop
      vertex   2.371049e-001 3.560000e+000 1.597500e+000
      vertex   1.188749e-001 3.560000e+000 1.610619e+000
      vertex   -2.371049e-001 3.560000e+000 1.597500e+000
    endloop
  endfacet
  facet normal 0.000000e+000 -1.000000e+000 1.354028e-013
    outer loop
      vertex   -2.371049e-001 3.560000e+000 1.597500e+000
      vertex   1.188749e-001 3.560000e+000 1.610619e+000
      vertex   -1.188749e-001 3.560000e+000 1.610619e+000
    endloop
  endfacet
  facet normal 0.000000e+000 -1.000000e+000 1.013684e-013
    outer loop
      vertex   -1.188749e-001 3.560000e+000 1.610619e+000
      vertex   1.188749e-001 3.560000e+000 1.610619e+000
      vertex   -5.482706e-016 3.560000e+000 1.615000e+000
    endloop
  endfacet
  facet normal -9.990741e-001 0.000000e+000 4.302223e-002
    outer loop
      vertex   1.320095e+000 5.990000e+000 -1.139034e-001
      vertex   1.320095e+000 5.690000e+000 -1.139034e-001
      vertex   1.325000e+000 5.990000e+000 1.622657e-016
    endloop
  endfacet
  facet normal -9.916773e-001 0.000000e+000 1.287482e-001
    outer loop
      vertex   1.320095e+000 5.990000e+000 -1.139034e-001
      vertex   1.305417e+000 5.690000e+000 -2.269634e-001
      vertex   1.320095e+000 5.690000e+000 -1.139034e-001
    endloop
  endfacet
  facet normal -9.916773e-001 0.000000e+000 1.287482e-001
    outer loop
      vertex   1.320095e+000 5.990000e+000 -1.139034e-001
      vertex   1.305417e+000 5.990000e+000 -2.269634e-001
      vertex   1.305417e+000 5.690000e+000 -2.269634e-001
    endloop
  endfacet
  facet normal -9.769385e-001 0.000000e+000 2.135209e-001
    outer loop
      vertex   1.305417e+000 5.690000e+000 -2.269634e-001
      vertex   1.305417e+000 5.990000e+000 -2.269634e-001
      vertex   1.281073e+000 5.690000e+000 -3.383431e-001
    endloop
  endfacet
  facet normal -9.769385e-001 0.000000e+000 2.135209e-001
    outer loop
      vertex   1.281073e+000 5.690000e+000 -3.383431e-001
      vertex   1.305417e+000 5.990000e+000 -2.269634e-001
      vertex   1.281073e+000 5.990000e+000 -3.383431e-001
    endloop
  endfacet
  facet normal -9.549668e-001 0.000000e+000 2.967128e-001
    outer loop
      vertex   1.247245e+000 5.690000e+000 -4.472178e-001
      vertex   1.281073e+000 5.990000e+000 -3.383431e-001
      vertex   1.247245e+000 5.990000e+000 -4.472178e-001
    endloop
  endfacet
  facet normal -9.259248e-001 0.000000e+000 3.777080e-001
    outer loop
      vertex   1.204183e+000 5.690000e+000 -5.527815e-001
      vertex   1.247245e+000 5.990000e+000 -4.472178e-001
      vertex   1.204183e+000 5.990000e+000 -5.527815e-001
    endloop
  endfacet
  facet normal -8.900276e-001 0.000000e+000 4.559067e-001
    outer loop
      vertex   1.152206e+000 5.690000e+000 -6.542526e-001
      vertex   1.204183e+000 5.990000e+000 -5.527815e-001
      vertex   1.152206e+000 5.990000e+000 -6.542526e-001
    endloop
  endfacet
  facet normal -8.475409e-001 0.000000e+000 5.307300e-001
    outer loop
      vertex   1.091698e+000 5.690000e+000 -7.508798e-001
      vertex   1.152206e+000 5.990000e+000 -6.542526e-001
      vertex   1.091698e+000 5.990000e+000 -7.508798e-001
    endloop
  endfacet
  facet normal -7.987794e-001 0.000000e+000 6.016241e-001
    outer loop
      vertex   1.023107e+000 5.690000e+000 -8.419478e-001
      vertex   1.091698e+000 5.990000e+000 -7.508798e-001
      vertex   1.023107e+000 5.990000e+000 -8.419478e-001
    endloop
  endfacet
  facet normal -7.441039e-001 0.000000e+000 6.680639e-001
    outer loop
      vertex   9.469422e-001 5.690000e+000 -9.267823e-001
      vertex   1.023107e+000 5.990000e+000 -8.419478e-001
      vertex   9.469422e-001 5.990000e+000 -9.267823e-001
    endloop
  endfacet
  facet normal -6.839194e-001 0.000000e+000 7.295576e-001
    outer loop
      vertex   8.637662e-001 5.690000e+000 -1.004755e+000
      vertex   9.469422e-001 5.990000e+000 -9.267823e-001
      vertex   8.637662e-001 5.990000e+000 -1.004755e+000
    endloop
  endfacet
  facet normal -6.186714e-001 0.000000e+000 7.856499e-001
    outer loop
      vertex   7.741951e-001 5.690000e+000 -1.075289e+000
      vertex   8.637662e-001 5.990000e+000 -1.004755e+000
      vertex   7.741951e-001 5.990000e+000 -1.075289e+000
    endloop
  endfacet
  facet normal -5.488430e-001 0.000000e+000 8.359255e-001
    outer loop
      vertex   6.788921e-001 5.690000e+000 -1.137862e+000
      vertex   7.741951e-001 5.990000e+000 -1.075289e+000
      vertex   6.788921e-001 5.990000e+000 -1.137862e+000
    endloop
  endfacet
  facet normal -4.749511e-001 0.000000e+000 8.800122e-001
    outer loop
      vertex   5.785629e-001 5.690000e+000 -1.192011e+000
      vertex   6.788921e-001 5.990000e+000 -1.137862e+000
      vertex   5.785629e-001 5.990000e+000 -1.192011e+000
    endloop
  endfacet
  facet normal -3.975428e-001 3.550326e-016 9.175836e-001
    outer loop
      vertex   4.739502e-001 5.690000e+000 -1.237334e+000
      vertex   5.785629e-001 5.990000e+000 -1.192011e+000
      vertex   4.739502e-001 5.990000e+000 -1.237334e+000
    endloop
  endfacet
  facet normal -3.171913e-001 3.550326e-016 9.483616e-001
    outer loop
      vertex   3.658285e-001 5.690000e+000 -1.273497e+000
      vertex   4.739502e-001 5.990000e+000 -1.237334e+000
      vertex   3.658285e-001 5.990000e+000 -1.273497e+000
    endloop
  endfacet
  facet normal -2.344914e-001 2.155555e-016 9.721182e-001
    outer loop
      vertex   2.549983e-001 5.690000e+000 -1.300231e+000
      vertex   3.658285e-001 5.990000e+000 -1.273497e+000
      vertex   2.549983e-001 5.990000e+000 -1.300231e+000
    endloop
  endfacet
  facet normal -1.500554e-001 1.521568e-016 9.886776e-001
    outer loop
      vertex   1.422803e-001 5.690000e+000 -1.317339e+000
      vertex   2.549983e-001 5.990000e+000 -1.300231e+000
      vertex   1.422803e-001 5.990000e+000 -1.317339e+000
    endloop
  endfacet
  facet normal -6.450845e-002 6.339868e-017 9.979172e-001
    outer loop
      vertex   2.850883e-002 5.690000e+000 -1.324693e+000
      vertex   1.422803e-001 5.990000e+000 -1.317339e+000
      vertex   2.850883e-002 5.990000e+000 -1.324693e+000
    endloop
  endfacet
  facet normal 2.151610e-002 -2.060457e-017 9.997685e-001
    outer loop
      vertex   -8.547370e-002 5.690000e+000 -1.322240e+000
      vertex   2.850883e-002 5.990000e+000 -1.324693e+000
      vertex   -8.547370e-002 5.990000e+000 -1.322240e+000
    endloop
  endfacet
  facet normal 1.073813e-001 6.213070e-016 9.942179e-001
    outer loop
      vertex   -1.988234e-001 5.690000e+000 -1.309998e+000
      vertex   -8.547370e-002 5.990000e+000 -1.322240e+000
      vertex   -1.988234e-001 5.990000e+000 -1.309998e+000
    endloop
  endfacet
  facet normal 1.924516e-001 5.452286e-016 9.813065e-001
    outer loop
      vertex   -3.107011e-001 5.690000e+000 -1.288057e+000
      vertex   -1.988234e-001 5.990000e+000 -1.309998e+000
      vertex   -3.107011e-001 5.990000e+000 -1.288057e+000
    endloop
  endfacet
  facet normal 2.760970e-001 5.071894e-016 9.611298e-001
    outer loop
      vertex   -4.202785e-001 5.690000e+000 -1.256579e+000
      vertex   -3.107011e-001 5.990000e+000 -1.288057e+000
      vertex   -4.202785e-001 5.990000e+000 -1.256579e+000
    endloop
  endfacet
  facet normal 3.576982e-001 -4.057515e-016 9.338372e-001
    outer loop
      vertex   -5.267442e-001 5.690000e+000 -1.215798e+000
      vertex   -4.202785e-001 5.990000e+000 -1.256579e+000
      vertex   -5.267442e-001 5.990000e+000 -1.215798e+000
    endloop
  endfacet
  facet normal 4.366512e-001 -1.267974e-016 8.996309e-001
    outer loop
      vertex   -6.293102e-001 5.690000e+000 -1.166016e+000
      vertex   -5.267442e-001 5.990000e+000 -1.215798e+000
      vertex   -6.293102e-001 5.990000e+000 -1.166016e+000
    endloop
  endfacet
  facet normal 5.123714e-001 3.296731e-016 8.587640e-001
    outer loop
      vertex   -7.272169e-001 5.690000e+000 -1.107601e+000
      vertex   -6.293102e-001 5.990000e+000 -1.166016e+000
      vertex   -7.272169e-001 5.990000e+000 -1.107601e+000
    endloop
  endfacet
  facet normal 5.842982e-001 -2.789542e-016 8.115391e-001
    outer loop
      vertex   -8.197396e-001 5.690000e+000 -1.040986e+000
      vertex   -7.272169e-001 5.990000e+000 -1.107601e+000
      vertex   -8.197396e-001 5.990000e+000 -1.040986e+000
    endloop
  endfacet
  facet normal 6.518990e-001 0.000000e+000 7.583058e-001
    outer loop
      vertex   -9.061932e-001 5.690000e+000 -9.666638e-001
      vertex   -8.197396e-001 5.990000e+000 -1.040986e+000
      vertex   -9.061932e-001 5.990000e+000 -9.666638e-001
    endloop
  endfacet
  facet normal 7.146734e-001 0.000000e+000 6.994583e-001
    outer loop
      vertex   -9.859377e-001 5.690000e+000 -8.851846e-001
      vertex   -9.061932e-001 5.990000e+000 -9.666638e-001
      vertex   -9.859377e-001 5.990000e+000 -8.851846e-001
    endloop
  endfacet
  facet normal 7.721566e-001 0.000000e+000 6.354323e-001
    outer loop
      vertex   -1.058383e+000 5.690000e+000 -7.971519e-001
      vertex   -9.859377e-001 5.990000e+000 -8.851846e-001
      vertex   -1.058383e+000 5.990000e+000 -7.971519e-001
    endloop
  endfacet
  facet normal 8.239230e-001 0.000000e+000 5.667018e-001
    outer loop
      vertex   -1.122992e+000 5.690000e+000 -7.032173e-001
      vertex   -1.058383e+000 5.990000e+000 -7.971519e-001
      vertex   -1.122992e+000 5.990000e+000 -7.032173e-001
    endloop
  endfacet
  facet normal 8.695894e-001 0.000000e+000 4.937756e-001
    outer loop
      vertex   -1.179287e+000 5.690000e+000 -6.040764e-001
      vertex   -1.122992e+000 5.990000e+000 -7.032173e-001
      vertex   -1.179287e+000 5.990000e+000 -6.040764e-001
    endloop
  endfacet
  facet normal 9.088176e-001 0.000000e+000 4.171936e-001
    outer loop
      vertex   -1.226850e+000 5.690000e+000 -5.004631e-001
      vertex   -1.179287e+000 5.990000e+000 -6.040764e-001
      vertex   -1.226850e+000 5.990000e+000 -5.004631e-001
    endloop
  endfacet
  facet normal 9.413173e-001 0.000000e+000 3.375229e-001
    outer loop
      vertex   -1.265331e+000 5.690000e+000 -3.931445e-001
      vertex   -1.226850e+000 5.990000e+000 -5.004631e-001
      vertex   -1.265331e+000 5.990000e+000 -3.931445e-001
    endloop
  endfacet
  facet normal 9.668478e-001 0.000000e+000 2.553533e-001
    outer loop
      vertex   -1.294444e+000 5.690000e+000 -2.829152e-001
      vertex   -1.265331e+000 5.990000e+000 -3.931445e-001
      vertex   -1.294444e+000 5.990000e+000 -2.829152e-001
    endloop
  endfacet
  facet normal 9.852201e-001 0.000000e+000 1.712931e-001
    outer loop
      vertex   -1.313972e+000 5.690000e+000 -1.705913e-001
      vertex   -1.294444e+000 5.990000e+000 -2.829152e-001
      vertex   -1.313972e+000 5.990000e+000 -1.705913e-001
    endloop
  endfacet
  facet normal 9.962982e-001 0.000000e+000 8.596480e-002
    outer loop
      vertex   -1.323773e+000 5.690000e+000 -5.700446e-002
      vertex   -1.313972e+000 5.990000e+000 -1.705913e-001
      vertex   -1.323773e+000 5.990000e+000 -5.700446e-002
    endloop
  endfacet
  facet normal 1.000000e+000 -0.000000e+000 0.000000e+000
    outer loop
      vertex   -1.323773e+000 5.690000e+000 5.700446e-002
      vertex   -1.323773e+000 5.990000e+000 -5.700446e-002
      vertex   -1.323773e+000 5.990000e+000 5.700446e-002
    endloop
  endfacet
  facet normal 9.962982e-001 0.000000e+000 -8.596480e-002
    outer loop
      vertex   -1.313972e+000 5.690000e+000 1.705913e-001
      vertex   -1.323773e+000 5.990000e+000 5.700446e-002
      vertex   -1.313972e+000 5.990000e+000 1.705913e-001
    endloop
  endfacet
  facet normal 9.852201e-001 0.000000e+000 -1.712931e-001
    outer loop
      vertex   -1.294444e+000 5.690000e+000 2.829152e-001
      vertex   -1.313972e+000 5.990000e+000 1.705913e-001
      vertex   -1.294444e+000 5.990000e+000 2.829152e-001
    endloop
  endfacet
  facet normal 9.668478e-001 0.000000e+000 -2.553533e-001
    outer loop
      vertex   -1.265331e+000 5.690000e+000 3.931445e-001
      vertex   -1.294444e+000 5.990000e+000 2.829152e-001
      vertex   -1.265331e+000 5.990000e+000 3.931445e-001
    endloop
  endfacet
  facet normal 9.413173e-001 0.000000e+000 -3.375229e-001
    outer loop
      vertex   -1.226850e+000 5.690000e+000 5.004631e-001
      vertex   -1.265331e+000 5.990000e+000 3.931445e-001
      vertex   -1.226850e+000 5.990000e+000 5.004631e-001
    endloop
  endfacet
  facet normal 9.088176e-001 0.000000e+000 -4.171936e-001
    outer loop
      vertex   -1.179287e+000 5.690000e+000 6.040764e-001
      vertex   -1.226850e+000 5.990000e+000 5.004631e-001
      vertex   -1.179287e+000 5.990000e+000 6.040764e-001
    endloop
  endfacet
  facet normal 8.695894e-001 0.000000e+000 -4.937756e-001
    outer loop
      vertex   -1.122992e+000 5.690000e+000 7.032173e-001
      vertex   -1.179287e+000 5.990000e+000 6.040764e-001
      vertex   -1.122992e+000 5.990000e+000 7.032173e-001
    endloop
  endfacet
  facet normal 8.239230e-001 0.000000e+000 -5.667018e-001
    outer loop
      vertex   -1.058383e+000 5.690000e+000 7.971519e-001
      vertex   -1.122992e+000 5.990000e+000 7.032173e-001
      vertex   -1.058383e+000 5.990000e+000 7.971519e-001
    endloop
  endfacet
  facet normal 7.721566e-001 0.000000e+000 -6.354323e-001
    outer loop
      vertex   -9.859377e-001 5.690000e+000 8.851846e-001
      vertex   -1.058383e+000 5.990000e+000 7.971519e-001
      vertex   -9.859377e-001 5.990000e+000 8.851846e-001
    endloop
  endfacet
  facet normal 7.146734e-001 0.000000e+000 -6.994583e-001
    outer loop
      vertex   -9.061932e-001 5.690000e+000 9.666638e-001
      vertex   -9.859377e-001 5.990000e+000 8.851846e-001
      vertex   -9.061932e-001 5.990000e+000 9.666638e-001
    endloop
  endfacet
  facet normal 6.518990e-001 3.803921e-016 -7.583058e-001
    outer loop
      vertex   -8.197396e-001 5.690000e+000 1.040986e+000
      vertex   -9.061932e-001 5.990000e+000 9.666638e-001
      vertex   -8.197396e-001 5.990000e+000 1.040986e+000
    endloop
  endfacet
  facet normal 5.842982e-001 -1.267974e-016 -8.115391e-001
    outer loop
      vertex   -7.272169e-001 5.690000e+000 1.107601e+000
      vertex   -8.197396e-001 5.990000e+000 1.040986e+000
      vertex   -7.272169e-001 5.990000e+000 1.107601e+000
    endloop
  endfacet
  facet normal 5.123714e-001 3.043136e-016 -8.587640e-001
    outer loop
      vertex   -6.293102e-001 5.690000e+000 1.166016e+000
      vertex   -7.272169e-001 5.990000e+000 1.107601e+000
      vertex   -6.293102e-001 5.990000e+000 1.166016e+000
    endloop
  endfacet
  facet normal 4.366512e-001 5.071894e-016 -8.996309e-001
    outer loop
      vertex   -5.267442e-001 5.690000e+000 1.215798e+000
      vertex   -6.293102e-001 5.990000e+000 1.166016e+000
      vertex   -5.267442e-001 5.990000e+000 1.215798e+000
    endloop
  endfacet
  facet normal 3.576982e-001 -4.311110e-016 -9.338372e-001
    outer loop
      vertex   -4.202785e-001 5.690000e+000 1.256579e+000
      vertex   -5.267442e-001 5.990000e+000 1.215798e+000
      vertex   -4.202785e-001 5.990000e+000 1.256579e+000
    endloop
  endfacet
  facet normal 2.760970e-001 -4.564705e-016 -9.611298e-001
    outer loop
      vertex   -3.107011e-001 5.690000e+000 1.288057e+000
      vertex   -4.202785e-001 5.990000e+000 1.256579e+000
      vertex   -3.107011e-001 5.990000e+000 1.288057e+000
    endloop
  endfacet
  facet normal 1.924516e-001 -5.325489e-016 -9.813065e-001
    outer loop
      vertex   -1.988234e-001 5.690000e+000 1.309998e+000
      vertex   -3.107011e-001 5.990000e+000 1.288057e+000
      vertex   -1.988234e-001 5.990000e+000 1.309998e+000
    endloop
  endfacet
  facet normal 1.073813e-001 1.077778e-016 -9.942179e-001
    outer loop
      vertex   -8.547370e-002 5.690000e+000 1.322240e+000
      vertex   -1.988234e-001 5.990000e+000 1.309998e+000
      vertex   -8.547370e-002 5.990000e+000 1.322240e+000
    endloop
  endfacet
  facet normal 2.151610e-002 2.060457e-017 -9.997685e-001
    outer loop
      vertex   2.850883e-002 5.690000e+000 1.324693e+000
      vertex   -8.547370e-002 5.990000e+000 1.322240e+000
      vertex   2.850883e-002 5.990000e+000 1.324693e+000
    endloop
  endfacet
  facet normal -6.450845e-002 -6.656861e-017 -9.979172e-001
    outer loop
      vertex   1.422803e-001 5.690000e+000 1.317339e+000
      vertex   2.850883e-002 5.990000e+000 1.324693e+000
      vertex   1.422803e-001 5.990000e+000 1.317339e+000
    endloop
  endfacet
  facet normal -1.500554e-001 -1.394771e-016 -9.886776e-001
    outer loop
      vertex   2.549983e-001 5.690000e+000 1.300231e+000
      vertex   1.422803e-001 5.990000e+000 1.317339e+000
      vertex   2.549983e-001 5.990000e+000 1.300231e+000
    endloop
  endfacet
  facet normal -2.344914e-001 -2.535947e-016 -9.721182e-001
    outer loop
      vertex   3.658285e-001 5.690000e+000 1.273497e+000
      vertex   2.549983e-001 5.990000e+000 1.300231e+000
      vertex   3.658285e-001 5.990000e+000 1.273497e+000
    endloop
  endfacet
  facet normal -3.171913e-001 -2.789542e-016 -9.483616e-001
    outer loop
      vertex   4.739502e-001 5.690000e+000 1.237334e+000
      vertex   3.658285e-001 5.990000e+000 1.273497e+000
      vertex   4.739502e-001 5.990000e+000 1.237334e+000
    endloop
  endfacet
  facet normal -3.975428e-001 0.000000e+000 -9.175836e-001
    outer loop
      vertex   5.785629e-001 5.690000e+000 1.192011e+000
      vertex   4.739502e-001 5.990000e+000 1.237334e+000
      vertex   5.785629e-001 5.990000e+000 1.192011e+000
    endloop
  endfacet
  facet normal -4.749511e-001 0.000000e+000 -8.800122e-001
    outer loop
      vertex   6.788921e-001 5.690000e+000 1.137862e+000
      vertex   5.785629e-001 5.990000e+000 1.192011e+000
      vertex   6.788921e-001 5.990000e+000 1.137862e+000
    endloop
  endfacet
  facet normal -5.488430e-001 0.000000e+000 -8.359255e-001
    outer loop
      vertex   7.741951e-001 5.690000e+000 1.075289e+000
      vertex   6.788921e-001 5.990000e+000 1.137862e+000
      vertex   7.741951e-001 5.990000e+000 1.075289e+000
    endloop
  endfacet
  facet normal -6.186714e-001 0.000000e+000 -7.856499e-001
    outer loop
      vertex   8.637662e-001 5.690000e+000 1.004755e+000
      vertex   7.741951e-001 5.990000e+000 1.075289e+000
      vertex   8.637662e-001 5.990000e+000 1.004755e+000
    endloop
  endfacet
  facet normal -6.839194e-001 0.000000e+000 -7.295576e-001
    outer loop
      vertex   9.469422e-001 5.690000e+000 9.267823e-001
      vertex   8.637662e-001 5.990000e+000 1.004755e+000
      vertex   9.469422e-001 5.990000e+000 9.267823e-001
    endloop
  endfacet
  facet normal -7.441039e-001 0.000000e+000 -6.680639e-001
    outer loop
      vertex   1.023107e+000 5.690000e+000 8.419478e-001
      vertex   9.469422e-001 5.990000e+000 9.267823e-001
      vertex   1.023107e+000 5.990000e+000 8.419478e-001
    endloop
  endfacet
  facet normal -7.987794e-001 0.000000e+000 -6.016241e-001
    outer loop
      vertex   1.091698e+000 5.690000e+000 7.508798e-001
      vertex   1.023107e+000 5.990000e+000 8.419478e-001
      vertex   1.091698e+000 5.990000e+000 7.508798e-001
    endloop
  endfacet
  facet normal -8.475409e-001 0.000000e+000 -5.307300e-001
    outer loop
      vertex   1.152206e+000 5.690000e+000 6.542526e-001
      vertex   1.091698e+000 5.990000e+000 7.508798e-001
      vertex   1.152206e+000 5.990000e+000 6.542526e-001
    endloop
  endfacet
  facet normal -8.900276e-001 0.000000e+000 -4.559067e-001
    outer loop
      vertex   1.204183e+000 5.690000e+000 5.527815e-001
      vertex   1.152206e+000 5.990000e+000 6.542526e-001
      vertex   1.204183e+000 5.990000e+000 5.527815e-001
    endloop
  endfacet
  facet normal -9.259248e-001 0.000000e+000 -3.777080e-001
    outer loop
      vertex   1.247245e+000 5.690000e+000 4.472178e-001
      vertex   1.204183e+000 5.990000e+000 5.527815e-001
      vertex   1.247245e+000 5.990000e+000 4.472178e-001
    endloop
  endfacet
  facet normal -9.549668e-001 0.000000e+000 -2.967128e-001
    outer loop
      vertex   1.281073e+000 5.690000e+000 3.383431e-001
      vertex   1.247245e+000 5.990000e+000 4.472178e-001
      vertex   1.281073e+000 5.990000e+000 3.383431e-001
    endloop
  endfacet
  facet normal -9.769385e-001 0.000000e+000 -2.135209e-001
    outer loop
      vertex   1.305417e+000 5.690000e+000 2.269634e-001
      vertex   1.281073e+000 5.990000e+000 3.383431e-001
      vertex   1.305417e+000 5.990000e+000 2.269634e-001
    endloop
  endfacet
  facet normal -9.916773e-001 0.000000e+000 -1.287482e-001
    outer loop
      vertex   1.320095e+000 5.690000e+000 1.139034e-001
      vertex   1.305417e+000 5.990000e+000 2.269634e-001
      vertex   1.320095e+000 5.990000e+000 1.139034e-001
    endloop
  endfacet
  facet normal -9.990741e-001 0.000000e+000 -4.302223e-002
    outer loop
      vertex   1.325000e+000 5.690000e+000 1.622657e-016
      vertex   1.320095e+000 5.990000e+000 1.139034e-001
      vertex   1.325000e+000 5.990000e+000 1.622657e-016
    endloop
  endfacet
  facet normal -9.990741e-001 0.000000e+000 4.302223e-002
    outer loop
      vertex   1.320095e+000 5.690000e+000 -1.139034e-001
      vertex   1.325000e+000 5.690000e+000 1.622657e-016
      vertex   1.325000e+000 5.990000e+000 1.622657e-016
    endloop
  endfacet
  facet normal -9.549668e-001 0.000000e+000 2.967128e-001
    outer loop
      vertex   1.281073e+000 5.690000e+000 -3.383431e-001
      vertex   1.281073e+000 5.990000e+000 -3.383431e-001
      vertex   1.247245e+000 5.690000e+000 -4.472178e-001
    endloop
  endfacet
  facet normal -9.259248e-001 0.000000e+000 3.777080e-001
    outer loop
      vertex   1.247245e+000 5.690000e+000 -4.472178e-001
      vertex   1.247245e+000 5.990000e+000 -4.472178e-001
      vertex   1.204183e+000 5.690000e+000 -5.527815e-001
    endloop
  endfacet
  facet normal -8.900276e-001 0.000000e+000 4.559067e-001
    outer loop
      vertex   1.204183e+000 5.690000e+000 -5.527815e-001
      vertex   1.204183e+000 5.990000e+000 -5.527815e-001
      vertex   1.152206e+000 5.690000e+000 -6.542526e-001
    endloop
  endfacet
  facet normal -8.475409e-001 0.000000e+000 5.307300e-001
    outer loop
      vertex   1.152206e+000 5.690000e+000 -6.542526e-001
      vertex   1.152206e+000 5.990000e+000 -6.542526e-001
      vertex   1.091698e+000 5.690000e+000 -7.508798e-001
    endloop
  endfacet
  facet normal -7.987794e-001 0.000000e+000 6.016241e-001
    outer loop
      vertex   1.091698e+000 5.690000e+000 -7.508798e-001
      vertex   1.091698e+000 5.990000e+000 -7.508798e-001
      vertex   1.023107e+000 5.690000e+000 -8.419478e-001
    endloop
  endfacet
  facet normal -7.441039e-001 0.000000e+000 6.680639e-001
    outer loop
      vertex   1.023107e+000 5.690000e+000 -8.419478e-001
      vertex   1.023107e+000 5.990000e+000 -8.419478e-001
      vertex   9.469422e-001 5.690000e+000 -9.267823e-001
    endloop
  endfacet
  facet normal -6.839194e-001 0.000000e+000 7.295576e-001
    outer loop
      vertex   9.469422e-001 5.690000e+000 -9.267823e-001
      vertex   9.469422e-001 5.990000e+000 -9.267823e-001
      vertex   8.637662e-001 5.690000e+000 -1.004755e+000
    endloop
  endfacet
  facet normal -6.186714e-001 0.000000e+000 7.856499e-001
    outer loop
      vertex   8.637662e-001 5.690000e+000 -1.004755e+000
      vertex   8.637662e-001 5.990000e+000 -1.004755e+000
      vertex   7.741951e-001 5.690000e+000 -1.075289e+000
    endloop
  endfacet
  facet normal -5.488430e-001 0.000000e+000 8.359255e-001
    outer loop
      vertex   7.741951e-001 5.690000e+000 -1.075289e+000
      vertex   7.741951e-001 5.990000e+000 -1.075289e+000
      vertex   6.788921e-001 5.690000e+000 -1.137862e+000
    endloop
  endfacet
  facet normal -4.749511e-001 0.000000e+000 8.800122e-001
    outer loop
      vertex   6.788921e-001 5.690000e+000 -1.137862e+000
      vertex   6.788921e-001 5.990000e+000 -1.137862e+000
      vertex   5.785629e-001 5.690000e+000 -1.192011e+000
    endloop
  endfacet
  facet normal -3.975428e-001 0.000000e+000 9.175836e-001
    outer loop
      vertex   5.785629e-001 5.690000e+000 -1.192011e+000
      vertex   5.785629e-001 5.990000e+000 -1.192011e+000
      vertex   4.739502e-001 5.690000e+000 -1.237334e+000
    endloop
  endfacet
  facet normal -3.171913e-001 2.934609e-016 9.483616e-001
    outer loop
      vertex   4.739502e-001 5.690000e+000 -1.237334e+000
      vertex   4.739502e-001 5.990000e+000 -1.237334e+000
      vertex   3.658285e-001 5.690000e+000 -1.273497e+000
    endloop
  endfacet
  facet normal -2.344914e-001 2.603377e-016 9.721182e-001
    outer loop
      vertex   3.658285e-001 5.690000e+000 -1.273497e+000
      vertex   3.658285e-001 5.990000e+000 -1.273497e+000
      vertex   2.549983e-001 5.690000e+000 -1.300231e+000
    endloop
  endfacet
  facet normal -1.500554e-001 1.388291e-016 9.886776e-001
    outer loop
      vertex   2.549983e-001 5.690000e+000 -1.300231e+000
      vertex   2.549983e-001 5.990000e+000 -1.300231e+000
      vertex   1.422803e-001 5.690000e+000 -1.317339e+000
    endloop
  endfacet
  facet normal -6.450845e-002 6.565054e-017 9.979172e-001
    outer loop
      vertex   1.422803e-001 5.690000e+000 -1.317339e+000
      vertex   1.422803e-001 5.990000e+000 -1.317339e+000
      vertex   2.850883e-002 5.690000e+000 -1.324693e+000
    endloop
  endfacet
  facet normal 2.151610e-002 -2.090171e-017 9.997685e-001
    outer loop
      vertex   2.850883e-002 5.690000e+000 -1.324693e+000
      vertex   2.850883e-002 5.990000e+000 -1.324693e+000
      vertex   -8.547370e-002 5.690000e+000 -1.322240e+000
    endloop
  endfacet
  facet normal 1.073813e-001 -1.043151e-016 9.942179e-001
    outer loop
      vertex   -8.547370e-002 5.690000e+000 -1.322240e+000
      vertex   -8.547370e-002 5.990000e+000 -1.322240e+000
      vertex   -1.988234e-001 5.690000e+000 -1.309998e+000
    endloop
  endfacet
  facet normal 1.924516e-001 5.304539e-016 9.813065e-001
    outer loop
      vertex   -1.988234e-001 5.690000e+000 -1.309998e+000
      vertex   -1.988234e-001 5.990000e+000 -1.309998e+000
      vertex   -3.107011e-001 5.690000e+000 -1.288057e+000
    endloop
  endfacet
  facet normal 2.760970e-001 4.559379e-016 9.611298e-001
    outer loop
      vertex   -3.107011e-001 5.690000e+000 -1.288057e+000
      vertex   -3.107011e-001 5.990000e+000 -1.288057e+000
      vertex   -4.202785e-001 5.690000e+000 -1.256579e+000
    endloop
  endfacet
  facet normal 3.576982e-001 4.264285e-016 9.338372e-001
    outer loop
      vertex   -4.202785e-001 5.690000e+000 -1.256579e+000
      vertex   -4.202785e-001 5.990000e+000 -1.256579e+000
      vertex   -5.267442e-001 5.690000e+000 -1.215798e+000
    endloop
  endfacet
  facet normal 4.366512e-001 -4.847803e-016 8.996309e-001
    outer loop
      vertex   -5.267442e-001 5.690000e+000 -1.215798e+000
      vertex   -5.267442e-001 5.990000e+000 -1.215798e+000
      vertex   -6.293102e-001 5.690000e+000 -1.166016e+000
    endloop
  endfacet
  facet normal 5.123714e-001 -3.124646e-016 8.587640e-001
    outer loop
      vertex   -6.293102e-001 5.690000e+000 -1.166016e+000
      vertex   -6.293102e-001 5.990000e+000 -1.166016e+000
      vertex   -7.272169e-001 5.690000e+000 -1.107601e+000
    endloop
  endfacet
  facet normal 5.842982e-001 1.201503e-016 8.115391e-001
    outer loop
      vertex   -7.272169e-001 5.690000e+000 -1.107601e+000
      vertex   -7.272169e-001 5.990000e+000 -1.107601e+000
      vertex   -8.197396e-001 5.690000e+000 -1.040986e+000
    endloop
  endfacet
  facet normal 6.518990e-001 -4.037453e-016 7.583058e-001
    outer loop
      vertex   -8.197396e-001 5.690000e+000 -1.040986e+000
      vertex   -8.197396e-001 5.990000e+000 -1.040986e+000
      vertex   -9.061932e-001 5.690000e+000 -9.666638e-001
    endloop
  endfacet
  facet normal 7.146734e-001 -0.000000e+000 6.994583e-001
    outer loop
      vertex   -9.061932e-001 5.690000e+000 -9.666638e-001
      vertex   -9.061932e-001 5.990000e+000 -9.666638e-001
      vertex   -9.859377e-001 5.690000e+000 -8.851846e-001
    endloop
  endfacet
  facet normal 7.721566e-001 -0.000000e+000 6.354323e-001
    outer loop
      vertex   -9.859377e-001 5.690000e+000 -8.851846e-001
      vertex   -9.859377e-001 5.990000e+000 -8.851846e-001
      vertex   -1.058383e+000 5.690000e+000 -7.971519e-001
    endloop
  endfacet
  facet normal 8.239230e-001 -0.000000e+000 5.667018e-001
    outer loop
      vertex   -1.058383e+000 5.690000e+000 -7.971519e-001
      vertex   -1.058383e+000 5.990000e+000 -7.971519e-001
      vertex   -1.122992e+000 5.690000e+000 -7.032173e-001
    endloop
  endfacet
  facet normal 8.695894e-001 -0.000000e+000 4.937756e-001
    outer loop
      vertex   -1.122992e+000 5.690000e+000 -7.032173e-001
      vertex   -1.122992e+000 5.990000e+000 -7.032173e-001
      vertex   -1.179287e+000 5.690000e+000 -6.040764e-001
    endloop
  endfacet
  facet normal 9.088176e-001 -0.000000e+000 4.171936e-001
    outer loop
      vertex   -1.179287e+000 5.690000e+000 -6.040764e-001
      vertex   -1.179287e+000 5.990000e+000 -6.040764e-001
      vertex   -1.226850e+000 5.690000e+000 -5.004631e-001
    endloop
  endfacet
  facet normal 9.413173e-001 -0.000000e+000 3.375229e-001
    outer loop
      vertex   -1.226850e+000 5.690000e+000 -5.004631e-001
      vertex   -1.226850e+000 5.990000e+000 -5.004631e-001
      vertex   -1.265331e+000 5.690000e+000 -3.931445e-001
    endloop
  endfacet
  facet normal 9.668478e-001 -0.000000e+000 2.553533e-001
    outer loop
      vertex   -1.265331e+000 5.690000e+000 -3.931445e-001
      vertex   -1.265331e+000 5.990000e+000 -3.931445e-001
      vertex   -1.294444e+000 5.690000e+000 -2.829152e-001
    endloop
  endfacet
  facet normal 9.852201e-001 -0.000000e+000 1.712931e-001
    outer loop
      vertex   -1.294444e+000 5.690000e+000 -2.829152e-001
      vertex   -1.294444e+000 5.990000e+000 -2.829152e-001
      vertex   -1.313972e+000 5.690000e+000 -1.705913e-001
    endloop
  endfacet
  facet normal 9.962982e-001 -0.000000e+000 8.596480e-002
    outer loop
      vertex   -1.313972e+000 5.690000e+000 -1.705913e-001
      vertex   -1.313972e+000 5.990000e+000 -1.705913e-001
      vertex   -1.323773e+000 5.690000e+000 -5.700446e-002
    endloop
  endfacet
  facet normal 1.000000e+000 0.000000e+000 -0.000000e+000
    outer loop
      vertex   -1.323773e+000 5.690000e+000 -5.700446e-002
      vertex   -1.323773e+000 5.990000e+000 -5.700446e-002
      vertex   -1.323773e+000 5.690000e+000 5.700446e-002
    endloop
  endfacet
  facet normal 9.962982e-001 0.000000e+000 -8.596480e-002
    outer loop
      vertex   -1.323773e+000 5.690000e+000 5.700446e-002
      vertex   -1.323773e+000 5.990000e+000 5.700446e-002
      vertex   -1.313972e+000 5.690000e+000 1.705913e-001
    endloop
  endfacet
  facet normal 9.852201e-001 0.000000e+000 -1.712931e-001
    outer loop
      vertex   -1.313972e+000 5.690000e+000 1.705913e-001
      vertex   -1.313972e+000 5.990000e+000 1.705913e-001
      vertex   -1.294444e+000 5.690000e+000 2.829152e-001
    endloop
  endfacet
  facet normal 9.668478e-001 0.000000e+000 -2.553533e-001
    outer loop
      vertex   -1.294444e+000 5.690000e+000 2.829152e-001
      vertex   -1.294444e+000 5.990000e+000 2.829152e-001
      vertex   -1.265331e+000 5.690000e+000 3.931445e-001
    endloop
  endfacet
  facet normal 9.413173e-001 0.000000e+000 -3.375229e-001
    outer loop
      vertex   -1.265331e+000 5.690000e+000 3.931445e-001
      vertex   -1.265331e+000 5.990000e+000 3.931445e-001
      vertex   -1.226850e+000 5.690000e+000 5.004631e-001
    endloop
  endfacet
  facet normal 9.088176e-001 0.000000e+000 -4.171936e-001
    outer loop
      vertex   -1.226850e+000 5.690000e+000 5.004631e-001
      vertex   -1.226850e+000 5.990000e+000 5.004631e-001
      vertex   -1.179287e+000 5.690000e+000 6.040764e-001
    endloop
  endfacet
  facet normal 8.695894e-001 0.000000e+000 -4.937756e-001
    outer loop
      vertex   -1.179287e+000 5.690000e+000 6.040764e-001
      vertex   -1.179287e+000 5.990000e+000 6.040764e-001
      vertex   -1.122992e+000 5.690000e+000 7.032173e-001
    endloop
  endfacet
  facet normal 8.239230e-001 0.000000e+000 -5.667018e-001
    outer loop
      vertex   -1.122992e+000 5.690000e+000 7.032173e-001
      vertex   -1.122992e+000 5.990000e+000 7.032173e-001
      vertex   -1.058383e+000 5.690000e+000 7.971519e-001
    endloop
  endfacet
  facet normal 7.721566e-001 0.000000e+000 -6.354323e-001
    outer loop
      vertex   -1.058383e+000 5.690000e+000 7.971519e-001
      vertex   -1.058383e+000 5.990000e+000 7.971519e-001
      vertex   -9.859377e-001 5.690000e+000 8.851846e-001
    endloop
  endfacet
  facet normal 7.146734e-001 0.000000e+000 -6.994583e-001
    outer loop
      vertex   -9.859377e-001 5.690000e+000 8.851846e-001
      vertex   -9.859377e-001 5.990000e+000 8.851846e-001
      vertex   -9.061932e-001 5.690000e+000 9.666638e-001
    endloop
  endfacet
  facet normal 6.518990e-001 0.000000e+000 -7.583058e-001
    outer loop
      vertex   -9.061932e-001 5.690000e+000 9.666638e-001
      vertex   -9.061932e-001 5.990000e+000 9.666638e-001
      vertex   -8.197396e-001 5.690000e+000 1.040986e+000
    endloop
  endfacet
  facet normal 5.842982e-001 2.642755e-016 -8.115391e-001
    outer loop
      vertex   -8.197396e-001 5.690000e+000 1.040986e+000
      vertex   -8.197396e-001 5.990000e+000 1.040986e+000
      vertex   -7.272169e-001 5.690000e+000 1.107601e+000
    endloop
  endfacet
  facet normal 5.123714e-001 -3.231485e-016 -8.587640e-001
    outer loop
      vertex   -7.272169e-001 5.690000e+000 1.107601e+000
      vertex   -7.272169e-001 5.990000e+000 1.107601e+000
      vertex   -6.293102e-001 5.690000e+000 1.166016e+000
    endloop
  endfacet
  facet normal 4.366512e-001 1.421065e-016 -8.996309e-001
    outer loop
      vertex   -6.293102e-001 5.690000e+000 1.166016e+000
      vertex   -6.293102e-001 5.990000e+000 1.166016e+000
      vertex   -5.267442e-001 5.690000e+000 1.215798e+000
    endloop
  endfacet
  facet normal 3.576982e-001 3.971248e-016 -9.338372e-001
    outer loop
      vertex   -5.267442e-001 5.690000e+000 1.215798e+000
      vertex   -5.267442e-001 5.990000e+000 1.215798e+000
      vertex   -4.202785e-001 5.690000e+000 1.256579e+000
    endloop
  endfacet
  facet normal 2.760970e-001 -5.070261e-016 -9.611298e-001
    outer loop
      vertex   -4.202785e-001 5.690000e+000 1.256579e+000
      vertex   -4.202785e-001 5.990000e+000 1.256579e+000
      vertex   -3.107011e-001 5.690000e+000 1.288057e+000
    endloop
  endfacet
  facet normal 1.924516e-001 -5.482592e-016 -9.813065e-001
    outer loop
      vertex   -3.107011e-001 5.690000e+000 1.288057e+000
      vertex   -3.107011e-001 5.990000e+000 1.288057e+000
      vertex   -1.988234e-001 5.690000e+000 1.309998e+000
    endloop
  endfacet
  facet normal 1.073813e-001 -6.265866e-016 -9.942179e-001
    outer loop
      vertex   -1.988234e-001 5.690000e+000 1.309998e+000
      vertex   -1.988234e-001 5.990000e+000 1.309998e+000
      vertex   -8.547370e-002 5.690000e+000 1.322240e+000
    endloop
  endfacet
  facet normal 2.151610e-002 2.090171e-017 -9.997685e-001
    outer loop
      vertex   -8.547370e-002 5.690000e+000 1.322240e+000
      vertex   -8.547370e-002 5.990000e+000 1.322240e+000
      vertex   2.850883e-002 5.690000e+000 1.324693e+000
    endloop
  endfacet
  facet normal -6.450845e-002 -6.266642e-017 -9.979172e-001
    outer loop
      vertex   2.850883e-002 5.690000e+000 1.324693e+000
      vertex   2.850883e-002 5.990000e+000 1.324693e+000
      vertex   1.422803e-001 5.690000e+000 1.317339e+000
    endloop
  endfacet
  facet normal -1.500554e-001 -1.527120e-016 -9.886776e-001
    outer loop
      vertex   1.422803e-001 5.690000e+000 1.317339e+000
      vertex   1.422803e-001 5.990000e+000 1.317339e+000
      vertex   2.549983e-001 5.690000e+000 1.300231e+000
    endloop
  endfacet
  facet normal -2.344914e-001 -2.169481e-016 -9.721182e-001
    outer loop
      vertex   2.549983e-001 5.690000e+000 1.300231e+000
      vertex   2.549983e-001 5.990000e+000 1.300231e+000
      vertex   3.658285e-001 5.690000e+000 1.273497e+000
    endloop
  endfacet
  facet normal -3.171913e-001 -3.521531e-016 -9.483616e-001
    outer loop
      vertex   3.658285e-001 5.690000e+000 1.273497e+000
      vertex   3.658285e-001 5.990000e+000 1.273497e+000
      vertex   4.739502e-001 5.690000e+000 1.237334e+000
    endloop
  endfacet
  facet normal -3.975428e-001 -3.678010e-016 -9.175836e-001
    outer loop
      vertex   4.739502e-001 5.690000e+000 1.237334e+000
      vertex   4.739502e-001 5.990000e+000 1.237334e+000
      vertex   5.785629e-001 5.690000e+000 1.192011e+000
    endloop
  endfacet
  facet normal -4.749511e-001 0.000000e+000 -8.800122e-001
    outer loop
      vertex   5.785629e-001 5.690000e+000 1.192011e+000
      vertex   5.785629e-001 5.990000e+000 1.192011e+000
      vertex   6.788921e-001 5.690000e+000 1.137862e+000
    endloop
  endfacet
  facet normal -5.488430e-001 0.000000e+000 -8.359255e-001
    outer loop
      vertex   6.788921e-001 5.690000e+000 1.137862e+000
      vertex   6.788921e-001 5.990000e+000 1.137862e+000
      vertex   7.741951e-001 5.690000e+000 1.075289e+000
    endloop
  endfacet
  facet normal -6.186714e-001 0.000000e+000 -7.856499e-001
    outer loop
      vertex   7.741951e-001 5.690000e+000 1.075289e+000
      vertex   7.741951e-001 5.990000e+000 1.075289e+000
      vertex   8.637662e-001 5.690000e+000 1.004755e+000
    endloop
  endfacet
  facet normal -6.839194e-001 0.000000e+000 -7.295576e-001
    outer loop
      vertex   8.637662e-001 5.690000e+000 1.004755e+000
      vertex   8.637662e-001 5.990000e+000 1.004755e+000
      vertex   9.469422e-001 5.690000e+000 9.267823e-001
    endloop
  endfacet
  facet normal -7.441039e-001 0.000000e+000 -6.680639e-001
    outer loop
      vertex   9.469422e-001 5.690000e+000 9.267823e-001
      vertex   9.469422e-001 5.990000e+000 9.267823e-001
      vertex   1.023107e+000 5.690000e+000 8.419478e-001
    endloop
  endfacet
  facet normal -7.987794e-001 0.000000e+000 -6.016241e-001
    outer loop
      vertex   1.023107e+000 5.690000e+000 8.419478e-001
      vertex   1.023107e+000 5.990000e+000 8.419478e-001
      vertex   1.091698e+000 5.690000e+000 7.508798e-001
    endloop
  endfacet
  facet normal -8.475409e-001 0.000000e+000 -5.307300e-001
    outer loop
      vertex   1.091698e+000 5.690000e+000 7.508798e-001
      vertex   1.091698e+000 5.990000e+000 7.508798e-001
      vertex   1.152206e+000 5.690000e+000 6.542526e-001
    endloop
  endfacet
  facet normal -8.900276e-001 0.000000e+000 -4.559067e-001
    outer loop
      vertex   1.152206e+000 5.690000e+000 6.542526e-001
      vertex   1.152206e+000 5.990000e+000 6.542526e-001
      vertex   1.204183e+000 5.690000e+000 5.527815e-001
    endloop
  endfacet
  facet normal -9.259248e-001 0.000000e+000 -3.777080e-001
    outer loop
      vertex   1.204183e+000 5.690000e+000 5.527815e-001
      vertex   1.204183e+000 5.990000e+000 5.527815e-001
      vertex   1.247245e+000 5.690000e+000 4.472178e-001
    endloop
  endfacet
  facet normal -9.549668e-001 0.000000e+000 -2.967128e-001
    outer loop
      vertex   1.247245e+000 5.690000e+000 4.472178e-001
      vertex   1.247245e+000 5.990000e+000 4.472178e-001
      vertex   1.281073e+000 5.690000e+000 3.383431e-001
    endloop
  endfacet
  facet normal -9.769385e-001 0.000000e+000 -2.135209e-001
    outer loop
      vertex   1.281073e+000 5.690000e+000 3.383431e-001
      vertex   1.281073e+000 5.990000e+000 3.383431e-001
      vertex   1.305417e+000 5.690000e+000 2.269634e-001
    endloop
  endfacet
  facet normal -9.916773e-001 0.000000e+000 -1.287482e-001
    outer loop
      vertex   1.305417e+000 5.690000e+000 2.269634e-001
      vertex   1.305417e+000 5.990000e+000 2.269634e-001
      vertex   1.320095e+000 5.690000e+000 1.139034e-001
    endloop
  endfacet
  facet normal -9.990741e-001 0.000000e+000 -4.302223e-002
    outer loop
      vertex   1.320095e+000 5.690000e+000 1.139034e-001
      vertex   1.320095e+000 5.990000e+000 1.139034e-001
      vertex   1.325000e+000 5.690000e+000 1.622657e-016
    endloop
  endfacet
  facet normal -3.083975e-015 -1.000000e+000 1.328025e-016
    outer loop
      vertex   1.320095e+000 5.690000e+000 -1.139034e-001
      vertex   1.895159e+000 5.690000e+000 -1.355444e-001
      vertex   1.325000e+000 5.690000e+000 1.622657e-016
    endloop
  endfacet
  facet normal -3.076525e-015 -1.000000e+000 3.307607e-016
    outer loop
      vertex   1.320095e+000 5.690000e+000 -1.139034e-001
      vertex   1.880661e+000 5.690000e+000 -2.703982e-001
      vertex   1.895159e+000 5.690000e+000 -1.355444e-001
    endloop
  endfacet
  facet normal -3.016908e-015 -1.000000e+000 5.443101e-016
    outer loop
      vertex   1.320095e+000 5.690000e+000 -1.139034e-001
      vertex   1.856579e+000 5.690000e+000 -4.038741e-001
      vertex   1.880661e+000 5.690000e+000 -2.703982e-001
    endloop
  endfacet
  facet normal -2.909701e-015 -1.000000e+000 7.426570e-016
    outer loop
      vertex   1.320095e+000 5.690000e+000 -1.139034e-001
      vertex   1.823037e+000 5.690000e+000 -5.352919e-001
      vertex   1.856579e+000 5.690000e+000 -4.038741e-001
    endloop
  endfacet
  facet normal -2.761778e-015 -1.000000e+000 9.192081e-016
    outer loop
      vertex   1.320095e+000 5.690000e+000 -1.139034e-001
      vertex   1.780204e+000 5.690000e+000 -6.639819e-001
      vertex   1.823037e+000 5.690000e+000 -5.352919e-001
    endloop
  endfacet
  facet normal -2.582066e-015 -1.000000e+000 1.069527e-015
    outer loop
      vertex   1.320095e+000 5.690000e+000 -1.139034e-001
      vertex   1.728301e+000 5.690000e+000 -7.892885e-001
      vertex   1.780204e+000 5.690000e+000 -6.639819e-001
    endloop
  endfacet
  facet normal -2.380284e-015 -1.000000e+000 1.191485e-015
    outer loop
      vertex   1.320095e+000 5.690000e+000 -1.139034e-001
      vertex   1.667590e+000 5.690000e+000 -9.105731e-001
      vertex   1.728301e+000 5.690000e+000 -7.892885e-001
    endloop
  endfacet
  facet normal -2.165811e-015 -1.000000e+000 1.285035e-015
    outer loop
      vertex   1.320095e+000 5.690000e+000 -1.139034e-001
      vertex   1.598382e+000 5.690000e+000 -1.027218e+000
      vertex   1.667590e+000 5.690000e+000 -9.105731e-001
    endloop
  endfacet
  facet normal -1.946880e-015 -1.000000e+000 1.351743e-015
    outer loop
      vertex   1.320095e+000 5.690000e+000 -1.139034e-001
      vertex   1.521028e+000 5.690000e+000 -1.138628e+000
      vertex   1.598382e+000 5.690000e+000 -1.027218e+000
    endloop
  endfacet
  facet normal -1.730148e-015 -1.000000e+000 1.394241e-015
    outer loop
      vertex   1.320095e+000 5.690000e+000 -1.139034e-001
      vertex   1.435924e+000 5.690000e+000 -1.244235e+000
      vertex   1.521028e+000 5.690000e+000 -1.138628e+000
    endloop
  endfacet
  facet normal -6.765047e-015 -1.000000e+000 8.782972e-016
    outer loop
      vertex   1.320095e+000 5.690000e+000 -1.139034e-001
      vertex   1.305417e+000 5.690000e+000 -2.269634e-001
      vertex   1.435924e+000 5.690000e+000 -1.244235e+000
    endloop
  endfacet
  facet normal -5.034400e-015 -1.000000e+000 1.100325e-015
    outer loop
      vertex   1.435924e+000 5.690000e+000 -1.244235e+000
      vertex   1.305417e+000 5.690000e+000 -2.269634e-001
      vertex   1.281073e+000 5.690000e+000 -3.383431e-001
    endloop
  endfacet
  facet normal -4.071262e-015 -1.000000e+000 1.264961e-015
    outer loop
      vertex   1.247245e+000 5.690000e+000 -4.472178e-001
      vertex   1.435924e+000 5.690000e+000 -1.244235e+000
      vertex   1.281073e+000 5.690000e+000 -3.383431e-001
    endloop
  endfacet
  facet normal -3.457277e-015 -1.000000e+000 1.410310e-015
    outer loop
      vertex   1.247245e+000 5.690000e+000 -4.472178e-001
      vertex   1.204183e+000 5.690000e+000 -5.527815e-001
      vertex   1.435924e+000 5.690000e+000 -1.244235e+000
    endloop
  endfacet
  facet normal -3.031686e-015 -1.000000e+000 1.552947e-015
    outer loop
      vertex   1.435924e+000 5.690000e+000 -1.244235e+000
      vertex   1.204183e+000 5.690000e+000 -5.527815e-001
      vertex   1.152206e+000 5.690000e+000 -6.542526e-001
    endloop
  endfacet
  facet normal -2.719612e-015 -1.000000e+000 1.703021e-015
    outer loop
      vertex   1.091698e+000 5.690000e+000 -7.508798e-001
      vertex   1.435924e+000 5.690000e+000 -1.244235e+000
      vertex   1.152206e+000 5.690000e+000 -6.542526e-001
    endloop
  endfacet
  facet normal -2.481599e-015 -1.000000e+000 1.869089e-015
    outer loop
      vertex   1.091698e+000 5.690000e+000 -7.508798e-001
      vertex   1.023107e+000 5.690000e+000 -8.419478e-001
      vertex   1.435924e+000 5.690000e+000 -1.244235e+000
    endloop
  endfacet
  facet normal -2.256093e-015 -1.000000e+000 2.100497e-015
    outer loop
      vertex   1.435924e+000 5.690000e+000 -1.244235e+000
      vertex   1.023107e+000 5.690000e+000 -8.419478e-001
      vertex   1.343503e+000 5.690000e+000 -1.343503e+000
    endloop
  endfacet
  facet normal -2.304872e-015 -1.000000e+000 2.069337e-015
    outer loop
      vertex   1.343503e+000 5.690000e+000 -1.343503e+000
      vertex   1.023107e+000 5.690000e+000 -8.419478e-001
      vertex   9.469422e-001 5.690000e+000 -9.267823e-001
    endloop
  endfacet
  facet normal -2.113678e-015 -1.000000e+000 2.254725e-015
    outer loop
      vertex   1.244235e+000 5.690000e+000 -1.435924e+000
      vertex   9.469422e-001 5.690000e+000 -9.267823e-001
      vertex   8.637662e-001 5.690000e+000 -1.004755e+000
    endloop
  endfacet
  facet normal -1.909084e-015 -1.000000e+000 2.424343e-015
    outer loop
      vertex   1.138628e+000 5.690000e+000 -1.521028e+000
      vertex   8.637662e-001 5.690000e+000 -1.004755e+000
      vertex   7.741951e-001 5.690000e+000 -1.075289e+000
    endloop
  endfacet
  facet normal -1.692206e-015 -1.000000e+000 2.577347e-015
    outer loop
      vertex   1.027218e+000 5.690000e+000 -1.598382e+000
      vertex   7.741951e-001 5.690000e+000 -1.075289e+000
      vertex   6.788921e-001 5.690000e+000 -1.137862e+000
    endloop
  endfacet
  facet normal -1.464208e-015 -1.000000e+000 2.712955e-015
    outer loop
      vertex   9.105731e-001 5.690000e+000 -1.667590e+000
      vertex   6.788921e-001 5.690000e+000 -1.137862e+000
      vertex   5.785629e-001 5.690000e+000 -1.192011e+000
    endloop
  endfacet
  facet normal -1.179955e-015 -1.000000e+000 2.848664e-015
    outer loop
      vertex   7.892885e-001 5.690000e+000 -1.728301e+000
      vertex   5.785629e-001 5.690000e+000 -1.192011e+000
      vertex   6.639819e-001 5.690000e+000 -1.780204e+000
    endloop
  endfacet
  facet normal -1.385510e-015 -1.000000e+000 2.767896e-015
    outer loop
      vertex   7.892885e-001 5.690000e+000 -1.728301e+000
      vertex   9.105731e-001 5.690000e+000 -1.667590e+000
      vertex   5.785629e-001 5.690000e+000 -1.192011e+000
    endloop
  endfacet
  facet normal -2.104314e-015 -1.000000e+000 2.260193e-015
    outer loop
      vertex   1.343503e+000 5.690000e+000 -1.343503e+000
      vertex   9.469422e-001 5.690000e+000 -9.267823e-001
      vertex   1.244235e+000 5.690000e+000 -1.435924e+000
    endloop
  endfacet
  facet normal -1.940277e-015 -1.000000e+000 2.407736e-015
    outer loop
      vertex   1.244235e+000 5.690000e+000 -1.435924e+000
      vertex   8.637662e-001 5.690000e+000 -1.004755e+000
      vertex   1.138628e+000 5.690000e+000 -1.521028e+000
    endloop
  endfacet
  facet normal -1.765027e-015 -1.000000e+000 2.542123e-015
    outer loop
      vertex   1.138628e+000 5.690000e+000 -1.521028e+000
      vertex   7.741951e-001 5.690000e+000 -1.075289e+000
      vertex   1.027218e+000 5.690000e+000 -1.598382e+000
    endloop
  endfacet
  facet normal -1.579701e-015 -1.000000e+000 2.662443e-015
    outer loop
      vertex   1.027218e+000 5.690000e+000 -1.598382e+000
      vertex   6.788921e-001 5.690000e+000 -1.137862e+000
      vertex   9.105731e-001 5.690000e+000 -1.667590e+000
    endloop
  endfacet
  facet normal -1.230973e-015 -1.000000e+000 2.841256e-015
    outer loop
      vertex   5.785629e-001 5.690000e+000 -1.192011e+000
      vertex   4.739502e-001 5.690000e+000 -1.237334e+000
      vertex   6.639819e-001 5.690000e+000 -1.780204e+000
    endloop
  endfacet
  facet normal -9.754331e-016 -1.000000e+000 2.930707e-015
    outer loop
      vertex   6.639819e-001 5.690000e+000 -1.780204e+000
      vertex   4.739502e-001 5.690000e+000 -1.237334e+000
      vertex   5.352919e-001 5.690000e+000 -1.823037e+000
    endloop
  endfacet
  facet normal -9.800497e-016 -1.000000e+000 2.930224e-015
    outer loop
      vertex   5.352919e-001 5.690000e+000 -1.823037e+000
      vertex   4.739502e-001 5.690000e+000 -1.237334e+000
      vertex   3.658285e-001 5.690000e+000 -1.273497e+000
    endloop
  endfacet
  facet normal -7.234793e-016 -1.000000e+000 2.999289e-015
    outer loop
      vertex   4.038741e-001 5.690000e+000 -1.856579e+000
      vertex   3.658285e-001 5.690000e+000 -1.273497e+000
      vertex   2.549983e-001 5.690000e+000 -1.300231e+000
    endloop
  endfacet
  facet normal -4.626283e-016 -1.000000e+000 3.048143e-015
    outer loop
      vertex   2.703982e-001 5.690000e+000 -1.880661e+000
      vertex   2.549983e-001 5.690000e+000 -1.300231e+000
      vertex   1.422803e-001 5.690000e+000 -1.317339e+000
    endloop
  endfacet
  facet normal -1.988781e-016 -1.000000e+000 3.076556e-015
    outer loop
      vertex   1.355444e-001 5.690000e+000 -1.895159e+000
      vertex   1.422803e-001 5.690000e+000 -1.317339e+000
      vertex   2.850883e-002 5.690000e+000 -1.324693e+000
    endloop
  endfacet
  facet normal 6.637918e-017 -1.000000e+000 3.084380e-015
    outer loop
      vertex   -2.557424e-016 5.690000e+000 -1.900000e+000
      vertex   2.850883e-002 5.690000e+000 -1.324693e+000
      vertex   -8.547370e-002 5.690000e+000 -1.322240e+000
    endloop
  endfacet
  facet normal 3.317449e-016 -1.000000e+000 3.071546e-015
    outer loop
      vertex   -1.355444e-001 5.690000e+000 -1.895159e+000
      vertex   -8.547370e-002 5.690000e+000 -1.322240e+000
      vertex   -1.988234e-001 5.690000e+000 -1.309998e+000
    endloop
  endfacet
  facet normal 5.491826e-016 -1.000000e+000 3.043915e-015
    outer loop
      vertex   -2.703982e-001 5.690000e+000 -1.880661e+000
      vertex   -1.988234e-001 5.690000e+000 -1.309998e+000
      vertex   -4.038741e-001 5.690000e+000 -1.856579e+000
    endloop
  endfacet
  facet normal 3.302075e-016 -1.000000e+000 3.071379e-015
    outer loop
      vertex   -2.703982e-001 5.690000e+000 -1.880661e+000
      vertex   -1.355444e-001 5.690000e+000 -1.895159e+000
      vertex   -1.988234e-001 5.690000e+000 -1.309998e+000
    endloop
  endfacet
  facet normal -7.648342e-016 -1.000000e+000 2.996591e-015
    outer loop
      vertex   5.352919e-001 5.690000e+000 -1.823037e+000
      vertex   3.658285e-001 5.690000e+000 -1.273497e+000
      vertex   4.038741e-001 5.690000e+000 -1.856579e+000
    endloop
  endfacet
  facet normal -5.495295e-016 -1.000000e+000 3.045837e-015
    outer loop
      vertex   4.038741e-001 5.690000e+000 -1.856579e+000
      vertex   2.549983e-001 5.690000e+000 -1.300231e+000
      vertex   2.703982e-001 5.690000e+000 -1.880661e+000
    endloop
  endfacet
  facet normal -3.309295e-016 -1.000000e+000 3.078095e-015
    outer loop
      vertex   2.703982e-001 5.690000e+000 -1.880661e+000
      vertex   1.422803e-001 5.690000e+000 -1.317339e+000
      vertex   1.355444e-001 5.690000e+000 -1.895159e+000
    endloop
  endfacet
  facet normal -1.104719e-016 -1.000000e+000 3.093143e-015
    outer loop
      vertex   1.355444e-001 5.690000e+000 -1.895159e+000
      vertex   2.850883e-002 5.690000e+000 -1.324693e+000
      vertex   -2.557424e-016 5.690000e+000 -1.900000e+000
    endloop
  endfacet
  facet normal 1.103914e-016 -1.000000e+000 3.090891e-015
    outer loop
      vertex   -2.557424e-016 5.690000e+000 -1.900000e+000
      vertex   -8.547370e-002 5.690000e+000 -1.322240e+000
      vertex   -1.355444e-001 5.690000e+000 -1.895159e+000
    endloop
  endfacet
  facet normal 5.936909e-016 -1.000000e+000 3.027217e-015
    outer loop
      vertex   -1.988234e-001 5.690000e+000 -1.309998e+000
      vertex   -3.107011e-001 5.690000e+000 -1.288057e+000
      vertex   -4.038741e-001 5.690000e+000 -1.856579e+000
    endloop
  endfacet
  facet normal 7.654659e-016 -1.000000e+000 2.999066e-015
    outer loop
      vertex   -4.038741e-001 5.690000e+000 -1.856579e+000
      vertex   -3.107011e-001 5.690000e+000 -1.288057e+000
      vertex   -5.352919e-001 5.690000e+000 -1.823037e+000
    endloop
  endfacet
  facet normal 8.511832e-016 -1.000000e+000 2.963081e-015
    outer loop
      vertex   -5.352919e-001 5.690000e+000 -1.823037e+000
      vertex   -3.107011e-001 5.690000e+000 -1.288057e+000
      vertex   -4.202785e-001 5.690000e+000 -1.256579e+000
    endloop
  endfacet
  facet normal 1.102831e-015 -1.000000e+000 2.879144e-015
    outer loop
      vertex   -6.639819e-001 5.690000e+000 -1.780204e+000
      vertex   -4.202785e-001 5.690000e+000 -1.256579e+000
      vertex   -5.267442e-001 5.690000e+000 -1.215798e+000
    endloop
  endfacet
  facet normal 1.347306e-015 -1.000000e+000 2.775849e-015
    outer loop
      vertex   -7.892885e-001 5.690000e+000 -1.728301e+000
      vertex   -5.267442e-001 5.690000e+000 -1.215798e+000
      vertex   -6.293102e-001 5.690000e+000 -1.166016e+000
    endloop
  endfacet
  facet normal 1.583305e-015 -1.000000e+000 2.653710e-015
    outer loop
      vertex   -9.105731e-001 5.690000e+000 -1.667590e+000
      vertex   -6.293102e-001 5.690000e+000 -1.166016e+000
      vertex   -7.272169e-001 5.690000e+000 -1.107601e+000
    endloop
  endfacet
  facet normal 1.809559e-015 -1.000000e+000 2.513319e-015
    outer loop
      vertex   -1.027218e+000 5.690000e+000 -1.598382e+000
      vertex   -7.272169e-001 5.690000e+000 -1.107601e+000
      vertex   -8.197396e-001 5.690000e+000 -1.040986e+000
    endloop
  endfacet
  facet normal 1.942256e-015 -1.000000e+000 2.410193e-015
    outer loop
      vertex   -1.138628e+000 5.690000e+000 -1.521028e+000
      vertex   -8.197396e-001 5.690000e+000 -1.040986e+000
      vertex   -1.244235e+000 5.690000e+000 -1.435924e+000
    endloop
  endfacet
  facet normal 1.758281e-015 -1.000000e+000 2.532406e-015
    outer loop
      vertex   -1.138628e+000 5.690000e+000 -1.521028e+000
      vertex   -1.027218e+000 5.690000e+000 -1.598382e+000
      vertex   -8.197396e-001 5.690000e+000 -1.040986e+000
    endloop
  endfacet
  facet normal 9.776608e-016 -1.000000e+000 2.937401e-015
    outer loop
      vertex   -5.352919e-001 5.690000e+000 -1.823037e+000
      vertex   -4.202785e-001 5.690000e+000 -1.256579e+000
      vertex   -6.639819e-001 5.690000e+000 -1.780204e+000
    endloop
  endfacet
  facet normal 1.184368e-015 -1.000000e+000 2.859318e-015
    outer loop
      vertex   -6.639819e-001 5.690000e+000 -1.780204e+000
      vertex   -5.267442e-001 5.690000e+000 -1.215798e+000
      vertex   -7.892885e-001 5.690000e+000 -1.728301e+000
    endloop
  endfacet
  facet normal 1.384232e-015 -1.000000e+000 2.765343e-015
    outer loop
      vertex   -7.892885e-001 5.690000e+000 -1.728301e+000
      vertex   -6.293102e-001 5.690000e+000 -1.166016e+000
      vertex   -9.105731e-001 5.690000e+000 -1.667590e+000
    endloop
  endfacet
  facet normal 1.575948e-015 -1.000000e+000 2.656119e-015
    outer loop
      vertex   -9.105731e-001 5.690000e+000 -1.667590e+000
      vertex   -7.272169e-001 5.690000e+000 -1.107601e+000
      vertex   -1.027218e+000 5.690000e+000 -1.598382e+000
    endloop
  endfacet
  facet normal 2.009685e-015 -1.000000e+000 2.337718e-015
    outer loop
      vertex   -8.197396e-001 5.690000e+000 -1.040986e+000
      vertex   -9.061932e-001 5.690000e+000 -9.666638e-001
      vertex   -1.244235e+000 5.690000e+000 -1.435924e+000
    endloop
  endfacet
  facet normal 2.109529e-015 -1.000000e+000 2.265794e-015
    outer loop
      vertex   -1.244235e+000 5.690000e+000 -1.435924e+000
      vertex   -9.061932e-001 5.690000e+000 -9.666638e-001
      vertex   -1.343503e+000 5.690000e+000 -1.343503e+000
    endloop
  endfacet
  facet normal 2.203572e-015 -1.000000e+000 2.156659e-015
    outer loop
      vertex   -1.343503e+000 5.690000e+000 -1.343503e+000
      vertex   -9.061932e-001 5.690000e+000 -9.666638e-001
      vertex   -9.859377e-001 5.690000e+000 -8.851846e-001
    endloop
  endfacet
  facet normal 2.382898e-015 -1.000000e+000 1.960963e-015
    outer loop
      vertex   -1.435924e+000 5.690000e+000 -1.244235e+000
      vertex   -9.859377e-001 5.690000e+000 -8.851846e-001
      vertex   -1.058383e+000 5.690000e+000 -7.971519e-001
    endloop
  endfacet
  facet normal 2.546691e-015 -1.000000e+000 1.751637e-015
    outer loop
      vertex   -1.521028e+000 5.690000e+000 -1.138628e+000
      vertex   -1.058383e+000 5.690000e+000 -7.971519e-001
      vertex   -1.122992e+000 5.690000e+000 -7.032173e-001
    endloop
  endfacet
  facet normal 2.694039e-015 -1.000000e+000 1.529745e-015
    outer loop
      vertex   -1.598382e+000 5.690000e+000 -1.027218e+000
      vertex   -1.122992e+000 5.690000e+000 -7.032173e-001
      vertex   -1.179287e+000 5.690000e+000 -6.040764e-001
    endloop
  endfacet
  facet normal 2.768097e-015 -1.000000e+000 1.385611e-015
    outer loop
      vertex   -1.667590e+000 5.690000e+000 -9.105731e-001
      vertex   -1.179287e+000 5.690000e+000 -6.040764e-001
      vertex   -1.728301e+000 5.690000e+000 -7.892885e-001
    endloop
  endfacet
  facet normal 2.650660e-015 -1.000000e+000 1.572709e-015
    outer loop
      vertex   -1.667590e+000 5.690000e+000 -9.105731e-001
      vertex   -1.598382e+000 5.690000e+000 -1.027218e+000
      vertex   -1.179287e+000 5.690000e+000 -6.040764e-001
    endloop
  endfacet
  facet normal 2.264968e-015 -1.000000e+000 2.108760e-015
    outer loop
      vertex   -1.343503e+000 5.690000e+000 -1.343503e+000
      vertex   -9.859377e-001 5.690000e+000 -8.851846e-001
      vertex   -1.435924e+000 5.690000e+000 -1.244235e+000
    endloop
  endfacet
  facet normal 2.407561e-015 -1.000000e+000 1.940135e-015
    outer loop
      vertex   -1.435924e+000 5.690000e+000 -1.244235e+000
      vertex   -1.058383e+000 5.690000e+000 -7.971519e-001
      vertex   -1.521028e+000 5.690000e+000 -1.138628e+000
    endloop
  endfacet
  facet normal 2.536394e-015 -1.000000e+000 1.761050e-015
    outer loop
      vertex   -1.521028e+000 5.690000e+000 -1.138628e+000
      vertex   -1.122992e+000 5.690000e+000 -7.032173e-001
      vertex   -1.598382e+000 5.690000e+000 -1.027218e+000
    endloop
  endfacet
  facet normal 2.801665e-015 -1.000000e+000 1.286107e-015
    outer loop
      vertex   -1.179287e+000 5.690000e+000 -6.040764e-001
      vertex   -1.226850e+000 5.690000e+000 -5.004631e-001
      vertex   -1.728301e+000 5.690000e+000 -7.892885e-001
    endloop
  endfacet
  facet normal 2.860082e-015 -1.000000e+000 1.184685e-015
    outer loop
      vertex   -1.728301e+000 5.690000e+000 -7.892885e-001
      vertex   -1.226850e+000 5.690000e+000 -5.004631e-001
      vertex   -1.780204e+000 5.690000e+000 -6.639819e-001
    endloop
  endfacet
  facet normal 2.902609e-015 -1.000000e+000 1.040772e-015
    outer loop
      vertex   -1.780204e+000 5.690000e+000 -6.639819e-001
      vertex   -1.226850e+000 5.690000e+000 -5.004631e-001
      vertex   -1.265331e+000 5.690000e+000 -3.931445e-001
    endloop
  endfacet
  facet normal 2.984229e-015 -1.000000e+000 7.881621e-016
    outer loop
      vertex   -1.823037e+000 5.690000e+000 -5.352919e-001
      vertex   -1.265331e+000 5.690000e+000 -3.931445e-001
      vertex   -1.294444e+000 5.690000e+000 -2.829152e-001
    endloop
  endfacet
  facet normal 3.046058e-015 -1.000000e+000 5.295962e-016
    outer loop
      vertex   -1.856579e+000 5.690000e+000 -4.038741e-001
      vertex   -1.294444e+000 5.690000e+000 -2.829152e-001
      vertex   -1.313972e+000 5.690000e+000 -1.705913e-001
    endloop
  endfacet
  facet normal 3.076376e-015 -1.000000e+000 3.307447e-016
    outer loop
      vertex   -1.880661e+000 5.690000e+000 -2.703982e-001
      vertex   -1.313972e+000 5.690000e+000 -1.705913e-001
      vertex   -1.895159e+000 5.690000e+000 -1.355444e-001
    endloop
  endfacet
  facet normal 3.038089e-015 -1.000000e+000 5.481316e-016
    outer loop
      vertex   -1.880661e+000 5.690000e+000 -2.703982e-001
      vertex   -1.856579e+000 5.690000e+000 -4.038741e-001
      vertex   -1.313972e+000 5.690000e+000 -1.705913e-001
    endloop
  endfacet
  facet normal 2.936045e-015 -1.000000e+000 9.772096e-016
    outer loop
      vertex   -1.780204e+000 5.690000e+000 -6.639819e-001
      vertex   -1.265331e+000 5.690000e+000 -3.931445e-001
      vertex   -1.823037e+000 5.690000e+000 -5.352919e-001
    endloop
  endfacet
  facet normal 2.995500e-015 -1.000000e+000 7.645558e-016
    outer loop
      vertex   -1.823037e+000 5.690000e+000 -5.352919e-001
      vertex   -1.294444e+000 5.690000e+000 -2.829152e-001
      vertex   -1.856579e+000 5.690000e+000 -4.038741e-001
    endloop
  endfacet
  facet normal 3.072418e-015 -1.000000e+000 2.651011e-016
    outer loop
      vertex   -1.313972e+000 5.690000e+000 -1.705913e-001
      vertex   -1.323773e+000 5.690000e+000 -5.700446e-002
      vertex   -1.895159e+000 5.690000e+000 -1.355444e-001
    endloop
  endfacet
  facet normal 3.093670e-015 -1.000000e+000 1.104907e-016
    outer loop
      vertex   -1.895159e+000 5.690000e+000 -1.355444e-001
      vertex   -1.323773e+000 5.690000e+000 -5.700446e-002
      vertex   -1.900000e+000 5.690000e+000 0.000000e+000
    endloop
  endfacet
  facet normal 3.082739e-015 -1.000000e+000 0.000000e+000
    outer loop
      vertex   -1.900000e+000 5.690000e+000 0.000000e+000
      vertex   -1.323773e+000 5.690000e+000 -5.700446e-002
      vertex   -1.323773e+000 5.690000e+000 5.700446e-002
    endloop
  endfacet
  facet normal 3.063584e-015 -1.000000e+000 -3.293693e-016
    outer loop
      vertex   -1.895159e+000 5.690000e+000 1.355444e-001
      vertex   -1.323773e+000 5.690000e+000 5.700446e-002
      vertex   -1.880661e+000 5.690000e+000 2.703982e-001
    endloop
  endfacet
  facet normal 3.093670e-015 -1.000000e+000 -1.104907e-016
    outer loop
      vertex   -1.895159e+000 5.690000e+000 1.355444e-001
      vertex   -1.900000e+000 5.690000e+000 0.000000e+000
      vertex   -1.323773e+000 5.690000e+000 5.700446e-002
    endloop
  endfacet
  facet normal 1.358755e-014 -1.000000e+000 -1.172391e-015
    outer loop
      vertex   -1.313972e+000 5.690000e+000 1.705913e-001
      vertex   -1.343503e+000 5.690000e+000 1.343503e+000
      vertex   -1.323773e+000 5.690000e+000 5.700446e-002
    endloop
  endfacet
  facet normal 7.608953e-015 -1.000000e+000 -1.322914e-015
    outer loop
      vertex   -1.313972e+000 5.690000e+000 1.705913e-001
      vertex   -1.294444e+000 5.690000e+000 2.829152e-001
      vertex   -1.343503e+000 5.690000e+000 1.343503e+000
    endloop
  endfacet
  facet normal 5.396469e-015 -1.000000e+000 -1.425256e-015
    outer loop
      vertex   -1.343503e+000 5.690000e+000 1.343503e+000
      vertex   -1.294444e+000 5.690000e+000 2.829152e-001
      vertex   -1.265331e+000 5.690000e+000 3.931445e-001
    endloop
  endfacet
  facet normal 4.240156e-015 -1.000000e+000 -1.520369e-015
    outer loop
      vertex   -1.226850e+000 5.690000e+000 5.004631e-001
      vertex   -1.343503e+000 5.690000e+000 1.343503e+000
      vertex   -1.265331e+000 5.690000e+000 3.931445e-001
    endloop
  endfacet
  facet normal 3.526961e-015 -1.000000e+000 -1.619055e-015
    outer loop
      vertex   -1.226850e+000 5.690000e+000 5.004631e-001
      vertex   -1.179287e+000 5.690000e+000 6.040764e-001
      vertex   -1.343503e+000 5.690000e+000 1.343503e+000
    endloop
  endfacet
  facet normal 3.041280e-015 -1.000000e+000 -1.726918e-015
    outer loop
      vertex   -1.343503e+000 5.690000e+000 1.343503e+000
      vertex   -1.179287e+000 5.690000e+000 6.040764e-001
      vertex   -1.122992e+000 5.690000e+000 7.032173e-001
    endloop
  endfacet
  facet normal 2.687763e-015 -1.000000e+000 -1.848668e-015
    outer loop
      vertex   -1.058383e+000 5.690000e+000 7.971519e-001
      vertex   -1.343503e+000 5.690000e+000 1.343503e+000
      vertex   -1.122992e+000 5.690000e+000 7.032173e-001
    endloop
  endfacet
  facet normal 2.417701e-015 -1.000000e+000 -1.989603e-015
    outer loop
      vertex   -1.058383e+000 5.690000e+000 7.971519e-001
      vertex   -9.859377e-001 5.690000e+000 8.851846e-001
      vertex   -1.343503e+000 5.690000e+000 1.343503e+000
    endloop
  endfacet
  facet normal 2.203572e-015 -1.000000e+000 -2.156659e-015
    outer loop
      vertex   -1.343503e+000 5.690000e+000 1.343503e+000
      vertex   -9.859377e-001 5.690000e+000 8.851846e-001
      vertex   -9.061932e-001 5.690000e+000 9.666638e-001
    endloop
  endfacet
  facet normal 2.009685e-015 -1.000000e+000 -2.337718e-015
    outer loop
      vertex   -1.244235e+000 5.690000e+000 1.435924e+000
      vertex   -9.061932e-001 5.690000e+000 9.666638e-001
      vertex   -8.197396e-001 5.690000e+000 1.040986e+000
    endloop
  endfacet
  facet normal 1.758281e-015 -1.000000e+000 -2.532406e-015
    outer loop
      vertex   -1.138628e+000 5.690000e+000 1.521028e+000
      vertex   -8.197396e-001 5.690000e+000 1.040986e+000
      vertex   -1.027218e+000 5.690000e+000 1.598382e+000
    endloop
  endfacet
  facet normal 1.942256e-015 -1.000000e+000 -2.410193e-015
    outer loop
      vertex   -1.138628e+000 5.690000e+000 1.521028e+000
      vertex   -1.244235e+000 5.690000e+000 1.435924e+000
      vertex   -8.197396e-001 5.690000e+000 1.040986e+000
    endloop
  endfacet
  facet normal 2.109529e-015 -1.000000e+000 -2.265794e-015
    outer loop
      vertex   -1.343503e+000 5.690000e+000 1.343503e+000
      vertex   -9.061932e-001 5.690000e+000 9.666638e-001
      vertex   -1.244235e+000 5.690000e+000 1.435924e+000
    endloop
  endfacet
  facet normal 1.809559e-015 -1.000000e+000 -2.513319e-015
    outer loop
      vertex   -8.197396e-001 5.690000e+000 1.040986e+000
      vertex   -7.272169e-001 5.690000e+000 1.107601e+000
      vertex   -1.027218e+000 5.690000e+000 1.598382e+000
    endloop
  endfacet
  facet normal 1.575948e-015 -1.000000e+000 -2.656119e-015
    outer loop
      vertex   -1.027218e+000 5.690000e+000 1.598382e+000
      vertex   -7.272169e-001 5.690000e+000 1.107601e+000
      vertex   -9.105731e-001 5.690000e+000 1.667590e+000
    endloop
  endfacet
  facet normal 1.583305e-015 -1.000000e+000 -2.653710e-015
    outer loop
      vertex   -9.105731e-001 5.690000e+000 1.667590e+000
      vertex   -7.272169e-001 5.690000e+000 1.107601e+000
      vertex   -6.293102e-001 5.690000e+000 1.166016e+000
    endloop
  endfacet
  facet normal 1.347306e-015 -1.000000e+000 -2.775849e-015
    outer loop
      vertex   -7.892885e-001 5.690000e+000 1.728301e+000
      vertex   -6.293102e-001 5.690000e+000 1.166016e+000
      vertex   -5.267442e-001 5.690000e+000 1.215798e+000
    endloop
  endfacet
  facet normal 1.102831e-015 -1.000000e+000 -2.879144e-015
    outer loop
      vertex   -6.639819e-001 5.690000e+000 1.780204e+000
      vertex   -5.267442e-001 5.690000e+000 1.215798e+000
      vertex   -4.202785e-001 5.690000e+000 1.256579e+000
    endloop
  endfacet
  facet normal 8.511832e-016 -1.000000e+000 -2.963081e-015
    outer loop
      vertex   -5.352919e-001 5.690000e+000 1.823037e+000
      vertex   -4.202785e-001 5.690000e+000 1.256579e+000
      vertex   -3.107011e-001 5.690000e+000 1.288057e+000
    endloop
  endfacet
  facet normal 5.936909e-016 -1.000000e+000 -3.027217e-015
    outer loop
      vertex   -4.038741e-001 5.690000e+000 1.856579e+000
      vertex   -3.107011e-001 5.690000e+000 1.288057e+000
      vertex   -1.988234e-001 5.690000e+000 1.309998e+000
    endloop
  endfacet
  facet normal 3.302075e-016 -1.000000e+000 -3.071379e-015
    outer loop
      vertex   -2.703982e-001 5.690000e+000 1.880661e+000
      vertex   -1.988234e-001 5.690000e+000 1.309998e+000
      vertex   -1.355444e-001 5.690000e+000 1.895159e+000
    endloop
  endfacet
  facet normal 5.491826e-016 -1.000000e+000 -3.043915e-015
    outer loop
      vertex   -2.703982e-001 5.690000e+000 1.880661e+000
      vertex   -4.038741e-001 5.690000e+000 1.856579e+000
      vertex   -1.988234e-001 5.690000e+000 1.309998e+000
    endloop
  endfacet
  facet normal 1.384232e-015 -1.000000e+000 -2.765343e-015
    outer loop
      vertex   -9.105731e-001 5.690000e+000 1.667590e+000
      vertex   -6.293102e-001 5.690000e+000 1.166016e+000
      vertex   -7.892885e-001 5.690000e+000 1.728301e+000
    endloop
  endfacet
  facet normal 1.184368e-015 -1.000000e+000 -2.859318e-015
    outer loop
      vertex   -7.892885e-001 5.690000e+000 1.728301e+000
      vertex   -5.267442e-001 5.690000e+000 1.215798e+000
      vertex   -6.639819e-001 5.690000e+000 1.780204e+000
    endloop
  endfacet
  facet normal 9.776608e-016 -1.000000e+000 -2.937401e-015
    outer loop
      vertex   -6.639819e-001 5.690000e+000 1.780204e+000
      vertex   -4.202785e-001 5.690000e+000 1.256579e+000
      vertex   -5.352919e-001 5.690000e+000 1.823037e+000
    endloop
  endfacet
  facet normal 7.654659e-016 -1.000000e+000 -2.999066e-015
    outer loop
      vertex   -5.352919e-001 5.690000e+000 1.823037e+000
      vertex   -3.107011e-001 5.690000e+000 1.288057e+000
      vertex   -4.038741e-001 5.690000e+000 1.856579e+000
    endloop
  endfacet
  facet normal 3.317449e-016 -1.000000e+000 -3.071546e-015
    outer loop
      vertex   -1.988234e-001 5.690000e+000 1.309998e+000
      vertex   -8.547370e-002 5.690000e+000 1.322240e+000
      vertex   -1.355444e-001 5.690000e+000 1.895159e+000
    endloop
  endfacet
  facet normal 1.103914e-016 -1.000000e+000 -3.090891e-015
    outer loop
      vertex   -1.355444e-001 5.690000e+000 1.895159e+000
      vertex   -8.547370e-002 5.690000e+000 1.322240e+000
      vertex   -7.211082e-016 5.690000e+000 1.900000e+000
    endloop
  endfacet
  facet normal 6.637918e-017 -1.000000e+000 -3.084380e-015
    outer loop
      vertex   -7.211082e-016 5.690000e+000 1.900000e+000
      vertex   -8.547370e-002 5.690000e+000 1.322240e+000
      vertex   2.850883e-002 5.690000e+000 1.324693e+000
    endloop
  endfacet
  facet normal -1.988781e-016 -1.000000e+000 -3.076556e-015
    outer loop
      vertex   1.355444e-001 5.690000e+000 1.895159e+000
      vertex   2.850883e-002 5.690000e+000 1.324693e+000
      vertex   1.422803e-001 5.690000e+000 1.317339e+000
    endloop
  endfacet
  facet normal -4.626283e-016 -1.000000e+000 -3.048143e-015
    outer loop
      vertex   2.703982e-001 5.690000e+000 1.880661e+000
      vertex   1.422803e-001 5.690000e+000 1.317339e+000
      vertex   2.549983e-001 5.690000e+000 1.300231e+000
    endloop
  endfacet
  facet normal -7.234793e-016 -1.000000e+000 -2.999289e-015
    outer loop
      vertex   4.038741e-001 5.690000e+000 1.856579e+000
      vertex   2.549983e-001 5.690000e+000 1.300231e+000
      vertex   3.658285e-001 5.690000e+000 1.273497e+000
    endloop
  endfacet
  facet normal -9.800497e-016 -1.000000e+000 -2.930224e-015
    outer loop
      vertex   5.352919e-001 5.690000e+000 1.823037e+000
      vertex   3.658285e-001 5.690000e+000 1.273497e+000
      vertex   4.739502e-001 5.690000e+000 1.237334e+000
    endloop
  endfacet
  facet normal -1.230973e-015 -1.000000e+000 -2.841256e-015
    outer loop
      vertex   6.639819e-001 5.690000e+000 1.780204e+000
      vertex   4.739502e-001 5.690000e+000 1.237334e+000
      vertex   5.785629e-001 5.690000e+000 1.192011e+000
    endloop
  endfacet
  facet normal -1.385510e-015 -1.000000e+000 -2.767896e-015
    outer loop
      vertex   7.892885e-001 5.690000e+000 1.728301e+000
      vertex   5.785629e-001 5.690000e+000 1.192011e+000
      vertex   9.105731e-001 5.690000e+000 1.667590e+000
    endloop
  endfacet
  facet normal -1.179955e-015 -1.000000e+000 -2.848664e-015
    outer loop
      vertex   7.892885e-001 5.690000e+000 1.728301e+000
      vertex   6.639819e-001 5.690000e+000 1.780204e+000
      vertex   5.785629e-001 5.690000e+000 1.192011e+000
    endloop
  endfacet
  facet normal -1.104719e-016 -1.000000e+000 -3.093143e-015
    outer loop
      vertex   -7.211082e-016 5.690000e+000 1.900000e+000
      vertex   2.850883e-002 5.690000e+000 1.324693e+000
      vertex   1.355444e-001 5.690000e+000 1.895159e+000
    endloop
  endfacet
  facet normal -3.309295e-016 -1.000000e+000 -3.078095e-015
    outer loop
      vertex   1.355444e-001 5.690000e+000 1.895159e+000
      vertex   1.422803e-001 5.690000e+000 1.317339e+000
      vertex   2.703982e-001 5.690000e+000 1.880661e+000
    endloop
  endfacet
  facet normal -5.495295e-016 -1.000000e+000 -3.045837e-015
    outer loop
      vertex   2.703982e-001 5.690000e+000 1.880661e+000
      vertex   2.549983e-001 5.690000e+000 1.300231e+000
      vertex   4.038741e-001 5.690000e+000 1.856579e+000
    endloop
  endfacet
  facet normal -7.648342e-016 -1.000000e+000 -2.996591e-015
    outer loop
      vertex   4.038741e-001 5.690000e+000 1.856579e+000
      vertex   3.658285e-001 5.690000e+000 1.273497e+000
      vertex   5.352919e-001 5.690000e+000 1.823037e+000
    endloop
  endfacet
  facet normal -9.754331e-016 -1.000000e+000 -2.930707e-015
    outer loop
      vertex   5.352919e-001 5.690000e+000 1.823037e+000
      vertex   4.739502e-001 5.690000e+000 1.237334e+000
      vertex   6.639819e-001 5.690000e+000 1.780204e+000
    endloop
  endfacet
  facet normal -1.464208e-015 -1.000000e+000 -2.712955e-015
    outer loop
      vertex   5.785629e-001 5.690000e+000 1.192011e+000
      vertex   6.788921e-001 5.690000e+000 1.137862e+000
      vertex   9.105731e-001 5.690000e+000 1.667590e+000
    endloop
  endfacet
  facet normal -1.579701e-015 -1.000000e+000 -2.662443e-015
    outer loop
      vertex   9.105731e-001 5.690000e+000 1.667590e+000
      vertex   6.788921e-001 5.690000e+000 1.137862e+000
      vertex   1.027218e+000 5.690000e+000 1.598382e+000
    endloop
  endfacet
  facet normal -1.692206e-015 -1.000000e+000 -2.577347e-015
    outer loop
      vertex   1.027218e+000 5.690000e+000 1.598382e+000
      vertex   6.788921e-001 5.690000e+000 1.137862e+000
      vertex   7.741951e-001 5.690000e+000 1.075289e+000
    endloop
  endfacet
  facet normal -1.909084e-015 -1.000000e+000 -2.424343e-015
    outer loop
      vertex   1.138628e+000 5.690000e+000 1.521028e+000
      vertex   7.741951e-001 5.690000e+000 1.075289e+000
      vertex   8.637662e-001 5.690000e+000 1.004755e+000
    endloop
  endfacet
  facet normal -2.113678e-015 -1.000000e+000 -2.254725e-015
    outer loop
      vertex   1.244235e+000 5.690000e+000 1.435924e+000
      vertex   8.637662e-001 5.690000e+000 1.004755e+000
      vertex   9.469422e-001 5.690000e+000 9.267823e-001
    endloop
  endfacet
  facet normal -2.304872e-015 -1.000000e+000 -2.069337e-015
    outer loop
      vertex   1.343503e+000 5.690000e+000 1.343503e+000
      vertex   9.469422e-001 5.690000e+000 9.267823e-001
      vertex   1.023107e+000 5.690000e+000 8.419478e-001
    endloop
  endfacet
  facet normal -2.410252e-015 -1.000000e+000 -1.942304e-015
    outer loop
      vertex   1.435924e+000 5.690000e+000 1.244235e+000
      vertex   1.023107e+000 5.690000e+000 8.419478e-001
      vertex   1.521028e+000 5.690000e+000 1.138628e+000
    endloop
  endfacet
  facet normal -2.256093e-015 -1.000000e+000 -2.100497e-015
    outer loop
      vertex   1.435924e+000 5.690000e+000 1.244235e+000
      vertex   1.343503e+000 5.690000e+000 1.343503e+000
      vertex   1.023107e+000 5.690000e+000 8.419478e-001
    endloop
  endfacet
  facet normal -1.765027e-015 -1.000000e+000 -2.542123e-015
    outer loop
      vertex   1.027218e+000 5.690000e+000 1.598382e+000
      vertex   7.741951e-001 5.690000e+000 1.075289e+000
      vertex   1.138628e+000 5.690000e+000 1.521028e+000
    endloop
  endfacet
  facet normal -1.940277e-015 -1.000000e+000 -2.407736e-015
    outer loop
      vertex   1.138628e+000 5.690000e+000 1.521028e+000
      vertex   8.637662e-001 5.690000e+000 1.004755e+000
      vertex   1.244235e+000 5.690000e+000 1.435924e+000
    endloop
  endfacet
  facet normal -2.104314e-015 -1.000000e+000 -2.260193e-015
    outer loop
      vertex   1.244235e+000 5.690000e+000 1.435924e+000
      vertex   9.469422e-001 5.690000e+000 9.267823e-001
      vertex   1.343503e+000 5.690000e+000 1.343503e+000
    endloop
  endfacet
  facet normal -2.462463e-015 -1.000000e+000 -1.854676e-015
    outer loop
      vertex   1.023107e+000 5.690000e+000 8.419478e-001
      vertex   1.091698e+000 5.690000e+000 7.508798e-001
      vertex   1.521028e+000 5.690000e+000 1.138628e+000
    endloop
  endfacet
  facet normal -2.542926e-015 -1.000000e+000 -1.765585e-015
    outer loop
      vertex   1.521028e+000 5.690000e+000 1.138628e+000
      vertex   1.091698e+000 5.690000e+000 7.508798e-001
      vertex   1.598382e+000 5.690000e+000 1.027218e+000
    endloop
  endfacet
  facet normal -2.613341e-015 -1.000000e+000 -1.636474e-015
    outer loop
      vertex   1.598382e+000 5.690000e+000 1.027218e+000
      vertex   1.091698e+000 5.690000e+000 7.508798e-001
      vertex   1.152206e+000 5.690000e+000 6.542526e-001
    endloop
  endfacet
  facet normal -2.746881e-015 -1.000000e+000 -1.407059e-015
    outer loop
      vertex   1.667590e+000 5.690000e+000 9.105731e-001
      vertex   1.152206e+000 5.690000e+000 6.542526e-001
      vertex   1.204183e+000 5.690000e+000 5.527815e-001
    endloop
  endfacet
  facet normal -2.862347e-015 -1.000000e+000 -1.167623e-015
    outer loop
      vertex   1.728301e+000 5.690000e+000 7.892885e-001
      vertex   1.204183e+000 5.690000e+000 5.527815e-001
      vertex   1.247245e+000 5.690000e+000 4.472178e-001
    endloop
  endfacet
  facet normal -2.935617e-015 -1.000000e+000 -9.770672e-016
    outer loop
      vertex   1.780204e+000 5.690000e+000 6.639819e-001
      vertex   1.247245e+000 5.690000e+000 4.472178e-001
      vertex   1.823037e+000 5.690000e+000 5.352919e-001
    endloop
  endfacet
  facet normal -2.852460e-015 -1.000000e+000 -1.181527e-015
    outer loop
      vertex   1.780204e+000 5.690000e+000 6.639819e-001
      vertex   1.728301e+000 5.690000e+000 7.892885e-001
      vertex   1.247245e+000 5.690000e+000 4.472178e-001
    endloop
  endfacet
  facet normal -2.661344e-015 -1.000000e+000 -1.579048e-015
    outer loop
      vertex   1.598382e+000 5.690000e+000 1.027218e+000
      vertex   1.152206e+000 5.690000e+000 6.542526e-001
      vertex   1.667590e+000 5.690000e+000 9.105731e-001
    endloop
  endfacet
  facet normal -2.764739e-015 -1.000000e+000 -1.383929e-015
    outer loop
      vertex   1.667590e+000 5.690000e+000 9.105731e-001
      vertex   1.204183e+000 5.690000e+000 5.527815e-001
      vertex   1.728301e+000 5.690000e+000 7.892885e-001
    endloop
  endfacet
  facet normal -2.945102e-015 -1.000000e+000 -9.150576e-016
    outer loop
      vertex   1.247245e+000 5.690000e+000 4.472178e-001
      vertex   1.281073e+000 5.690000e+000 3.383431e-001
      vertex   1.823037e+000 5.690000e+000 5.352919e-001
    endloop
  endfacet
  facet normal -2.999430e-015 -1.000000e+000 -7.655589e-016
    outer loop
      vertex   1.823037e+000 5.690000e+000 5.352919e-001
      vertex   1.281073e+000 5.690000e+000 3.383431e-001
      vertex   1.856579e+000 5.690000e+000 4.038741e-001
    endloop
  endfacet
  facet normal -3.011651e-015 -1.000000e+000 -6.582303e-016
    outer loop
      vertex   1.856579e+000 5.690000e+000 4.038741e-001
      vertex   1.281073e+000 5.690000e+000 3.383431e-001
      vertex   1.305417e+000 5.690000e+000 2.269634e-001
    endloop
  endfacet
  facet normal -3.058028e-015 -1.000000e+000 -3.970198e-016
    outer loop
      vertex   1.880661e+000 5.690000e+000 2.703982e-001
      vertex   1.305417e+000 5.690000e+000 2.269634e-001
      vertex   1.320095e+000 5.690000e+000 1.139034e-001
    endloop
  endfacet
  facet normal -3.083975e-015 -1.000000e+000 -1.328025e-016
    outer loop
      vertex   1.895159e+000 5.690000e+000 1.355444e-001
      vertex   1.320095e+000 5.690000e+000 1.139034e-001
      vertex   1.325000e+000 5.690000e+000 1.622657e-016
    endloop
  endfacet
  facet normal -3.089316e-015 -1.000000e+000 1.103352e-016
    outer loop
      vertex   1.900000e+000 5.690000e+000 2.326829e-016
      vertex   1.325000e+000 5.690000e+000 1.622657e-016
      vertex   1.895159e+000 5.690000e+000 -1.355444e-001
    endloop
  endfacet
  facet normal -3.089316e-015 -1.000000e+000 -1.103352e-016
    outer loop
      vertex   1.900000e+000 5.690000e+000 2.326829e-016
      vertex   1.895159e+000 5.690000e+000 1.355444e-001
      vertex   1.325000e+000 5.690000e+000 1.622657e-016
    endloop
  endfacet
  facet normal -3.046503e-015 -1.000000e+000 -5.496496e-016
    outer loop
      vertex   1.856579e+000 5.690000e+000 4.038741e-001
      vertex   1.305417e+000 5.690000e+000 2.269634e-001
      vertex   1.880661e+000 5.690000e+000 2.703982e-001
    endloop
  endfacet
  facet normal -3.076525e-015 -1.000000e+000 -3.307607e-016
    outer loop
      vertex   1.880661e+000 5.690000e+000 2.703982e-001
      vertex   1.320095e+000 5.690000e+000 1.139034e-001
      vertex   1.895159e+000 5.690000e+000 1.355444e-001
    endloop
  endfacet
  facet normal 1.459017e-015 -1.000000e+000 -1.358393e-015
    outer loop
      vertex   -1.343503e+000 5.690000e+000 1.343503e+000
      vertex   -1.435924e+000 5.690000e+000 1.244235e+000
      vertex   -1.323773e+000 5.690000e+000 5.700446e-002
    endloop
  endfacet
  facet normal 1.661883e-015 -1.000000e+000 -1.339230e-015
    outer loop
      vertex   -1.323773e+000 5.690000e+000 5.700446e-002
      vertex   -1.435924e+000 5.690000e+000 1.244235e+000
      vertex   -1.521028e+000 5.690000e+000 1.138628e+000
    endloop
  endfacet
  facet normal 1.873321e-015 -1.000000e+000 -1.300670e-015
    outer loop
      vertex   -1.598382e+000 5.690000e+000 1.027218e+000
      vertex   -1.323773e+000 5.690000e+000 5.700446e-002
      vertex   -1.521028e+000 5.690000e+000 1.138628e+000
    endloop
  endfacet
  facet normal 2.089186e-015 -1.000000e+000 -1.239572e-015
    outer loop
      vertex   -1.598382e+000 5.690000e+000 1.027218e+000
      vertex   -1.667590e+000 5.690000e+000 9.105731e-001
      vertex   -1.323773e+000 5.690000e+000 5.700446e-002
    endloop
  endfacet
  facet normal 2.303717e-015 -1.000000e+000 -1.153159e-015
    outer loop
      vertex   -1.323773e+000 5.690000e+000 5.700446e-002
      vertex   -1.667590e+000 5.690000e+000 9.105731e-001
      vertex   -1.728301e+000 5.690000e+000 7.892885e-001
    endloop
  endfacet
  facet normal 2.509512e-015 -1.000000e+000 -1.039474e-015
    outer loop
      vertex   -1.780204e+000 5.690000e+000 6.639819e-001
      vertex   -1.323773e+000 5.690000e+000 5.700446e-002
      vertex   -1.728301e+000 5.690000e+000 7.892885e-001
    endloop
  endfacet
  facet normal 2.697774e-015 -1.000000e+000 -8.979054e-016
    outer loop
      vertex   -1.780204e+000 5.690000e+000 6.639819e-001
      vertex   -1.823037e+000 5.690000e+000 5.352919e-001
      vertex   -1.323773e+000 5.690000e+000 5.700446e-002
    endloop
  endfacet
  facet normal 2.858917e-015 -1.000000e+000 -7.296951e-016
    outer loop
      vertex   -1.323773e+000 5.690000e+000 5.700446e-002
      vertex   -1.823037e+000 5.690000e+000 5.352919e-001
      vertex   -1.856579e+000 5.690000e+000 4.038741e-001
    endloop
  endfacet
  facet normal 2.983528e-015 -1.000000e+000 -5.382877e-016
    outer loop
      vertex   -1.880661e+000 5.690000e+000 2.703982e-001
      vertex   -1.323773e+000 5.690000e+000 5.700446e-002
      vertex   -1.856579e+000 5.690000e+000 4.038741e-001
    endloop
  endfacet
  facet normal 9.993628e-001 0.000000e+000 3.569233e-002
    outer loop
      vertex   -1.895159e+000 5.260000e+000 -1.355444e-001
      vertex   -1.900000e+000 5.690000e+000 0.000000e+000
      vertex   -1.900000e+000 5.260000e+000 0.000000e+000
    endloop
  endfacet
  facet normal 9.993628e-001 -0.000000e+000 3.569233e-002
    outer loop
      vertex   -1.895159e+000 5.260000e+000 -1.355444e-001
      vertex   -1.895159e+000 5.690000e+000 -1.355444e-001
      vertex   -1.900000e+000 5.690000e+000 0.000000e+000
    endloop
  endfacet
  facet normal 9.942703e-001 0.000000e+000 1.068951e-001
    outer loop
      vertex   -1.895159e+000 5.260000e+000 -1.355444e-001
      vertex   -1.880661e+000 5.260000e+000 -2.703982e-001
      vertex   -1.895159e+000 5.690000e+000 -1.355444e-001
    endloop
  endfacet
  facet normal 9.942703e-001 -0.000000e+000 1.068951e-001
    outer loop
      vertex   -1.895159e+000 5.690000e+000 -1.355444e-001
      vertex   -1.880661e+000 5.260000e+000 -2.703982e-001
      vertex   -1.880661e+000 5.690000e+000 -2.703982e-001
    endloop
  endfacet
  facet normal 9.841112e-001 0.000000e+000 1.775532e-001
    outer loop
      vertex   -1.880661e+000 5.690000e+000 -2.703982e-001
      vertex   -1.880661e+000 5.260000e+000 -2.703982e-001
      vertex   -1.856579e+000 5.260000e+000 -4.038741e-001
    endloop
  endfacet
  facet normal 9.689373e-001 0.000000e+000 2.473065e-001
    outer loop
      vertex   -1.856579e+000 5.690000e+000 -4.038741e-001
      vertex   -1.856579e+000 5.260000e+000 -4.038741e-001
      vertex   -1.823037e+000 5.260000e+000 -5.352919e-001
    endloop
  endfacet
  facet normal 9.488259e-001 0.000000e+000 3.157996e-001
    outer loop
      vertex   -1.823037e+000 5.690000e+000 -5.352919e-001
      vertex   -1.823037e+000 5.260000e+000 -5.352919e-001
      vertex   -1.780204e+000 5.260000e+000 -6.639819e-001
    endloop
  endfacet
  facet normal 9.238795e-001 0.000000e+000 3.826834e-001
    outer loop
      vertex   -1.780204e+000 5.690000e+000 -6.639819e-001
      vertex   -1.780204e+000 5.260000e+000 -6.639819e-001
      vertex   -1.728301e+000 5.260000e+000 -7.892885e-001
    endloop
  endfacet
  facet normal 8.942253e-001 0.000000e+000 4.476172e-001
    outer loop
      vertex   -1.728301e+000 5.690000e+000 -7.892885e-001
      vertex   -1.728301e+000 5.260000e+000 -7.892885e-001
      vertex   -1.667590e+000 5.260000e+000 -9.105731e-001
    endloop
  endfacet
  facet normal 8.600142e-001 0.000000e+000 5.102700e-001
    outer loop
      vertex   -1.667590e+000 5.690000e+000 -9.105731e-001
      vertex   -1.667590e+000 5.260000e+000 -9.105731e-001
      vertex   -1.598382e+000 5.260000e+000 -1.027218e+000
    endloop
  endfacet
  facet normal 8.214208e-001 0.000000e+000 5.703226e-001
    outer loop
      vertex   -1.598382e+000 5.690000e+000 -1.027218e+000
      vertex   -1.598382e+000 5.260000e+000 -1.027218e+000
      vertex   -1.521028e+000 5.260000e+000 -1.138628e+000
    endloop
  endfacet
  facet normal 7.786415e-001 0.000000e+000 6.274690e-001
    outer loop
      vertex   -1.521028e+000 5.690000e+000 -1.138628e+000
      vertex   -1.521028e+000 5.260000e+000 -1.138628e+000
      vertex   -1.435924e+000 5.260000e+000 -1.244235e+000
    endloop
  endfacet
  facet normal 7.318945e-001 0.000000e+000 6.814179e-001
    outer loop
      vertex   -1.435924e+000 5.690000e+000 -1.244235e+000
      vertex   -1.435924e+000 5.260000e+000 -1.244235e+000
      vertex   -1.343503e+000 5.260000e+000 -1.343503e+000
    endloop
  endfacet
  facet normal 6.814179e-001 0.000000e+000 7.318945e-001
    outer loop
      vertex   -1.343503e+000 5.690000e+000 -1.343503e+000
      vertex   -1.343503e+000 5.260000e+000 -1.343503e+000
      vertex   -1.244235e+000 5.260000e+000 -1.435924e+000
    endloop
  endfacet
  facet normal 6.274690e-001 0.000000e+000 7.786415e-001
    outer loop
      vertex   -1.244235e+000 5.690000e+000 -1.435924e+000
      vertex   -1.244235e+000 5.260000e+000 -1.435924e+000
      vertex   -1.138628e+000 5.260000e+000 -1.521028e+000
    endloop
  endfacet
  facet normal 5.703226e-001 0.000000e+000 8.214208e-001
    outer loop
      vertex   -1.138628e+000 5.690000e+000 -1.521028e+000
      vertex   -1.138628e+000 5.260000e+000 -1.521028e+000
      vertex   -1.027218e+000 5.260000e+000 -1.598382e+000
    endloop
  endfacet
  facet normal 5.102700e-001 0.000000e+000 8.600142e-001
    outer loop
      vertex   -1.027218e+000 5.690000e+000 -1.598382e+000
      vertex   -1.027218e+000 5.260000e+000 -1.598382e+000
      vertex   -9.105731e-001 5.260000e+000 -1.667590e+000
    endloop
  endfacet
  facet normal 4.476172e-001 0.000000e+000 8.942253e-001
    outer loop
      vertex   -9.105731e-001 5.690000e+000 -1.667590e+000
      vertex   -9.105731e-001 5.260000e+000 -1.667590e+000
      vertex   -7.892885e-001 5.260000e+000 -1.728301e+000
    endloop
  endfacet
  facet normal 3.826834e-001 0.000000e+000 9.238795e-001
    outer loop
      vertex   -7.892885e-001 5.690000e+000 -1.728301e+000
      vertex   -7.892885e-001 5.260000e+000 -1.728301e+000
      vertex   -6.639819e-001 5.260000e+000 -1.780204e+000
    endloop
  endfacet
  facet normal 3.157996e-001 0.000000e+000 9.488259e-001
    outer loop
      vertex   -6.639819e-001 5.690000e+000 -1.780204e+000
      vertex   -6.639819e-001 5.260000e+000 -1.780204e+000
      vertex   -5.352919e-001 5.260000e+000 -1.823037e+000
    endloop
  endfacet
  facet normal 2.473065e-001 0.000000e+000 9.689373e-001
    outer loop
      vertex   -5.352919e-001 5.690000e+000 -1.823037e+000
      vertex   -5.352919e-001 5.260000e+000 -1.823037e+000
      vertex   -4.038741e-001 5.260000e+000 -1.856579e+000
    endloop
  endfacet
  facet normal 1.775532e-001 2.292135e-017 9.841112e-001
    outer loop
      vertex   -4.038741e-001 5.690000e+000 -1.856579e+000
      vertex   -4.038741e-001 5.260000e+000 -1.856579e+000
      vertex   -2.703982e-001 5.260000e+000 -1.880661e+000
    endloop
  endfacet
  facet normal 1.068951e-001 1.379970e-017 9.942703e-001
    outer loop
      vertex   -2.703982e-001 5.690000e+000 -1.880661e+000
      vertex   -2.703982e-001 5.260000e+000 -1.880661e+000
      vertex   -1.355444e-001 5.260000e+000 -1.895159e+000
    endloop
  endfacet
  facet normal 3.569233e-002 2.303863e-018 9.993628e-001
    outer loop
      vertex   -1.355444e-001 5.690000e+000 -1.895159e+000
      vertex   -1.355444e-001 5.260000e+000 -1.895159e+000
      vertex   -2.243734e-016 5.260000e+000 -1.900000e+000
    endloop
  endfacet
  facet normal -3.569233e-002 -2.603804e-018 9.993628e-001
    outer loop
      vertex   -2.557424e-016 5.690000e+000 -1.900000e+000
      vertex   -2.243734e-016 5.260000e+000 -1.900000e+000
      vertex   1.355444e-001 5.260000e+000 -1.895159e+000
    endloop
  endfacet
  facet normal -1.068951e-001 -6.899850e-018 9.942703e-001
    outer loop
      vertex   1.355444e-001 5.690000e+000 -1.895159e+000
      vertex   1.355444e-001 5.260000e+000 -1.895159e+000
      vertex   2.703982e-001 5.260000e+000 -1.880661e+000
    endloop
  endfacet
  facet normal -1.775532e-001 -2.292135e-017 9.841112e-001
    outer loop
      vertex   2.703982e-001 5.690000e+000 -1.880661e+000
      vertex   2.703982e-001 5.260000e+000 -1.880661e+000
      vertex   4.038741e-001 5.260000e+000 -1.856579e+000
    endloop
  endfacet
  facet normal -2.473065e-001 -3.192621e-017 9.689373e-001
    outer loop
      vertex   4.038741e-001 5.690000e+000 -1.856579e+000
      vertex   4.038741e-001 5.260000e+000 -1.856579e+000
      vertex   5.352919e-001 5.260000e+000 -1.823037e+000
    endloop
  endfacet
  facet normal -3.157996e-001 0.000000e+000 9.488259e-001
    outer loop
      vertex   5.352919e-001 5.690000e+000 -1.823037e+000
      vertex   5.352919e-001 5.260000e+000 -1.823037e+000
      vertex   6.639819e-001 5.260000e+000 -1.780204e+000
    endloop
  endfacet
  facet normal -3.826834e-001 0.000000e+000 9.238795e-001
    outer loop
      vertex   6.639819e-001 5.690000e+000 -1.780204e+000
      vertex   6.639819e-001 5.260000e+000 -1.780204e+000
      vertex   7.892885e-001 5.260000e+000 -1.728301e+000
    endloop
  endfacet
  facet normal -4.476172e-001 0.000000e+000 8.942253e-001
    outer loop
      vertex   7.892885e-001 5.690000e+000 -1.728301e+000
      vertex   7.892885e-001 5.260000e+000 -1.728301e+000
      vertex   9.105731e-001 5.260000e+000 -1.667590e+000
    endloop
  endfacet
  facet normal -5.102700e-001 0.000000e+000 8.600142e-001
    outer loop
      vertex   9.105731e-001 5.690000e+000 -1.667590e+000
      vertex   9.105731e-001 5.260000e+000 -1.667590e+000
      vertex   1.027218e+000 5.260000e+000 -1.598382e+000
    endloop
  endfacet
  facet normal -5.703226e-001 0.000000e+000 8.214208e-001
    outer loop
      vertex   1.027218e+000 5.690000e+000 -1.598382e+000
      vertex   1.027218e+000 5.260000e+000 -1.598382e+000
      vertex   1.138628e+000 5.260000e+000 -1.521028e+000
    endloop
  endfacet
  facet normal -6.274690e-001 0.000000e+000 7.786415e-001
    outer loop
      vertex   1.138628e+000 5.690000e+000 -1.521028e+000
      vertex   1.138628e+000 5.260000e+000 -1.521028e+000
      vertex   1.244235e+000 5.260000e+000 -1.435924e+000
    endloop
  endfacet
  facet normal -6.814179e-001 0.000000e+000 7.318945e-001
    outer loop
      vertex   1.244235e+000 5.690000e+000 -1.435924e+000
      vertex   1.244235e+000 5.260000e+000 -1.435924e+000
      vertex   1.343503e+000 5.260000e+000 -1.343503e+000
    endloop
  endfacet
  facet normal -7.318945e-001 0.000000e+000 6.814179e-001
    outer loop
      vertex   1.343503e+000 5.690000e+000 -1.343503e+000
      vertex   1.343503e+000 5.260000e+000 -1.343503e+000
      vertex   1.435924e+000 5.260000e+000 -1.244235e+000
    endloop
  endfacet
  facet normal -7.786415e-001 0.000000e+000 6.274690e-001
    outer loop
      vertex   1.435924e+000 5.690000e+000 -1.244235e+000
      vertex   1.435924e+000 5.260000e+000 -1.244235e+000
      vertex   1.521028e+000 5.260000e+000 -1.138628e+000
    endloop
  endfacet
  facet normal -8.214208e-001 0.000000e+000 5.703226e-001
    outer loop
      vertex   1.521028e+000 5.690000e+000 -1.138628e+000
      vertex   1.521028e+000 5.260000e+000 -1.138628e+000
      vertex   1.598382e+000 5.260000e+000 -1.027218e+000
    endloop
  endfacet
  facet normal -8.600142e-001 0.000000e+000 5.102700e-001
    outer loop
      vertex   1.598382e+000 5.690000e+000 -1.027218e+000
      vertex   1.598382e+000 5.260000e+000 -1.027218e+000
      vertex   1.667590e+000 5.260000e+000 -9.105731e-001
    endloop
  endfacet
  facet normal -8.942253e-001 0.000000e+000 4.476172e-001
    outer loop
      vertex   1.667590e+000 5.690000e+000 -9.105731e-001
      vertex   1.667590e+000 5.260000e+000 -9.105731e-001
      vertex   1.728301e+000 5.260000e+000 -7.892885e-001
    endloop
  endfacet
  facet normal -9.238795e-001 0.000000e+000 3.826834e-001
    outer loop
      vertex   1.728301e+000 5.690000e+000 -7.892885e-001
      vertex   1.728301e+000 5.260000e+000 -7.892885e-001
      vertex   1.780204e+000 5.260000e+000 -6.639819e-001
    endloop
  endfacet
  facet normal -9.488259e-001 0.000000e+000 3.157996e-001
    outer loop
      vertex   1.780204e+000 5.690000e+000 -6.639819e-001
      vertex   1.780204e+000 5.260000e+000 -6.639819e-001
      vertex   1.823037e+000 5.260000e+000 -5.352919e-001
    endloop
  endfacet
  facet normal -9.689373e-001 0.000000e+000 2.473065e-001
    outer loop
      vertex   1.823037e+000 5.690000e+000 -5.352919e-001
      vertex   1.823037e+000 5.260000e+000 -5.352919e-001
      vertex   1.856579e+000 5.260000e+000 -4.038741e-001
    endloop
  endfacet
  facet normal -9.841112e-001 0.000000e+000 1.775532e-001
    outer loop
      vertex   1.856579e+000 5.690000e+000 -4.038741e-001
      vertex   1.856579e+000 5.260000e+000 -4.038741e-001
      vertex   1.880661e+000 5.260000e+000 -2.703982e-001
    endloop
  endfacet
  facet normal -9.942703e-001 0.000000e+000 1.068951e-001
    outer loop
      vertex   1.880661e+000 5.690000e+000 -2.703982e-001
      vertex   1.880661e+000 5.260000e+000 -2.703982e-001
      vertex   1.895159e+000 5.260000e+000 -1.355444e-001
    endloop
  endfacet
  facet normal -9.993628e-001 0.000000e+000 3.569233e-002
    outer loop
      vertex   1.895159e+000 5.690000e+000 -1.355444e-001
      vertex   1.895159e+000 5.260000e+000 -1.355444e-001
      vertex   1.900000e+000 5.690000e+000 2.326829e-016
    endloop
  endfacet
  facet normal -9.942703e-001 0.000000e+000 1.068951e-001
    outer loop
      vertex   1.895159e+000 5.690000e+000 -1.355444e-001
      vertex   1.880661e+000 5.690000e+000 -2.703982e-001
      vertex   1.895159e+000 5.260000e+000 -1.355444e-001
    endloop
  endfacet
  facet normal 9.841112e-001 -0.000000e+000 1.775532e-001
    outer loop
      vertex   -1.880661e+000 5.690000e+000 -2.703982e-001
      vertex   -1.856579e+000 5.260000e+000 -4.038741e-001
      vertex   -1.856579e+000 5.690000e+000 -4.038741e-001
    endloop
  endfacet
  facet normal 9.689373e-001 -0.000000e+000 2.473065e-001
    outer loop
      vertex   -1.856579e+000 5.690000e+000 -4.038741e-001
      vertex   -1.823037e+000 5.260000e+000 -5.352919e-001
      vertex   -1.823037e+000 5.690000e+000 -5.352919e-001
    endloop
  endfacet
  facet normal 9.488259e-001 -0.000000e+000 3.157996e-001
    outer loop
      vertex   -1.823037e+000 5.690000e+000 -5.352919e-001
      vertex   -1.780204e+000 5.260000e+000 -6.639819e-001
      vertex   -1.780204e+000 5.690000e+000 -6.639819e-001
    endloop
  endfacet
  facet normal 9.238795e-001 -0.000000e+000 3.826834e-001
    outer loop
      vertex   -1.780204e+000 5.690000e+000 -6.639819e-001
      vertex   -1.728301e+000 5.260000e+000 -7.892885e-001
      vertex   -1.728301e+000 5.690000e+000 -7.892885e-001
    endloop
  endfacet
  facet normal 8.942253e-001 -0.000000e+000 4.476172e-001
    outer loop
      vertex   -1.728301e+000 5.690000e+000 -7.892885e-001
      vertex   -1.667590e+000 5.260000e+000 -9.105731e-001
      vertex   -1.667590e+000 5.690000e+000 -9.105731e-001
    endloop
  endfacet
  facet normal 8.600142e-001 -0.000000e+000 5.102700e-001
    outer loop
      vertex   -1.667590e+000 5.690000e+000 -9.105731e-001
      vertex   -1.598382e+000 5.260000e+000 -1.027218e+000
      vertex   -1.598382e+000 5.690000e+000 -1.027218e+000
    endloop
  endfacet
  facet normal 8.214208e-001 -0.000000e+000 5.703226e-001
    outer loop
      vertex   -1.598382e+000 5.690000e+000 -1.027218e+000
      vertex   -1.521028e+000 5.260000e+000 -1.138628e+000
      vertex   -1.521028e+000 5.690000e+000 -1.138628e+000
    endloop
  endfacet
  facet normal 7.786415e-001 -0.000000e+000 6.274690e-001
    outer loop
      vertex   -1.521028e+000 5.690000e+000 -1.138628e+000
      vertex   -1.435924e+000 5.260000e+000 -1.244235e+000
      vertex   -1.435924e+000 5.690000e+000 -1.244235e+000
    endloop
  endfacet
  facet normal 7.318945e-001 -0.000000e+000 6.814179e-001
    outer loop
      vertex   -1.435924e+000 5.690000e+000 -1.244235e+000
      vertex   -1.343503e+000 5.260000e+000 -1.343503e+000
      vertex   -1.343503e+000 5.690000e+000 -1.343503e+000
    endloop
  endfacet
  facet normal 6.814179e-001 -0.000000e+000 7.318945e-001
    outer loop
      vertex   -1.343503e+000 5.690000e+000 -1.343503e+000
      vertex   -1.244235e+000 5.260000e+000 -1.435924e+000
      vertex   -1.244235e+000 5.690000e+000 -1.435924e+000
    endloop
  endfacet
  facet normal 6.274690e-001 -0.000000e+000 7.786415e-001
    outer loop
      vertex   -1.244235e+000 5.690000e+000 -1.435924e+000
      vertex   -1.138628e+000 5.260000e+000 -1.521028e+000
      vertex   -1.138628e+000 5.690000e+000 -1.521028e+000
    endloop
  endfacet
  facet normal 5.703226e-001 -0.000000e+000 8.214208e-001
    outer loop
      vertex   -1.138628e+000 5.690000e+000 -1.521028e+000
      vertex   -1.027218e+000 5.260000e+000 -1.598382e+000
      vertex   -1.027218e+000 5.690000e+000 -1.598382e+000
    endloop
  endfacet
  facet normal 5.102700e-001 -0.000000e+000 8.600142e-001
    outer loop
      vertex   -1.027218e+000 5.690000e+000 -1.598382e+000
      vertex   -9.105731e-001 5.260000e+000 -1.667590e+000
      vertex   -9.105731e-001 5.690000e+000 -1.667590e+000
    endloop
  endfacet
  facet normal 4.476172e-001 -0.000000e+000 8.942253e-001
    outer loop
      vertex   -9.105731e-001 5.690000e+000 -1.667590e+000
      vertex   -7.892885e-001 5.260000e+000 -1.728301e+000
      vertex   -7.892885e-001 5.690000e+000 -1.728301e+000
    endloop
  endfacet
  facet normal 3.826834e-001 -0.000000e+000 9.238795e-001
    outer loop
      vertex   -7.892885e-001 5.690000e+000 -1.728301e+000
      vertex   -6.639819e-001 5.260000e+000 -1.780204e+000
      vertex   -6.639819e-001 5.690000e+000 -1.780204e+000
    endloop
  endfacet
  facet normal 3.157996e-001 -0.000000e+000 9.488259e-001
    outer loop
      vertex   -6.639819e-001 5.690000e+000 -1.780204e+000
      vertex   -5.352919e-001 5.260000e+000 -1.823037e+000
      vertex   -5.352919e-001 5.690000e+000 -1.823037e+000
    endloop
  endfacet
  facet normal 2.473065e-001 3.192621e-017 9.689373e-001
    outer loop
      vertex   -5.352919e-001 5.690000e+000 -1.823037e+000
      vertex   -4.038741e-001 5.260000e+000 -1.856579e+000
      vertex   -4.038741e-001 5.690000e+000 -1.856579e+000
    endloop
  endfacet
  facet normal 1.775532e-001 2.292135e-017 9.841112e-001
    outer loop
      vertex   -4.038741e-001 5.690000e+000 -1.856579e+000
      vertex   -2.703982e-001 5.260000e+000 -1.880661e+000
      vertex   -2.703982e-001 5.690000e+000 -1.880661e+000
    endloop
  endfacet
  facet normal 1.068951e-001 6.899850e-018 9.942703e-001
    outer loop
      vertex   -2.703982e-001 5.690000e+000 -1.880661e+000
      vertex   -1.355444e-001 5.260000e+000 -1.895159e+000
      vertex   -1.355444e-001 5.690000e+000 -1.895159e+000
    endloop
  endfacet
  facet normal 3.569233e-002 2.603804e-018 9.993628e-001
    outer loop
      vertex   -1.355444e-001 5.690000e+000 -1.895159e+000
      vertex   -2.243734e-016 5.260000e+000 -1.900000e+000
      vertex   -2.557424e-016 5.690000e+000 -1.900000e+000
    endloop
  endfacet
  facet normal -3.569233e-002 -2.303863e-018 9.993628e-001
    outer loop
      vertex   -2.557424e-016 5.690000e+000 -1.900000e+000
      vertex   1.355444e-001 5.260000e+000 -1.895159e+000
      vertex   1.355444e-001 5.690000e+000 -1.895159e+000
    endloop
  endfacet
  facet normal -1.068951e-001 -1.379970e-017 9.942703e-001
    outer loop
      vertex   1.355444e-001 5.690000e+000 -1.895159e+000
      vertex   2.703982e-001 5.260000e+000 -1.880661e+000
      vertex   2.703982e-001 5.690000e+000 -1.880661e+000
    endloop
  endfacet
  facet normal -1.775532e-001 -2.292135e-017 9.841112e-001
    outer loop
      vertex   2.703982e-001 5.690000e+000 -1.880661e+000
      vertex   4.038741e-001 5.260000e+000 -1.856579e+000
      vertex   4.038741e-001 5.690000e+000 -1.856579e+000
    endloop
  endfacet
  facet normal -2.473065e-001 0.000000e+000 9.689373e-001
    outer loop
      vertex   4.038741e-001 5.690000e+000 -1.856579e+000
      vertex   5.352919e-001 5.260000e+000 -1.823037e+000
      vertex   5.352919e-001 5.690000e+000 -1.823037e+000
    endloop
  endfacet
  facet normal -3.157996e-001 0.000000e+000 9.488259e-001
    outer loop
      vertex   5.352919e-001 5.690000e+000 -1.823037e+000
      vertex   6.639819e-001 5.260000e+000 -1.780204e+000
      vertex   6.639819e-001 5.690000e+000 -1.780204e+000
    endloop
  endfacet
  facet normal -3.826834e-001 0.000000e+000 9.238795e-001
    outer loop
      vertex   6.639819e-001 5.690000e+000 -1.780204e+000
      vertex   7.892885e-001 5.260000e+000 -1.728301e+000
      vertex   7.892885e-001 5.690000e+000 -1.728301e+000
    endloop
  endfacet
  facet normal -4.476172e-001 0.000000e+000 8.942253e-001
    outer loop
      vertex   7.892885e-001 5.690000e+000 -1.728301e+000
      vertex   9.105731e-001 5.260000e+000 -1.667590e+000
      vertex   9.105731e-001 5.690000e+000 -1.667590e+000
    endloop
  endfacet
  facet normal -5.102700e-001 0.000000e+000 8.600142e-001
    outer loop
      vertex   9.105731e-001 5.690000e+000 -1.667590e+000
      vertex   1.027218e+000 5.260000e+000 -1.598382e+000
      vertex   1.027218e+000 5.690000e+000 -1.598382e+000
    endloop
  endfacet
  facet normal -5.703226e-001 0.000000e+000 8.214208e-001
    outer loop
      vertex   1.027218e+000 5.690000e+000 -1.598382e+000
      vertex   1.138628e+000 5.260000e+000 -1.521028e+000
      vertex   1.138628e+000 5.690000e+000 -1.521028e+000
    endloop
  endfacet
  facet normal -6.274690e-001 0.000000e+000 7.786415e-001
    outer loop
      vertex   1.138628e+000 5.690000e+000 -1.521028e+000
      vertex   1.244235e+000 5.260000e+000 -1.435924e+000
      vertex   1.244235e+000 5.690000e+000 -1.435924e+000
    endloop
  endfacet
  facet normal -6.814179e-001 0.000000e+000 7.318945e-001
    outer loop
      vertex   1.244235e+000 5.690000e+000 -1.435924e+000
      vertex   1.343503e+000 5.260000e+000 -1.343503e+000
      vertex   1.343503e+000 5.690000e+000 -1.343503e+000
    endloop
  endfacet
  facet normal -7.318945e-001 0.000000e+000 6.814179e-001
    outer loop
      vertex   1.343503e+000 5.690000e+000 -1.343503e+000
      vertex   1.435924e+000 5.260000e+000 -1.244235e+000
      vertex   1.435924e+000 5.690000e+000 -1.244235e+000
    endloop
  endfacet
  facet normal -7.786415e-001 0.000000e+000 6.274690e-001
    outer loop
      vertex   1.435924e+000 5.690000e+000 -1.244235e+000
      vertex   1.521028e+000 5.260000e+000 -1.138628e+000
      vertex   1.521028e+000 5.690000e+000 -1.138628e+000
    endloop
  endfacet
  facet normal -8.214208e-001 0.000000e+000 5.703226e-001
    outer loop
      vertex   1.521028e+000 5.690000e+000 -1.138628e+000
      vertex   1.598382e+000 5.260000e+000 -1.027218e+000
      vertex   1.598382e+000 5.690000e+000 -1.027218e+000
    endloop
  endfacet
  facet normal -8.600142e-001 0.000000e+000 5.102700e-001
    outer loop
      vertex   1.598382e+000 5.690000e+000 -1.027218e+000
      vertex   1.667590e+000 5.260000e+000 -9.105731e-001
      vertex   1.667590e+000 5.690000e+000 -9.105731e-001
    endloop
  endfacet
  facet normal -8.942253e-001 0.000000e+000 4.476172e-001
    outer loop
      vertex   1.667590e+000 5.690000e+000 -9.105731e-001
      vertex   1.728301e+000 5.260000e+000 -7.892885e-001
      vertex   1.728301e+000 5.690000e+000 -7.892885e-001
    endloop
  endfacet
  facet normal -9.238795e-001 0.000000e+000 3.826834e-001
    outer loop
      vertex   1.728301e+000 5.690000e+000 -7.892885e-001
      vertex   1.780204e+000 5.260000e+000 -6.639819e-001
      vertex   1.780204e+000 5.690000e+000 -6.639819e-001
    endloop
  endfacet
  facet normal -9.488259e-001 0.000000e+000 3.157996e-001
    outer loop
      vertex   1.780204e+000 5.690000e+000 -6.639819e-001
      vertex   1.823037e+000 5.260000e+000 -5.352919e-001
      vertex   1.823037e+000 5.690000e+000 -5.352919e-001
    endloop
  endfacet
  facet normal -9.689373e-001 0.000000e+000 2.473065e-001
    outer loop
      vertex   1.823037e+000 5.690000e+000 -5.352919e-001
      vertex   1.856579e+000 5.260000e+000 -4.038741e-001
      vertex   1.856579e+000 5.690000e+000 -4.038741e-001
    endloop
  endfacet
  facet normal -9.841112e-001 0.000000e+000 1.775532e-001
    outer loop
      vertex   1.856579e+000 5.690000e+000 -4.038741e-001
      vertex   1.880661e+000 5.260000e+000 -2.703982e-001
      vertex   1.880661e+000 5.690000e+000 -2.703982e-001
    endloop
  endfacet
  facet normal -9.993628e-001 0.000000e+000 3.569233e-002
    outer loop
      vertex   1.895159e+000 5.260000e+000 -1.355444e-001
      vertex   1.900000e+000 5.260000e+000 2.326829e-016
      vertex   1.900000e+000 5.690000e+000 2.326829e-016
    endloop
  endfacet
  facet normal -9.993628e-001 -0.000000e+000 -3.569233e-002
    outer loop
      vertex   1.900000e+000 5.690000e+000 2.326829e-016
      vertex   1.900000e+000 5.260000e+000 2.326829e-016
      vertex   1.895159e+000 5.690000e+000 1.355444e-001
    endloop
  endfacet
  facet normal -9.993628e-001 0.000000e+000 -3.569233e-002
    outer loop
      vertex   1.895159e+000 5.690000e+000 1.355444e-001
      vertex   1.900000e+000 5.260000e+000 2.326829e-016
      vertex   1.895159e+000 5.260000e+000 1.355444e-001
    endloop
  endfacet
  facet normal -9.942703e-001 -0.000000e+000 -1.068951e-001
    outer loop
      vertex   1.880661e+000 5.260000e+000 2.703982e-001
      vertex   1.895159e+000 5.690000e+000 1.355444e-001
      vertex   1.895159e+000 5.260000e+000 1.355444e-001
    endloop
  endfacet
  facet normal -9.942703e-001 0.000000e+000 -1.068951e-001
    outer loop
      vertex   1.880661e+000 5.260000e+000 2.703982e-001
      vertex   1.880661e+000 5.690000e+000 2.703982e-001
      vertex   1.895159e+000 5.690000e+000 1.355444e-001
    endloop
  endfacet
  facet normal -9.841112e-001 0.000000e+000 -1.775532e-001
    outer loop
      vertex   1.880661e+000 5.260000e+000 2.703982e-001
      vertex   1.856579e+000 5.260000e+000 4.038741e-001
      vertex   1.880661e+000 5.690000e+000 2.703982e-001
    endloop
  endfacet
  facet normal -9.841112e-001 0.000000e+000 -1.775532e-001
    outer loop
      vertex   1.880661e+000 5.690000e+000 2.703982e-001
      vertex   1.856579e+000 5.260000e+000 4.038741e-001
      vertex   1.856579e+000 5.690000e+000 4.038741e-001
    endloop
  endfacet
  facet normal -9.689373e-001 -0.000000e+000 -2.473065e-001
    outer loop
      vertex   1.856579e+000 5.690000e+000 4.038741e-001
      vertex   1.856579e+000 5.260000e+000 4.038741e-001
      vertex   1.823037e+000 5.260000e+000 5.352919e-001
    endloop
  endfacet
  facet normal -9.488259e-001 -0.000000e+000 -3.157996e-001
    outer loop
      vertex   1.823037e+000 5.690000e+000 5.352919e-001
      vertex   1.823037e+000 5.260000e+000 5.352919e-001
      vertex   1.780204e+000 5.260000e+000 6.639819e-001
    endloop
  endfacet
  facet normal -9.238795e-001 -0.000000e+000 -3.826834e-001
    outer loop
      vertex   1.780204e+000 5.690000e+000 6.639819e-001
      vertex   1.780204e+000 5.260000e+000 6.639819e-001
      vertex   1.728301e+000 5.260000e+000 7.892885e-001
    endloop
  endfacet
  facet normal -8.942253e-001 -0.000000e+000 -4.476172e-001
    outer loop
      vertex   1.728301e+000 5.690000e+000 7.892885e-001
      vertex   1.728301e+000 5.260000e+000 7.892885e-001
      vertex   1.667590e+000 5.260000e+000 9.105731e-001
    endloop
  endfacet
  facet normal -8.600142e-001 -0.000000e+000 -5.102700e-001
    outer loop
      vertex   1.667590e+000 5.690000e+000 9.105731e-001
      vertex   1.667590e+000 5.260000e+000 9.105731e-001
      vertex   1.598382e+000 5.260000e+000 1.027218e+000
    endloop
  endfacet
  facet normal -8.214208e-001 -0.000000e+000 -5.703226e-001
    outer loop
      vertex   1.598382e+000 5.690000e+000 1.027218e+000
      vertex   1.598382e+000 5.260000e+000 1.027218e+000
      vertex   1.521028e+000 5.260000e+000 1.138628e+000
    endloop
  endfacet
  facet normal -7.786415e-001 -0.000000e+000 -6.274690e-001
    outer loop
      vertex   1.521028e+000 5.690000e+000 1.138628e+000
      vertex   1.521028e+000 5.260000e+000 1.138628e+000
      vertex   1.435924e+000 5.260000e+000 1.244235e+000
    endloop
  endfacet
  facet normal -7.318945e-001 -0.000000e+000 -6.814179e-001
    outer loop
      vertex   1.435924e+000 5.690000e+000 1.244235e+000
      vertex   1.435924e+000 5.260000e+000 1.244235e+000
      vertex   1.343503e+000 5.260000e+000 1.343503e+000
    endloop
  endfacet
  facet normal -6.814179e-001 -0.000000e+000 -7.318945e-001
    outer loop
      vertex   1.343503e+000 5.690000e+000 1.343503e+000
      vertex   1.343503e+000 5.260000e+000 1.343503e+000
      vertex   1.244235e+000 5.260000e+000 1.435924e+000
    endloop
  endfacet
  facet normal -6.274690e-001 -0.000000e+000 -7.786415e-001
    outer loop
      vertex   1.244235e+000 5.690000e+000 1.435924e+000
      vertex   1.244235e+000 5.260000e+000 1.435924e+000
      vertex   1.138628e+000 5.260000e+000 1.521028e+000
    endloop
  endfacet
  facet normal -5.703226e-001 -0.000000e+000 -8.214208e-001
    outer loop
      vertex   1.138628e+000 5.690000e+000 1.521028e+000
      vertex   1.138628e+000 5.260000e+000 1.521028e+000
      vertex   1.027218e+000 5.260000e+000 1.598382e+000
    endloop
  endfacet
  facet normal -5.102700e-001 -0.000000e+000 -8.600142e-001
    outer loop
      vertex   1.027218e+000 5.690000e+000 1.598382e+000
      vertex   1.027218e+000 5.260000e+000 1.598382e+000
      vertex   9.105731e-001 5.260000e+000 1.667590e+000
    endloop
  endfacet
  facet normal -4.476172e-001 -0.000000e+000 -8.942253e-001
    outer loop
      vertex   9.105731e-001 5.690000e+000 1.667590e+000
      vertex   9.105731e-001 5.260000e+000 1.667590e+000
      vertex   7.892885e-001 5.260000e+000 1.728301e+000
    endloop
  endfacet
  facet normal -3.826834e-001 -0.000000e+000 -9.238795e-001
    outer loop
      vertex   7.892885e-001 5.690000e+000 1.728301e+000
      vertex   7.892885e-001 5.260000e+000 1.728301e+000
      vertex   6.639819e-001 5.260000e+000 1.780204e+000
    endloop
  endfacet
  facet normal -3.157996e-001 -0.000000e+000 -9.488259e-001
    outer loop
      vertex   6.639819e-001 5.690000e+000 1.780204e+000
      vertex   6.639819e-001 5.260000e+000 1.780204e+000
      vertex   5.352919e-001 5.260000e+000 1.823037e+000
    endloop
  endfacet
  facet normal -2.473065e-001 -0.000000e+000 -9.689373e-001
    outer loop
      vertex   5.352919e-001 5.690000e+000 1.823037e+000
      vertex   5.352919e-001 5.260000e+000 1.823037e+000
      vertex   4.038741e-001 5.260000e+000 1.856579e+000
    endloop
  endfacet
  facet normal -1.775532e-001 -2.292135e-017 -9.841112e-001
    outer loop
      vertex   4.038741e-001 5.690000e+000 1.856579e+000
      vertex   4.038741e-001 5.260000e+000 1.856579e+000
      vertex   2.703982e-001 5.260000e+000 1.880661e+000
    endloop
  endfacet
  facet normal -1.068951e-001 -1.379970e-017 -9.942703e-001
    outer loop
      vertex   2.703982e-001 5.690000e+000 1.880661e+000
      vertex   2.703982e-001 5.260000e+000 1.880661e+000
      vertex   1.355444e-001 5.260000e+000 1.895159e+000
    endloop
  endfacet
  facet normal -3.569233e-002 -2.303863e-018 -9.993628e-001
    outer loop
      vertex   1.355444e-001 5.690000e+000 1.895159e+000
      vertex   1.355444e-001 5.260000e+000 1.895159e+000
      vertex   -6.897391e-016 5.260000e+000 1.900000e+000
    endloop
  endfacet
  facet normal 3.569233e-002 2.603804e-018 -9.993628e-001
    outer loop
      vertex   -7.211082e-016 5.690000e+000 1.900000e+000
      vertex   -6.897391e-016 5.260000e+000 1.900000e+000
      vertex   -1.355444e-001 5.260000e+000 1.895159e+000
    endloop
  endfacet
  facet normal 1.068951e-001 6.899850e-018 -9.942703e-001
    outer loop
      vertex   -1.355444e-001 5.690000e+000 1.895159e+000
      vertex   -1.355444e-001 5.260000e+000 1.895159e+000
      vertex   -2.703982e-001 5.260000e+000 1.880661e+000
    endloop
  endfacet
  facet normal 1.775532e-001 2.292135e-017 -9.841112e-001
    outer loop
      vertex   -2.703982e-001 5.690000e+000 1.880661e+000
      vertex   -2.703982e-001 5.260000e+000 1.880661e+000
      vertex   -4.038741e-001 5.260000e+000 1.856579e+000
    endloop
  endfacet
  facet normal 2.473065e-001 3.192621e-017 -9.689373e-001
    outer loop
      vertex   -4.038741e-001 5.690000e+000 1.856579e+000
      vertex   -4.038741e-001 5.260000e+000 1.856579e+000
      vertex   -5.352919e-001 5.260000e+000 1.823037e+000
    endloop
  endfacet
  facet normal 3.157996e-001 0.000000e+000 -9.488259e-001
    outer loop
      vertex   -5.352919e-001 5.690000e+000 1.823037e+000
      vertex   -5.352919e-001 5.260000e+000 1.823037e+000
      vertex   -6.639819e-001 5.260000e+000 1.780204e+000
    endloop
  endfacet
  facet normal 3.826834e-001 0.000000e+000 -9.238795e-001
    outer loop
      vertex   -6.639819e-001 5.690000e+000 1.780204e+000
      vertex   -6.639819e-001 5.260000e+000 1.780204e+000
      vertex   -7.892885e-001 5.260000e+000 1.728301e+000
    endloop
  endfacet
  facet normal 4.476172e-001 0.000000e+000 -8.942253e-001
    outer loop
      vertex   -7.892885e-001 5.690000e+000 1.728301e+000
      vertex   -7.892885e-001 5.260000e+000 1.728301e+000
      vertex   -9.105731e-001 5.260000e+000 1.667590e+000
    endloop
  endfacet
  facet normal 5.102700e-001 0.000000e+000 -8.600142e-001
    outer loop
      vertex   -9.105731e-001 5.690000e+000 1.667590e+000
      vertex   -9.105731e-001 5.260000e+000 1.667590e+000
      vertex   -1.027218e+000 5.260000e+000 1.598382e+000
    endloop
  endfacet
  facet normal 5.703226e-001 0.000000e+000 -8.214208e-001
    outer loop
      vertex   -1.027218e+000 5.690000e+000 1.598382e+000
      vertex   -1.027218e+000 5.260000e+000 1.598382e+000
      vertex   -1.138628e+000 5.260000e+000 1.521028e+000
    endloop
  endfacet
  facet normal 6.274690e-001 0.000000e+000 -7.786415e-001
    outer loop
      vertex   -1.138628e+000 5.690000e+000 1.521028e+000
      vertex   -1.138628e+000 5.260000e+000 1.521028e+000
      vertex   -1.244235e+000 5.260000e+000 1.435924e+000
    endloop
  endfacet
  facet normal 6.814179e-001 0.000000e+000 -7.318945e-001
    outer loop
      vertex   -1.244235e+000 5.690000e+000 1.435924e+000
      vertex   -1.244235e+000 5.260000e+000 1.435924e+000
      vertex   -1.343503e+000 5.260000e+000 1.343503e+000
    endloop
  endfacet
  facet normal 7.318945e-001 0.000000e+000 -6.814179e-001
    outer loop
      vertex   -1.343503e+000 5.690000e+000 1.343503e+000
      vertex   -1.343503e+000 5.260000e+000 1.343503e+000
      vertex   -1.435924e+000 5.260000e+000 1.244235e+000
    endloop
  endfacet
  facet normal 7.786415e-001 0.000000e+000 -6.274690e-001
    outer loop
      vertex   -1.435924e+000 5.690000e+000 1.244235e+000
      vertex   -1.435924e+000 5.260000e+000 1.244235e+000
      vertex   -1.521028e+000 5.260000e+000 1.138628e+000
    endloop
  endfacet
  facet normal 8.214208e-001 0.000000e+000 -5.703226e-001
    outer loop
      vertex   -1.521028e+000 5.690000e+000 1.138628e+000
      vertex   -1.521028e+000 5.260000e+000 1.138628e+000
      vertex   -1.598382e+000 5.260000e+000 1.027218e+000
    endloop
  endfacet
  facet normal 8.600142e-001 0.000000e+000 -5.102700e-001
    outer loop
      vertex   -1.598382e+000 5.690000e+000 1.027218e+000
      vertex   -1.598382e+000 5.260000e+000 1.027218e+000
      vertex   -1.667590e+000 5.260000e+000 9.105731e-001
    endloop
  endfacet
  facet normal 8.942253e-001 0.000000e+000 -4.476172e-001
    outer loop
      vertex   -1.667590e+000 5.690000e+000 9.105731e-001
      vertex   -1.667590e+000 5.260000e+000 9.105731e-001
      vertex   -1.728301e+000 5.260000e+000 7.892885e-001
    endloop
  endfacet
  facet normal 9.238795e-001 0.000000e+000 -3.826834e-001
    outer loop
      vertex   -1.728301e+000 5.690000e+000 7.892885e-001
      vertex   -1.728301e+000 5.260000e+000 7.892885e-001
      vertex   -1.780204e+000 5.260000e+000 6.639819e-001
    endloop
  endfacet
  facet normal 9.488259e-001 0.000000e+000 -3.157996e-001
    outer loop
      vertex   -1.780204e+000 5.690000e+000 6.639819e-001
      vertex   -1.780204e+000 5.260000e+000 6.639819e-001
      vertex   -1.823037e+000 5.260000e+000 5.352919e-001
    endloop
  endfacet
  facet normal 9.689373e-001 0.000000e+000 -2.473065e-001
    outer loop
      vertex   -1.823037e+000 5.690000e+000 5.352919e-001
      vertex   -1.823037e+000 5.260000e+000 5.352919e-001
      vertex   -1.856579e+000 5.260000e+000 4.038741e-001
    endloop
  endfacet
  facet normal 9.841112e-001 0.000000e+000 -1.775532e-001
    outer loop
      vertex   -1.856579e+000 5.690000e+000 4.038741e-001
      vertex   -1.856579e+000 5.260000e+000 4.038741e-001
      vertex   -1.880661e+000 5.260000e+000 2.703982e-001
    endloop
  endfacet
  facet normal 9.942703e-001 0.000000e+000 -1.068951e-001
    outer loop
      vertex   -1.880661e+000 5.690000e+000 2.703982e-001
      vertex   -1.880661e+000 5.260000e+000 2.703982e-001
      vertex   -1.895159e+000 5.260000e+000 1.355444e-001
    endloop
  endfacet
  facet normal 9.993628e-001 0.000000e+000 -3.569233e-002
    outer loop
      vertex   -1.895159e+000 5.690000e+000 1.355444e-001
      vertex   -1.895159e+000 5.260000e+000 1.355444e-001
      vertex   -1.900000e+000 5.260000e+000 0.000000e+000
    endloop
  endfacet
  facet normal 9.993628e-001 0.000000e+000 -3.569233e-002
    outer loop
      vertex   -1.900000e+000 5.690000e+000 0.000000e+000
      vertex   -1.895159e+000 5.690000e+000 1.355444e-001
      vertex   -1.900000e+000 5.260000e+000 0.000000e+000
    endloop
  endfacet
  facet normal -9.689373e-001 0.000000e+000 -2.473065e-001
    outer loop
      vertex   1.856579e+000 5.690000e+000 4.038741e-001
      vertex   1.823037e+000 5.260000e+000 5.352919e-001
      vertex   1.823037e+000 5.690000e+000 5.352919e-001
    endloop
  endfacet
  facet normal -9.488259e-001 0.000000e+000 -3.157996e-001
    outer loop
      vertex   1.823037e+000 5.690000e+000 5.352919e-001
      vertex   1.780204e+000 5.260000e+000 6.639819e-001
      vertex   1.780204e+000 5.690000e+000 6.639819e-001
    endloop
  endfacet
  facet normal -9.238795e-001 0.000000e+000 -3.826834e-001
    outer loop
      vertex   1.780204e+000 5.690000e+000 6.639819e-001
      vertex   1.728301e+000 5.260000e+000 7.892885e-001
      vertex   1.728301e+000 5.690000e+000 7.892885e-001
    endloop
  endfacet
  facet normal -8.942253e-001 0.000000e+000 -4.476172e-001
    outer loop
      vertex   1.728301e+000 5.690000e+000 7.892885e-001
      vertex   1.667590e+000 5.260000e+000 9.105731e-001
      vertex   1.667590e+000 5.690000e+000 9.105731e-001
    endloop
  endfacet
  facet normal -8.600142e-001 0.000000e+000 -5.102700e-001
    outer loop
      vertex   1.667590e+000 5.690000e+000 9.105731e-001
      vertex   1.598382e+000 5.260000e+000 1.027218e+000
      vertex   1.598382e+000 5.690000e+000 1.027218e+000
    endloop
  endfacet
  facet normal -8.214208e-001 0.000000e+000 -5.703226e-001
    outer loop
      vertex   1.598382e+000 5.690000e+000 1.027218e+000
      vertex   1.521028e+000 5.260000e+000 1.138628e+000
      vertex   1.521028e+000 5.690000e+000 1.138628e+000
    endloop
  endfacet
  facet normal -7.786415e-001 0.000000e+000 -6.274690e-001
    outer loop
      vertex   1.521028e+000 5.690000e+000 1.138628e+000
      vertex   1.435924e+000 5.260000e+000 1.244235e+000
      vertex   1.435924e+000 5.690000e+000 1.244235e+000
    endloop
  endfacet
  facet normal -7.318945e-001 0.000000e+000 -6.814179e-001
    outer loop
      vertex   1.435924e+000 5.690000e+000 1.244235e+000
      vertex   1.343503e+000 5.260000e+000 1.343503e+000
      vertex   1.343503e+000 5.690000e+000 1.343503e+000
    endloop
  endfacet
  facet normal -6.814179e-001 0.000000e+000 -7.318945e-001
    outer loop
      vertex   1.343503e+000 5.690000e+000 1.343503e+000
      vertex   1.244235e+000 5.260000e+000 1.435924e+000
      vertex   1.244235e+000 5.690000e+000 1.435924e+000
    endloop
  endfacet
  facet normal -6.274690e-001 0.000000e+000 -7.786415e-001
    outer loop
      vertex   1.244235e+000 5.690000e+000 1.435924e+000
      vertex   1.138628e+000 5.260000e+000 1.521028e+000
      vertex   1.138628e+000 5.690000e+000 1.521028e+000
    endloop
  endfacet
  facet normal -5.703226e-001 0.000000e+000 -8.214208e-001
    outer loop
      vertex   1.138628e+000 5.690000e+000 1.521028e+000
      vertex   1.027218e+000 5.260000e+000 1.598382e+000
      vertex   1.027218e+000 5.690000e+000 1.598382e+000
    endloop
  endfacet
  facet normal -5.102700e-001 0.000000e+000 -8.600142e-001
    outer loop
      vertex   1.027218e+000 5.690000e+000 1.598382e+000
      vertex   9.105731e-001 5.260000e+000 1.667590e+000
      vertex   9.105731e-001 5.690000e+000 1.667590e+000
    endloop
  endfacet
  facet normal -4.476172e-001 0.000000e+000 -8.942253e-001
    outer loop
      vertex   9.105731e-001 5.690000e+000 1.667590e+000
      vertex   7.892885e-001 5.260000e+000 1.728301e+000
      vertex   7.892885e-001 5.690000e+000 1.728301e+000
    endloop
  endfacet
  facet normal -3.826834e-001 0.000000e+000 -9.238795e-001
    outer loop
      vertex   7.892885e-001 5.690000e+000 1.728301e+000
      vertex   6.639819e-001 5.260000e+000 1.780204e+000
      vertex   6.639819e-001 5.690000e+000 1.780204e+000
    endloop
  endfacet
  facet normal -3.157996e-001 0.000000e+000 -9.488259e-001
    outer loop
      vertex   6.639819e-001 5.690000e+000 1.780204e+000
      vertex   5.352919e-001 5.260000e+000 1.823037e+000
      vertex   5.352919e-001 5.690000e+000 1.823037e+000
    endloop
  endfacet
  facet normal -2.473065e-001 -3.192621e-017 -9.689373e-001
    outer loop
      vertex   5.352919e-001 5.690000e+000 1.823037e+000
      vertex   4.038741e-001 5.260000e+000 1.856579e+000
      vertex   4.038741e-001 5.690000e+000 1.856579e+000
    endloop
  endfacet
  facet normal -1.775532e-001 -2.292135e-017 -9.841112e-001
    outer loop
      vertex   4.038741e-001 5.690000e+000 1.856579e+000
      vertex   2.703982e-001 5.260000e+000 1.880661e+000
      vertex   2.703982e-001 5.690000e+000 1.880661e+000
    endloop
  endfacet
  facet normal -1.068951e-001 -6.899850e-018 -9.942703e-001
    outer loop
      vertex   2.703982e-001 5.690000e+000 1.880661e+000
      vertex   1.355444e-001 5.260000e+000 1.895159e+000
      vertex   1.355444e-001 5.690000e+000 1.895159e+000
    endloop
  endfacet
  facet normal -3.569233e-002 -2.603804e-018 -9.993628e-001
    outer loop
      vertex   1.355444e-001 5.690000e+000 1.895159e+000
      vertex   -6.897391e-016 5.260000e+000 1.900000e+000
      vertex   -7.211082e-016 5.690000e+000 1.900000e+000
    endloop
  endfacet
  facet normal 3.569233e-002 2.303863e-018 -9.993628e-001
    outer loop
      vertex   -7.211082e-016 5.690000e+000 1.900000e+000
      vertex   -1.355444e-001 5.260000e+000 1.895159e+000
      vertex   -1.355444e-001 5.690000e+000 1.895159e+000
    endloop
  endfacet
  facet normal 1.068951e-001 1.379970e-017 -9.942703e-001
    outer loop
      vertex   -1.355444e-001 5.690000e+000 1.895159e+000
      vertex   -2.703982e-001 5.260000e+000 1.880661e+000
      vertex   -2.703982e-001 5.690000e+000 1.880661e+000
    endloop
  endfacet
  facet normal 1.775532e-001 2.292135e-017 -9.841112e-001
    outer loop
      vertex   -2.703982e-001 5.690000e+000 1.880661e+000
      vertex   -4.038741e-001 5.260000e+000 1.856579e+000
      vertex   -4.038741e-001 5.690000e+000 1.856579e+000
    endloop
  endfacet
  facet normal 2.473065e-001 0.000000e+000 -9.689373e-001
    outer loop
      vertex   -4.038741e-001 5.690000e+000 1.856579e+000
      vertex   -5.352919e-001 5.260000e+000 1.823037e+000
      vertex   -5.352919e-001 5.690000e+000 1.823037e+000
    endloop
  endfacet
  facet normal 3.157996e-001 0.000000e+000 -9.488259e-001
    outer loop
      vertex   -5.352919e-001 5.690000e+000 1.823037e+000
      vertex   -6.639819e-001 5.260000e+000 1.780204e+000
      vertex   -6.639819e-001 5.690000e+000 1.780204e+000
    endloop
  endfacet
  facet normal 3.826834e-001 0.000000e+000 -9.238795e-001
    outer loop
      vertex   -6.639819e-001 5.690000e+000 1.780204e+000
      vertex   -7.892885e-001 5.260000e+000 1.728301e+000
      vertex   -7.892885e-001 5.690000e+000 1.728301e+000
    endloop
  endfacet
  facet normal 4.476172e-001 0.000000e+000 -8.942253e-001
    outer loop
      vertex   -7.892885e-001 5.690000e+000 1.728301e+000
      vertex   -9.105731e-001 5.260000e+000 1.667590e+000
      vertex   -9.105731e-001 5.690000e+000 1.667590e+000
    endloop
  endfacet
  facet normal 5.102700e-001 0.000000e+000 -8.600142e-001
    outer loop
      vertex   -9.105731e-001 5.690000e+000 1.667590e+000
      vertex   -1.027218e+000 5.260000e+000 1.598382e+000
      vertex   -1.027218e+000 5.690000e+000 1.598382e+000
    endloop
  endfacet
  facet normal 5.703226e-001 0.000000e+000 -8.214208e-001
    outer loop
      vertex   -1.027218e+000 5.690000e+000 1.598382e+000
      vertex   -1.138628e+000 5.260000e+000 1.521028e+000
      vertex   -1.138628e+000 5.690000e+000 1.521028e+000
    endloop
  endfacet
  facet normal 6.274690e-001 0.000000e+000 -7.786415e-001
    outer loop
      vertex   -1.138628e+000 5.690000e+000 1.521028e+000
      vertex   -1.244235e+000 5.260000e+000 1.435924e+000
      vertex   -1.244235e+000 5.690000e+000 1.435924e+000
    endloop
  endfacet
  facet normal 6.814179e-001 0.000000e+000 -7.318945e-001
    outer loop
      vertex   -1.244235e+000 5.690000e+000 1.435924e+000
      vertex   -1.343503e+000 5.260000e+000 1.343503e+000
      vertex   -1.343503e+000 5.690000e+000 1.343503e+000
    endloop
  endfacet
  facet normal 7.318945e-001 0.000000e+000 -6.814179e-001
    outer loop
      vertex   -1.343503e+000 5.690000e+000 1.343503e+000
      vertex   -1.435924e+000 5.260000e+000 1.244235e+000
      vertex   -1.435924e+000 5.690000e+000 1.244235e+000
    endloop
  endfacet
  facet normal 7.786415e-001 0.000000e+000 -6.274690e-001
    outer loop
      vertex   -1.435924e+000 5.690000e+000 1.244235e+000
      vertex   -1.521028e+000 5.260000e+000 1.138628e+000
      vertex   -1.521028e+000 5.690000e+000 1.138628e+000
    endloop
  endfacet
  facet normal 8.214208e-001 0.000000e+000 -5.703226e-001
    outer loop
      vertex   -1.521028e+000 5.690000e+000 1.138628e+000
      vertex   -1.598382e+000 5.260000e+000 1.027218e+000
      vertex   -1.598382e+000 5.690000e+000 1.027218e+000
    endloop
  endfacet
  facet normal 8.600142e-001 0.000000e+000 -5.102700e-001
    outer loop
      vertex   -1.598382e+000 5.690000e+000 1.027218e+000
      vertex   -1.667590e+000 5.260000e+000 9.105731e-001
      vertex   -1.667590e+000 5.690000e+000 9.105731e-001
    endloop
  endfacet
  facet normal 8.942253e-001 0.000000e+000 -4.476172e-001
    outer loop
      vertex   -1.667590e+000 5.690000e+000 9.105731e-001
      vertex   -1.728301e+000 5.260000e+000 7.892885e-001
      vertex   -1.728301e+000 5.690000e+000 7.892885e-001
    endloop
  endfacet
  facet normal 9.238795e-001 0.000000e+000 -3.826834e-001
    outer loop
      vertex   -1.728301e+000 5.690000e+000 7.892885e-001
      vertex   -1.780204e+000 5.260000e+000 6.639819e-001
      vertex   -1.780204e+000 5.690000e+000 6.639819e-001
    endloop
  endfacet
  facet normal 9.488259e-001 0.000000e+000 -3.157996e-001
    outer loop
      vertex   -1.780204e+000 5.690000e+000 6.639819e-001
      vertex   -1.823037e+000 5.260000e+000 5.352919e-001
      vertex   -1.823037e+000 5.690000e+000 5.352919e-001
    endloop
  endfacet
  facet normal 9.689373e-001 0.000000e+000 -2.473065e-001
    outer loop
      vertex   -1.823037e+000 5.690000e+000 5.352919e-001
      vertex   -1.856579e+000 5.260000e+000 4.038741e-001
      vertex   -1.856579e+000 5.690000e+000 4.038741e-001
    endloop
  endfacet
  facet normal 9.841112e-001 0.000000e+000 -1.775532e-001
    outer loop
      vertex   -1.856579e+000 5.690000e+000 4.038741e-001
      vertex   -1.880661e+000 5.260000e+000 2.703982e-001
      vertex   -1.880661e+000 5.690000e+000 2.703982e-001
    endloop
  endfacet
  facet normal 9.942703e-001 0.000000e+000 -1.068951e-001
    outer loop
      vertex   -1.880661e+000 5.690000e+000 2.703982e-001
      vertex   -1.895159e+000 5.260000e+000 1.355444e-001
      vertex   -1.895159e+000 5.690000e+000 1.355444e-001
    endloop
  endfacet
  facet normal 5.625889e-001 5.023310e-001 -6.566257e-001
    outer loop
      vertex   -1.210680e+000 5.060000e+000 1.311670e+000
      vertex   -1.244235e+000 5.260000e+000 1.435924e+000
      vertex   -1.110504e+000 5.060000e+000 1.397500e+000
    endloop
  endfacet
  facet normal 5.922474e-001 4.945666e-001 -6.361186e-001
    outer loop
      vertex   -1.210680e+000 5.060000e+000 1.311670e+000
      vertex   -1.343503e+000 5.260000e+000 1.343503e+000
      vertex   -1.244235e+000 5.260000e+000 1.435924e+000
    endloop
  endfacet
  facet normal 6.095187e-001 5.023978e-001 -6.132564e-001
    outer loop
      vertex   -1.210680e+000 5.060000e+000 1.311670e+000
      vertex   -1.304244e+000 5.060000e+000 1.218676e+000
      vertex   -1.343503e+000 5.260000e+000 1.343503e+000
    endloop
  endfacet
  facet normal 6.361374e-001 4.945214e-001 -5.922649e-001
    outer loop
      vertex   -1.343503e+000 5.260000e+000 1.343503e+000
      vertex   -1.304244e+000 5.060000e+000 1.218676e+000
      vertex   -1.435924e+000 5.260000e+000 1.244235e+000
    endloop
  endfacet
  facet normal 6.531325e-001 5.024256e-001 -5.665566e-001
    outer loop
      vertex   -1.435924e+000 5.260000e+000 1.244235e+000
      vertex   -1.304244e+000 5.060000e+000 1.218676e+000
      vertex   -1.390685e+000 5.060000e+000 1.119027e+000
    endloop
  endfacet
  facet normal 6.931958e-001 5.024144e-001 -5.167779e-001
    outer loop
      vertex   -1.521028e+000 5.260000e+000 1.138628e+000
      vertex   -1.390685e+000 5.060000e+000 1.119027e+000
      vertex   -1.469530e+000 5.060000e+000 1.013265e+000
    endloop
  endfacet
  facet normal 7.294927e-001 5.023643e-001 -4.641880e-001
    outer loop
      vertex   -1.598382e+000 5.260000e+000 1.027218e+000
      vertex   -1.469530e+000 5.060000e+000 1.013265e+000
      vertex   -1.540349e+000 5.060000e+000 9.019697e-001
    endloop
  endfacet
  facet normal 7.618277e-001 5.022751e-001 -4.090701e-001
    outer loop
      vertex   -1.667590e+000 5.260000e+000 9.105731e-001
      vertex   -1.540349e+000 5.060000e+000 9.019697e-001
      vertex   -1.602756e+000 5.060000e+000 7.857479e-001
    endloop
  endfacet
  facet normal 7.900262e-001 5.021468e-001 -3.517203e-001
    outer loop
      vertex   -1.728301e+000 5.260000e+000 7.892885e-001
      vertex   -1.602756e+000 5.060000e+000 7.857479e-001
      vertex   -1.656408e+000 5.060000e+000 6.652346e-001
    endloop
  endfacet
  facet normal 8.139356e-001 5.019795e-001 -2.924473e-001
    outer loop
      vertex   -1.780204e+000 5.260000e+000 6.639819e-001
      vertex   -1.656408e+000 5.060000e+000 6.652346e-001
      vertex   -1.701014e+000 5.060000e+000 5.410880e-001
    endloop
  endfacet
  facet normal 8.334262e-001 5.017732e-001 -2.315695e-001
    outer loop
      vertex   -1.823037e+000 5.260000e+000 5.352919e-001
      vertex   -1.701014e+000 5.060000e+000 5.410880e-001
      vertex   -1.736330e+000 5.060000e+000 4.139862e-001
    endloop
  endfacet
  facet normal 8.483919e-001 5.015276e-001 -1.694144e-001
    outer loop
      vertex   -1.856579e+000 5.260000e+000 4.038741e-001
      vertex   -1.736330e+000 5.060000e+000 4.139862e-001
      vertex   -1.762162e+000 5.060000e+000 2.846234e-001
    endloop
  endfacet
  facet normal 8.587505e-001 5.012429e-001 -1.063161e-001
    outer loop
      vertex   -1.880661e+000 5.260000e+000 2.703982e-001
      vertex   -1.762162e+000 5.060000e+000 2.846234e-001
      vertex   -1.778370e+000 5.060000e+000 1.537060e-001
    endloop
  endfacet
  facet normal 8.644445e-001 5.009189e-001 -4.261412e-002
    outer loop
      vertex   -1.895159e+000 5.260000e+000 1.355444e-001
      vertex   -1.778370e+000 5.060000e+000 1.537060e-001
      vertex   -1.784865e+000 5.060000e+000 2.194915e-002
    endloop
  endfacet
  facet normal 8.654411e-001 5.005556e-001 2.134884e-002
    outer loop
      vertex   -1.900000e+000 5.260000e+000 0.000000e+000
      vertex   -1.784865e+000 5.060000e+000 2.194915e-002
      vertex   -1.781612e+000 5.060000e+000 -1.099276e-001
    endloop
  endfacet
  facet normal 8.617327e-001 5.001528e-001 8.522847e-002
    outer loop
      vertex   -1.895159e+000 5.260000e+000 -1.355444e-001
      vertex   -1.781612e+000 5.060000e+000 -1.099276e-001
      vertex   -1.768628e+000 5.060000e+000 -2.412039e-001
    endloop
  endfacet
  facet normal 8.533367e-001 4.997105e-001 1.486807e-001
    outer loop
      vertex   -1.880661e+000 5.260000e+000 -2.703982e-001
      vertex   -1.768628e+000 5.060000e+000 -2.412039e-001
      vertex   -1.745985e+000 5.060000e+000 -3.711629e-001
    endloop
  endfacet
  facet normal 8.402953e-001 4.992286e-001 2.113635e-001
    outer loop
      vertex   -1.856579e+000 5.260000e+000 -4.038741e-001
      vertex   -1.745985e+000 5.060000e+000 -3.711629e-001
      vertex   -1.713806e+000 5.060000e+000 -4.990947e-001
    endloop
  endfacet
  facet normal 8.226759e-001 4.987070e-001 2.729388e-001
    outer loop
      vertex   -1.823037e+000 5.260000e+000 -5.352919e-001
      vertex   -1.713806e+000 5.060000e+000 -4.990947e-001
      vertex   -1.672266e+000 5.060000e+000 -6.243007e-001
    endloop
  endfacet
  facet normal 8.010771e-001 4.981697e-001 3.318170e-001
    outer loop
      vertex   -1.780204e+000 5.260000e+000 -6.639819e-001
      vertex   -1.672266e+000 5.060000e+000 -6.243007e-001
      vertex   -1.728301e+000 5.260000e+000 -7.892885e-001
    endloop
  endfacet
  facet normal 8.226389e-001 4.982956e-001 2.738005e-001
    outer loop
      vertex   -1.780204e+000 5.260000e+000 -6.639819e-001
      vertex   -1.823037e+000 5.260000e+000 -5.352919e-001
      vertex   -1.672266e+000 5.060000e+000 -6.243007e-001
    endloop
  endfacet
  facet normal 6.767718e-001 4.945135e-001 -5.453772e-001
    outer loop
      vertex   -1.435924e+000 5.260000e+000 1.244235e+000
      vertex   -1.390685e+000 5.060000e+000 1.119027e+000
      vertex   -1.521028e+000 5.260000e+000 1.138628e+000
    endloop
  endfacet
  facet normal 7.139406e-001 4.945428e-001 -4.956978e-001
    outer loop
      vertex   -1.521028e+000 5.260000e+000 1.138628e+000
      vertex   -1.469530e+000 5.060000e+000 1.013265e+000
      vertex   -1.598382e+000 5.260000e+000 1.027218e+000
    endloop
  endfacet
  facet normal 7.474516e-001 4.946093e-001 -4.434836e-001
    outer loop
      vertex   -1.598382e+000 5.260000e+000 1.027218e+000
      vertex   -1.540349e+000 5.060000e+000 9.019697e-001
      vertex   -1.667590e+000 5.260000e+000 9.105731e-001
    endloop
  endfacet
  facet normal 7.771322e-001 4.947130e-001 -3.890046e-001
    outer loop
      vertex   -1.667590e+000 5.260000e+000 9.105731e-001
      vertex   -1.602756e+000 5.060000e+000 7.857479e-001
      vertex   -1.728301e+000 5.260000e+000 7.892885e-001
    endloop
  endfacet
  facet normal 8.028293e-001 4.948538e-001 -3.325428e-001
    outer loop
      vertex   -1.728301e+000 5.260000e+000 7.892885e-001
      vertex   -1.656408e+000 5.060000e+000 6.652346e-001
      vertex   -1.780204e+000 5.260000e+000 6.639819e-001
    endloop
  endfacet
  facet normal 8.244110e-001 4.950318e-001 -2.743903e-001
    outer loop
      vertex   -1.780204e+000 5.260000e+000 6.639819e-001
      vertex   -1.701014e+000 5.060000e+000 5.410880e-001
      vertex   -1.823037e+000 5.260000e+000 5.352919e-001
    endloop
  endfacet
  facet normal 8.417665e-001 4.952469e-001 -2.148481e-001
    outer loop
      vertex   -1.823037e+000 5.260000e+000 5.352919e-001
      vertex   -1.736330e+000 5.060000e+000 4.139862e-001
      vertex   -1.856579e+000 5.260000e+000 4.038741e-001
    endloop
  endfacet
  facet normal 8.548073e-001 4.954991e-001 -1.542242e-001
    outer loop
      vertex   -1.856579e+000 5.260000e+000 4.038741e-001
      vertex   -1.762162e+000 5.060000e+000 2.846234e-001
      vertex   -1.880661e+000 5.260000e+000 2.703982e-001
    endloop
  endfacet
  facet normal 8.634675e-001 4.957882e-001 -9.283237e-002
    outer loop
      vertex   -1.880661e+000 5.260000e+000 2.703982e-001
      vertex   -1.778370e+000 5.060000e+000 1.537060e-001
      vertex   -1.895159e+000 5.260000e+000 1.355444e-001
    endloop
  endfacet
  facet normal 8.677040e-001 4.961143e-001 -3.099013e-002
    outer loop
      vertex   -1.895159e+000 5.260000e+000 1.355444e-001
      vertex   -1.784865e+000 5.060000e+000 2.194915e-002
      vertex   -1.900000e+000 5.260000e+000 0.000000e+000
    endloop
  endfacet
  facet normal 8.674967e-001 4.964772e-001 3.098272e-002
    outer loop
      vertex   -1.900000e+000 5.260000e+000 0.000000e+000
      vertex   -1.781612e+000 5.060000e+000 -1.099276e-001
      vertex   -1.895159e+000 5.260000e+000 -1.355444e-001
    endloop
  endfacet
  facet normal 8.628487e-001 4.968769e-001 9.276584e-002
    outer loop
      vertex   -1.895159e+000 5.260000e+000 -1.355444e-001
      vertex   -1.768628e+000 5.060000e+000 -2.412039e-001
      vertex   -1.880661e+000 5.260000e+000 -2.703982e-001
    endloop
  endfacet
  facet normal 8.537864e-001 4.973132e-001 1.540400e-001
    outer loop
      vertex   -1.880661e+000 5.260000e+000 -2.703982e-001
      vertex   -1.745985e+000 5.060000e+000 -3.711629e-001
      vertex   -1.856579e+000 5.260000e+000 -4.038741e-001
    endloop
  endfacet
  facet normal 8.403591e-001 4.977862e-001 2.144889e-001
    outer loop
      vertex   -1.856579e+000 5.260000e+000 -4.038741e-001
      vertex   -1.713806e+000 5.060000e+000 -4.990947e-001
      vertex   -1.823037e+000 5.260000e+000 -5.352919e-001
    endloop
  endfacet
  facet normal 8.002035e-001 4.988362e-001 3.329216e-001
    outer loop
      vertex   -1.672266e+000 5.060000e+000 -6.243007e-001
      vertex   -1.621593e+000 5.060000e+000 -7.460969e-001
      vertex   -1.728301e+000 5.260000e+000 -7.892885e-001
    endloop
  endfacet
  facet normal 7.756215e-001 4.976690e-001 3.882484e-001
    outer loop
      vertex   -1.728301e+000 5.260000e+000 -7.892885e-001
      vertex   -1.621593e+000 5.060000e+000 -7.460969e-001
      vertex   -1.667590e+000 5.260000e+000 -9.105731e-001
    endloop
  endfacet
  facet normal 7.731680e-001 4.993482e-001 3.909764e-001
    outer loop
      vertex   -1.667590e+000 5.260000e+000 -9.105731e-001
      vertex   -1.621593e+000 5.060000e+000 -7.460969e-001
      vertex   -1.562064e+000 5.060000e+000 -8.638182e-001
    endloop
  endfacet
  facet normal 7.419487e-001 4.998206e-001 4.468686e-001
    outer loop
      vertex   -1.598382e+000 5.260000e+000 -1.027218e+000
      vertex   -1.562064e+000 5.060000e+000 -8.638182e-001
      vertex   -1.494003e+000 5.060000e+000 -9.768216e-001
    endloop
  endfacet
  facet normal 7.067162e-001 5.002533e-001 5.002987e-001
    outer loop
      vertex   -1.521028e+000 5.260000e+000 -1.138628e+000
      vertex   -1.494003e+000 5.060000e+000 -9.768216e-001
      vertex   -1.417782e+000 5.060000e+000 -1.084490e+000
    endloop
  endfacet
  facet normal 6.676627e-001 5.006466e-001 5.509805e-001
    outer loop
      vertex   -1.435924e+000 5.260000e+000 -1.244235e+000
      vertex   -1.417782e+000 5.060000e+000 -1.084490e+000
      vertex   -1.333818e+000 5.060000e+000 -1.186235e+000
    endloop
  endfacet
  facet normal 6.250002e-001 5.010005e-001 5.986429e-001
    outer loop
      vertex   -1.343503e+000 5.260000e+000 -1.343503e+000
      vertex   -1.333818e+000 5.060000e+000 -1.186235e+000
      vertex   -1.242569e+000 5.060000e+000 -1.281502e+000
    endloop
  endfacet
  facet normal 5.789603e-001 5.013150e-001 6.430305e-001
    outer loop
      vertex   -1.244235e+000 5.260000e+000 -1.435924e+000
      vertex   -1.242569e+000 5.060000e+000 -1.281502e+000
      vertex   -1.144534e+000 5.060000e+000 -1.369769e+000
    endloop
  endfacet
  facet normal 5.297921e-001 5.015903e-001 6.839061e-001
    outer loop
      vertex   -1.138628e+000 5.260000e+000 -1.521028e+000
      vertex   -1.144534e+000 5.060000e+000 -1.369769e+000
      vertex   -1.040248e+000 5.060000e+000 -1.450555e+000
    endloop
  endfacet
  facet normal 4.777615e-001 5.018264e-001 7.210508e-001
    outer loop
      vertex   -1.027218e+000 5.260000e+000 -1.598382e+000
      vertex   -1.040248e+000 5.060000e+000 -1.450555e+000
      vertex   -9.302796e-001 5.060000e+000 -1.523419e+000
    endloop
  endfacet
  facet normal 4.231495e-001 5.020234e-001 7.542659e-001
    outer loop
      vertex   -9.105731e-001 5.260000e+000 -1.667590e+000
      vertex   -9.302796e-001 5.060000e+000 -1.523419e+000
      vertex   -8.152309e-001 5.060000e+000 -1.587962e+000
    endloop
  endfacet
  facet normal 3.662506e-001 5.021813e-001 7.833738e-001
    outer loop
      vertex   -7.892885e-001 5.260000e+000 -1.728301e+000
      vertex   -8.152309e-001 5.060000e+000 -1.587962e+000
      vertex   -6.957296e-001 5.060000e+000 -1.643833e+000
    endloop
  endfacet
  facet normal 3.073718e-001 5.023001e-001 8.082185e-001
    outer loop
      vertex   -6.639819e-001 5.260000e+000 -1.780204e+000
      vertex   -6.957296e-001 5.060000e+000 -1.643833e+000
      vertex   -5.724285e-001 5.060000e+000 -1.690725e+000
    endloop
  endfacet
  facet normal 2.468302e-001 5.023799e-001 8.286672e-001
    outer loop
      vertex   -5.352919e-001 5.260000e+000 -1.823037e+000
      vertex   -5.724285e-001 5.060000e+000 -1.690725e+000
      vertex   -4.460010e-001 5.060000e+000 -1.728383e+000
    endloop
  endfacet
  facet normal 1.849519e-001 5.024207e-001 8.446101e-001
    outer loop
      vertex   -4.038741e-001 5.260000e+000 -1.856579e+000
      vertex   -4.460010e-001 5.060000e+000 -1.728383e+000
      vertex   -3.171376e-001 5.060000e+000 -1.756601e+000
    endloop
  endfacet
  facet normal 1.220701e-001 5.024225e-001 8.559618e-001
    outer loop
      vertex   -2.703982e-001 5.260000e+000 -1.880661e+000
      vertex   -3.171376e-001 5.060000e+000 -1.756601e+000
      vertex   -1.865421e-001 5.060000e+000 -1.775226e+000
    endloop
  endfacet
  facet normal 5.852328e-002 5.023853e-001 8.626610e-001
    outer loop
      vertex   -1.355444e-001 5.260000e+000 -1.895159e+000
      vertex   -1.865421e-001 5.060000e+000 -1.775226e+000
      vertex   -5.492775e-002 5.060000e+000 -1.784155e+000
    endloop
  endfacet
  facet normal -5.346510e-003 5.023091e-001 8.646716e-001
    outer loop
      vertex   -2.243734e-016 5.260000e+000 -1.900000e+000
      vertex   -5.492775e-002 5.060000e+000 -1.784155e+000
      vertex   7.698658e-002 5.060000e+000 -1.783339e+000
    endloop
  endfacet
  facet normal -6.919545e-002 5.021939e-001 8.619822e-001
    outer loop
      vertex   1.355444e-001 5.260000e+000 -1.895159e+000
      vertex   7.698658e-002 5.060000e+000 -1.783339e+000
      vertex   2.084804e-001 5.060000e+000 -1.772783e+000
    endloop
  endfacet
  facet normal -1.326798e-001 5.020396e-001 8.546065e-001
    outer loop
      vertex   2.703982e-001 5.260000e+000 -1.880661e+000
      vertex   2.084804e-001 5.060000e+000 -1.772783e+000
      vertex   3.388356e-001 5.060000e+000 -1.752545e+000
    endloop
  endfacet
  facet normal -1.954577e-001 5.018463e-001 8.425833e-001
    outer loop
      vertex   4.038741e-001 5.260000e+000 -1.856579e+000
      vertex   3.388356e-001 5.060000e+000 -1.752545e+000
      vertex   4.673403e-001 5.060000e+000 -1.722736e+000
    endloop
  endfacet
  facet normal -2.571909e-001 5.016138e-001 8.259760e-001
    outer loop
      vertex   5.352919e-001 5.260000e+000 -1.823037e+000
      vertex   4.673403e-001 5.060000e+000 -1.722736e+000
      vertex   5.932924e-001 5.060000e+000 -1.683517e+000
    endloop
  endfacet
  facet normal -3.175468e-001 5.013422e-001 8.048727e-001
    outer loop
      vertex   6.639819e-001 5.260000e+000 -1.780204e+000
      vertex   5.932924e-001 5.060000e+000 -1.683517e+000
      vertex   7.160042e-001 5.060000e+000 -1.635103e+000
    endloop
  endfacet
  facet normal -3.761998e-001 5.010313e-001 7.793853e-001
    outer loop
      vertex   7.892885e-001 5.260000e+000 -1.728301e+000
      vertex   7.160042e-001 5.060000e+000 -1.635103e+000
      vertex   8.348054e-001 5.060000e+000 -1.577759e+000
    endloop
  endfacet
  facet normal -4.328333e-001 5.006811e-001 7.496491e-001
    outer loop
      vertex   9.105731e-001 5.260000e+000 -1.667590e+000
      vertex   8.348054e-001 5.060000e+000 -1.577759e+000
      vertex   9.490473e-001 5.060000e+000 -1.511798e+000
    endloop
  endfacet
  facet normal -4.871415e-001 5.002914e-001 7.158223e-001
    outer loop
      vertex   1.027218e+000 5.260000e+000 -1.598382e+000
      vertex   9.490473e-001 5.060000e+000 -1.511798e+000
      vertex   1.058106e+000 5.060000e+000 -1.437580e+000
    endloop
  endfacet
  facet normal -5.388307e-001 4.998624e-001 6.780849e-001
    outer loop
      vertex   1.138628e+000 5.260000e+000 -1.521028e+000
      vertex   1.058106e+000 5.060000e+000 -1.437580e+000
      vertex   1.161385e+000 5.060000e+000 -1.355511e+000
    endloop
  endfacet
  facet normal -5.876209e-001 4.993937e-001 6.366378e-001
    outer loop
      vertex   1.244235e+000 5.260000e+000 -1.435924e+000
      vertex   1.161385e+000 5.060000e+000 -1.355511e+000
      vertex   1.258321e+000 5.060000e+000 -1.266038e+000
    endloop
  endfacet
  facet normal -6.332474e-001 4.988853e-001 5.917019e-001
    outer loop
      vertex   1.343503e+000 5.260000e+000 -1.343503e+000
      vertex   1.258321e+000 5.060000e+000 -1.266038e+000
      vertex   1.348385e+000 5.060000e+000 -1.169650e+000
    endloop
  endfacet
  facet normal -6.750659e-001 4.983447e-001 5.440025e-001
    outer loop
      vertex   1.435924e+000 5.260000e+000 -1.244235e+000
      vertex   1.348385e+000 5.060000e+000 -1.169650e+000
      vertex   1.521028e+000 5.260000e+000 -1.138628e+000
    endloop
  endfacet
  facet normal -6.346309e-001 4.981217e-001 5.908623e-001
    outer loop
      vertex   1.435924e+000 5.260000e+000 -1.244235e+000
      vertex   1.343503e+000 5.260000e+000 -1.343503e+000
      vertex   1.348385e+000 5.060000e+000 -1.169650e+000
    endloop
  endfacet
  facet normal 7.461769e-001 4.972049e-001 4.427272e-001
    outer loop
      vertex   -1.667590e+000 5.260000e+000 -9.105731e-001
      vertex   -1.562064e+000 5.060000e+000 -8.638182e-001
      vertex   -1.598382e+000 5.260000e+000 -1.027218e+000
    endloop
  endfacet
  facet normal 7.128931e-001 4.967773e-001 4.949705e-001
    outer loop
      vertex   -1.598382e+000 5.260000e+000 -1.027218e+000
      vertex   -1.494003e+000 5.060000e+000 -9.768216e-001
      vertex   -1.521028e+000 5.260000e+000 -1.138628e+000
    endloop
  endfacet
  facet normal 6.759400e-001 4.963865e-001 5.447069e-001
    outer loop
      vertex   -1.521028e+000 5.260000e+000 -1.138628e+000
      vertex   -1.417782e+000 5.060000e+000 -1.084490e+000
      vertex   -1.435924e+000 5.260000e+000 -1.244235e+000
    endloop
  endfacet
  facet normal 6.355069e-001 4.960324e-001 5.916779e-001
    outer loop
      vertex   -1.435924e+000 5.260000e+000 -1.244235e+000
      vertex   -1.333818e+000 5.060000e+000 -1.186235e+000
      vertex   -1.343503e+000 5.260000e+000 -1.343503e+000
    endloop
  endfacet
  facet normal 5.918013e-001 4.957153e-001 6.356395e-001
    outer loop
      vertex   -1.343503e+000 5.260000e+000 -1.343503e+000
      vertex   -1.242569e+000 5.060000e+000 -1.281502e+000
      vertex   -1.244235e+000 5.260000e+000 -1.435924e+000
    endloop
  endfacet
  facet normal 5.450478e-001 4.954350e-001 6.763631e-001
    outer loop
      vertex   -1.244235e+000 5.260000e+000 -1.435924e+000
      vertex   -1.144534e+000 5.060000e+000 -1.369769e+000
      vertex   -1.138628e+000 5.260000e+000 -1.521028e+000
    endloop
  endfacet
  facet normal 4.954870e-001 4.951918e-001 7.136370e-001
    outer loop
      vertex   -1.138628e+000 5.260000e+000 -1.521028e+000
      vertex   -1.040248e+000 5.060000e+000 -1.450555e+000
      vertex   -1.027218e+000 5.260000e+000 -1.598382e+000
    endloop
  endfacet
  facet normal 4.433742e-001 4.949856e-001 7.472674e-001
    outer loop
      vertex   -1.027218e+000 5.260000e+000 -1.598382e+000
      vertex   -9.302796e-001 5.060000e+000 -1.523419e+000
      vertex   -9.105731e-001 5.260000e+000 -1.667590e+000
    endloop
  endfacet
  facet normal 3.889782e-001 4.948166e-001 7.770795e-001
    outer loop
      vertex   -9.105731e-001 5.260000e+000 -1.667590e+000
      vertex   -8.152309e-001 5.060000e+000 -1.587962e+000
      vertex   -7.892885e-001 5.260000e+000 -1.728301e+000
    endloop
  endfacet
  facet normal 3.325797e-001 4.946846e-001 8.029183e-001
    outer loop
      vertex   -7.892885e-001 5.260000e+000 -1.728301e+000
      vertex   -6.957296e-001 5.060000e+000 -1.643833e+000
      vertex   -6.639819e-001 5.260000e+000 -1.780204e+000
    endloop
  endfacet
  facet normal 2.744698e-001 4.945899e-001 8.246497e-001
    outer loop
      vertex   -6.639819e-001 5.260000e+000 -1.780204e+000
      vertex   -5.724285e-001 5.060000e+000 -1.690725e+000
      vertex   -5.352919e-001 5.260000e+000 -1.823037e+000
    endloop
  endfacet
  facet normal 2.149487e-001 4.945324e-001 8.421608e-001
    outer loop
      vertex   -5.352919e-001 5.260000e+000 -1.823037e+000
      vertex   -4.460010e-001 5.060000e+000 -1.728383e+000
      vertex   -4.038741e-001 5.260000e+000 -1.856579e+000
    endloop
  endfacet
  facet normal 1.543241e-001 4.945120e-001 8.553607e-001
    outer loop
      vertex   -4.038741e-001 5.260000e+000 -1.856579e+000
      vertex   -3.171376e-001 5.060000e+000 -1.756601e+000
      vertex   -2.703982e-001 5.260000e+000 -1.880661e+000
    endloop
  endfacet
  facet normal 9.290909e-002 4.945289e-001 8.641811e-001
    outer loop
      vertex   -2.703982e-001 5.260000e+000 -1.880661e+000
      vertex   -1.865421e-001 5.060000e+000 -1.775226e+000
      vertex   -1.355444e-001 5.260000e+000 -1.895159e+000
    endloop
  endfacet
  facet normal 3.102129e-002 4.945830e-001 8.685766e-001
    outer loop
      vertex   -1.355444e-001 5.260000e+000 -1.895159e+000
      vertex   -5.492775e-002 5.060000e+000 -1.784155e+000
      vertex   -2.243734e-016 5.260000e+000 -1.900000e+000
    endloop
  endfacet
  facet normal -3.101944e-002 4.946743e-001 8.685247e-001
    outer loop
      vertex   -2.243734e-016 5.260000e+000 -1.900000e+000
      vertex   7.698658e-002 5.060000e+000 -1.783339e+000
      vertex   1.355444e-001 5.260000e+000 -1.895159e+000
    endloop
  endfacet
  facet normal -9.289243e-002 4.948028e-001 8.640262e-001
    outer loop
      vertex   1.355444e-001 5.260000e+000 -1.895159e+000
      vertex   2.084804e-001 5.060000e+000 -1.772783e+000
      vertex   2.703982e-001 5.260000e+000 -1.880661e+000
    endloop
  endfacet
  facet normal -1.542779e-001 4.949684e-001 8.551050e-001
    outer loop
      vertex   2.703982e-001 5.260000e+000 -1.880661e+000
      vertex   3.388356e-001 5.060000e+000 -1.752545e+000
      vertex   4.038741e-001 5.260000e+000 -1.856579e+000
    endloop
  endfacet
  facet normal -2.148588e-001 4.951711e-001 8.418083e-001
    outer loop
      vertex   4.038741e-001 5.260000e+000 -1.856579e+000
      vertex   4.673403e-001 5.060000e+000 -1.722736e+000
      vertex   5.352919e-001 5.260000e+000 -1.823037e+000
    endloop
  endfacet
  facet normal -2.743221e-001 4.954109e-001 8.242059e-001
    outer loop
      vertex   5.352919e-001 5.260000e+000 -1.823037e+000
      vertex   5.932924e-001 5.060000e+000 -1.683517e+000
      vertex   6.639819e-001 5.260000e+000 -1.780204e+000
    endloop
  endfacet
  facet normal -3.323609e-001 4.956877e-001 8.023901e-001
    outer loop
      vertex   6.639819e-001 5.260000e+000 -1.780204e+000
      vertex   7.160042e-001 5.060000e+000 -1.635103e+000
      vertex   7.892885e-001 5.260000e+000 -1.728301e+000
    endloop
  endfacet
  facet normal -3.886757e-001 4.960015e-001 7.764752e-001
    outer loop
      vertex   7.892885e-001 5.260000e+000 -1.728301e+000
      vertex   8.348054e-001 5.060000e+000 -1.577759e+000
      vertex   9.105731e-001 5.260000e+000 -1.667590e+000
    endloop
  endfacet
  facet normal -4.429763e-001 4.963521e-001 7.465967e-001
    outer loop
      vertex   9.105731e-001 5.260000e+000 -1.667590e+000
      vertex   9.490473e-001 5.060000e+000 -1.511798e+000
      vertex   1.027218e+000 5.260000e+000 -1.598382e+000
    endloop
  endfacet
  facet normal -4.949828e-001 4.967396e-001 7.129108e-001
    outer loop
      vertex   1.027218e+000 5.260000e+000 -1.598382e+000
      vertex   1.058106e+000 5.060000e+000 -1.437580e+000
      vertex   1.138628e+000 5.260000e+000 -1.521028e+000
    endloop
  endfacet
  facet normal -5.444277e-001 4.971637e-001 6.755936e-001
    outer loop
      vertex   1.138628e+000 5.260000e+000 -1.521028e+000
      vertex   1.161385e+000 5.060000e+000 -1.355511e+000
      vertex   1.244235e+000 5.260000e+000 -1.435924e+000
    endloop
  endfacet
  facet normal -5.910569e-001 4.976245e-001 6.348399e-001
    outer loop
      vertex   1.244235e+000 5.260000e+000 -1.435924e+000
      vertex   1.258321e+000 5.060000e+000 -1.266038e+000
      vertex   1.343503e+000 5.260000e+000 -1.343503e+000
    endloop
  endfacet
  facet normal -6.753193e-001 4.986567e-001 5.434016e-001
    outer loop
      vertex   1.348385e+000 5.060000e+000 -1.169650e+000
      vertex   1.431085e+000 5.060000e+000 -1.066875e+000
      vertex   1.521028e+000 5.260000e+000 -1.138628e+000
    endloop
  endfacet
  facet normal -7.123965e-001 4.978319e-001 4.946257e-001
    outer loop
      vertex   1.521028e+000 5.260000e+000 -1.138628e+000
      vertex   1.431085e+000 5.060000e+000 -1.066875e+000
      vertex   1.598382e+000 5.260000e+000 -1.027218e+000
    endloop
  endfacet
  facet normal -7.133578e-001 4.991820e-001 4.918720e-001
    outer loop
      vertex   1.598382e+000 5.260000e+000 -1.027218e+000
      vertex   1.431085e+000 5.060000e+000 -1.066875e+000
      vertex   1.505968e+000 5.060000e+000 -9.582719e-001
    endloop
  endfacet
  facet normal -7.474942e-001 4.996675e-001 4.377040e-001
    outer loop
      vertex   1.667590e+000 5.260000e+000 -9.105731e-001
      vertex   1.505968e+000 5.060000e+000 -9.582719e-001
      vertex   1.572626e+000 5.060000e+000 -8.444355e-001
    endloop
  endfacet
  facet normal -7.775473e-001 5.001135e-001 3.811911e-001
    outer loop
      vertex   1.728301e+000 5.260000e+000 -7.892885e-001
      vertex   1.572626e+000 5.060000e+000 -8.444355e-001
      vertex   1.630695e+000 5.060000e+000 -7.259870e-001
    endloop
  endfacet
  facet normal -8.033580e-001 5.005199e-001 3.226388e-001
    outer loop
      vertex   1.780204e+000 5.260000e+000 -6.639819e-001
      vertex   1.630695e+000 5.060000e+000 -7.259870e-001
      vertex   1.679858e+000 5.060000e+000 -6.035735e-001
    endloop
  endfacet
  facet normal -8.247895e-001 5.008869e-001 2.623634e-001
    outer loop
      vertex   1.823037e+000 5.260000e+000 -5.352919e-001
      vertex   1.679858e+000 5.060000e+000 -6.035735e-001
      vertex   1.719846e+000 5.060000e+000 -4.778635e-001
    endloop
  endfacet
  facet normal -8.417289e-001 5.012145e-001 2.006901e-001
    outer loop
      vertex   1.856579e+000 5.260000e+000 -4.038741e-001
      vertex   1.719846e+000 5.060000e+000 -4.778635e-001
      vertex   1.750441e+000 5.060000e+000 -3.495435e-001
    endloop
  endfacet
  facet normal -8.540868e-001 5.015029e-001 1.379516e-001
    outer loop
      vertex   1.880661e+000 5.260000e+000 -2.703982e-001
      vertex   1.750441e+000 5.060000e+000 -3.495435e-001
      vertex   1.771476e+000 5.060000e+000 -2.193145e-001
    endloop
  endfacet
  facet normal -8.617985e-001 5.017520e-001 7.448597e-002
    outer loop
      vertex   1.895159e+000 5.260000e+000 -1.355444e-001
      vertex   1.771476e+000 5.060000e+000 -2.193145e-001
      vertex   1.782835e+000 5.060000e+000 -8.788760e-002
    endloop
  endfacet
  facet normal -8.648243e-001 5.019621e-001 1.063507e-002
    outer loop
      vertex   1.900000e+000 5.260000e+000 2.326829e-016
      vertex   1.782835e+000 5.060000e+000 -8.788760e-002
      vertex   1.784457e+000 5.060000e+000 4.401928e-002
    endloop
  endfacet
  facet normal -8.631490e-001 5.021330e-001 -5.325732e-002
    outer loop
      vertex   1.895159e+000 5.260000e+000 1.355444e-001
      vertex   1.784457e+000 5.060000e+000 4.401928e-002
      vertex   1.776333e+000 5.060000e+000 1.756857e-001
    endloop
  endfacet
  facet normal -8.567828e-001 5.022648e-001 -1.168473e-001
    outer loop
      vertex   1.880661e+000 5.260000e+000 2.703982e-001
      vertex   1.776333e+000 5.060000e+000 1.756857e-001
      vertex   1.758507e+000 5.060000e+000 3.063927e-001
    endloop
  endfacet
  facet normal -8.457609e-001 5.023576e-001 -1.797925e-001
    outer loop
      vertex   1.856579e+000 5.260000e+000 4.038741e-001
      vertex   1.758507e+000 5.060000e+000 3.063927e-001
      vertex   1.731077e+000 5.060000e+000 4.354262e-001
    endloop
  endfacet
  facet normal -8.301431e-001 5.024114e-001 -2.417544e-001
    outer loop
      vertex   1.823037e+000 5.260000e+000 5.352919e-001
      vertex   1.731077e+000 5.060000e+000 4.354262e-001
      vertex   1.694193e+000 5.060000e+000 5.620816e-001
    endloop
  endfacet
  facet normal -8.100139e-001 5.024262e-001 -3.023994e-001
    outer loop
      vertex   1.780204e+000 5.260000e+000 6.639819e-001
      vertex   1.694193e+000 5.060000e+000 5.620816e-001
      vertex   1.648055e+000 5.060000e+000 6.856670e-001
    endloop
  endfacet
  facet normal -7.854817e-001 5.024020e-001 -3.614010e-001
    outer loop
      vertex   1.728301e+000 5.260000e+000 7.892885e-001
      vertex   1.648055e+000 5.060000e+000 6.856670e-001
      vertex   1.592916e+000 5.060000e+000 8.055076e-001
    endloop
  endfacet
  facet normal -7.566784e-001 5.023389e-001 -4.184417e-001
    outer loop
      vertex   1.667590e+000 5.260000e+000 9.105731e-001
      vertex   1.592916e+000 5.060000e+000 8.055076e-001
      vertex   1.529078e+000 5.060000e+000 9.209488e-001
    endloop
  endfacet
  facet normal -7.237588e-001 5.022366e-001 -4.732141e-001
    outer loop
      vertex   1.598382e+000 5.260000e+000 1.027218e+000
      vertex   1.529078e+000 5.060000e+000 9.209488e-001
      vertex   1.456888e+000 5.060000e+000 1.031360e+000
    endloop
  endfacet
  facet normal -6.868994e-001 5.020954e-001 -5.254231e-001
    outer loop
      vertex   1.521028e+000 5.260000e+000 1.138628e+000
      vertex   1.456888e+000 5.060000e+000 1.031360e+000
      vertex   1.376740e+000 5.060000e+000 1.136138e+000
    endloop
  endfacet
  facet normal -6.462980e-001 5.019151e-001 -5.747870e-001
    outer loop
      vertex   1.435924e+000 5.260000e+000 1.244235e+000
      vertex   1.376740e+000 5.060000e+000 1.136138e+000
      vertex   1.289074e+000 5.060000e+000 1.234712e+000
    endloop
  endfacet
  facet normal -6.021722e-001 5.016957e-001 -6.210395e-001
    outer loop
      vertex   1.343503e+000 5.260000e+000 1.343503e+000
      vertex   1.289074e+000 5.060000e+000 1.234712e+000
      vertex   1.194367e+000 5.060000e+000 1.326541e+000
    endloop
  endfacet
  facet normal -5.547586e-001 5.014371e-001 -6.639306e-001
    outer loop
      vertex   1.244235e+000 5.260000e+000 1.435924e+000
      vertex   1.194367e+000 5.060000e+000 1.326541e+000
      vertex   1.093137e+000 5.060000e+000 1.411126e+000
    endloop
  endfacet
  facet normal -5.043112e-001 5.011393e-001 -7.032280e-001
    outer loop
      vertex   1.138628e+000 5.260000e+000 1.521028e+000
      vertex   1.093137e+000 5.060000e+000 1.411126e+000
      vertex   9.859369e-001 5.060000e+000 1.488003e+000
    endloop
  endfacet
  facet normal -4.511006e-001 5.008022e-001 -7.387188e-001
    outer loop
      vertex   1.027218e+000 5.260000e+000 1.598382e+000
      vertex   9.859369e-001 5.060000e+000 1.488003e+000
      vertex   8.733517e-001 5.060000e+000 1.556754e+000
    endloop
  endfacet
  facet normal -3.954119e-001 5.004257e-001 -7.702101e-001
    outer loop
      vertex   9.105731e-001 5.260000e+000 1.667590e+000
      vertex   8.733517e-001 5.060000e+000 1.556754e+000
      vertex   7.559965e-001 5.060000e+000 1.617002e+000
    endloop
  endfacet
  facet normal -3.375438e-001 5.000098e-001 -7.975302e-001
    outer loop
      vertex   7.892885e-001 5.260000e+000 1.728301e+000
      vertex   7.559965e-001 5.060000e+000 1.617002e+000
      vertex   6.345124e-001 5.060000e+000 1.668418e+000
    endloop
  endfacet
  facet normal -2.778066e-001 4.995543e-001 -8.205297e-001
    outer loop
      vertex   6.639819e-001 5.260000e+000 1.780204e+000
      vertex   6.345124e-001 5.060000e+000 1.668418e+000
      vertex   5.095628e-001 5.060000e+000 1.710722e+000
    endloop
  endfacet
  facet normal -2.165211e-001 4.990592e-001 -8.390820e-001
    outer loop
      vertex   5.352919e-001 5.260000e+000 1.823037e+000
      vertex   5.095628e-001 5.060000e+000 1.710722e+000
      vertex   3.818301e-001 5.060000e+000 1.743683e+000
    endloop
  endfacet
  facet normal -1.540162e-001 4.985243e-001 -8.530841e-001
    outer loop
      vertex   4.038741e-001 5.260000e+000 1.856579e+000
      vertex   3.818301e-001 5.060000e+000 1.743683e+000
      vertex   2.520119e-001 5.060000e+000 1.767121e+000
    endloop
  endfacet
  facet normal -9.269707e-002 4.979987e-001 -8.622091e-001
    outer loop
      vertex   2.703982e-001 5.260000e+000 1.880661e+000
      vertex   2.520119e-001 5.060000e+000 1.767121e+000
      vertex   1.355444e-001 5.260000e+000 1.895159e+000
    endloop
  endfacet
  facet normal -1.539217e-001 4.984735e-001 -8.531309e-001
    outer loop
      vertex   2.703982e-001 5.260000e+000 1.880661e+000
      vertex   4.038741e-001 5.260000e+000 1.856579e+000
      vertex   2.520119e-001 5.060000e+000 1.767121e+000
    endloop
  endfacet
  facet normal -7.461026e-001 4.973555e-001 4.426831e-001
    outer loop
      vertex   1.598382e+000 5.260000e+000 -1.027218e+000
      vertex   1.505968e+000 5.060000e+000 -9.582719e-001
      vertex   1.667590e+000 5.260000e+000 -9.105731e-001
    endloop
  endfacet
  facet normal -7.760076e-001 4.969158e-001 3.884417e-001
    outer loop
      vertex   1.667590e+000 5.260000e+000 -9.105731e-001
      vertex   1.572626e+000 5.060000e+000 -8.444355e-001
      vertex   1.728301e+000 5.260000e+000 -7.892885e-001
    endloop
  endfacet
  facet normal -8.019547e-001 4.965127e-001 3.321805e-001
    outer loop
      vertex   1.728301e+000 5.260000e+000 -7.892885e-001
      vertex   1.630695e+000 5.060000e+000 -7.259870e-001
      vertex   1.780204e+000 5.260000e+000 -6.639819e-001
    endloop
  endfacet
  facet normal -8.238076e-001 4.961464e-001 2.741895e-001
    outer loop
      vertex   1.780204e+000 5.260000e+000 -6.639819e-001
      vertex   1.679858e+000 5.060000e+000 -6.035735e-001
      vertex   1.823037e+000 5.260000e+000 -5.352919e-001
    endloop
  endfacet
  facet normal -8.414514e-001 4.958169e-001 2.147677e-001
    outer loop
      vertex   1.823037e+000 5.260000e+000 -5.352919e-001
      vertex   1.719846e+000 5.060000e+000 -4.778635e-001
      vertex   1.856579e+000 5.260000e+000 -4.038741e-001
    endloop
  endfacet
  facet normal -8.547932e-001 4.955243e-001 1.542217e-001
    outer loop
      vertex   1.856579e+000 5.260000e+000 -4.038741e-001
      vertex   1.750441e+000 5.060000e+000 -3.495435e-001
      vertex   1.880661e+000 5.260000e+000 -2.703982e-001
    endloop
  endfacet
  facet normal -8.637622e-001 4.952687e-001 9.286405e-002
    outer loop
      vertex   1.880661e+000 5.260000e+000 -2.703982e-001
      vertex   1.771476e+000 5.060000e+000 -2.193145e-001
      vertex   1.895159e+000 5.260000e+000 -1.355444e-001
    endloop
  endfacet
  facet normal -8.683107e-001 4.950502e-001 3.101180e-002
    outer loop
      vertex   1.895159e+000 5.260000e+000 -1.355444e-001
      vertex   1.782835e+000 5.060000e+000 -8.788760e-002
      vertex   1.900000e+000 5.260000e+000 2.326829e-016
    endloop
  endfacet
  facet normal -8.684140e-001 4.948688e-001 -3.101549e-002
    outer loop
      vertex   1.900000e+000 5.260000e+000 2.326829e-016
      vertex   1.784457e+000 5.060000e+000 4.401928e-002
      vertex   1.895159e+000 5.260000e+000 1.355444e-001
    endloop
  endfacet
  facet normal -8.640705e-001 4.947245e-001 -9.289719e-002
    outer loop
      vertex   1.895159e+000 5.260000e+000 1.355444e-001
      vertex   1.776333e+000 5.060000e+000 1.756857e-001
      vertex   1.880661e+000 5.260000e+000 2.703982e-001
    endloop
  endfacet
  facet normal -8.553017e-001 4.946173e-001 -1.543134e-001
    outer loop
      vertex   1.880661e+000 5.260000e+000 2.703982e-001
      vertex   1.758507e+000 5.060000e+000 3.063927e-001
      vertex   1.856579e+000 5.260000e+000 4.038741e-001
    endloop
  endfacet
  facet normal -8.421525e-001 4.945474e-001 -2.149466e-001
    outer loop
      vertex   1.856579e+000 5.260000e+000 4.038741e-001
      vertex   1.731077e+000 5.060000e+000 4.354262e-001
      vertex   1.823037e+000 5.260000e+000 5.352919e-001
    endloop
  endfacet
  facet normal -8.246903e-001 4.945147e-001 -2.744833e-001
    outer loop
      vertex   1.823037e+000 5.260000e+000 5.352919e-001
      vertex   1.694193e+000 5.060000e+000 5.620816e-001
      vertex   1.780204e+000 5.260000e+000 6.639819e-001
    endloop
  endfacet
  facet normal -8.030054e-001 4.945191e-001 -3.326157e-001
    outer loop
      vertex   1.780204e+000 5.260000e+000 6.639819e-001
      vertex   1.648055e+000 5.060000e+000 6.856670e-001
      vertex   1.728301e+000 5.260000e+000 7.892885e-001
    endloop
  endfacet
  facet normal -7.772096e-001 4.945608e-001 -3.890434e-001
    outer loop
      vertex   1.728301e+000 5.260000e+000 7.892885e-001
      vertex   1.592916e+000 5.060000e+000 8.055076e-001
      vertex   1.667590e+000 5.260000e+000 9.105731e-001
    endloop
  endfacet
  facet normal -7.474368e-001 4.946397e-001 -4.434747e-001
    outer loop
      vertex   1.667590e+000 5.260000e+000 9.105731e-001
      vertex   1.529078e+000 5.060000e+000 9.209488e-001
      vertex   1.598382e+000 5.260000e+000 1.027218e+000
    endloop
  endfacet
  facet normal -7.138410e-001 4.947558e-001 -4.956286e-001
    outer loop
      vertex   1.598382e+000 5.260000e+000 1.027218e+000
      vertex   1.456888e+000 5.060000e+000 1.031360e+000
      vertex   1.521028e+000 5.260000e+000 1.138628e+000
    endloop
  endfacet
  facet normal -6.765965e-001 4.949091e-001 -5.452359e-001
    outer loop
      vertex   1.521028e+000 5.260000e+000 1.138628e+000
      vertex   1.376740e+000 5.060000e+000 1.136138e+000
      vertex   1.435924e+000 5.260000e+000 1.244235e+000
    endloop
  endfacet
  facet normal -6.358965e-001 4.950994e-001 -5.920407e-001
    outer loop
      vertex   1.435924e+000 5.260000e+000 1.244235e+000
      vertex   1.289074e+000 5.060000e+000 1.234712e+000
      vertex   1.343503e+000 5.260000e+000 1.343503e+000
    endloop
  endfacet
  facet normal -5.919523e-001 4.953269e-001 -6.358017e-001
    outer loop
      vertex   1.343503e+000 5.260000e+000 1.343503e+000
      vertex   1.194367e+000 5.060000e+000 1.326541e+000
      vertex   1.244235e+000 5.260000e+000 1.435924e+000
    endloop
  endfacet
  facet normal -5.449919e-001 4.955913e-001 -6.762936e-001
    outer loop
      vertex   1.244235e+000 5.260000e+000 1.435924e+000
      vertex   1.093137e+000 5.060000e+000 1.411126e+000
      vertex   1.138628e+000 5.260000e+000 1.521028e+000
    endloop
  endfacet
  facet normal -4.952589e-001 4.958928e-001 -7.133085e-001
    outer loop
      vertex   1.138628e+000 5.260000e+000 1.521028e+000
      vertex   9.859369e-001 5.060000e+000 1.488003e+000
      vertex   1.027218e+000 5.260000e+000 1.598382e+000
    endloop
  endfacet
  facet normal -4.430116e-001 4.962311e-001 -7.466561e-001
    outer loop
      vertex   1.027218e+000 5.260000e+000 1.598382e+000
      vertex   8.733517e-001 5.060000e+000 1.556754e+000
      vertex   9.105731e-001 5.260000e+000 1.667590e+000
    endloop
  endfacet
  facet normal -3.885209e-001 4.966063e-001 -7.761660e-001
    outer loop
      vertex   9.105731e-001 5.260000e+000 1.667590e+000
      vertex   7.559965e-001 5.060000e+000 1.617002e+000
      vertex   7.892885e-001 5.260000e+000 1.728301e+000
    endloop
  endfacet
  facet normal -3.320698e-001 4.970182e-001 -8.016873e-001
    outer loop
      vertex   7.892885e-001 5.260000e+000 1.728301e+000
      vertex   6.345124e-001 5.060000e+000 1.668418e+000
      vertex   6.639819e-001 5.260000e+000 1.780204e+000
    endloop
  endfacet
  facet normal -2.739508e-001 4.974668e-001 -8.230904e-001
    outer loop
      vertex   6.639819e-001 5.260000e+000 1.780204e+000
      vertex   5.095628e-001 5.060000e+000 1.710722e+000
      vertex   5.352919e-001 5.260000e+000 1.823037e+000
    endloop
  endfacet
  facet normal -2.144653e-001 4.979519e-001 -8.402669e-001
    outer loop
      vertex   5.352919e-001 5.260000e+000 1.823037e+000
      vertex   3.818301e-001 5.060000e+000 1.743683e+000
      vertex   4.038741e-001 5.260000e+000 1.856579e+000
    endloop
  endfacet
  facet normal -9.056388e-002 4.990113e-001 -8.618503e-001
    outer loop
      vertex   2.520119e-001 5.060000e+000 1.767121e+000
      vertex   1.208174e-001 5.060000e+000 1.780907e+000
      vertex   1.355444e-001 5.260000e+000 1.895159e+000
    endloop
  endfacet
  facet normal -3.096160e-002 4.975102e-001 -8.669054e-001
    outer loop
      vertex   1.355444e-001 5.260000e+000 1.895159e+000
      vertex   1.208174e-001 5.060000e+000 1.780907e+000
      vertex   -6.897391e-016 5.260000e+000 1.900000e+000
    endloop
  endfacet
  facet normal -2.665790e-002 4.995101e-001 -8.658978e-001
    outer loop
      vertex   -6.897391e-016 5.260000e+000 1.900000e+000
      vertex   1.208174e-001 5.060000e+000 1.780907e+000
      vertex   -1.103695e-002 5.060000e+000 1.784966e+000
    endloop
  endfacet
  facet normal 3.735221e-002 4.999692e-001 -8.652373e-001
    outer loop
      vertex   -1.355444e-001 5.260000e+000 1.895159e+000
      vertex   -1.103695e-002 5.060000e+000 1.784966e+000
      vertex   -1.428311e-001 5.060000e+000 1.779276e+000
    endloop
  endfacet
  facet normal 1.011219e-001 5.003888e-001 -8.598752e-001
    outer loop
      vertex   -2.703982e-001 5.260000e+000 1.880661e+000
      vertex   -1.428311e-001 5.060000e+000 1.779276e+000
      vertex   -2.738451e-001 5.060000e+000 1.763869e+000
    endloop
  endfacet
  facet normal 1.643080e-001 5.007689e-001 -8.498431e-001
    outer loop
      vertex   -4.038741e-001 5.260000e+000 1.856579e+000
      vertex   -2.738451e-001 5.060000e+000 1.763869e+000
      vertex   -4.033634e-001 5.060000e+000 1.738828e+000
    endloop
  endfacet
  facet normal 2.265707e-001 5.011097e-001 -8.351975e-001
    outer loop
      vertex   -5.352919e-001 5.260000e+000 1.823037e+000
      vertex   -4.033634e-001 5.060000e+000 1.738828e+000
      vertex   -5.306788e-001 5.060000e+000 1.704290e+000
    endloop
  endfacet
  facet normal 2.875754e-001 5.014111e-001 -8.160192e-001
    outer loop
      vertex   -6.639819e-001 5.260000e+000 1.780204e+000
      vertex   -5.306788e-001 5.060000e+000 1.704290e+000
      vertex   -6.550957e-001 5.060000e+000 1.660444e+000
    endloop
  endfacet
  facet normal 3.469941e-001 5.016733e-001 -7.924133e-001
    outer loop
      vertex   -7.892885e-001 5.260000e+000 1.728301e+000
      vertex   -6.550957e-001 5.060000e+000 1.660444e+000
      vertex   -7.759347e-001 5.060000e+000 1.607529e+000
    endloop
  endfacet
  facet normal 4.045078e-001 5.018964e-001 -7.645086e-001
    outer loop
      vertex   -9.105731e-001 5.260000e+000 1.667590e+000
      vertex   -7.759347e-001 5.060000e+000 1.607529e+000
      vertex   -8.925359e-001 5.060000e+000 1.545835e+000
    endloop
  endfacet
  facet normal 4.598073e-001 5.020803e-001 -7.324566e-001
    outer loop
      vertex   -1.027218e+000 5.260000e+000 1.598382e+000
      vertex   -8.925359e-001 5.060000e+000 1.545835e+000
      vertex   -1.004262e+000 5.060000e+000 1.475697e+000
    endloop
  endfacet
  facet normal 5.125955e-001 5.022252e-001 -6.964307e-001
    outer loop
      vertex   -1.138628e+000 5.260000e+000 1.521028e+000
      vertex   -1.004262e+000 5.060000e+000 1.475697e+000
      vertex   -1.110504e+000 5.060000e+000 1.397500e+000
    endloop
  endfacet
  facet normal 5.453288e-001 4.946489e-001 -6.767118e-001
    outer loop
      vertex   -1.244235e+000 5.260000e+000 1.435924e+000
      vertex   -1.138628e+000 5.260000e+000 1.521028e+000
      vertex   -1.110504e+000 5.060000e+000 1.397500e+000
    endloop
  endfacet
  facet normal 3.097085e-002 4.970583e-001 -8.671643e-001
    outer loop
      vertex   -6.897391e-016 5.260000e+000 1.900000e+000
      vertex   -1.103695e-002 5.060000e+000 1.784966e+000
      vertex   -1.355444e-001 5.260000e+000 1.895159e+000
    endloop
  endfacet
  facet normal 9.278015e-002 4.966430e-001 -8.629818e-001
    outer loop
      vertex   -1.355444e-001 5.260000e+000 1.895159e+000
      vertex   -1.428311e-001 5.060000e+000 1.779276e+000
      vertex   -2.703982e-001 5.260000e+000 1.880661e+000
    endloop
  endfacet
  facet normal 1.541466e-001 4.962644e-001 -8.543773e-001
    outer loop
      vertex   -2.703982e-001 5.260000e+000 1.880661e+000
      vertex   -2.738451e-001 5.060000e+000 1.763869e+000
      vertex   -4.038741e-001 5.260000e+000 1.856579e+000
    endloop
  endfacet
  facet normal 2.147527e-001 4.959226e-001 -8.413929e-001
    outer loop
      vertex   -4.038741e-001 5.260000e+000 1.856579e+000
      vertex   -4.033634e-001 5.060000e+000 1.738828e+000
      vertex   -5.352919e-001 5.260000e+000 1.823037e+000
    endloop
  endfacet
  facet normal 2.742848e-001 4.956177e-001 -8.240940e-001
    outer loop
      vertex   -5.352919e-001 5.260000e+000 1.823037e+000
      vertex   -5.306788e-001 5.060000e+000 1.704290e+000
      vertex   -6.639819e-001 5.260000e+000 1.780204e+000
    endloop
  endfacet
  facet normal 3.324346e-001 4.953498e-001 -8.025682e-001
    outer loop
      vertex   -6.639819e-001 5.260000e+000 1.780204e+000
      vertex   -6.550957e-001 5.060000e+000 1.660444e+000
      vertex   -7.892885e-001 5.260000e+000 1.728301e+000
    endloop
  endfacet
  facet normal 3.889011e-001 4.951189e-001 -7.769255e-001
    outer loop
      vertex   -7.892885e-001 5.260000e+000 1.728301e+000
      vertex   -7.759347e-001 5.060000e+000 1.607529e+000
      vertex   -9.105731e-001 5.260000e+000 1.667590e+000
    endloop
  endfacet
  facet normal 4.433918e-001 4.949251e-001 -7.472970e-001
    outer loop
      vertex   -9.105731e-001 5.260000e+000 1.667590e+000
      vertex   -8.925359e-001 5.060000e+000 1.545835e+000
      vertex   -1.027218e+000 5.260000e+000 1.598382e+000
    endloop
  endfacet
  facet normal 4.956245e-001 4.947685e-001 -7.138351e-001
    outer loop
      vertex   -1.027218e+000 5.260000e+000 1.598382e+000
      vertex   -1.004262e+000 5.060000e+000 1.475697e+000
      vertex   -1.138628e+000 5.260000e+000 1.521028e+000
    endloop
  endfacet
  facet normal -1.511054e-012 1.000000e+000 7.664709e-014
    outer loop
      vertex   -1.004262e+000 5.060000e+000 1.475697e+000
      vertex   -1.015414e+000 5.060000e+000 1.255850e+000
      vertex   -1.110504e+000 5.060000e+000 1.397500e+000
    endloop
  endfacet
  facet normal 0.000000e+000 1.000000e+000 0.000000e+000
    outer loop
      vertex   -1.004262e+000 5.060000e+000 1.475697e+000
      vertex   -9.151795e-001 5.060000e+000 1.330666e+000
      vertex   -1.015414e+000 5.060000e+000 1.255850e+000
    endloop
  endfacet
  facet normal -0.000000e+000 1.000000e+000 0.000000e+000
    outer loop
      vertex   -1.004262e+000 5.060000e+000 1.475697e+000
      vertex   -8.925359e-001 5.060000e+000 1.545835e+000
      vertex   -9.151795e-001 5.060000e+000 1.330666e+000
    endloop
  endfacet
  facet normal -0.000000e+000 1.000000e+000 0.000000e+000
    outer loop
      vertex   -9.151795e-001 5.060000e+000 1.330666e+000
      vertex   -8.925359e-001 5.060000e+000 1.545835e+000
      vertex   -8.094558e-001 5.060000e+000 1.397500e+000
    endloop
  endfacet
  facet normal 0.000000e+000 1.000000e+000 -0.000000e+000
    outer loop
      vertex   -8.094558e-001 5.060000e+000 1.397500e+000
      vertex   -8.925359e-001 5.060000e+000 1.545835e+000
      vertex   -7.759347e-001 5.060000e+000 1.607529e+000
    endloop
  endfacet
  facet normal 0.000000e+000 1.000000e+000 -0.000000e+000
    outer loop
      vertex   -6.550957e-001 5.060000e+000 1.660444e+000
      vertex   -8.094558e-001 5.060000e+000 1.397500e+000
      vertex   -7.759347e-001 5.060000e+000 1.607529e+000
    endloop
  endfacet
  facet normal -0.000000e+000 1.000000e+000 0.000000e+000
    outer loop
      vertex   -6.550957e-001 5.060000e+000 1.660444e+000
      vertex   -5.306788e-001 5.060000e+000 1.704290e+000
      vertex   -8.094558e-001 5.060000e+000 1.397500e+000
    endloop
  endfacet
  facet normal 0.000000e+000 1.000000e+000 0.000000e+000
    outer loop
      vertex   -8.094558e-001 5.060000e+000 1.397500e+000
      vertex   -5.306788e-001 5.060000e+000 1.704290e+000
      vertex   -4.033634e-001 5.060000e+000 1.738828e+000
    endloop
  endfacet
  facet normal 0.000000e+000 1.000000e+000 -0.000000e+000
    outer loop
      vertex   -2.738451e-001 5.060000e+000 1.763869e+000
      vertex   -8.094558e-001 5.060000e+000 1.397500e+000
      vertex   -4.033634e-001 5.060000e+000 1.738828e+000
    endloop
  endfacet
  facet normal -0.000000e+000 1.000000e+000 0.000000e+000
    outer loop
      vertex   -2.738451e-001 5.060000e+000 1.763869e+000
      vertex   -1.428311e-001 5.060000e+000 1.779276e+000
      vertex   -8.094558e-001 5.060000e+000 1.397500e+000
    endloop
  endfacet
  facet normal 0.000000e+000 1.000000e+000 0.000000e+000
    outer loop
      vertex   -8.094558e-001 5.060000e+000 1.397500e+000
      vertex   -1.428311e-001 5.060000e+000 1.779276e+000
      vertex   -1.103695e-002 5.060000e+000 1.784966e+000
    endloop
  endfacet
  facet normal -0.000000e+000 1.000000e+000 -0.000000e+000
    outer loop
      vertex   8.094558e-001 5.060000e+000 1.397500e+000
      vertex   -1.103695e-002 5.060000e+000 1.784966e+000
      vertex   1.208174e-001 5.060000e+000 1.780907e+000
    endloop
  endfacet
  facet normal 0.000000e+000 1.000000e+000 0.000000e+000
    outer loop
      vertex   2.520119e-001 5.060000e+000 1.767121e+000
      vertex   8.094558e-001 5.060000e+000 1.397500e+000
      vertex   1.208174e-001 5.060000e+000 1.780907e+000
    endloop
  endfacet
  facet normal 0.000000e+000 1.000000e+000 0.000000e+000
    outer loop
      vertex   2.520119e-001 5.060000e+000 1.767121e+000
      vertex   3.818301e-001 5.060000e+000 1.743683e+000
      vertex   8.094558e-001 5.060000e+000 1.397500e+000
    endloop
  endfacet
  facet normal -0.000000e+000 1.000000e+000 -0.000000e+000
    outer loop
      vertex   8.094558e-001 5.060000e+000 1.397500e+000
      vertex   3.818301e-001 5.060000e+000 1.743683e+000
      vertex   5.095628e-001 5.060000e+000 1.710722e+000
    endloop
  endfacet
  facet normal 0.000000e+000 1.000000e+000 0.000000e+000
    outer loop
      vertex   6.345124e-001 5.060000e+000 1.668418e+000
      vertex   8.094558e-001 5.060000e+000 1.397500e+000
      vertex   5.095628e-001 5.060000e+000 1.710722e+000
    endloop
  endfacet
  facet normal 0.000000e+000 1.000000e+000 0.000000e+000
    outer loop
      vertex   6.345124e-001 5.060000e+000 1.668418e+000
      vertex   7.559965e-001 5.060000e+000 1.617002e+000
      vertex   8.094558e-001 5.060000e+000 1.397500e+000
    endloop
  endfacet
  facet normal -0.000000e+000 1.000000e+000 -0.000000e+000
    outer loop
      vertex   8.094558e-001 5.060000e+000 1.397500e+000
      vertex   7.559965e-001 5.060000e+000 1.617002e+000
      vertex   8.733517e-001 5.060000e+000 1.556754e+000
    endloop
  endfacet
  facet normal 0.000000e+000 1.000000e+000 -0.000000e+000
    outer loop
      vertex   9.859369e-001 5.060000e+000 1.488003e+000
      vertex   8.094558e-001 5.060000e+000 1.397500e+000
      vertex   8.733517e-001 5.060000e+000 1.556754e+000
    endloop
  endfacet
  facet normal 0.000000e+000 1.000000e+000 0.000000e+000
    outer loop
      vertex   9.859369e-001 5.060000e+000 1.488003e+000
      vertex   9.151795e-001 5.060000e+000 1.330666e+000
      vertex   8.094558e-001 5.060000e+000 1.397500e+000
    endloop
  endfacet
  facet normal 0.000000e+000 1.000000e+000 0.000000e+000
    outer loop
      vertex   9.859369e-001 5.060000e+000 1.488003e+000
      vertex   1.093137e+000 5.060000e+000 1.411126e+000
      vertex   9.151795e-001 5.060000e+000 1.330666e+000
    endloop
  endfacet
  facet normal -0.000000e+000 1.000000e+000 0.000000e+000
    outer loop
      vertex   9.151795e-001 5.060000e+000 1.330666e+000
      vertex   1.093137e+000 5.060000e+000 1.411126e+000
      vertex   1.015414e+000 5.060000e+000 1.255850e+000
    endloop
  endfacet
  facet normal -0.000000e+000 1.000000e+000 0.000000e+000
    outer loop
      vertex   1.015414e+000 5.060000e+000 1.255850e+000
      vertex   1.093137e+000 5.060000e+000 1.411126e+000
      vertex   1.194367e+000 5.060000e+000 1.326541e+000
    endloop
  endfacet
  facet normal -0.000000e+000 1.000000e+000 0.000000e+000
    outer loop
      vertex   1.109558e+000 5.060000e+000 1.173502e+000
      vertex   1.194367e+000 5.060000e+000 1.326541e+000
      vertex   1.289074e+000 5.060000e+000 1.234712e+000
    endloop
  endfacet
  facet normal -0.000000e+000 1.000000e+000 0.000000e+000
    outer loop
      vertex   1.197046e+000 5.060000e+000 1.084115e+000
      vertex   1.289074e+000 5.060000e+000 1.234712e+000
      vertex   1.376740e+000 5.060000e+000 1.136138e+000
    endloop
  endfacet
  facet normal -0.000000e+000 1.000000e+000 0.000000e+000
    outer loop
      vertex   1.277355e+000 5.060000e+000 9.882251e-001
      vertex   1.376740e+000 5.060000e+000 1.136138e+000
      vertex   1.456888e+000 5.060000e+000 1.031360e+000
    endloop
  endfacet
  facet normal -0.000000e+000 1.000000e+000 0.000000e+000
    outer loop
      vertex   1.350002e+000 5.060000e+000 8.864080e-001
      vertex   1.456888e+000 5.060000e+000 1.031360e+000
      vertex   1.529078e+000 5.060000e+000 9.209488e-001
    endloop
  endfacet
  facet normal -0.000000e+000 1.000000e+000 0.000000e+000
    outer loop
      vertex   1.414552e+000 5.060000e+000 7.792742e-001
      vertex   1.529078e+000 5.060000e+000 9.209488e-001
      vertex   1.592916e+000 5.060000e+000 8.055076e-001
    endloop
  endfacet
  facet normal -0.000000e+000 1.000000e+000 0.000000e+000
    outer loop
      vertex   1.470617e+000 5.060000e+000 6.674663e-001
      vertex   1.592916e+000 5.060000e+000 8.055076e-001
      vertex   1.648055e+000 5.060000e+000 6.856670e-001
    endloop
  endfacet
  facet normal -0.000000e+000 1.000000e+000 0.000000e+000
    outer loop
      vertex   1.517861e+000 5.060000e+000 5.516548e-001
      vertex   1.648055e+000 5.060000e+000 6.856670e-001
      vertex   1.694193e+000 5.060000e+000 5.620816e-001
    endloop
  endfacet
  facet normal -0.000000e+000 1.000000e+000 0.000000e+000
    outer loop
      vertex   1.556001e+000 5.060000e+000 4.325344e-001
      vertex   1.694193e+000 5.060000e+000 5.620816e-001
      vertex   1.731077e+000 5.060000e+000 4.354262e-001
    endloop
  endfacet
  facet normal -0.000000e+000 1.000000e+000 0.000000e+000
    outer loop
      vertex   1.584808e+000 5.060000e+000 3.108197e-001
      vertex   1.731077e+000 5.060000e+000 4.354262e-001
      vertex   1.758507e+000 5.060000e+000 3.063927e-001
    endloop
  endfacet
  facet normal -0.000000e+000 1.000000e+000 0.000000e+000
    outer loop
      vertex   1.604109e+000 5.060000e+000 1.872407e-001
      vertex   1.758507e+000 5.060000e+000 3.063927e-001
      vertex   1.776333e+000 5.060000e+000 1.756857e-001
    endloop
  endfacet
  facet normal -0.000000e+000 1.000000e+000 0.000000e+000
    outer loop
      vertex   1.613789e+000 5.060000e+000 6.253861e-002
      vertex   1.776333e+000 5.060000e+000 1.756857e-001
      vertex   1.784457e+000 5.060000e+000 4.401928e-002
    endloop
  endfacet
  facet normal -0.000000e+000 1.000000e+000 0.000000e+000
    outer loop
      vertex   1.613789e+000 5.060000e+000 -6.253861e-002
      vertex   1.784457e+000 5.060000e+000 4.401928e-002
      vertex   1.782835e+000 5.060000e+000 -8.788760e-002
    endloop
  endfacet
  facet normal -0.000000e+000 1.000000e+000 0.000000e+000
    outer loop
      vertex   1.604109e+000 5.060000e+000 -1.872407e-001
      vertex   1.782835e+000 5.060000e+000 -8.788760e-002
      vertex   1.771476e+000 5.060000e+000 -2.193145e-001
    endloop
  endfacet
  facet normal -0.000000e+000 1.000000e+000 -0.000000e+000
    outer loop
      vertex   1.750441e+000 5.060000e+000 -3.495435e-001
      vertex   1.604109e+000 5.060000e+000 -1.872407e-001
      vertex   1.771476e+000 5.060000e+000 -2.193145e-001
    endloop
  endfacet
  facet normal 0.000000e+000 1.000000e+000 -0.000000e+000
    outer loop
      vertex   1.750441e+000 5.060000e+000 -3.495435e-001
      vertex   1.584808e+000 5.060000e+000 -3.108197e-001
      vertex   1.604109e+000 5.060000e+000 -1.872407e-001
    endloop
  endfacet
  facet normal 0.000000e+000 1.000000e+000 0.000000e+000
    outer loop
      vertex   1.750441e+000 5.060000e+000 -3.495435e-001
      vertex   1.719846e+000 5.060000e+000 -4.778635e-001
      vertex   1.584808e+000 5.060000e+000 -3.108197e-001
    endloop
  endfacet
  facet normal 0.000000e+000 1.000000e+000 0.000000e+000
    outer loop
      vertex   1.584808e+000 5.060000e+000 -3.108197e-001
      vertex   1.719846e+000 5.060000e+000 -4.778635e-001
      vertex   1.556001e+000 5.060000e+000 -4.325344e-001
    endloop
  endfacet
  facet normal 0.000000e+000 1.000000e+000 0.000000e+000
    outer loop
      vertex   1.556001e+000 5.060000e+000 -4.325344e-001
      vertex   1.719846e+000 5.060000e+000 -4.778635e-001
      vertex   1.679858e+000 5.060000e+000 -6.035735e-001
    endloop
  endfacet
  facet normal 0.000000e+000 1.000000e+000 0.000000e+000
    outer loop
      vertex   1.517861e+000 5.060000e+000 -5.516548e-001
      vertex   1.679858e+000 5.060000e+000 -6.035735e-001
      vertex   1.630695e+000 5.060000e+000 -7.259870e-001
    endloop
  endfacet
  facet normal 0.000000e+000 1.000000e+000 0.000000e+000
    outer loop
      vertex   1.470617e+000 5.060000e+000 -6.674663e-001
      vertex   1.630695e+000 5.060000e+000 -7.259870e-001
      vertex   1.572626e+000 5.060000e+000 -8.444355e-001
    endloop
  endfacet
  facet normal 0.000000e+000 1.000000e+000 0.000000e+000
    outer loop
      vertex   1.414552e+000 5.060000e+000 -7.792742e-001
      vertex   1.572626e+000 5.060000e+000 -8.444355e-001
      vertex   1.505968e+000 5.060000e+000 -9.582719e-001
    endloop
  endfacet
  facet normal 0.000000e+000 1.000000e+000 0.000000e+000
    outer loop
      vertex   1.350002e+000 5.060000e+000 -8.864080e-001
      vertex   1.505968e+000 5.060000e+000 -9.582719e-001
      vertex   1.431085e+000 5.060000e+000 -1.066875e+000
    endloop
  endfacet
  facet normal 0.000000e+000 1.000000e+000 0.000000e+000
    outer loop
      vertex   1.277355e+000 5.060000e+000 -9.882251e-001
      vertex   1.431085e+000 5.060000e+000 -1.066875e+000
      vertex   1.348385e+000 5.060000e+000 -1.169650e+000
    endloop
  endfacet
  facet normal 0.000000e+000 1.000000e+000 0.000000e+000
    outer loop
      vertex   1.197046e+000 5.060000e+000 -1.084115e+000
      vertex   1.348385e+000 5.060000e+000 -1.169650e+000
      vertex   1.258321e+000 5.060000e+000 -1.266038e+000
    endloop
  endfacet
  facet normal 0.000000e+000 1.000000e+000 0.000000e+000
    outer loop
      vertex   1.109558e+000 5.060000e+000 -1.173502e+000
      vertex   1.258321e+000 5.060000e+000 -1.266038e+000
      vertex   1.161385e+000 5.060000e+000 -1.355511e+000
    endloop
  endfacet
  facet normal 0.000000e+000 1.000000e+000 0.000000e+000
    outer loop
      vertex   1.015414e+000 5.060000e+000 -1.255850e+000
      vertex   1.161385e+000 5.060000e+000 -1.355511e+000
      vertex   1.058106e+000 5.060000e+000 -1.437580e+000
    endloop
  endfacet
  facet normal 0.000000e+000 1.000000e+000 0.000000e+000
    outer loop
      vertex   9.151795e-001 5.060000e+000 -1.330666e+000
      vertex   1.058106e+000 5.060000e+000 -1.437580e+000
      vertex   9.490473e-001 5.060000e+000 -1.511798e+000
    endloop
  endfacet
  facet normal -4.578356e-013 1.000000e+000 7.929520e-013
    outer loop
      vertex   8.094558e-001 5.060000e+000 -1.397500e+000
      vertex   9.490473e-001 5.060000e+000 -1.511798e+000
      vertex   8.348054e-001 5.060000e+000 -1.577759e+000
    endloop
  endfacet
  facet normal -3.875212e-013 1.000000e+000 8.028402e-013
    outer loop
      vertex   7.160042e-001 5.060000e+000 -1.635103e+000
      vertex   8.094558e-001 5.060000e+000 -1.397500e+000
      vertex   8.348054e-001 5.060000e+000 -1.577759e+000
    endloop
  endfacet
  facet normal -3.037451e-013 1.000000e+000 7.698903e-013
    outer loop
      vertex   7.160042e-001 5.060000e+000 -1.635103e+000
      vertex   5.932924e-001 5.060000e+000 -1.683517e+000
      vertex   8.094558e-001 5.060000e+000 -1.397500e+000
    endloop
  endfacet
  facet normal -2.200251e-013 1.000000e+000 7.066171e-013
    outer loop
      vertex   8.094558e-001 5.060000e+000 -1.397500e+000
      vertex   5.932924e-001 5.060000e+000 -1.683517e+000
      vertex   4.673403e-001 5.060000e+000 -1.722736e+000
    endloop
  endfacet
  facet normal -1.458067e-013 1.000000e+000 6.285467e-013
    outer loop
      vertex   3.388356e-001 5.060000e+000 -1.752545e+000
      vertex   8.094558e-001 5.060000e+000 -1.397500e+000
      vertex   4.673403e-001 5.060000e+000 -1.722736e+000
    endloop
  endfacet
  facet normal -8.508814e-014 1.000000e+000 5.480630e-013
    outer loop
      vertex   3.388356e-001 5.060000e+000 -1.752545e+000
      vertex   2.084804e-001 5.060000e+000 -1.772783e+000
      vertex   8.094558e-001 5.060000e+000 -1.397500e+000
    endloop
  endfacet
  facet normal -3.793391e-014 1.000000e+000 4.725506e-013
    outer loop
      vertex   8.094558e-001 5.060000e+000 -1.397500e+000
      vertex   2.084804e-001 5.060000e+000 -1.772783e+000
      vertex   7.698658e-002 5.060000e+000 -1.783339e+000
    endloop
  endfacet
  facet normal -2.506054e-015 1.000000e+000 4.052951e-013
    outer loop
      vertex   -5.492775e-002 5.060000e+000 -1.784155e+000
      vertex   8.094558e-001 5.060000e+000 -1.397500e+000
      vertex   7.698658e-002 5.060000e+000 -1.783339e+000
    endloop
  endfacet
  facet normal -0.000000e+000 1.000000e+000 3.996927e-013
    outer loop
      vertex   -5.492775e-002 5.060000e+000 -1.784155e+000
      vertex   -8.094558e-001 5.060000e+000 -1.397500e+000
      vertex   8.094558e-001 5.060000e+000 -1.397500e+000
    endloop
  endfacet
  facet normal 3.125272e-014 1.000000e+000 4.606801e-013
    outer loop
      vertex   -5.492775e-002 5.060000e+000 -1.784155e+000
      vertex   -1.865421e-001 5.060000e+000 -1.775226e+000
      vertex   -8.094558e-001 5.060000e+000 -1.397500e+000
    endloop
  endfacet
  facet normal 7.629045e-014 1.000000e+000 5.349525e-013
    outer loop
      vertex   -8.094558e-001 5.060000e+000 -1.397500e+000
      vertex   -1.865421e-001 5.060000e+000 -1.775226e+000
      vertex   -3.171376e-001 5.060000e+000 -1.756601e+000
    endloop
  endfacet
  facet normal 1.346697e-013 1.000000e+000 6.149888e-013
    outer loop
      vertex   -4.460010e-001 5.060000e+000 -1.728383e+000
      vertex   -8.094558e-001 5.060000e+000 -1.397500e+000
      vertex   -3.171376e-001 5.060000e+000 -1.756601e+000
    endloop
  endfacet
  facet normal 2.067748e-013 1.000000e+000 6.941919e-013
    outer loop
      vertex   -4.460010e-001 5.060000e+000 -1.728383e+000
      vertex   -5.724285e-001 5.060000e+000 -1.690725e+000
      vertex   -8.094558e-001 5.060000e+000 -1.397500e+000
    endloop
  endfacet
  facet normal 2.894105e-013 1.000000e+000 7.609901e-013
    outer loop
      vertex   -8.094558e-001 5.060000e+000 -1.397500e+000
      vertex   -5.724285e-001 5.060000e+000 -1.690725e+000
      vertex   -6.957296e-001 5.060000e+000 -1.643833e+000
    endloop
  endfacet
  facet normal 3.740562e-013 1.000000e+000 8.000692e-013
    outer loop
      vertex   -8.152309e-001 5.060000e+000 -1.587962e+000
      vertex   -8.094558e-001 5.060000e+000 -1.397500e+000
      vertex   -6.957296e-001 5.060000e+000 -1.643833e+000
    endloop
  endfacet
  facet normal 4.475945e-013 1.000000e+000 7.978394e-013
    outer loop
      vertex   -8.152309e-001 5.060000e+000 -1.587962e+000
      vertex   -9.302796e-001 5.060000e+000 -1.523419e+000
      vertex   -8.094558e-001 5.060000e+000 -1.397500e+000
    endloop
  endfacet
  facet normal 1.392789e-012 1.000000e+000 -1.091100e-013
    outer loop
      vertex   -8.094558e-001 5.060000e+000 -1.397500e+000
      vertex   -9.302796e-001 5.060000e+000 -1.523419e+000
      vertex   -9.151795e-001 5.060000e+000 -1.330666e+000
    endloop
  endfacet
  facet normal 0.000000e+000 1.000000e+000 0.000000e+000
    outer loop
      vertex   -9.151795e-001 5.060000e+000 -1.330666e+000
      vertex   -9.302796e-001 5.060000e+000 -1.523419e+000
      vertex   -1.040248e+000 5.060000e+000 -1.450555e+000
    endloop
  endfacet
  facet normal 0.000000e+000 1.000000e+000 0.000000e+000
    outer loop
      vertex   -1.015414e+000 5.060000e+000 -1.255850e+000
      vertex   -1.040248e+000 5.060000e+000 -1.450555e+000
      vertex   -1.144534e+000 5.060000e+000 -1.369769e+000
    endloop
  endfacet
  facet normal 0.000000e+000 1.000000e+000 0.000000e+000
    outer loop
      vertex   -1.109558e+000 5.060000e+000 -1.173502e+000
      vertex   -1.144534e+000 5.060000e+000 -1.369769e+000
      vertex   -1.242569e+000 5.060000e+000 -1.281502e+000
    endloop
  endfacet
  facet normal 0.000000e+000 1.000000e+000 0.000000e+000
    outer loop
      vertex   -1.197046e+000 5.060000e+000 -1.084115e+000
      vertex   -1.242569e+000 5.060000e+000 -1.281502e+000
      vertex   -1.333818e+000 5.060000e+000 -1.186235e+000
    endloop
  endfacet
  facet normal 0.000000e+000 1.000000e+000 0.000000e+000
    outer loop
      vertex   -1.277355e+000 5.060000e+000 -9.882251e-001
      vertex   -1.333818e+000 5.060000e+000 -1.186235e+000
      vertex   -1.417782e+000 5.060000e+000 -1.084490e+000
    endloop
  endfacet
  facet normal 0.000000e+000 1.000000e+000 0.000000e+000
    outer loop
      vertex   -1.350002e+000 5.060000e+000 -8.864080e-001
      vertex   -1.417782e+000 5.060000e+000 -1.084490e+000
      vertex   -1.494003e+000 5.060000e+000 -9.768216e-001
    endloop
  endfacet
  facet normal 0.000000e+000 1.000000e+000 0.000000e+000
    outer loop
      vertex   -1.414552e+000 5.060000e+000 -7.792742e-001
      vertex   -1.494003e+000 5.060000e+000 -9.768216e-001
      vertex   -1.562064e+000 5.060000e+000 -8.638182e-001
    endloop
  endfacet
  facet normal 0.000000e+000 1.000000e+000 0.000000e+000
    outer loop
      vertex   -1.470617e+000 5.060000e+000 -6.674663e-001
      vertex   -1.562064e+000 5.060000e+000 -8.638182e-001
      vertex   -1.621593e+000 5.060000e+000 -7.460969e-001
    endloop
  endfacet
  facet normal 0.000000e+000 1.000000e+000 0.000000e+000
    outer loop
      vertex   -1.517861e+000 5.060000e+000 -5.516548e-001
      vertex   -1.621593e+000 5.060000e+000 -7.460969e-001
      vertex   -1.672266e+000 5.060000e+000 -6.243007e-001
    endloop
  endfacet
  facet normal 0.000000e+000 1.000000e+000 0.000000e+000
    outer loop
      vertex   -1.713806e+000 5.060000e+000 -4.990947e-001
      vertex   -1.517861e+000 5.060000e+000 -5.516548e-001
      vertex   -1.672266e+000 5.060000e+000 -6.243007e-001
    endloop
  endfacet
  facet normal -0.000000e+000 1.000000e+000 0.000000e+000
    outer loop
      vertex   -1.713806e+000 5.060000e+000 -4.990947e-001
      vertex   -1.556001e+000 5.060000e+000 -4.325344e-001
      vertex   -1.517861e+000 5.060000e+000 -5.516548e-001
    endloop
  endfacet
  facet normal -0.000000e+000 1.000000e+000 -0.000000e+000
    outer loop
      vertex   -1.713806e+000 5.060000e+000 -4.990947e-001
      vertex   -1.745985e+000 5.060000e+000 -3.711629e-001
      vertex   -1.556001e+000 5.060000e+000 -4.325344e-001
    endloop
  endfacet
  facet normal 0.000000e+000 1.000000e+000 -0.000000e+000
    outer loop
      vertex   -1.556001e+000 5.060000e+000 -4.325344e-001
      vertex   -1.745985e+000 5.060000e+000 -3.711629e-001
      vertex   -1.584808e+000 5.060000e+000 -3.108197e-001
    endloop
  endfacet
  facet normal 0.000000e+000 1.000000e+000 0.000000e+000
    outer loop
      vertex   -1.584808e+000 5.060000e+000 -3.108197e-001
      vertex   -1.745985e+000 5.060000e+000 -3.711629e-001
      vertex   -1.768628e+000 5.060000e+000 -2.412039e-001
    endloop
  endfacet
  facet normal 0.000000e+000 1.000000e+000 0.000000e+000
    outer loop
      vertex   -1.604109e+000 5.060000e+000 -1.872407e-001
      vertex   -1.768628e+000 5.060000e+000 -2.412039e-001
      vertex   -1.781612e+000 5.060000e+000 -1.099276e-001
    endloop
  endfacet
  facet normal 0.000000e+000 1.000000e+000 0.000000e+000
    outer loop
      vertex   -1.613789e+000 5.060000e+000 -6.253861e-002
      vertex   -1.781612e+000 5.060000e+000 -1.099276e-001
      vertex   -1.784865e+000 5.060000e+000 2.194915e-002
    endloop
  endfacet
  facet normal 0.000000e+000 1.000000e+000 -0.000000e+000
    outer loop
      vertex   -1.613789e+000 5.060000e+000 6.253861e-002
      vertex   -1.784865e+000 5.060000e+000 2.194915e-002
      vertex   -1.778370e+000 5.060000e+000 1.537060e-001
    endloop
  endfacet
  facet normal 0.000000e+000 1.000000e+000 -0.000000e+000
    outer loop
      vertex   -1.604109e+000 5.060000e+000 1.872407e-001
      vertex   -1.778370e+000 5.060000e+000 1.537060e-001
      vertex   -1.762162e+000 5.060000e+000 2.846234e-001
    endloop
  endfacet
  facet normal 0.000000e+000 1.000000e+000 -0.000000e+000
    outer loop
      vertex   -1.584808e+000 5.060000e+000 3.108197e-001
      vertex   -1.762162e+000 5.060000e+000 2.846234e-001
      vertex   -1.736330e+000 5.060000e+000 4.139862e-001
    endloop
  endfacet
  facet normal 0.000000e+000 1.000000e+000 -0.000000e+000
    outer loop
      vertex   -1.556001e+000 5.060000e+000 4.325344e-001
      vertex   -1.736330e+000 5.060000e+000 4.139862e-001
      vertex   -1.701014e+000 5.060000e+000 5.410880e-001
    endloop
  endfacet
  facet normal 0.000000e+000 1.000000e+000 -0.000000e+000
    outer loop
      vertex   -1.517861e+000 5.060000e+000 5.516548e-001
      vertex   -1.701014e+000 5.060000e+000 5.410880e-001
      vertex   -1.656408e+000 5.060000e+000 6.652346e-001
    endloop
  endfacet
  facet normal 0.000000e+000 1.000000e+000 -0.000000e+000
    outer loop
      vertex   -1.470617e+000 5.060000e+000 6.674663e-001
      vertex   -1.656408e+000 5.060000e+000 6.652346e-001
      vertex   -1.602756e+000 5.060000e+000 7.857479e-001
    endloop
  endfacet
  facet normal 0.000000e+000 1.000000e+000 -0.000000e+000
    outer loop
      vertex   -1.414552e+000 5.060000e+000 7.792742e-001
      vertex   -1.602756e+000 5.060000e+000 7.857479e-001
      vertex   -1.540349e+000 5.060000e+000 9.019697e-001
    endloop
  endfacet
  facet normal 0.000000e+000 1.000000e+000 -0.000000e+000
    outer loop
      vertex   -1.350002e+000 5.060000e+000 8.864080e-001
      vertex   -1.540349e+000 5.060000e+000 9.019697e-001
      vertex   -1.469530e+000 5.060000e+000 1.013265e+000
    endloop
  endfacet
  facet normal 0.000000e+000 1.000000e+000 -0.000000e+000
    outer loop
      vertex   -1.277355e+000 5.060000e+000 9.882251e-001
      vertex   -1.469530e+000 5.060000e+000 1.013265e+000
      vertex   -1.390685e+000 5.060000e+000 1.119027e+000
    endloop
  endfacet
  facet normal 0.000000e+000 1.000000e+000 -0.000000e+000
    outer loop
      vertex   -1.197046e+000 5.060000e+000 1.084115e+000
      vertex   -1.390685e+000 5.060000e+000 1.119027e+000
      vertex   -1.304244e+000 5.060000e+000 1.218676e+000
    endloop
  endfacet
  facet normal 0.000000e+000 1.000000e+000 0.000000e+000
    outer loop
      vertex   -1.210680e+000 5.060000e+000 1.311670e+000
      vertex   -1.197046e+000 5.060000e+000 1.084115e+000
      vertex   -1.304244e+000 5.060000e+000 1.218676e+000
    endloop
  endfacet
  facet normal 0.000000e+000 1.000000e+000 0.000000e+000
    outer loop
      vertex   -1.210680e+000 5.060000e+000 1.311670e+000
      vertex   -1.109558e+000 5.060000e+000 1.173502e+000
      vertex   -1.197046e+000 5.060000e+000 1.084115e+000
    endloop
  endfacet
  facet normal 9.481558e-013 1.000000e+000 6.939345e-013
    outer loop
      vertex   -1.210680e+000 5.060000e+000 1.311670e+000
      vertex   -1.110504e+000 5.060000e+000 1.397500e+000
      vertex   -1.109558e+000 5.060000e+000 1.173502e+000
    endloop
  endfacet
  facet normal -6.012654e-013 1.000000e+000 6.873905e-013
    outer loop
      vertex   -1.109558e+000 5.060000e+000 1.173502e+000
      vertex   -1.110504e+000 5.060000e+000 1.397500e+000
      vertex   -1.015414e+000 5.060000e+000 1.255850e+000
    endloop
  endfacet
  facet normal -0.000000e+000 1.000000e+000 0.000000e+000
    outer loop
      vertex   -8.094558e-001 5.060000e+000 1.397500e+000
      vertex   -1.103695e-002 5.060000e+000 1.784966e+000
      vertex   8.094558e-001 5.060000e+000 1.397500e+000
    endloop
  endfacet
  facet normal -0.000000e+000 1.000000e+000 0.000000e+000
    outer loop
      vertex   1.015414e+000 5.060000e+000 1.255850e+000
      vertex   1.194367e+000 5.060000e+000 1.326541e+000
      vertex   1.109558e+000 5.060000e+000 1.173502e+000
    endloop
  endfacet
  facet normal -0.000000e+000 1.000000e+000 0.000000e+000
    outer loop
      vertex   1.109558e+000 5.060000e+000 1.173502e+000
      vertex   1.289074e+000 5.060000e+000 1.234712e+000
      vertex   1.197046e+000 5.060000e+000 1.084115e+000
    endloop
  endfacet
  facet normal -0.000000e+000 1.000000e+000 0.000000e+000
    outer loop
      vertex   1.197046e+000 5.060000e+000 1.084115e+000
      vertex   1.376740e+000 5.060000e+000 1.136138e+000
      vertex   1.277355e+000 5.060000e+000 9.882251e-001
    endloop
  endfacet
  facet normal -0.000000e+000 1.000000e+000 0.000000e+000
    outer loop
      vertex   1.277355e+000 5.060000e+000 9.882251e-001
      vertex   1.456888e+000 5.060000e+000 1.031360e+000
      vertex   1.350002e+000 5.060000e+000 8.864080e-001
    endloop
  endfacet
  facet normal -0.000000e+000 1.000000e+000 0.000000e+000
    outer loop
      vertex   1.350002e+000 5.060000e+000 8.864080e-001
      vertex   1.529078e+000 5.060000e+000 9.209488e-001
      vertex   1.414552e+000 5.060000e+000 7.792742e-001
    endloop
  endfacet
  facet normal -0.000000e+000 1.000000e+000 0.000000e+000
    outer loop
      vertex   1.414552e+000 5.060000e+000 7.792742e-001
      vertex   1.592916e+000 5.060000e+000 8.055076e-001
      vertex   1.470617e+000 5.060000e+000 6.674663e-001
    endloop
  endfacet
  facet normal -0.000000e+000 1.000000e+000 0.000000e+000
    outer loop
      vertex   1.470617e+000 5.060000e+000 6.674663e-001
      vertex   1.648055e+000 5.060000e+000 6.856670e-001
      vertex   1.517861e+000 5.060000e+000 5.516548e-001
    endloop
  endfacet
  facet normal -0.000000e+000 1.000000e+000 0.000000e+000
    outer loop
      vertex   1.517861e+000 5.060000e+000 5.516548e-001
      vertex   1.694193e+000 5.060000e+000 5.620816e-001
      vertex   1.556001e+000 5.060000e+000 4.325344e-001
    endloop
  endfacet
  facet normal -0.000000e+000 1.000000e+000 0.000000e+000
    outer loop
      vertex   1.556001e+000 5.060000e+000 4.325344e-001
      vertex   1.731077e+000 5.060000e+000 4.354262e-001
      vertex   1.584808e+000 5.060000e+000 3.108197e-001
    endloop
  endfacet
  facet normal 0.000000e+000 1.000000e+000 0.000000e+000
    outer loop
      vertex   1.584808e+000 5.060000e+000 3.108197e-001
      vertex   1.758507e+000 5.060000e+000 3.063927e-001
      vertex   1.604109e+000 5.060000e+000 1.872407e-001
    endloop
  endfacet
  facet normal 0.000000e+000 1.000000e+000 0.000000e+000
    outer loop
      vertex   1.604109e+000 5.060000e+000 1.872407e-001
      vertex   1.776333e+000 5.060000e+000 1.756857e-001
      vertex   1.613789e+000 5.060000e+000 6.253861e-002
    endloop
  endfacet
  facet normal 0.000000e+000 1.000000e+000 0.000000e+000
    outer loop
      vertex   1.613789e+000 5.060000e+000 6.253861e-002
      vertex   1.784457e+000 5.060000e+000 4.401928e-002
      vertex   1.613789e+000 5.060000e+000 -6.253861e-002
    endloop
  endfacet
  facet normal 0.000000e+000 1.000000e+000 0.000000e+000
    outer loop
      vertex   1.613789e+000 5.060000e+000 -6.253861e-002
      vertex   1.782835e+000 5.060000e+000 -8.788760e-002
      vertex   1.604109e+000 5.060000e+000 -1.872407e-001
    endloop
  endfacet
  facet normal 0.000000e+000 1.000000e+000 0.000000e+000
    outer loop
      vertex   1.556001e+000 5.060000e+000 -4.325344e-001
      vertex   1.679858e+000 5.060000e+000 -6.035735e-001
      vertex   1.517861e+000 5.060000e+000 -5.516548e-001
    endloop
  endfacet
  facet normal 0.000000e+000 1.000000e+000 0.000000e+000
    outer loop
      vertex   1.517861e+000 5.060000e+000 -5.516548e-001
      vertex   1.630695e+000 5.060000e+000 -7.259870e-001
      vertex   1.470617e+000 5.060000e+000 -6.674663e-001
    endloop
  endfacet
  facet normal 0.000000e+000 1.000000e+000 0.000000e+000
    outer loop
      vertex   1.470617e+000 5.060000e+000 -6.674663e-001
      vertex   1.572626e+000 5.060000e+000 -8.444355e-001
      vertex   1.414552e+000 5.060000e+000 -7.792742e-001
    endloop
  endfacet
  facet normal 0.000000e+000 1.000000e+000 0.000000e+000
    outer loop
      vertex   1.414552e+000 5.060000e+000 -7.792742e-001
      vertex   1.505968e+000 5.060000e+000 -9.582719e-001
      vertex   1.350002e+000 5.060000e+000 -8.864080e-001
    endloop
  endfacet
  facet normal 0.000000e+000 1.000000e+000 0.000000e+000
    outer loop
      vertex   1.350002e+000 5.060000e+000 -8.864080e-001
      vertex   1.431085e+000 5.060000e+000 -1.066875e+000
      vertex   1.277355e+000 5.060000e+000 -9.882251e-001
    endloop
  endfacet
  facet normal 0.000000e+000 1.000000e+000 0.000000e+000
    outer loop
      vertex   1.277355e+000 5.060000e+000 -9.882251e-001
      vertex   1.348385e+000 5.060000e+000 -1.169650e+000
      vertex   1.197046e+000 5.060000e+000 -1.084115e+000
    endloop
  endfacet
  facet normal 0.000000e+000 1.000000e+000 0.000000e+000
    outer loop
      vertex   1.197046e+000 5.060000e+000 -1.084115e+000
      vertex   1.258321e+000 5.060000e+000 -1.266038e+000
      vertex   1.109558e+000 5.060000e+000 -1.173502e+000
    endloop
  endfacet
  facet normal 0.000000e+000 1.000000e+000 0.000000e+000
    outer loop
      vertex   1.109558e+000 5.060000e+000 -1.173502e+000
      vertex   1.161385e+000 5.060000e+000 -1.355511e+000
      vertex   1.015414e+000 5.060000e+000 -1.255850e+000
    endloop
  endfacet
  facet normal 0.000000e+000 1.000000e+000 0.000000e+000
    outer loop
      vertex   1.015414e+000 5.060000e+000 -1.255850e+000
      vertex   1.058106e+000 5.060000e+000 -1.437580e+000
      vertex   9.151795e-001 5.060000e+000 -1.330666e+000
    endloop
  endfacet
  facet normal -1.307248e-012 1.000000e+000 -2.444259e-013
    outer loop
      vertex   9.151795e-001 5.060000e+000 -1.330666e+000
      vertex   9.490473e-001 5.060000e+000 -1.511798e+000
      vertex   8.094558e-001 5.060000e+000 -1.397500e+000
    endloop
  endfacet
  facet normal 0.000000e+000 1.000000e+000 -0.000000e+000
    outer loop
      vertex   -9.151795e-001 5.060000e+000 -1.330666e+000
      vertex   -1.040248e+000 5.060000e+000 -1.450555e+000
      vertex   -1.015414e+000 5.060000e+000 -1.255850e+000
    endloop
  endfacet
  facet normal 0.000000e+000 1.000000e+000 -0.000000e+000
    outer loop
      vertex   -1.015414e+000 5.060000e+000 -1.255850e+000
      vertex   -1.144534e+000 5.060000e+000 -1.369769e+000
      vertex   -1.109558e+000 5.060000e+000 -1.173502e+000
    endloop
  endfacet
  facet normal 0.000000e+000 1.000000e+000 -0.000000e+000
    outer loop
      vertex   -1.109558e+000 5.060000e+000 -1.173502e+000
      vertex   -1.242569e+000 5.060000e+000 -1.281502e+000
      vertex   -1.197046e+000 5.060000e+000 -1.084115e+000
    endloop
  endfacet
  facet normal 0.000000e+000 1.000000e+000 -0.000000e+000
    outer loop
      vertex   -1.197046e+000 5.060000e+000 -1.084115e+000
      vertex   -1.333818e+000 5.060000e+000 -1.186235e+000
      vertex   -1.277355e+000 5.060000e+000 -9.882251e-001
    endloop
  endfacet
  facet normal 0.000000e+000 1.000000e+000 -0.000000e+000
    outer loop
      vertex   -1.277355e+000 5.060000e+000 -9.882251e-001
      vertex   -1.417782e+000 5.060000e+000 -1.084490e+000
      vertex   -1.350002e+000 5.060000e+000 -8.864080e-001
    endloop
  endfacet
  facet normal 0.000000e+000 1.000000e+000 -0.000000e+000
    outer loop
      vertex   -1.350002e+000 5.060000e+000 -8.864080e-001
      vertex   -1.494003e+000 5.060000e+000 -9.768216e-001
      vertex   -1.414552e+000 5.060000e+000 -7.792742e-001
    endloop
  endfacet
  facet normal 0.000000e+000 1.000000e+000 -0.000000e+000
    outer loop
      vertex   -1.414552e+000 5.060000e+000 -7.792742e-001
      vertex   -1.562064e+000 5.060000e+000 -8.638182e-001
      vertex   -1.470617e+000 5.060000e+000 -6.674663e-001
    endloop
  endfacet
  facet normal 0.000000e+000 1.000000e+000 -0.000000e+000
    outer loop
      vertex   -1.470617e+000 5.060000e+000 -6.674663e-001
      vertex   -1.621593e+000 5.060000e+000 -7.460969e-001
      vertex   -1.517861e+000 5.060000e+000 -5.516548e-001
    endloop
  endfacet
  facet normal 0.000000e+000 1.000000e+000 -0.000000e+000
    outer loop
      vertex   -1.584808e+000 5.060000e+000 -3.108197e-001
      vertex   -1.768628e+000 5.060000e+000 -2.412039e-001
      vertex   -1.604109e+000 5.060000e+000 -1.872407e-001
    endloop
  endfacet
  facet normal 0.000000e+000 1.000000e+000 -0.000000e+000
    outer loop
      vertex   -1.604109e+000 5.060000e+000 -1.872407e-001
      vertex   -1.781612e+000 5.060000e+000 -1.099276e-001
      vertex   -1.613789e+000 5.060000e+000 -6.253861e-002
    endloop
  endfacet
  facet normal 0.000000e+000 1.000000e+000 -0.000000e+000
    outer loop
      vertex   -1.613789e+000 5.060000e+000 -6.253861e-002
      vertex   -1.784865e+000 5.060000e+000 2.194915e-002
      vertex   -1.613789e+000 5.060000e+000 6.253861e-002
    endloop
  endfacet
  facet normal 0.000000e+000 1.000000e+000 -0.000000e+000
    outer loop
      vertex   -1.613789e+000 5.060000e+000 6.253861e-002
      vertex   -1.778370e+000 5.060000e+000 1.537060e-001
      vertex   -1.604109e+000 5.060000e+000 1.872407e-001
    endloop
  endfacet
  facet normal 0.000000e+000 1.000000e+000 -0.000000e+000
    outer loop
      vertex   -1.604109e+000 5.060000e+000 1.872407e-001
      vertex   -1.762162e+000 5.060000e+000 2.846234e-001
      vertex   -1.584808e+000 5.060000e+000 3.108197e-001
    endloop
  endfacet
  facet normal 0.000000e+000 1.000000e+000 -0.000000e+000
    outer loop
      vertex   -1.584808e+000 5.060000e+000 3.108197e-001
      vertex   -1.736330e+000 5.060000e+000 4.139862e-001
      vertex   -1.556001e+000 5.060000e+000 4.325344e-001
    endloop
  endfacet
  facet normal 0.000000e+000 1.000000e+000 -0.000000e+000
    outer loop
      vertex   -1.556001e+000 5.060000e+000 4.325344e-001
      vertex   -1.701014e+000 5.060000e+000 5.410880e-001
      vertex   -1.517861e+000 5.060000e+000 5.516548e-001
    endloop
  endfacet
  facet normal 0.000000e+000 1.000000e+000 -0.000000e+000
    outer loop
      vertex   -1.517861e+000 5.060000e+000 5.516548e-001
      vertex   -1.656408e+000 5.060000e+000 6.652346e-001
      vertex   -1.470617e+000 5.060000e+000 6.674663e-001
    endloop
  endfacet
  facet normal -0.000000e+000 1.000000e+000 -0.000000e+000
    outer loop
      vertex   -1.470617e+000 5.060000e+000 6.674663e-001
      vertex   -1.602756e+000 5.060000e+000 7.857479e-001
      vertex   -1.414552e+000 5.060000e+000 7.792742e-001
    endloop
  endfacet
  facet normal -0.000000e+000 1.000000e+000 -0.000000e+000
    outer loop
      vertex   -1.414552e+000 5.060000e+000 7.792742e-001
      vertex   -1.540349e+000 5.060000e+000 9.019697e-001
      vertex   -1.350002e+000 5.060000e+000 8.864080e-001
    endloop
  endfacet
  facet normal -0.000000e+000 1.000000e+000 -0.000000e+000
    outer loop
      vertex   -1.350002e+000 5.060000e+000 8.864080e-001
      vertex   -1.469530e+000 5.060000e+000 1.013265e+000
      vertex   -1.277355e+000 5.060000e+000 9.882251e-001
    endloop
  endfacet
  facet normal -0.000000e+000 1.000000e+000 -0.000000e+000
    outer loop
      vertex   -1.277355e+000 5.060000e+000 9.882251e-001
      vertex   -1.390685e+000 5.060000e+000 1.119027e+000
      vertex   -1.197046e+000 5.060000e+000 1.084115e+000
    endloop
  endfacet
endsolid