solid ascii
  facet normal 7.064744e-001 -7.072447e-001 -2.643441e-002
    outer loop
      vertex   -1.610484e+000 1.600000e+000 1.206891e-001
      vertex   -1.710425e+000 1.500000e+000 1.251870e-001
      vertex   -1.615000e+000 1.600000e+000 1.977805e-016
    endloop
  endfacet
  facet normal 7.034515e-001 -7.065160e-001 -7.740168e-002
    outer loop
      vertex   -1.610484e+000 1.600000e+000 1.206891e-001
      vertex   -1.696724e+000 1.500000e+000 2.497060e-001
      vertex   -1.710425e+000 1.500000e+000 1.251870e-001
    endloop
  endfacet
  facet normal 7.021591e-001 -7.076111e-001 -7.911433e-002
    outer loop
      vertex   -1.610484e+000 1.600000e+000 1.206891e-001
      vertex   -1.596962e+000 1.600000e+000 2.407033e-001
      vertex   -1.696724e+000 1.500000e+000 2.497060e-001
    endloop
  endfacet
  facet normal 6.962566e-001 -7.061781e-001 -1.286051e-001
    outer loop
      vertex   -1.696724e+000 1.500000e+000 2.497060e-001
      vertex   -1.596962e+000 1.600000e+000 2.407033e-001
      vertex   -1.673970e+000 1.500000e+000 3.728928e-001
    endloop
  endfacet
  facet normal 6.939414e-001 -7.079586e-001 -1.313008e-001
    outer loop
      vertex   -1.673970e+000 1.500000e+000 3.728928e-001
      vertex   -1.596962e+000 1.600000e+000 2.407033e-001
      vertex   -1.574509e+000 1.600000e+000 3.593713e-001
    endloop
  endfacet
  facet normal 6.818704e-001 -7.082874e-001 -1.827066e-001
    outer loop
      vertex   -1.642285e+000 1.500000e+000 4.940900e-001
      vertex   -1.574509e+000 1.600000e+000 3.593713e-001
      vertex   -1.543250e+000 1.600000e+000 4.760296e-001
    endloop
  endfacet
  facet normal 6.660162e-001 -7.085975e-001 -2.330492e-001
    outer loop
      vertex   -1.601838e+000 1.500000e+000 6.126510e-001
      vertex   -1.543250e+000 1.600000e+000 4.760296e-001
      vertex   -1.503361e+000 1.600000e+000 5.900258e-001
    endloop
  endfacet
  facet normal 6.464697e-001 -7.088890e-001 -2.820519e-001
    outer loop
      vertex   -1.552844e+000 1.500000e+000 7.279432e-001
      vertex   -1.503361e+000 1.600000e+000 5.900258e-001
      vertex   -1.455065e+000 1.600000e+000 7.007222e-001
    endloop
  endfacet
  facet normal 6.233417e-001 -7.091620e-001 -3.294457e-001
    outer loop
      vertex   -1.495565e+000 1.500000e+000 8.393516e-001
      vertex   -1.455065e+000 1.600000e+000 7.007222e-001
      vertex   -1.398631e+000 1.600000e+000 8.075000e-001
    endloop
  endfacet
  facet normal 5.967624e-001 -7.094164e-001 -3.749707e-001
    outer loop
      vertex   -1.430306e+000 1.500000e+000 9.462817e-001
      vertex   -1.398631e+000 1.600000e+000 8.075000e-001
      vertex   -1.334376e+000 1.600000e+000 9.097619e-001
    endloop
  endfacet
  facet normal 5.668809e-001 -7.096525e-001 -4.183771e-001
    outer loop
      vertex   -1.357416e+000 1.500000e+000 1.048163e+000
      vertex   -1.334376e+000 1.600000e+000 9.097619e-001
      vertex   -1.262658e+000 1.600000e+000 1.006936e+000
    endloop
  endfacet
  facet normal 5.338642e-001 -7.098701e-001 -4.594273e-001
    outer loop
      vertex   -1.277284e+000 1.500000e+000 1.144452e+000
      vertex   -1.262658e+000 1.600000e+000 1.006936e+000
      vertex   -1.183879e+000 1.600000e+000 1.098479e+000
    endloop
  endfacet
  facet normal 4.978962e-001 -7.100695e-001 -4.978962e-001
    outer loop
      vertex   -1.190337e+000 1.500000e+000 1.234634e+000
      vertex   -1.183879e+000 1.600000e+000 1.098479e+000
      vertex   -1.098479e+000 1.600000e+000 1.183879e+000
    endloop
  endfacet
  facet normal 4.591770e-001 -7.102506e-001 -5.335734e-001
    outer loop
      vertex   -1.097039e+000 1.500000e+000 1.318230e+000
      vertex   -1.098479e+000 1.600000e+000 1.183879e+000
      vertex   -1.006936e+000 1.600000e+000 1.262658e+000
    endloop
  endfacet
  facet normal 4.179215e-001 -7.104135e-001 -5.662635e-001
    outer loop
      vertex   -9.978880e-001 1.500000e+000 1.394792e+000
      vertex   -1.006936e+000 1.600000e+000 1.262658e+000
      vertex   -9.097619e-001 1.600000e+000 1.334376e+000
    endloop
  endfacet
  facet normal 3.743583e-001 -7.105581e-001 -5.957877e-001
    outer loop
      vertex   -8.934127e-001 1.500000e+000 1.463912e+000
      vertex   -9.097619e-001 1.600000e+000 1.334376e+000
      vertex   -8.075000e-001 1.600000e+000 1.398631e+000
    endloop
  endfacet
  facet normal 3.287285e-001 -7.106847e-001 -6.219847e-001
    outer loop
      vertex   -7.841706e-001 1.500000e+000 1.525222e+000
      vertex   -8.075000e-001 1.600000e+000 1.398631e+000
      vertex   -7.007222e-001 1.600000e+000 1.455065e+000
    endloop
  endfacet
  facet normal 2.812845e-001 -7.107930e-001 -6.447110e-001
    outer loop
      vertex   -6.707446e-001 1.500000e+000 1.578394e+000
      vertex   -7.007222e-001 1.600000e+000 1.455065e+000
      vertex   -5.900258e-001 1.600000e+000 1.503361e+000
    endloop
  endfacet
  facet normal 2.322886e-001 -7.108833e-001 -6.638425e-001
    outer loop
      vertex   -5.537399e-001 1.500000e+000 1.623144e+000
      vertex   -5.900258e-001 1.600000e+000 1.503361e+000
      vertex   -4.760296e-001 1.600000e+000 1.543250e+000
    endloop
  endfacet
  facet normal 1.820111e-001 -7.109555e-001 -6.792748e-001
    outer loop
      vertex   -4.337808e-001 1.500000e+000 1.659235e+000
      vertex   -4.760296e-001 1.600000e+000 1.543250e+000
      vertex   -3.593713e-001 1.600000e+000 1.574509e+000
    endloop
  endfacet
  facet normal 1.307297e-001 -7.110097e-001 -6.909233e-001
    outer loop
      vertex   -3.115072e-001 1.500000e+000 1.686472e+000
      vertex   -3.593713e-001 1.600000e+000 1.574509e+000
      vertex   -2.407033e-001 1.600000e+000 1.596962e+000
    endloop
  endfacet
  facet normal 7.872734e-002 -7.110458e-001 -6.987245e-001
    outer loop
      vertex   -1.875716e-001 1.500000e+000 1.704712e+000
      vertex   -2.407033e-001 1.600000e+000 1.596962e+000
      vertex   -1.206891e-001 1.600000e+000 1.610484e+000
    endloop
  endfacet
  facet normal 2.629078e-002 -7.110638e-001 -7.026358e-001
    outer loop
      vertex   -6.263527e-002 1.500000e+000 1.713856e+000
      vertex   -1.206891e-001 1.600000e+000 1.610484e+000
      vertex   -2.075055e-016 1.600000e+000 1.615000e+000
    endloop
  endfacet
  facet normal -2.629078e-002 -7.110638e-001 -7.026358e-001
    outer loop
      vertex   6.263527e-002 1.500000e+000 1.713856e+000
      vertex   -2.075055e-016 1.600000e+000 1.615000e+000
      vertex   1.206891e-001 1.600000e+000 1.610484e+000
    endloop
  endfacet
  facet normal -7.872734e-002 -7.110458e-001 -6.987245e-001
    outer loop
      vertex   1.875716e-001 1.500000e+000 1.704712e+000
      vertex   1.206891e-001 1.600000e+000 1.610484e+000
      vertex   2.407033e-001 1.600000e+000 1.596962e+000
    endloop
  endfacet
  facet normal -1.307297e-001 -7.110097e-001 -6.909233e-001
    outer loop
      vertex   3.115072e-001 1.500000e+000 1.686472e+000
      vertex   2.407033e-001 1.600000e+000 1.596962e+000
      vertex   3.593713e-001 1.600000e+000 1.574509e+000
    endloop
  endfacet
  facet normal -1.820111e-001 -7.109555e-001 -6.792748e-001
    outer loop
      vertex   4.337808e-001 1.500000e+000 1.659235e+000
      vertex   3.593713e-001 1.600000e+000 1.574509e+000
      vertex   4.760296e-001 1.600000e+000 1.543250e+000
    endloop
  endfacet
  facet normal -2.322886e-001 -7.108833e-001 -6.638425e-001
    outer loop
      vertex   5.537399e-001 1.500000e+000 1.623144e+000
      vertex   4.760296e-001 1.600000e+000 1.543250e+000
      vertex   5.900258e-001 1.600000e+000 1.503361e+000
    endloop
  endfacet
  facet normal -2.812845e-001 -7.107930e-001 -6.447110e-001
    outer loop
      vertex   6.707446e-001 1.500000e+000 1.578394e+000
      vertex   5.900258e-001 1.600000e+000 1.503361e+000
      vertex   7.007222e-001 1.600000e+000 1.455065e+000
    endloop
  endfacet
  facet normal -3.287285e-001 -7.106847e-001 -6.219847e-001
    outer loop
      vertex   7.841706e-001 1.500000e+000 1.525222e+000
      vertex   7.007222e-001 1.600000e+000 1.455065e+000
      vertex   8.075000e-001 1.600000e+000 1.398631e+000
    endloop
  endfacet
  facet normal -3.743583e-001 -7.105581e-001 -5.957877e-001
    outer loop
      vertex   8.934127e-001 1.500000e+000 1.463912e+000
      vertex   8.075000e-001 1.600000e+000 1.398631e+000
      vertex   9.097619e-001 1.600000e+000 1.334376e+000
    endloop
  endfacet
  facet normal -4.179215e-001 -7.104135e-001 -5.662635e-001
    outer loop
      vertex   9.978880e-001 1.500000e+000 1.394792e+000
      vertex   9.097619e-001 1.600000e+000 1.334376e+000
      vertex   1.006936e+000 1.600000e+000 1.262658e+000
    endloop
  endfacet
  facet normal -4.591770e-001 -7.102506e-001 -5.335734e-001
    outer loop
      vertex   1.097039e+000 1.500000e+000 1.318230e+000
      vertex   1.006936e+000 1.600000e+000 1.262658e+000
      vertex   1.098479e+000 1.600000e+000 1.183879e+000
    endloop
  endfacet
  facet normal -4.978962e-001 -7.100695e-001 -4.978962e-001
    outer loop
      vertex   1.190337e+000 1.500000e+000 1.234634e+000
      vertex   1.098479e+000 1.600000e+000 1.183879e+000
      vertex   1.183879e+000 1.600000e+000 1.098479e+000
    endloop
  endfacet
  facet normal -5.338642e-001 -7.098701e-001 -4.594273e-001
    outer loop
      vertex   1.277284e+000 1.500000e+000 1.144452e+000
      vertex   1.183879e+000 1.600000e+000 1.098479e+000
      vertex   1.262658e+000 1.600000e+000 1.006936e+000
    endloop
  endfacet
  facet normal -5.668809e-001 -7.096525e-001 -4.183771e-001
    outer loop
      vertex   1.357416e+000 1.500000e+000 1.048163e+000
      vertex   1.262658e+000 1.600000e+000 1.006936e+000
      vertex   1.334376e+000 1.600000e+000 9.097619e-001
    endloop
  endfacet
  facet normal -5.967624e-001 -7.094164e-001 -3.749707e-001
    outer loop
      vertex   1.430306e+000 1.500000e+000 9.462817e-001
      vertex   1.334376e+000 1.600000e+000 9.097619e-001
      vertex   1.398631e+000 1.600000e+000 8.075000e-001
    endloop
  endfacet
  facet normal -6.233417e-001 -7.091620e-001 -3.294457e-001
    outer loop
      vertex   1.495565e+000 1.500000e+000 8.393516e-001
      vertex   1.398631e+000 1.600000e+000 8.075000e-001
      vertex   1.455065e+000 1.600000e+000 7.007222e-001
    endloop
  endfacet
  facet normal -6.464697e-001 -7.088890e-001 -2.820519e-001
    outer loop
      vertex   1.552844e+000 1.500000e+000 7.279432e-001
      vertex   1.455065e+000 1.600000e+000 7.007222e-001
      vertex   1.503361e+000 1.600000e+000 5.900258e-001
    endloop
  endfacet
  facet normal -6.660162e-001 -7.085975e-001 -2.330492e-001
    outer loop
      vertex   1.601838e+000 1.500000e+000 6.126510e-001
      vertex   1.503361e+000 1.600000e+000 5.900258e-001
      vertex   1.543250e+000 1.600000e+000 4.760296e-001
    endloop
  endfacet
  facet normal -6.818704e-001 -7.082874e-001 -1.827066e-001
    outer loop
      vertex   1.642285e+000 1.500000e+000 4.940900e-001
      vertex   1.543250e+000 1.600000e+000 4.760296e-001
      vertex   1.574509e+000 1.600000e+000 3.593713e-001
    endloop
  endfacet
  facet normal -6.939414e-001 -7.079586e-001 -1.313008e-001
    outer loop
      vertex   1.673970e+000 1.500000e+000 3.728928e-001
      vertex   1.574509e+000 1.600000e+000 3.593713e-001
      vertex   1.596962e+000 1.600000e+000 2.407033e-001
    endloop
  endfacet
  facet normal -7.021591e-001 -7.076111e-001 -7.911433e-002
    outer loop
      vertex   1.696724e+000 1.500000e+000 2.497060e-001
      vertex   1.596962e+000 1.600000e+000 2.407033e-001
      vertex   1.610484e+000 1.600000e+000 1.206891e-001
    endloop
  endfacet
  facet normal -7.064744e-001 -7.072447e-001 -2.643441e-002
    outer loop
      vertex   1.710425e+000 1.500000e+000 1.251870e-001
      vertex   1.610484e+000 1.600000e+000 1.206891e-001
      vertex   1.615000e+000 1.600000e+000 0.000000e+000
    endloop
  endfacet
  facet normal -7.068708e-001 -7.068708e-001 2.583359e-002
    outer loop
      vertex   1.715000e+000 1.500000e+000 0.000000e+000
      vertex   1.615000e+000 1.600000e+000 0.000000e+000
      vertex   1.710425e+000 1.500000e+000 -1.251870e-001
    endloop
  endfacet
  facet normal -7.068708e-001 -7.068708e-001 -2.583359e-002
    outer loop
      vertex   1.715000e+000 1.500000e+000 0.000000e+000
      vertex   1.710425e+000 1.500000e+000 1.251870e-001
      vertex   1.615000e+000 1.600000e+000 0.000000e+000
    endloop
  endfacet
  facet normal 6.853213e-001 -7.058570e-001 -1.791665e-001
    outer loop
      vertex   -1.673970e+000 1.500000e+000 3.728928e-001
      vertex   -1.574509e+000 1.600000e+000 3.593713e-001
      vertex   -1.642285e+000 1.500000e+000 4.940900e-001
    endloop
  endfacet
  facet normal 6.707014e-001 -7.055529e-001 -2.288115e-001
    outer loop
      vertex   -1.642285e+000 1.500000e+000 4.940900e-001
      vertex   -1.543250e+000 1.600000e+000 4.760296e-001
      vertex   -1.601838e+000 1.500000e+000 6.126510e-001
    endloop
  endfacet
  facet normal 6.524729e-001 -7.052658e-001 -2.772709e-001
    outer loop
      vertex   -1.601838e+000 1.500000e+000 6.126510e-001
      vertex   -1.503361e+000 1.600000e+000 5.900258e-001
      vertex   -1.552844e+000 1.500000e+000 7.279432e-001
    endloop
  endfacet
  facet normal 6.307317e-001 -7.049958e-001 -3.242815e-001
    outer loop
      vertex   -1.552844e+000 1.500000e+000 7.279432e-001
      vertex   -1.455065e+000 1.600000e+000 7.007222e-001
      vertex   -1.495565e+000 1.500000e+000 8.393516e-001
    endloop
  endfacet
  facet normal 6.055925e-001 -7.047429e-001 -3.695878e-001
    outer loop
      vertex   -1.495565e+000 1.500000e+000 8.393516e-001
      vertex   -1.398631e+000 1.600000e+000 8.075000e-001
      vertex   -1.430306e+000 1.500000e+000 9.462817e-001
    endloop
  endfacet
  facet normal 5.771891e-001 -7.045072e-001 -4.129434e-001
    outer loop
      vertex   -1.430306e+000 1.500000e+000 9.462817e-001
      vertex   -1.334376e+000 1.600000e+000 9.097619e-001
      vertex   -1.357416e+000 1.500000e+000 1.048163e+000
    endloop
  endfacet
  facet normal 5.456730e-001 -7.042888e-001 -4.541126e-001
    outer loop
      vertex   -1.357416e+000 1.500000e+000 1.048163e+000
      vertex   -1.262658e+000 1.600000e+000 1.006936e+000
      vertex   -1.277284e+000 1.500000e+000 1.144452e+000
    endloop
  endfacet
  facet normal 5.112129e-001 -7.040877e-001 -4.928712e-001
    outer loop
      vertex   -1.277284e+000 1.500000e+000 1.144452e+000
      vertex   -1.183879e+000 1.600000e+000 1.098479e+000
      vertex   -1.190337e+000 1.500000e+000 1.234634e+000
    endloop
  endfacet
  facet normal 4.739934e-001 -7.039039e-001 -5.290082e-001
    outer loop
      vertex   -1.190337e+000 1.500000e+000 1.234634e+000
      vertex   -1.098479e+000 1.600000e+000 1.183879e+000
      vertex   -1.097039e+000 1.500000e+000 1.318230e+000
    endloop
  endfacet
  facet normal 4.342146e-001 -7.037374e-001 -5.623267e-001
    outer loop
      vertex   -1.097039e+000 1.500000e+000 1.318230e+000
      vertex   -1.006936e+000 1.600000e+000 1.262658e+000
      vertex   -9.978880e-001 1.500000e+000 1.394792e+000
    endloop
  endfacet
  facet normal 3.920904e-001 -7.035884e-001 -5.926453e-001
    outer loop
      vertex   -9.978880e-001 1.500000e+000 1.394792e+000
      vertex   -9.097619e-001 1.600000e+000 1.334376e+000
      vertex   -8.934127e-001 1.500000e+000 1.463912e+000
    endloop
  endfacet
  facet normal 3.478478e-001 -7.034569e-001 -6.197986e-001
    outer loop
      vertex   -8.934127e-001 1.500000e+000 1.463912e+000
      vertex   -8.075000e-001 1.600000e+000 1.398631e+000
      vertex   -7.841706e-001 1.500000e+000 1.525222e+000
    endloop
  endfacet
  facet normal 3.017254e-001 -7.033428e-001 -6.436386e-001
    outer loop
      vertex   -7.841706e-001 1.500000e+000 1.525222e+000
      vertex   -7.007222e-001 1.600000e+000 1.455065e+000
      vertex   -6.707446e-001 1.500000e+000 1.578394e+000
    endloop
  endfacet
  facet normal 2.539720e-001 -7.032462e-001 -6.640353e-001
    outer loop
      vertex   -6.707446e-001 1.500000e+000 1.578394e+000
      vertex   -5.900258e-001 1.600000e+000 1.503361e+000
      vertex   -5.537399e-001 1.500000e+000 1.623144e+000
    endloop
  endfacet
  facet normal 2.048455e-001 -7.031672e-001 -6.808775e-001
    outer loop
      vertex   -5.537399e-001 1.500000e+000 1.623144e+000
      vertex   -4.760296e-001 1.600000e+000 1.543250e+000
      vertex   -4.337808e-001 1.500000e+000 1.659235e+000
    endloop
  endfacet
  facet normal 1.546114e-001 -7.031057e-001 -6.940732e-001
    outer loop
      vertex   -4.337808e-001 1.500000e+000 1.659235e+000
      vertex   -3.593713e-001 1.600000e+000 1.574509e+000
      vertex   -3.115072e-001 1.500000e+000 1.686472e+000
    endloop
  endfacet
  facet normal 1.035412e-001 -7.030618e-001 -7.035505e-001
    outer loop
      vertex   -3.115072e-001 1.500000e+000 1.686472e+000
      vertex   -2.407033e-001 1.600000e+000 1.596962e+000
      vertex   -1.875716e-001 1.500000e+000 1.704712e+000
    endloop
  endfacet
  facet normal 5.191097e-002 -7.030354e-001 -7.092577e-001
    outer loop
      vertex   -1.875716e-001 1.500000e+000 1.704712e+000
      vertex   -1.206891e-001 1.600000e+000 1.610484e+000
      vertex   -6.263527e-002 1.500000e+000 1.713856e+000
    endloop
  endfacet
  facet normal 0.000000e+000 -7.030266e-001 -7.111635e-001
    outer loop
      vertex   -6.263527e-002 1.500000e+000 1.713856e+000
      vertex   -2.075055e-016 1.600000e+000 1.615000e+000
      vertex   6.263527e-002 1.500000e+000 1.713856e+000
    endloop
  endfacet
  facet normal -5.191097e-002 -7.030354e-001 -7.092577e-001
    outer loop
      vertex   6.263527e-002 1.500000e+000 1.713856e+000
      vertex   1.206891e-001 1.600000e+000 1.610484e+000
      vertex   1.875716e-001 1.500000e+000 1.704712e+000
    endloop
  endfacet
  facet normal -1.035412e-001 -7.030618e-001 -7.035505e-001
    outer loop
      vertex   1.875716e-001 1.500000e+000 1.704712e+000
      vertex   2.407033e-001 1.600000e+000 1.596962e+000
      vertex   3.115072e-001 1.500000e+000 1.686472e+000
    endloop
  endfacet
  facet normal -1.546114e-001 -7.031057e-001 -6.940732e-001
    outer loop
      vertex   3.115072e-001 1.500000e+000 1.686472e+000
      vertex   3.593713e-001 1.600000e+000 1.574509e+000
      vertex   4.337808e-001 1.500000e+000 1.659235e+000
    endloop
  endfacet
  facet normal -2.048455e-001 -7.031672e-001 -6.808775e-001
    outer loop
      vertex   4.337808e-001 1.500000e+000 1.659235e+000
      vertex   4.760296e-001 1.600000e+000 1.543250e+000
      vertex   5.537399e-001 1.500000e+000 1.623144e+000
    endloop
  endfacet
  facet normal -2.539720e-001 -7.032462e-001 -6.640353e-001
    outer loop
      vertex   5.537399e-001 1.500000e+000 1.623144e+000
      vertex   5.900258e-001 1.600000e+000 1.503361e+000
      vertex   6.707446e-001 1.500000e+000 1.578394e+000
    endloop
  endfacet
  facet normal -3.017254e-001 -7.033428e-001 -6.436386e-001
    outer loop
      vertex   6.707446e-001 1.500000e+000 1.578394e+000
      vertex   7.007222e-001 1.600000e+000 1.455065e+000
      vertex   7.841706e-001 1.500000e+000 1.525222e+000
    endloop
  endfacet
  facet normal -3.478478e-001 -7.034569e-001 -6.197986e-001
    outer loop
      vertex   7.841706e-001 1.500000e+000 1.525222e+000
      vertex   8.075000e-001 1.600000e+000 1.398631e+000
      vertex   8.934127e-001 1.500000e+000 1.463912e+000
    endloop
  endfacet
  facet normal -3.920904e-001 -7.035884e-001 -5.926453e-001
    outer loop
      vertex   8.934127e-001 1.500000e+000 1.463912e+000
      vertex   9.097619e-001 1.600000e+000 1.334376e+000
      vertex   9.978880e-001 1.500000e+000 1.394792e+000
    endloop
  endfacet
  facet normal -4.342146e-001 -7.037374e-001 -5.623267e-001
    outer loop
      vertex   9.978880e-001 1.500000e+000 1.394792e+000
      vertex   1.006936e+000 1.600000e+000 1.262658e+000
      vertex   1.097039e+000 1.500000e+000 1.318230e+000
    endloop
  endfacet
  facet normal -4.739934e-001 -7.039039e-001 -5.290082e-001
    outer loop
      vertex   1.097039e+000 1.500000e+000 1.318230e+000
      vertex   1.098479e+000 1.600000e+000 1.183879e+000
      vertex   1.190337e+000 1.500000e+000 1.234634e+000
    endloop
  endfacet
  facet normal -5.112129e-001 -7.040877e-001 -4.928712e-001
    outer loop
      vertex   1.190337e+000 1.500000e+000 1.234634e+000
      vertex   1.183879e+000 1.600000e+000 1.098479e+000
      vertex   1.277284e+000 1.500000e+000 1.144452e+000
    endloop
  endfacet
  facet normal -5.456730e-001 -7.042888e-001 -4.541126e-001
    outer loop
      vertex   1.277284e+000 1.500000e+000 1.144452e+000
      vertex   1.262658e+000 1.600000e+000 1.006936e+000
      vertex   1.357416e+000 1.500000e+000 1.048163e+000
    endloop
  endfacet
  facet normal -5.771891e-001 -7.045072e-001 -4.129434e-001
    outer loop
      vertex   1.357416e+000 1.500000e+000 1.048163e+000
      vertex   1.334376e+000 1.600000e+000 9.097619e-001
      vertex   1.430306e+000 1.500000e+000 9.462817e-001
    endloop
  endfacet
  facet normal -6.055925e-001 -7.047429e-001 -3.695878e-001
    outer loop
      vertex   1.430306e+000 1.500000e+000 9.462817e-001
      vertex   1.398631e+000 1.600000e+000 8.075000e-001
      vertex   1.495565e+000 1.500000e+000 8.393516e-001
    endloop
  endfacet
  facet normal -6.307317e-001 -7.049958e-001 -3.242815e-001
    outer loop
      vertex   1.495565e+000 1.500000e+000 8.393516e-001
      vertex   1.455065e+000 1.600000e+000 7.007222e-001
      vertex   1.552844e+000 1.500000e+000 7.279432e-001
    endloop
  endfacet
  facet normal -6.524729e-001 -7.052658e-001 -2.772709e-001
    outer loop
      vertex   1.552844e+000 1.500000e+000 7.279432e-001
      vertex   1.503361e+000 1.600000e+000 5.900258e-001
      vertex   1.601838e+000 1.500000e+000 6.126510e-001
    endloop
  endfacet
  facet normal -6.707014e-001 -7.055529e-001 -2.288115e-001
    outer loop
      vertex   1.601838e+000 1.500000e+000 6.126510e-001
      vertex   1.543250e+000 1.600000e+000 4.760296e-001
      vertex   1.642285e+000 1.500000e+000 4.940900e-001
    endloop
  endfacet
  facet normal -6.853213e-001 -7.058570e-001 -1.791665e-001
    outer loop
      vertex   1.642285e+000 1.500000e+000 4.940900e-001
      vertex   1.574509e+000 1.600000e+000 3.593713e-001
      vertex   1.673970e+000 1.500000e+000 3.728928e-001
    endloop
  endfacet
  facet normal -6.962566e-001 -7.061781e-001 -1.286051e-001
    outer loop
      vertex   1.673970e+000 1.500000e+000 3.728928e-001
      vertex   1.596962e+000 1.600000e+000 2.407033e-001
      vertex   1.696724e+000 1.500000e+000 2.497060e-001
    endloop
  endfacet
  facet normal -7.034515e-001 -7.065160e-001 -7.740168e-002
    outer loop
      vertex   1.696724e+000 1.500000e+000 2.497060e-001
      vertex   1.610484e+000 1.600000e+000 1.206891e-001
      vertex   1.710425e+000 1.500000e+000 1.251870e-001
    endloop
  endfacet
  facet normal -7.064744e-001 -7.072447e-001 2.643441e-002
    outer loop
      vertex   1.615000e+000 1.600000e+000 0.000000e+000
      vertex   1.610484e+000 1.600000e+000 -1.206891e-001
      vertex   1.710425e+000 1.500000e+000 -1.251870e-001
    endloop
  endfacet
  facet normal -7.034515e-001 -7.065160e-001 7.740168e-002
    outer loop
      vertex   1.710425e+000 1.500000e+000 -1.251870e-001
      vertex   1.610484e+000 1.600000e+000 -1.206891e-001
      vertex   1.696724e+000 1.500000e+000 -2.497060e-001
    endloop
  endfacet
  facet normal -7.021591e-001 -7.076111e-001 7.911433e-002
    outer loop
      vertex   1.696724e+000 1.500000e+000 -2.497060e-001
      vertex   1.610484e+000 1.600000e+000 -1.206891e-001
      vertex   1.596962e+000 1.600000e+000 -2.407033e-001
    endloop
  endfacet
  facet normal -6.939414e-001 -7.079586e-001 1.313008e-001
    outer loop
      vertex   1.673970e+000 1.500000e+000 -3.728928e-001
      vertex   1.596962e+000 1.600000e+000 -2.407033e-001
      vertex   1.574509e+000 1.600000e+000 -3.593713e-001
    endloop
  endfacet
  facet normal -6.818704e-001 -7.082874e-001 1.827066e-001
    outer loop
      vertex   1.642285e+000 1.500000e+000 -4.940900e-001
      vertex   1.574509e+000 1.600000e+000 -3.593713e-001
      vertex   1.543250e+000 1.600000e+000 -4.760296e-001
    endloop
  endfacet
  facet normal -6.660162e-001 -7.085975e-001 2.330492e-001
    outer loop
      vertex   1.601838e+000 1.500000e+000 -6.126510e-001
      vertex   1.543250e+000 1.600000e+000 -4.760296e-001
      vertex   1.503361e+000 1.600000e+000 -5.900258e-001
    endloop
  endfacet
  facet normal -6.464697e-001 -7.088890e-001 2.820519e-001
    outer loop
      vertex   1.552844e+000 1.500000e+000 -7.279432e-001
      vertex   1.503361e+000 1.600000e+000 -5.900258e-001
      vertex   1.455065e+000 1.600000e+000 -7.007222e-001
    endloop
  endfacet
  facet normal -6.233417e-001 -7.091620e-001 3.294457e-001
    outer loop
      vertex   1.495565e+000 1.500000e+000 -8.393516e-001
      vertex   1.455065e+000 1.600000e+000 -7.007222e-001
      vertex   1.398631e+000 1.600000e+000 -8.075000e-001
    endloop
  endfacet
  facet normal -5.967624e-001 -7.094164e-001 3.749707e-001
    outer loop
      vertex   1.430306e+000 1.500000e+000 -9.462817e-001
      vertex   1.398631e+000 1.600000e+000 -8.075000e-001
      vertex   1.334376e+000 1.600000e+000 -9.097619e-001
    endloop
  endfacet
  facet normal -5.668809e-001 -7.096525e-001 4.183771e-001
    outer loop
      vertex   1.357416e+000 1.500000e+000 -1.048163e+000
      vertex   1.334376e+000 1.600000e+000 -9.097619e-001
      vertex   1.262658e+000 1.600000e+000 -1.006936e+000
    endloop
  endfacet
  facet normal -5.338642e-001 -7.098701e-001 4.594273e-001
    outer loop
      vertex   1.277284e+000 1.500000e+000 -1.144452e+000
      vertex   1.262658e+000 1.600000e+000 -1.006936e+000
      vertex   1.183879e+000 1.600000e+000 -1.098479e+000
    endloop
  endfacet
  facet normal -4.978962e-001 -7.100695e-001 4.978962e-001
    outer loop
      vertex   1.190337e+000 1.500000e+000 -1.234634e+000
      vertex   1.183879e+000 1.600000e+000 -1.098479e+000
      vertex   1.098479e+000 1.600000e+000 -1.183879e+000
    endloop
  endfacet
  facet normal -4.591770e-001 -7.102506e-001 5.335734e-001
    outer loop
      vertex   1.097039e+000 1.500000e+000 -1.318230e+000
      vertex   1.098479e+000 1.600000e+000 -1.183879e+000
      vertex   1.006936e+000 1.600000e+000 -1.262658e+000
    endloop
  endfacet
  facet normal -4.179215e-001 -7.104135e-001 5.662635e-001
    outer loop
      vertex   9.978880e-001 1.500000e+000 -1.394792e+000
      vertex   1.006936e+000 1.600000e+000 -1.262658e+000
      vertex   9.097619e-001 1.600000e+000 -1.334376e+000
    endloop
  endfacet
  facet normal -3.743583e-001 -7.105581e-001 5.957877e-001
    outer loop
      vertex   8.934127e-001 1.500000e+000 -1.463912e+000
      vertex   9.097619e-001 1.600000e+000 -1.334376e+000
      vertex   8.075000e-001 1.600000e+000 -1.398631e+000
    endloop
  endfacet
  facet normal -3.287285e-001 -7.106847e-001 6.219847e-001
    outer loop
      vertex   7.841706e-001 1.500000e+000 -1.525222e+000
      vertex   8.075000e-001 1.600000e+000 -1.398631e+000
      vertex   7.007222e-001 1.600000e+000 -1.455065e+000
    endloop
  endfacet
  facet normal -2.812845e-001 -7.107930e-001 6.447110e-001
    outer loop
      vertex   6.707446e-001 1.500000e+000 -1.578394e+000
      vertex   7.007222e-001 1.600000e+000 -1.455065e+000
      vertex   5.900258e-001 1.600000e+000 -1.503361e+000
    endloop
  endfacet
  facet normal -2.322886e-001 -7.108833e-001 6.638425e-001
    outer loop
      vertex   5.537399e-001 1.500000e+000 -1.623144e+000
      vertex   5.900258e-001 1.600000e+000 -1.503361e+000
      vertex   4.760296e-001 1.600000e+000 -1.543250e+000
    endloop
  endfacet
  facet normal -1.820111e-001 -7.109555e-001 6.792748e-001
    outer loop
      vertex   4.337808e-001 1.500000e+000 -1.659235e+000
      vertex   4.760296e-001 1.600000e+000 -1.543250e+000
      vertex   3.593713e-001 1.600000e+000 -1.574509e+000
    endloop
  endfacet
  facet normal -1.307297e-001 -7.110097e-001 6.909233e-001
    outer loop
      vertex   3.115072e-001 1.500000e+000 -1.686472e+000
      vertex   3.593713e-001 1.600000e+000 -1.574509e+000
      vertex   2.407033e-001 1.600000e+000 -1.596962e+000
    endloop
  endfacet
  facet normal -7.872734e-002 -7.110458e-001 6.987245e-001
    outer loop
      vertex   1.875716e-001 1.500000e+000 -1.704712e+000
      vertex   2.407033e-001 1.600000e+000 -1.596962e+000
      vertex   1.206891e-001 1.600000e+000 -1.610484e+000
    endloop
  endfacet
  facet normal -2.629078e-002 -7.110638e-001 7.026358e-001
    outer loop
      vertex   6.263527e-002 1.500000e+000 -1.713856e+000
      vertex   1.206891e-001 1.600000e+000 -1.610484e+000
      vertex   -2.075055e-016 1.600000e+000 -1.615000e+000
    endloop
  endfacet
  facet normal 2.629078e-002 -7.110638e-001 7.026358e-001
    outer loop
      vertex   -6.263527e-002 1.500000e+000 -1.713856e+000
      vertex   -2.075055e-016 1.600000e+000 -1.615000e+000
      vertex   -1.206891e-001 1.600000e+000 -1.610484e+000
    endloop
  endfacet
  facet normal 7.872734e-002 -7.110458e-001 6.987245e-001
    outer loop
      vertex   -1.875716e-001 1.500000e+000 -1.704712e+000
      vertex   -1.206891e-001 1.600000e+000 -1.610484e+000
      vertex   -2.407033e-001 1.600000e+000 -1.596962e+000
    endloop
  endfacet
  facet normal 1.307297e-001 -7.110097e-001 6.909233e-001
    outer loop
      vertex   -3.115072e-001 1.500000e+000 -1.686472e+000
      vertex   -2.407033e-001 1.600000e+000 -1.596962e+000
      vertex   -3.593713e-001 1.600000e+000 -1.574509e+000
    endloop
  endfacet
  facet normal 1.820111e-001 -7.109555e-001 6.792748e-001
    outer loop
      vertex   -4.337808e-001 1.500000e+000 -1.659235e+000
      vertex   -3.593713e-001 1.600000e+000 -1.574509e+000
      vertex   -4.760296e-001 1.600000e+000 -1.543250e+000
    endloop
  endfacet
  facet normal 2.322886e-001 -7.108833e-001 6.638425e-001
    outer loop
      vertex   -5.537399e-001 1.500000e+000 -1.623144e+000
      vertex   -4.760296e-001 1.600000e+000 -1.543250e+000
      vertex   -5.900258e-001 1.600000e+000 -1.503361e+000
    endloop
  endfacet
  facet normal 2.812845e-001 -7.107930e-001 6.447110e-001
    outer loop
      vertex   -6.707446e-001 1.500000e+000 -1.578394e+000
      vertex   -5.900258e-001 1.600000e+000 -1.503361e+000
      vertex   -7.007222e-001 1.600000e+000 -1.455065e+000
    endloop
  endfacet
  facet normal 3.287285e-001 -7.106847e-001 6.219847e-001
    outer loop
      vertex   -7.841706e-001 1.500000e+000 -1.525222e+000
      vertex   -7.007222e-001 1.600000e+000 -1.455065e+000
      vertex   -8.075000e-001 1.600000e+000 -1.398631e+000
    endloop
  endfacet
  facet normal 3.743583e-001 -7.105581e-001 5.957877e-001
    outer loop
      vertex   -8.934127e-001 1.500000e+000 -1.463912e+000
      vertex   -8.075000e-001 1.600000e+000 -1.398631e+000
      vertex   -9.097619e-001 1.600000e+000 -1.334376e+000
    endloop
  endfacet
  facet normal 4.179215e-001 -7.104135e-001 5.662635e-001
    outer loop
      vertex   -9.978880e-001 1.500000e+000 -1.394792e+000
      vertex   -9.097619e-001 1.600000e+000 -1.334376e+000
      vertex   -1.006936e+000 1.600000e+000 -1.262658e+000
    endloop
  endfacet
  facet normal 4.591770e-001 -7.102506e-001 5.335734e-001
    outer loop
      vertex   -1.097039e+000 1.500000e+000 -1.318230e+000
      vertex   -1.006936e+000 1.600000e+000 -1.262658e+000
      vertex   -1.098479e+000 1.600000e+000 -1.183879e+000
    endloop
  endfacet
  facet normal 4.978962e-001 -7.100695e-001 4.978962e-001
    outer loop
      vertex   -1.190337e+000 1.500000e+000 -1.234634e+000
      vertex   -1.098479e+000 1.600000e+000 -1.183879e+000
      vertex   -1.183879e+000 1.600000e+000 -1.098479e+000
    endloop
  endfacet
  facet normal 5.338642e-001 -7.098701e-001 4.594273e-001
    outer loop
      vertex   -1.277284e+000 1.500000e+000 -1.144452e+000
      vertex   -1.183879e+000 1.600000e+000 -1.098479e+000
      vertex   -1.262658e+000 1.600000e+000 -1.006936e+000
    endloop
  endfacet
  facet normal 5.668809e-001 -7.096525e-001 4.183771e-001
    outer loop
      vertex   -1.357416e+000 1.500000e+000 -1.048163e+000
      vertex   -1.262658e+000 1.600000e+000 -1.006936e+000
      vertex   -1.334376e+000 1.600000e+000 -9.097619e-001
    endloop
  endfacet
  facet normal 5.967624e-001 -7.094164e-001 3.749707e-001
    outer loop
      vertex   -1.430306e+000 1.500000e+000 -9.462817e-001
      vertex   -1.334376e+000 1.600000e+000 -9.097619e-001
      vertex   -1.398631e+000 1.600000e+000 -8.075000e-001
    endloop
  endfacet
  facet normal 6.233417e-001 -7.091620e-001 3.294457e-001
    outer loop
      vertex   -1.495565e+000 1.500000e+000 -8.393516e-001
      vertex   -1.398631e+000 1.600000e+000 -8.075000e-001
      vertex   -1.455065e+000 1.600000e+000 -7.007222e-001
    endloop
  endfacet
  facet normal 6.464697e-001 -7.088890e-001 2.820519e-001
    outer loop
      vertex   -1.552844e+000 1.500000e+000 -7.279432e-001
      vertex   -1.455065e+000 1.600000e+000 -7.007222e-001
      vertex   -1.503361e+000 1.600000e+000 -5.900258e-001
    endloop
  endfacet
  facet normal 6.660162e-001 -7.085975e-001 2.330492e-001
    outer loop
      vertex   -1.601838e+000 1.500000e+000 -6.126510e-001
      vertex   -1.503361e+000 1.600000e+000 -5.900258e-001
      vertex   -1.543250e+000 1.600000e+000 -4.760296e-001
    endloop
  endfacet
  facet normal 6.818704e-001 -7.082874e-001 1.827066e-001
    outer loop
      vertex   -1.642285e+000 1.500000e+000 -4.940900e-001
      vertex   -1.543250e+000 1.600000e+000 -4.760296e-001
      vertex   -1.574509e+000 1.600000e+000 -3.593713e-001
    endloop
  endfacet
  facet normal 6.939414e-001 -7.079586e-001 1.313008e-001
    outer loop
      vertex   -1.673970e+000 1.500000e+000 -3.728928e-001
      vertex   -1.574509e+000 1.600000e+000 -3.593713e-001
      vertex   -1.596962e+000 1.600000e+000 -2.407033e-001
    endloop
  endfacet
  facet normal 7.021591e-001 -7.076111e-001 7.911433e-002
    outer loop
      vertex   -1.696724e+000 1.500000e+000 -2.497060e-001
      vertex   -1.596962e+000 1.600000e+000 -2.407033e-001
      vertex   -1.610484e+000 1.600000e+000 -1.206891e-001
    endloop
  endfacet
  facet normal 7.064744e-001 -7.072447e-001 2.643441e-002
    outer loop
      vertex   -1.710425e+000 1.500000e+000 -1.251870e-001
      vertex   -1.610484e+000 1.600000e+000 -1.206891e-001
      vertex   -1.615000e+000 1.600000e+000 1.977805e-016
    endloop
  endfacet
  facet normal 7.068708e-001 -7.068708e-001 -2.583359e-002
    outer loop
      vertex   -1.715000e+000 1.500000e+000 -2.100269e-016
      vertex   -1.615000e+000 1.600000e+000 1.977805e-016
      vertex   -1.710425e+000 1.500000e+000 1.251870e-001
    endloop
  endfacet
  facet normal 7.068708e-001 -7.068708e-001 2.583359e-002
    outer loop
      vertex   -1.715000e+000 1.500000e+000 -2.100269e-016
      vertex   -1.710425e+000 1.500000e+000 -1.251870e-001
      vertex   -1.615000e+000 1.600000e+000 1.977805e-016
    endloop
  endfacet
  facet normal -6.962566e-001 -7.061781e-001 1.286051e-001
    outer loop
      vertex   1.696724e+000 1.500000e+000 -2.497060e-001
      vertex   1.596962e+000 1.600000e+000 -2.407033e-001
      vertex   1.673970e+000 1.500000e+000 -3.728928e-001
    endloop
  endfacet
  facet normal -6.853213e-001 -7.058570e-001 1.791665e-001
    outer loop
      vertex   1.673970e+000 1.500000e+000 -3.728928e-001
      vertex   1.574509e+000 1.600000e+000 -3.593713e-001
      vertex   1.642285e+000 1.500000e+000 -4.940900e-001
    endloop
  endfacet
  facet normal -6.707014e-001 -7.055529e-001 2.288115e-001
    outer loop
      vertex   1.642285e+000 1.500000e+000 -4.940900e-001
      vertex   1.543250e+000 1.600000e+000 -4.760296e-001
      vertex   1.601838e+000 1.500000e+000 -6.126510e-001
    endloop
  endfacet
  facet normal -6.524729e-001 -7.052658e-001 2.772709e-001
    outer loop
      vertex   1.601838e+000 1.500000e+000 -6.126510e-001
      vertex   1.503361e+000 1.600000e+000 -5.900258e-001
      vertex   1.552844e+000 1.500000e+000 -7.279432e-001
    endloop
  endfacet
  facet normal -6.307317e-001 -7.049958e-001 3.242815e-001
    outer loop
      vertex   1.552844e+000 1.500000e+000 -7.279432e-001
      vertex   1.455065e+000 1.600000e+000 -7.007222e-001
      vertex   1.495565e+000 1.500000e+000 -8.393516e-001
    endloop
  endfacet
  facet normal -6.055925e-001 -7.047429e-001 3.695878e-001
    outer loop
      vertex   1.495565e+000 1.500000e+000 -8.393516e-001
      vertex   1.398631e+000 1.600000e+000 -8.075000e-001
      vertex   1.430306e+000 1.500000e+000 -9.462817e-001
    endloop
  endfacet
  facet normal -5.771891e-001 -7.045072e-001 4.129434e-001
    outer loop
      vertex   1.430306e+000 1.500000e+000 -9.462817e-001
      vertex   1.334376e+000 1.600000e+000 -9.097619e-001
      vertex   1.357416e+000 1.500000e+000 -1.048163e+000
    endloop
  endfacet
  facet normal -5.456730e-001 -7.042888e-001 4.541126e-001
    outer loop
      vertex   1.357416e+000 1.500000e+000 -1.048163e+000
      vertex   1.262658e+000 1.600000e+000 -1.006936e+000
      vertex   1.277284e+000 1.500000e+000 -1.144452e+000
    endloop
  endfacet
  facet normal -5.112129e-001 -7.040877e-001 4.928712e-001
    outer loop
      vertex   1.277284e+000 1.500000e+000 -1.144452e+000
      vertex   1.183879e+000 1.600000e+000 -1.098479e+000
      vertex   1.190337e+000 1.500000e+000 -1.234634e+000
    endloop
  endfacet
  facet normal -4.739934e-001 -7.039039e-001 5.290082e-001
    outer loop
      vertex   1.190337e+000 1.500000e+000 -1.234634e+000
      vertex   1.098479e+000 1.600000e+000 -1.183879e+000
      vertex   1.097039e+000 1.500000e+000 -1.318230e+000
    endloop
  endfacet
  facet normal -4.342146e-001 -7.037374e-001 5.623267e-001
    outer loop
      vertex   1.097039e+000 1.500000e+000 -1.318230e+000
      vertex   1.006936e+000 1.600000e+000 -1.262658e+000
      vertex   9.978880e-001 1.500000e+000 -1.394792e+000
    endloop
  endfacet
  facet normal -3.920904e-001 -7.035884e-001 5.926453e-001
    outer loop
      vertex   9.978880e-001 1.500000e+000 -1.394792e+000
      vertex   9.097619e-001 1.600000e+000 -1.334376e+000
      vertex   8.934127e-001 1.500000e+000 -1.463912e+000
    endloop
  endfacet
  facet normal -3.478478e-001 -7.034569e-001 6.197986e-001
    outer loop
      vertex   8.934127e-001 1.500000e+000 -1.463912e+000
      vertex   8.075000e-001 1.600000e+000 -1.398631e+000
      vertex   7.841706e-001 1.500000e+000 -1.525222e+000
    endloop
  endfacet
  facet normal -3.017254e-001 -7.033428e-001 6.436386e-001
    outer loop
      vertex   7.841706e-001 1.500000e+000 -1.525222e+000
      vertex   7.007222e-001 1.600000e+000 -1.455065e+000
      vertex   6.707446e-001 1.500000e+000 -1.578394e+000
    endloop
  endfacet
  facet normal -2.539720e-001 -7.032462e-001 6.640353e-001
    outer loop
      vertex   6.707446e-001 1.500000e+000 -1.578394e+000
      vertex   5.900258e-001 1.600000e+000 -1.503361e+000
      vertex   5.537399e-001 1.500000e+000 -1.623144e+000
    endloop
  endfacet
  facet normal -2.048455e-001 -7.031672e-001 6.808775e-001
    outer loop
      vertex   5.537399e-001 1.500000e+000 -1.623144e+000
      vertex   4.760296e-001 1.600000e+000 -1.543250e+000
      vertex   4.337808e-001 1.500000e+000 -1.659235e+000
    endloop
  endfacet
  facet normal -1.546114e-001 -7.031057e-001 6.940732e-001
    outer loop
      vertex   4.337808e-001 1.500000e+000 -1.659235e+000
      vertex   3.593713e-001 1.600000e+000 -1.574509e+000
      vertex   3.115072e-001 1.500000e+000 -1.686472e+000
    endloop
  endfacet
  facet normal -1.035412e-001 -7.030618e-001 7.035505e-001
    outer loop
      vertex   3.115072e-001 1.500000e+000 -1.686472e+000
      vertex   2.407033e-001 1.600000e+000 -1.596962e+000
      vertex   1.875716e-001 1.500000e+000 -1.704712e+000
    endloop
  endfacet
  facet normal -5.191097e-002 -7.030354e-001 7.092577e-001
    outer loop
      vertex   1.875716e-001 1.500000e+000 -1.704712e+000
      vertex   1.206891e-001 1.600000e+000 -1.610484e+000
      vertex   6.263527e-002 1.500000e+000 -1.713856e+000
    endloop
  endfacet
  facet normal 0.000000e+000 -7.030266e-001 7.111635e-001
    outer loop
      vertex   6.263527e-002 1.500000e+000 -1.713856e+000
      vertex   -2.075055e-016 1.600000e+000 -1.615000e+000
      vertex   -6.263527e-002 1.500000e+000 -1.713856e+000
    endloop
  endfacet
  facet normal 5.191097e-002 -7.030354e-001 7.092577e-001
    outer loop
      vertex   -6.263527e-002 1.500000e+000 -1.713856e+000
      vertex   -1.206891e-001 1.600000e+000 -1.610484e+000
      vertex   -1.875716e-001 1.500000e+000 -1.704712e+000
    endloop
  endfacet
  facet normal 1.035412e-001 -7.030618e-001 7.035505e-001
    outer loop
      vertex   -1.875716e-001 1.500000e+000 -1.704712e+000
      vertex   -2.407033e-001 1.600000e+000 -1.596962e+000
      vertex   -3.115072e-001 1.500000e+000 -1.686472e+000
    endloop
  endfacet
  facet normal 1.546114e-001 -7.031057e-001 6.940732e-001
    outer loop
      vertex   -3.115072e-001 1.500000e+000 -1.686472e+000
      vertex   -3.593713e-001 1.600000e+000 -1.574509e+000
      vertex   -4.337808e-001 1.500000e+000 -1.659235e+000
    endloop
  endfacet
  facet normal 2.048455e-001 -7.031672e-001 6.808775e-001
    outer loop
      vertex   -4.337808e-001 1.500000e+000 -1.659235e+000
      vertex   -4.760296e-001 1.600000e+000 -1.543250e+000
      vertex   -5.537399e-001 1.500000e+000 -1.623144e+000
    endloop
  endfacet
  facet normal 2.539720e-001 -7.032462e-001 6.640353e-001
    outer loop
      vertex   -5.537399e-001 1.500000e+000 -1.623144e+000
      vertex   -5.900258e-001 1.600000e+000 -1.503361e+000
      vertex   -6.707446e-001 1.500000e+000 -1.578394e+000
    endloop
  endfacet
  facet normal 3.017254e-001 -7.033428e-001 6.436386e-001
    outer loop
      vertex   -6.707446e-001 1.500000e+000 -1.578394e+000
      vertex   -7.007222e-001 1.600000e+000 -1.455065e+000
      vertex   -7.841706e-001 1.500000e+000 -1.525222e+000
    endloop
  endfacet
  facet normal 3.478478e-001 -7.034569e-001 6.197986e-001
    outer loop
      vertex   -7.841706e-001 1.500000e+000 -1.525222e+000
      vertex   -8.075000e-001 1.600000e+000 -1.398631e+000
      vertex   -8.934127e-001 1.500000e+000 -1.463912e+000
    endloop
  endfacet
  facet normal 3.920904e-001 -7.035884e-001 5.926453e-001
    outer loop
      vertex   -8.934127e-001 1.500000e+000 -1.463912e+000
      vertex   -9.097619e-001 1.600000e+000 -1.334376e+000
      vertex   -9.978880e-001 1.500000e+000 -1.394792e+000
    endloop
  endfacet
  facet normal 4.342146e-001 -7.037374e-001 5.623267e-001
    outer loop
      vertex   -9.978880e-001 1.500000e+000 -1.394792e+000
      vertex   -1.006936e+000 1.600000e+000 -1.262658e+000
      vertex   -1.097039e+000 1.500000e+000 -1.318230e+000
    endloop
  endfacet
  facet normal 4.739934e-001 -7.039039e-001 5.290082e-001
    outer loop
      vertex   -1.097039e+000 1.500000e+000 -1.318230e+000
      vertex   -1.098479e+000 1.600000e+000 -1.183879e+000
      vertex   -1.190337e+000 1.500000e+000 -1.234634e+000
    endloop
  endfacet
  facet normal 5.112129e-001 -7.040877e-001 4.928712e-001
    outer loop
      vertex   -1.190337e+000 1.500000e+000 -1.234634e+000
      vertex   -1.183879e+000 1.600000e+000 -1.098479e+000
      vertex   -1.277284e+000 1.500000e+000 -1.144452e+000
    endloop
  endfacet
  facet normal 5.456730e-001 -7.042888e-001 4.541126e-001
    outer loop
      vertex   -1.277284e+000 1.500000e+000 -1.144452e+000
      vertex   -1.262658e+000 1.600000e+000 -1.006936e+000
      vertex   -1.357416e+000 1.500000e+000 -1.048163e+000
    endloop
  endfacet
  facet normal 5.771891e-001 -7.045072e-001 4.129434e-001
    outer loop
      vertex   -1.357416e+000 1.500000e+000 -1.048163e+000
      vertex   -1.334376e+000 1.600000e+000 -9.097619e-001
      vertex   -1.430306e+000 1.500000e+000 -9.462817e-001
    endloop
  endfacet
  facet normal 6.055925e-001 -7.047429e-001 3.695878e-001
    outer loop
      vertex   -1.430306e+000 1.500000e+000 -9.462817e-001
      vertex   -1.398631e+000 1.600000e+000 -8.075000e-001
      vertex   -1.495565e+000 1.500000e+000 -8.393516e-001
    endloop
  endfacet
  facet normal 6.307317e-001 -7.049958e-001 3.242815e-001
    outer loop
      vertex   -1.495565e+000 1.500000e+000 -8.393516e-001
      vertex   -1.455065e+000 1.600000e+000 -7.007222e-001
      vertex   -1.552844e+000 1.500000e+000 -7.279432e-001
    endloop
  endfacet
  facet normal 6.524729e-001 -7.052658e-001 2.772709e-001
    outer loop
      vertex   -1.552844e+000 1.500000e+000 -7.279432e-001
      vertex   -1.503361e+000 1.600000e+000 -5.900258e-001
      vertex   -1.601838e+000 1.500000e+000 -6.126510e-001
    endloop
  endfacet
  facet normal 6.707014e-001 -7.055529e-001 2.288115e-001
    outer loop
      vertex   -1.601838e+000 1.500000e+000 -6.126510e-001
      vertex   -1.543250e+000 1.600000e+000 -4.760296e-001
      vertex   -1.642285e+000 1.500000e+000 -4.940900e-001
    endloop
  endfacet
  facet normal 6.853213e-001 -7.058570e-001 1.791665e-001
    outer loop
      vertex   -1.642285e+000 1.500000e+000 -4.940900e-001
      vertex   -1.574509e+000 1.600000e+000 -3.593713e-001
      vertex   -1.673970e+000 1.500000e+000 -3.728928e-001
    endloop
  endfacet
  facet normal 6.962566e-001 -7.061781e-001 1.286051e-001
    outer loop
      vertex   -1.673970e+000 1.500000e+000 -3.728928e-001
      vertex   -1.596962e+000 1.600000e+000 -2.407033e-001
      vertex   -1.696724e+000 1.500000e+000 -2.497060e-001
    endloop
  endfacet
  facet normal 7.034515e-001 -7.065160e-001 7.740168e-002
    outer loop
      vertex   -1.696724e+000 1.500000e+000 -2.497060e-001
      vertex   -1.610484e+000 1.600000e+000 -1.206891e-001
      vertex   -1.710425e+000 1.500000e+000 -1.251870e-001
    endloop
  endfacet
  facet normal 8.242919e-013 -1.000000e+000 -2.456657e-014
    outer loop
      vertex   -1.995437e+000 1.500000e+000 1.350195e-001
      vertex   -2.000000e+000 1.500000e+000 0.000000e+000
      vertex   -1.715000e+000 1.500000e+000 -2.100269e-016
    endloop
  endfacet
  facet normal 8.208229e-013 -1.000000e+000 -3.177183e-014
    outer loop
      vertex   -1.710425e+000 1.500000e+000 1.251870e-001
      vertex   -1.995437e+000 1.500000e+000 1.350195e-001
      vertex   -1.715000e+000 1.500000e+000 -2.100269e-016
    endloop
  endfacet
  facet normal 8.190456e-013 -1.000000e+000 -8.328880e-014
    outer loop
      vertex   -1.710425e+000 1.500000e+000 1.251870e-001
      vertex   -1.981770e+000 1.500000e+000 2.694229e-001
      vertex   -1.995437e+000 1.500000e+000 1.350195e-001
    endloop
  endfacet
  facet normal 8.156147e-013 -1.000000e+000 -8.974314e-014
    outer loop
      vertex   -1.710425e+000 1.500000e+000 1.251870e-001
      vertex   -1.696724e+000 1.500000e+000 2.497060e-001
      vertex   -1.981770e+000 1.500000e+000 2.694229e-001
    endloop
  endfacet
  facet normal 8.122415e-013 -1.000000e+000 -1.385095e-013
    outer loop
      vertex   -1.981770e+000 1.500000e+000 2.694229e-001
      vertex   -1.696724e+000 1.500000e+000 2.497060e-001
      vertex   -1.959060e+000 1.500000e+000 4.025970e-001
    endloop
  endfacet
  facet normal 8.061806e-013 -1.000000e+000 -1.489091e-013
    outer loop
      vertex   -1.959060e+000 1.500000e+000 4.025970e-001
      vertex   -1.696724e+000 1.500000e+000 2.497060e-001
      vertex   -1.673970e+000 1.500000e+000 3.728928e-001
    endloop
  endfacet
  facet normal 7.926330e-013 -1.000000e+000 -2.072214e-013
    outer loop
      vertex   -1.927411e+000 1.500000e+000 5.339342e-001
      vertex   -1.673970e+000 1.500000e+000 3.728928e-001
      vertex   -1.642285e+000 1.500000e+000 4.940900e-001
    endloop
  endfacet
  facet normal 7.750410e-013 -1.000000e+000 -2.644073e-013
    outer loop
      vertex   -1.886968e+000 1.500000e+000 6.628351e-001
      vertex   -1.642285e+000 1.500000e+000 4.940900e-001
      vertex   -1.601838e+000 1.500000e+000 6.126510e-001
    endloop
  endfacet
  facet normal 7.534908e-013 -1.000000e+000 -3.201989e-013
    outer loop
      vertex   -1.837916e+000 1.500000e+000 7.887117e-001
      vertex   -1.601838e+000 1.500000e+000 6.126510e-001
      vertex   -1.552844e+000 1.500000e+000 7.279432e-001
    endloop
  endfacet
  facet normal 7.292196e-013 -1.000000e+000 -3.729246e-013
    outer loop
      vertex   -1.780477e+000 1.500000e+000 9.109896e-001
      vertex   -1.552844e+000 1.500000e+000 7.279432e-001
      vertex   -1.495565e+000 1.500000e+000 8.393516e-001
    endloop
  endfacet
  facet normal 6.996079e-013 -1.000000e+000 -4.269645e-013
    outer loop
      vertex   -1.714914e+000 1.500000e+000 1.029111e+000
      vertex   -1.495565e+000 1.500000e+000 8.393516e-001
      vertex   -1.430306e+000 1.500000e+000 9.462817e-001
    endloop
  endfacet
  facet normal 6.551523e-013 -1.000000e+000 -4.896565e-013
    outer loop
      vertex   -1.641527e+000 1.500000e+000 1.142536e+000
      vertex   -1.430306e+000 1.500000e+000 9.462817e-001
      vertex   -1.560650e+000 1.500000e+000 1.250749e+000
    endloop
  endfacet
  facet normal 6.933166e-013 -1.000000e+000 -4.485820e-013
    outer loop
      vertex   -1.641527e+000 1.500000e+000 1.142536e+000
      vertex   -1.714914e+000 1.500000e+000 1.029111e+000
      vertex   -1.430306e+000 1.500000e+000 9.462817e-001
    endloop
  endfacet
  facet normal 8.190456e-013 -1.000000e+000 8.328880e-014
    outer loop
      vertex   -1.981770e+000 1.500000e+000 -2.694229e-001
      vertex   -1.710425e+000 1.500000e+000 -1.251870e-001
      vertex   -1.995437e+000 1.500000e+000 -1.350195e-001
    endloop
  endfacet
  facet normal 8.156147e-013 -1.000000e+000 8.974314e-014
    outer loop
      vertex   -1.981770e+000 1.500000e+000 -2.694229e-001
      vertex   -1.696724e+000 1.500000e+000 -2.497060e-001
      vertex   -1.710425e+000 1.500000e+000 -1.251870e-001
    endloop
  endfacet
  facet normal 8.122415e-013 -1.000000e+000 1.385095e-013
    outer loop
      vertex   -1.981770e+000 1.500000e+000 -2.694229e-001
      vertex   -1.959060e+000 1.500000e+000 -4.025970e-001
      vertex   -1.696724e+000 1.500000e+000 -2.497060e-001
    endloop
  endfacet
  facet normal 8.061806e-013 -1.000000e+000 1.489091e-013
    outer loop
      vertex   -1.696724e+000 1.500000e+000 -2.497060e-001
      vertex   -1.959060e+000 1.500000e+000 -4.025970e-001
      vertex   -1.673970e+000 1.500000e+000 -3.728928e-001
    endloop
  endfacet
  facet normal 8.015704e-013 -1.000000e+000 1.931561e-013
    outer loop
      vertex   -1.673970e+000 1.500000e+000 -3.728928e-001
      vertex   -1.959060e+000 1.500000e+000 -4.025970e-001
      vertex   -1.927411e+000 1.500000e+000 -5.339342e-001
    endloop
  endfacet
  facet normal 7.870814e-013 -1.000000e+000 2.469484e-013
    outer loop
      vertex   -1.642285e+000 1.500000e+000 -4.940900e-001
      vertex   -1.927411e+000 1.500000e+000 -5.339342e-001
      vertex   -1.886968e+000 1.500000e+000 -6.628351e-001
    endloop
  endfacet
  facet normal 7.688451e-013 -1.000000e+000 2.996106e-013
    outer loop
      vertex   -1.601838e+000 1.500000e+000 -6.126510e-001
      vertex   -1.886968e+000 1.500000e+000 -6.628351e-001
      vertex   -1.837916e+000 1.500000e+000 -7.887117e-001
    endloop
  endfacet
  facet normal 7.469521e-013 -1.000000e+000 3.508728e-013
    outer loop
      vertex   -1.552844e+000 1.500000e+000 -7.279432e-001
      vertex   -1.837916e+000 1.500000e+000 -7.887117e-001
      vertex   -1.780477e+000 1.500000e+000 -9.109896e-001
    endloop
  endfacet
  facet normal 7.221975e-013 -1.000000e+000 4.008523e-013
    outer loop
      vertex   -1.495565e+000 1.500000e+000 -8.393516e-001
      vertex   -1.780477e+000 1.500000e+000 -9.109896e-001
      vertex   -1.714914e+000 1.500000e+000 -1.029111e+000
    endloop
  endfacet
  facet normal 6.933166e-013 -1.000000e+000 4.485820e-013
    outer loop
      vertex   -1.430306e+000 1.500000e+000 -9.462817e-001
      vertex   -1.714914e+000 1.500000e+000 -1.029111e+000
      vertex   -1.641527e+000 1.500000e+000 -1.142536e+000
    endloop
  endfacet
  facet normal 6.551523e-013 -1.000000e+000 4.896565e-013
    outer loop
      vertex   -1.560650e+000 1.500000e+000 -1.250749e+000
      vertex   -1.430306e+000 1.500000e+000 -9.462817e-001
      vertex   -1.641527e+000 1.500000e+000 -1.142536e+000
    endloop
  endfacet
  facet normal 6.734597e-013 -1.000000e+000 4.818191e-013
    outer loop
      vertex   -1.560650e+000 1.500000e+000 -1.250749e+000
      vertex   -1.357416e+000 1.500000e+000 -1.048163e+000
      vertex   -1.430306e+000 1.500000e+000 -9.462817e-001
    endloop
  endfacet
  facet normal 6.217173e-013 -1.000000e+000 5.337268e-013
    outer loop
      vertex   -1.560650e+000 1.500000e+000 -1.250749e+000
      vertex   -1.472651e+000 1.500000e+000 -1.353255e+000
      vertex   -1.357416e+000 1.500000e+000 -1.048163e+000
    endloop
  endfacet
  facet normal 6.352139e-013 -1.000000e+000 5.286290e-013
    outer loop
      vertex   -1.357416e+000 1.500000e+000 -1.048163e+000
      vertex   -1.472651e+000 1.500000e+000 -1.353255e+000
      vertex   -1.277284e+000 1.500000e+000 -1.144452e+000
    endloop
  endfacet
  facet normal 5.852137e-013 -1.000000e+000 5.754118e-013
    outer loop
      vertex   -1.277284e+000 1.500000e+000 -1.144452e+000
      vertex   -1.472651e+000 1.500000e+000 -1.353255e+000
      vertex   -1.377934e+000 1.500000e+000 -1.449586e+000
    endloop
  endfacet
  facet normal 5.458180e-013 -1.000000e+000 6.144909e-013
    outer loop
      vertex   -1.190337e+000 1.500000e+000 -1.234634e+000
      vertex   -1.377934e+000 1.500000e+000 -1.449586e+000
      vertex   -1.276929e+000 1.500000e+000 -1.539302e+000
    endloop
  endfacet
  facet normal 5.037230e-013 -1.000000e+000 6.507565e-013
    outer loop
      vertex   -1.097039e+000 1.500000e+000 -1.318230e+000
      vertex   -1.276929e+000 1.500000e+000 -1.539302e+000
      vertex   -1.170098e+000 1.500000e+000 -1.621996e+000
    endloop
  endfacet
  facet normal 4.591368e-013 -1.000000e+000 6.840161e-013
    outer loop
      vertex   -9.978880e-001 1.500000e+000 -1.394792e+000
      vertex   -1.170098e+000 1.500000e+000 -1.621996e+000
      vertex   -1.057928e+000 1.500000e+000 -1.697289e+000
    endloop
  endfacet
  facet normal 4.122818e-013 -1.000000e+000 7.140930e-013
    outer loop
      vertex   -8.934127e-001 1.500000e+000 -1.463912e+000
      vertex   -1.057928e+000 1.500000e+000 -1.697289e+000
      vertex   -9.409310e-001 1.500000e+000 -1.764837e+000
    endloop
  endfacet
  facet normal 3.633933e-013 -1.000000e+000 7.408277e-013
    outer loop
      vertex   -7.841706e-001 1.500000e+000 -1.525222e+000
      vertex   -9.409310e-001 1.500000e+000 -1.764837e+000
      vertex   -8.196406e-001 1.500000e+000 -1.824333e+000
    endloop
  endfacet
  facet normal 3.127183e-013 -1.000000e+000 7.640785e-013
    outer loop
      vertex   -6.707446e-001 1.500000e+000 -1.578394e+000
      vertex   -8.196406e-001 1.500000e+000 -1.824333e+000
      vertex   -6.946105e-001 1.500000e+000 -1.875504e+000
    endloop
  endfacet
  facet normal 2.605139e-013 -1.000000e+000 7.837229e-013
    outer loop
      vertex   -5.537399e-001 1.500000e+000 -1.623144e+000
      vertex   -6.946105e-001 1.500000e+000 -1.875504e+000
      vertex   -5.664110e-001 1.500000e+000 -1.918118e+000
    endloop
  endfacet
  facet normal 2.070457e-013 -1.000000e+000 7.996578e-013
    outer loop
      vertex   -4.337808e-001 1.500000e+000 -1.659235e+000
      vertex   -5.664110e-001 1.500000e+000 -1.918118e+000
      vertex   -4.356271e-001 1.500000e+000 -1.951981e+000
    endloop
  endfacet
  facet normal 1.525867e-013 -1.000000e+000 8.118005e-013
    outer loop
      vertex   -3.115072e-001 1.500000e+000 -1.686472e+000
      vertex   -4.356271e-001 1.500000e+000 -1.951981e+000
      vertex   -3.028556e-001 1.500000e+000 -1.976937e+000
    endloop
  endfacet
  facet normal 9.741509e-014 -1.000000e+000 8.200890e-013
    outer loop
      vertex   -1.875716e-001 1.500000e+000 -1.704712e+000
      vertex   -3.028556e-001 1.500000e+000 -1.976937e+000
      vertex   -1.687021e-001 1.500000e+000 -1.992872e+000
    endloop
  endfacet
  facet normal 4.181302e-014 -1.000000e+000 8.244826e-013
    outer loop
      vertex   -6.263527e-002 1.500000e+000 -1.713856e+000
      vertex   -1.687021e-001 1.500000e+000 -1.992872e+000
      vertex   -3.377896e-002 1.500000e+000 -1.999715e+000
    endloop
  endfacet
  facet normal -1.393516e-014 -1.000000e+000 8.249618e-013
    outer loop
      vertex   6.263527e-002 1.500000e+000 -1.713856e+000
      vertex   -3.377896e-002 1.500000e+000 -1.999715e+000
      vertex   1.012983e-001 1.500000e+000 -1.997433e+000
    endloop
  endfacet
  facet normal -6.954466e-014 -1.000000e+000 8.215286e-013
    outer loop
      vertex   1.875716e-001 1.500000e+000 -1.704712e+000
      vertex   1.012983e-001 1.500000e+000 -1.997433e+000
      vertex   2.359134e-001 1.500000e+000 -1.986037e+000
    endloop
  endfacet
  facet normal -1.247319e-013 -1.000000e+000 8.142065e-013
    outer loop
      vertex   3.115072e-001 1.500000e+000 -1.686472e+000
      vertex   2.359134e-001 1.500000e+000 -1.986037e+000
      vertex   3.694521e-001 1.500000e+000 -1.965580e+000
    endloop
  endfacet
  facet normal -1.792160e-013 -1.000000e+000 8.030403e-013
    outer loop
      vertex   4.337808e-001 1.500000e+000 -1.659235e+000
      vertex   3.694521e-001 1.500000e+000 -1.965580e+000
      vertex   5.013051e-001 1.500000e+000 -1.936154e+000
    endloop
  endfacet
  facet normal -2.327207e-013 -1.000000e+000 7.880954e-013
    outer loop
      vertex   5.537399e-001 1.500000e+000 -1.623144e+000
      vertex   5.013051e-001 1.500000e+000 -1.936154e+000
      vertex   6.308707e-001 1.500000e+000 -1.897894e+000
    endloop
  endfacet
  facet normal -2.849760e-013 -1.000000e+000 7.694581e-013
    outer loop
      vertex   6.707446e-001 1.500000e+000 -1.578394e+000
      vertex   6.308707e-001 1.500000e+000 -1.897894e+000
      vertex   7.575578e-001 1.500000e+000 -1.850974e+000
    endloop
  endfacet
  facet normal -3.357193e-013 -1.000000e+000 7.472343e-013
    outer loop
      vertex   7.841706e-001 1.500000e+000 -1.525222e+000
      vertex   7.575578e-001 1.500000e+000 -1.850974e+000
      vertex   8.807883e-001 1.500000e+000 -1.795609e+000
    endloop
  endfacet
  facet normal -3.883623e-013 -1.000000e+000 7.284234e-013
    outer loop
      vertex   1.000000e+000 1.500000e+000 -1.732051e+000
      vertex   7.841706e-001 1.500000e+000 -1.525222e+000
      vertex   8.807883e-001 1.500000e+000 -1.795609e+000
    endloop
  endfacet
  facet normal -4.012584e-013 -1.000000e+000 7.149661e-013
    outer loop
      vertex   1.000000e+000 1.500000e+000 -1.732051e+000
      vertex   8.934127e-001 1.500000e+000 -1.463912e+000
      vertex   7.841706e-001 1.500000e+000 -1.525222e+000
    endloop
  endfacet
  facet normal -4.368286e-013 -1.000000e+000 7.008266e-013
    outer loop
      vertex   1.000000e+000 1.500000e+000 -1.732051e+000
      vertex   1.114649e+000 1.500000e+000 -1.660590e+000
      vertex   8.934127e-001 1.500000e+000 -1.463912e+000
    endloop
  endfacet
  facet normal -4.522132e-013 -1.000000e+000 6.835210e-013
    outer loop
      vertex   8.934127e-001 1.500000e+000 -1.463912e+000
      vertex   1.114649e+000 1.500000e+000 -1.660590e+000
      vertex   9.978880e-001 1.500000e+000 -1.394792e+000
    endloop
  endfacet
  facet normal -4.832518e-013 -1.000000e+000 6.698862e-013
    outer loop
      vertex   9.978880e-001 1.500000e+000 -1.394792e+000
      vertex   1.114649e+000 1.500000e+000 -1.660590e+000
      vertex   1.224212e+000 1.500000e+000 -1.581551e+000
    endloop
  endfacet
  facet normal -5.273938e-013 -1.000000e+000 6.357586e-013
    outer loop
      vertex   1.097039e+000 1.500000e+000 -1.318230e+000
      vertex   1.224212e+000 1.500000e+000 -1.581551e+000
      vertex   1.328189e+000 1.500000e+000 -1.495297e+000
    endloop
  endfacet
  facet normal -5.690289e-013 -1.000000e+000 5.986180e-013
    outer loop
      vertex   1.190337e+000 1.500000e+000 -1.234634e+000
      vertex   1.328189e+000 1.500000e+000 -1.495297e+000
      vertex   1.426106e+000 1.500000e+000 -1.402220e+000
    endloop
  endfacet
  facet normal -6.079449e-013 -1.000000e+000 5.586551e-013
    outer loop
      vertex   1.277284e+000 1.500000e+000 -1.144452e+000
      vertex   1.426106e+000 1.500000e+000 -1.402220e+000
      vertex   1.517516e+000 1.500000e+000 -1.302745e+000
    endloop
  endfacet
  facet normal -6.439451e-013 -1.000000e+000 5.160759e-013
    outer loop
      vertex   1.357416e+000 1.500000e+000 -1.048163e+000
      vertex   1.517516e+000 1.500000e+000 -1.302745e+000
      vertex   1.602002e+000 1.500000e+000 -1.197326e+000
    endloop
  endfacet
  facet normal -6.768485e-013 -1.000000e+000 4.711004e-013
    outer loop
      vertex   1.430306e+000 1.500000e+000 -9.462817e-001
      vertex   1.602002e+000 1.500000e+000 -1.197326e+000
      vertex   1.679179e+000 1.500000e+000 -1.086443e+000
    endloop
  endfacet
  facet normal -7.064915e-013 -1.000000e+000 4.239618e-013
    outer loop
      vertex   1.495565e+000 1.500000e+000 -8.393516e-001
      vertex   1.679179e+000 1.500000e+000 -1.086443e+000
      vertex   1.748693e+000 1.500000e+000 -9.706039e-001
    endloop
  endfacet
  facet normal -7.334227e-013 -1.000000e+000 3.752593e-013
    outer loop
      vertex   1.552844e+000 1.500000e+000 -7.279432e-001
      vertex   1.748693e+000 1.500000e+000 -9.706039e-001
      vertex   1.810229e+000 1.500000e+000 -8.503358e-001
    endloop
  endfacet
  facet normal -7.561493e-013 -1.000000e+000 3.244892e-013
    outer loop
      vertex   1.601838e+000 1.500000e+000 -6.126510e-001
      vertex   1.810229e+000 1.500000e+000 -8.503358e-001
      vertex   1.863505e+000 1.500000e+000 -7.261877e-001
    endloop
  endfacet
  facet normal -7.752333e-013 -1.000000e+000 2.723161e-013
    outer loop
      vertex   1.642285e+000 1.500000e+000 -4.940900e-001
      vertex   1.863505e+000 1.500000e+000 -7.261877e-001
      vertex   1.908279e+000 1.500000e+000 -5.987262e-001
    endloop
  endfacet
  facet normal -7.956511e-013 -1.000000e+000 2.204124e-013
    outer loop
      vertex   1.944345e+000 1.500000e+000 -4.685329e-001
      vertex   1.642285e+000 1.500000e+000 -4.940900e-001
      vertex   1.908279e+000 1.500000e+000 -5.987262e-001
    endloop
  endfacet
  facet normal -7.945781e-013 -1.000000e+000 2.077299e-013
    outer loop
      vertex   1.944345e+000 1.500000e+000 -4.685329e-001
      vertex   1.673970e+000 1.500000e+000 -3.728928e-001
      vertex   1.642285e+000 1.500000e+000 -4.940900e-001
    endloop
  endfacet
  facet normal -8.092326e-013 -1.000000e+000 1.663015e-013
    outer loop
      vertex   1.944345e+000 1.500000e+000 -4.685329e-001
      vertex   1.971540e+000 1.500000e+000 -3.362018e-001
      vertex   1.673970e+000 1.500000e+000 -3.728928e-001
    endloop
  endfacet
  facet normal -8.071092e-013 -1.000000e+000 1.490806e-013
    outer loop
      vertex   1.673970e+000 1.500000e+000 -3.728928e-001
      vertex   1.971540e+000 1.500000e+000 -3.362018e-001
      vertex   1.696724e+000 1.500000e+000 -2.497060e-001
    endloop
  endfacet
  facet normal -8.189872e-013 -1.000000e+000 1.113419e-013
    outer loop
      vertex   1.696724e+000 1.500000e+000 -2.497060e-001
      vertex   1.971540e+000 1.500000e+000 -3.362018e-001
      vertex   1.989739e+000 1.500000e+000 -2.023366e-001
    endloop
  endfacet
  facet normal -8.248614e-013 -1.000000e+000 5.581352e-014
    outer loop
      vertex   1.710425e+000 1.500000e+000 -1.251870e-001
      vertex   1.989739e+000 1.500000e+000 -2.023366e-001
      vertex   1.998859e+000 1.500000e+000 -6.754828e-002
    endloop
  endfacet
  facet normal -8.268230e-013 -1.000000e+000 0.000000e+000
    outer loop
      vertex   1.715000e+000 1.500000e+000 0.000000e+000
      vertex   1.998859e+000 1.500000e+000 -6.754828e-002
      vertex   1.998859e+000 1.500000e+000 6.754828e-002
    endloop
  endfacet
  facet normal -8.248614e-013 -1.000000e+000 -5.581352e-014
    outer loop
      vertex   1.710425e+000 1.500000e+000 1.251870e-001
      vertex   1.998859e+000 1.500000e+000 6.754828e-002
      vertex   1.989739e+000 1.500000e+000 2.023366e-001
    endloop
  endfacet
  facet normal -8.189872e-013 -1.000000e+000 -1.113419e-013
    outer loop
      vertex   1.696724e+000 1.500000e+000 2.497060e-001
      vertex   1.989739e+000 1.500000e+000 2.023366e-001
      vertex   1.971540e+000 1.500000e+000 3.362018e-001
    endloop
  endfacet
  facet normal -8.092326e-013 -1.000000e+000 -1.663015e-013
    outer loop
      vertex   1.673970e+000 1.500000e+000 3.728928e-001
      vertex   1.971540e+000 1.500000e+000 3.362018e-001
      vertex   1.944345e+000 1.500000e+000 4.685329e-001
    endloop
  endfacet
  facet normal -7.956511e-013 -1.000000e+000 -2.204124e-013
    outer loop
      vertex   1.642285e+000 1.500000e+000 4.940900e-001
      vertex   1.944345e+000 1.500000e+000 4.685329e-001
      vertex   1.908279e+000 1.500000e+000 5.987262e-001
    endloop
  endfacet
  facet normal -7.752333e-013 -1.000000e+000 -2.723161e-013
    outer loop
      vertex   1.863505e+000 1.500000e+000 7.261877e-001
      vertex   1.642285e+000 1.500000e+000 4.940900e-001
      vertex   1.908279e+000 1.500000e+000 5.987262e-001
    endloop
  endfacet
  facet normal -7.812932e-013 -1.000000e+000 -2.665402e-013
    outer loop
      vertex   1.863505e+000 1.500000e+000 7.261877e-001
      vertex   1.601838e+000 1.500000e+000 6.126510e-001
      vertex   1.642285e+000 1.500000e+000 4.940900e-001
    endloop
  endfacet
  facet normal -7.561493e-013 -1.000000e+000 -3.244892e-013
    outer loop
      vertex   1.863505e+000 1.500000e+000 7.261877e-001
      vertex   1.810229e+000 1.500000e+000 8.503358e-001
      vertex   1.601838e+000 1.500000e+000 6.126510e-001
    endloop
  endfacet
  facet normal -7.585773e-013 -1.000000e+000 -3.223604e-013
    outer loop
      vertex   1.601838e+000 1.500000e+000 6.126510e-001
      vertex   1.810229e+000 1.500000e+000 8.503358e-001
      vertex   1.552844e+000 1.500000e+000 7.279432e-001
    endloop
  endfacet
  facet normal -7.334227e-013 -1.000000e+000 -3.752593e-013
    outer loop
      vertex   1.552844e+000 1.500000e+000 7.279432e-001
      vertex   1.810229e+000 1.500000e+000 8.503358e-001
      vertex   1.748693e+000 1.500000e+000 9.706039e-001
    endloop
  endfacet
  facet normal -7.064915e-013 -1.000000e+000 -4.239618e-013
    outer loop
      vertex   1.495565e+000 1.500000e+000 8.393516e-001
      vertex   1.748693e+000 1.500000e+000 9.706039e-001
      vertex   1.679179e+000 1.500000e+000 1.086443e+000
    endloop
  endfacet
  facet normal -6.768485e-013 -1.000000e+000 -4.711004e-013
    outer loop
      vertex   1.430306e+000 1.500000e+000 9.462817e-001
      vertex   1.679179e+000 1.500000e+000 1.086443e+000
      vertex   1.602002e+000 1.500000e+000 1.197326e+000
    endloop
  endfacet
  facet normal -6.439451e-013 -1.000000e+000 -5.160759e-013
    outer loop
      vertex   1.357416e+000 1.500000e+000 1.048163e+000
      vertex   1.602002e+000 1.500000e+000 1.197326e+000
      vertex   1.517516e+000 1.500000e+000 1.302745e+000
    endloop
  endfacet
  facet normal -6.079449e-013 -1.000000e+000 -5.586551e-013
    outer loop
      vertex   1.277284e+000 1.500000e+000 1.144452e+000
      vertex   1.517516e+000 1.500000e+000 1.302745e+000
      vertex   1.426106e+000 1.500000e+000 1.402220e+000
    endloop
  endfacet
  facet normal -5.690289e-013 -1.000000e+000 -5.986180e-013
    outer loop
      vertex   1.190337e+000 1.500000e+000 1.234634e+000
      vertex   1.426106e+000 1.500000e+000 1.402220e+000
      vertex   1.328189e+000 1.500000e+000 1.495297e+000
    endloop
  endfacet
  facet normal -5.273938e-013 -1.000000e+000 -6.357586e-013
    outer loop
      vertex   1.097039e+000 1.500000e+000 1.318230e+000
      vertex   1.328189e+000 1.500000e+000 1.495297e+000
      vertex   1.224212e+000 1.500000e+000 1.581551e+000
    endloop
  endfacet
  facet normal -4.832518e-013 -1.000000e+000 -6.698862e-013
    outer loop
      vertex   9.978880e-001 1.500000e+000 1.394792e+000
      vertex   1.224212e+000 1.500000e+000 1.581551e+000
      vertex   1.114649e+000 1.500000e+000 1.660590e+000
    endloop
  endfacet
  facet normal -4.368286e-013 -1.000000e+000 -7.008266e-013
    outer loop
      vertex   8.934127e-001 1.500000e+000 1.463912e+000
      vertex   1.114649e+000 1.500000e+000 1.660590e+000
      vertex   1.000000e+000 1.500000e+000 1.732051e+000
    endloop
  endfacet
  facet normal -3.883623e-013 -1.000000e+000 -7.284234e-013
    outer loop
      vertex   7.841706e-001 1.500000e+000 1.525222e+000
      vertex   1.000000e+000 1.500000e+000 1.732051e+000
      vertex   8.807883e-001 1.500000e+000 1.795609e+000
    endloop
  endfacet
  facet normal -3.357193e-013 -1.000000e+000 -7.472343e-013
    outer loop
      vertex   7.575578e-001 1.500000e+000 1.850974e+000
      vertex   7.841706e-001 1.500000e+000 1.525222e+000
      vertex   8.807883e-001 1.500000e+000 1.795609e+000
    endloop
  endfacet
  facet normal -3.508693e-013 -1.000000e+000 -7.484720e-013
    outer loop
      vertex   7.575578e-001 1.500000e+000 1.850974e+000
      vertex   6.707446e-001 1.500000e+000 1.578394e+000
      vertex   7.841706e-001 1.500000e+000 1.525222e+000
    endloop
  endfacet
  facet normal -2.849760e-013 -1.000000e+000 -7.694581e-013
    outer loop
      vertex   7.575578e-001 1.500000e+000 1.850974e+000
      vertex   6.308707e-001 1.500000e+000 1.897894e+000
      vertex   6.707446e-001 1.500000e+000 1.578394e+000
    endloop
  endfacet
  facet normal -2.947598e-013 -1.000000e+000 -7.706792e-013
    outer loop
      vertex   6.707446e-001 1.500000e+000 1.578394e+000
      vertex   6.308707e-001 1.500000e+000 1.897894e+000
      vertex   5.537399e-001 1.500000e+000 1.623144e+000
    endloop
  endfacet
  facet normal -2.327207e-013 -1.000000e+000 -7.880954e-013
    outer loop
      vertex   5.537399e-001 1.500000e+000 1.623144e+000
      vertex   6.308707e-001 1.500000e+000 1.897894e+000
      vertex   5.013051e-001 1.500000e+000 1.936154e+000
    endloop
  endfacet
  facet normal -1.792160e-013 -1.000000e+000 -8.030403e-013
    outer loop
      vertex   4.337808e-001 1.500000e+000 1.659235e+000
      vertex   5.013051e-001 1.500000e+000 1.936154e+000
      vertex   3.694521e-001 1.500000e+000 1.965580e+000
    endloop
  endfacet
  facet normal -1.247319e-013 -1.000000e+000 -8.142065e-013
    outer loop
      vertex   3.115072e-001 1.500000e+000 1.686472e+000
      vertex   3.694521e-001 1.500000e+000 1.965580e+000
      vertex   2.359134e-001 1.500000e+000 1.986037e+000
    endloop
  endfacet
  facet normal -6.954466e-014 -1.000000e+000 -8.215286e-013
    outer loop
      vertex   1.875716e-001 1.500000e+000 1.704712e+000
      vertex   2.359134e-001 1.500000e+000 1.986037e+000
      vertex   1.012983e-001 1.500000e+000 1.997433e+000
    endloop
  endfacet
  facet normal -1.393516e-014 -1.000000e+000 -8.249618e-013
    outer loop
      vertex   6.263527e-002 1.500000e+000 1.713856e+000
      vertex   1.012983e-001 1.500000e+000 1.997433e+000
      vertex   -3.377896e-002 1.500000e+000 1.999715e+000
    endloop
  endfacet
  facet normal 4.181302e-014 -1.000000e+000 -8.244826e-013
    outer loop
      vertex   -6.263527e-002 1.500000e+000 1.713856e+000
      vertex   -3.377896e-002 1.500000e+000 1.999715e+000
      vertex   -1.687021e-001 1.500000e+000 1.992872e+000
    endloop
  endfacet
  facet normal 9.741509e-014 -1.000000e+000 -8.200890e-013
    outer loop
      vertex   -1.875716e-001 1.500000e+000 1.704712e+000
      vertex   -1.687021e-001 1.500000e+000 1.992872e+000
      vertex   -3.028556e-001 1.500000e+000 1.976937e+000
    endloop
  endfacet
  facet normal 1.525867e-013 -1.000000e+000 -8.118005e-013
    outer loop
      vertex   -3.115072e-001 1.500000e+000 1.686472e+000
      vertex   -3.028556e-001 1.500000e+000 1.976937e+000
      vertex   -4.356271e-001 1.500000e+000 1.951981e+000
    endloop
  endfacet
  facet normal 2.070457e-013 -1.000000e+000 -7.996578e-013
    outer loop
      vertex   -4.337808e-001 1.500000e+000 1.659235e+000
      vertex   -4.356271e-001 1.500000e+000 1.951981e+000
      vertex   -5.664110e-001 1.500000e+000 1.918118e+000
    endloop
  endfacet
  facet normal 2.605139e-013 -1.000000e+000 -7.837229e-013
    outer loop
      vertex   -5.537399e-001 1.500000e+000 1.623144e+000
      vertex   -5.664110e-001 1.500000e+000 1.918118e+000
      vertex   -6.946105e-001 1.500000e+000 1.875504e+000
    endloop
  endfacet
  facet normal 3.127183e-013 -1.000000e+000 -7.640785e-013
    outer loop
      vertex   -6.707446e-001 1.500000e+000 1.578394e+000
      vertex   -6.946105e-001 1.500000e+000 1.875504e+000
      vertex   -8.196406e-001 1.500000e+000 1.824333e+000
    endloop
  endfacet
  facet normal 3.633933e-013 -1.000000e+000 -7.408277e-013
    outer loop
      vertex   -7.841706e-001 1.500000e+000 1.525222e+000
      vertex   -8.196406e-001 1.500000e+000 1.824333e+000
      vertex   -9.409310e-001 1.500000e+000 1.764837e+000
    endloop
  endfacet
  facet normal 4.122818e-013 -1.000000e+000 -7.140930e-013
    outer loop
      vertex   -8.934127e-001 1.500000e+000 1.463912e+000
      vertex   -9.409310e-001 1.500000e+000 1.764837e+000
      vertex   -1.057928e+000 1.500000e+000 1.697289e+000
    endloop
  endfacet
  facet normal 4.591368e-013 -1.000000e+000 -6.840161e-013
    outer loop
      vertex   -9.978880e-001 1.500000e+000 1.394792e+000
      vertex   -1.057928e+000 1.500000e+000 1.697289e+000
      vertex   -1.170098e+000 1.500000e+000 1.621996e+000
    endloop
  endfacet
  facet normal 5.037230e-013 -1.000000e+000 -6.507565e-013
    outer loop
      vertex   -1.097039e+000 1.500000e+000 1.318230e+000
      vertex   -1.170098e+000 1.500000e+000 1.621996e+000
      vertex   -1.276929e+000 1.500000e+000 1.539302e+000
    endloop
  endfacet
  facet normal 5.458180e-013 -1.000000e+000 -6.144909e-013
    outer loop
      vertex   -1.190337e+000 1.500000e+000 1.234634e+000
      vertex   -1.276929e+000 1.500000e+000 1.539302e+000
      vertex   -1.377934e+000 1.500000e+000 1.449586e+000
    endloop
  endfacet
  facet normal 5.852137e-013 -1.000000e+000 -5.754118e-013
    outer loop
      vertex   -1.277284e+000 1.500000e+000 1.144452e+000
      vertex   -1.377934e+000 1.500000e+000 1.449586e+000
      vertex   -1.472651e+000 1.500000e+000 1.353255e+000
    endloop
  endfacet
  facet normal 6.217173e-013 -1.000000e+000 -5.337268e-013
    outer loop
      vertex   -1.357416e+000 1.500000e+000 1.048163e+000
      vertex   -1.472651e+000 1.500000e+000 1.353255e+000
      vertex   -1.560650e+000 1.500000e+000 1.250749e+000
    endloop
  endfacet
  facet normal 6.734597e-013 -1.000000e+000 -4.818191e-013
    outer loop
      vertex   -1.430306e+000 1.500000e+000 9.462817e-001
      vertex   -1.357416e+000 1.500000e+000 1.048163e+000
      vertex   -1.560650e+000 1.500000e+000 1.250749e+000
    endloop
  endfacet
  facet normal 7.926330e-013 -1.000000e+000 2.072214e-013
    outer loop
      vertex   -1.673970e+000 1.500000e+000 -3.728928e-001
      vertex   -1.927411e+000 1.500000e+000 -5.339342e-001
      vertex   -1.642285e+000 1.500000e+000 -4.940900e-001
    endloop
  endfacet
  facet normal 7.750410e-013 -1.000000e+000 2.644073e-013
    outer loop
      vertex   -1.642285e+000 1.500000e+000 -4.940900e-001
      vertex   -1.886968e+000 1.500000e+000 -6.628351e-001
      vertex   -1.601838e+000 1.500000e+000 -6.126510e-001
    endloop
  endfacet
  facet normal 7.534908e-013 -1.000000e+000 3.201989e-013
    outer loop
      vertex   -1.601838e+000 1.500000e+000 -6.126510e-001
      vertex   -1.837916e+000 1.500000e+000 -7.887117e-001
      vertex   -1.552844e+000 1.500000e+000 -7.279432e-001
    endloop
  endfacet
  facet normal 7.292196e-013 -1.000000e+000 3.729246e-013
    outer loop
      vertex   -1.552844e+000 1.500000e+000 -7.279432e-001
      vertex   -1.780477e+000 1.500000e+000 -9.109896e-001
      vertex   -1.495565e+000 1.500000e+000 -8.393516e-001
    endloop
  endfacet
  facet normal 6.996079e-013 -1.000000e+000 4.269645e-013
    outer loop
      vertex   -1.495565e+000 1.500000e+000 -8.393516e-001
      vertex   -1.714914e+000 1.500000e+000 -1.029111e+000
      vertex   -1.430306e+000 1.500000e+000 -9.462817e-001
    endloop
  endfacet
  facet normal 5.938653e-013 -1.000000e+000 5.725581e-013
    outer loop
      vertex   -1.277284e+000 1.500000e+000 -1.144452e+000
      vertex   -1.377934e+000 1.500000e+000 -1.449586e+000
      vertex   -1.190337e+000 1.500000e+000 -1.234634e+000
    endloop
  endfacet
  facet normal 5.496184e-013 -1.000000e+000 6.134107e-013
    outer loop
      vertex   -1.190337e+000 1.500000e+000 -1.234634e+000
      vertex   -1.276929e+000 1.500000e+000 -1.539302e+000
      vertex   -1.097039e+000 1.500000e+000 -1.318230e+000
    endloop
  endfacet
  facet normal 5.026897e-013 -1.000000e+000 6.510050e-013
    outer loop
      vertex   -1.097039e+000 1.500000e+000 -1.318230e+000
      vertex   -1.170098e+000 1.500000e+000 -1.621996e+000
      vertex   -9.978880e-001 1.500000e+000 -1.394792e+000
    endloop
  endfacet
  facet normal 4.533064e-013 -1.000000e+000 6.851733e-013
    outer loop
      vertex   -9.978880e-001 1.500000e+000 -1.394792e+000
      vertex   -1.057928e+000 1.500000e+000 -1.697289e+000
      vertex   -8.934127e-001 1.500000e+000 -1.463912e+000
    endloop
  endfacet
  facet normal 4.017057e-013 -1.000000e+000 7.157630e-013
    outer loop
      vertex   -8.934127e-001 1.500000e+000 -1.463912e+000
      vertex   -9.409310e-001 1.500000e+000 -1.764837e+000
      vertex   -7.841706e-001 1.500000e+000 -1.525222e+000
    endloop
  endfacet
  facet normal 3.481340e-013 -1.000000e+000 7.426372e-013
    outer loop
      vertex   -7.841706e-001 1.500000e+000 -1.525222e+000
      vertex   -8.196406e-001 1.500000e+000 -1.824333e+000
      vertex   -6.707446e-001 1.500000e+000 -1.578394e+000
    endloop
  endfacet
  facet normal 2.928458e-013 -1.000000e+000 7.656748e-013
    outer loop
      vertex   -6.707446e-001 1.500000e+000 -1.578394e+000
      vertex   -6.946105e-001 1.500000e+000 -1.875504e+000
      vertex   -5.537399e-001 1.500000e+000 -1.623144e+000
    endloop
  endfacet
  facet normal 2.361026e-013 -1.000000e+000 7.847715e-013
    outer loop
      vertex   -5.537399e-001 1.500000e+000 -1.623144e+000
      vertex   -5.664110e-001 1.500000e+000 -1.918118e+000
      vertex   -4.337808e-001 1.500000e+000 -1.659235e+000
    endloop
  endfacet
  facet normal 1.781719e-013 -1.000000e+000 7.998399e-013
    outer loop
      vertex   -4.337808e-001 1.500000e+000 -1.659235e+000
      vertex   -4.356271e-001 1.500000e+000 -1.951981e+000
      vertex   -3.115072e-001 1.500000e+000 -1.686472e+000
    endloop
  endfacet
  facet normal 1.193265e-013 -1.000000e+000 8.108098e-013
    outer loop
      vertex   -3.115072e-001 1.500000e+000 -1.686472e+000
      vertex   -3.028556e-001 1.500000e+000 -1.976937e+000
      vertex   -1.875716e-001 1.500000e+000 -1.704712e+000
    endloop
  endfacet
  facet normal 5.984270e-014 -1.000000e+000 8.176287e-013
    outer loop
      vertex   -1.875716e-001 1.500000e+000 -1.704712e+000
      vertex   -1.687021e-001 1.500000e+000 -1.992872e+000
      vertex   -6.263527e-002 1.500000e+000 -1.713856e+000
    endloop
  endfacet
  facet normal 0.000000e+000 -1.000000e+000 8.202617e-013
    outer loop
      vertex   -6.263527e-002 1.500000e+000 -1.713856e+000
      vertex   -3.377896e-002 1.500000e+000 -1.999715e+000
      vertex   6.263527e-002 1.500000e+000 -1.713856e+000
    endloop
  endfacet
  facet normal -5.992054e-014 -1.000000e+000 8.186921e-013
    outer loop
      vertex   6.263527e-002 1.500000e+000 -1.713856e+000
      vertex   1.012983e-001 1.500000e+000 -1.997433e+000
      vertex   1.875716e-001 1.500000e+000 -1.704712e+000
    endloop
  endfacet
  facet normal -1.196372e-013 -1.000000e+000 8.129209e-013
    outer loop
      vertex   1.875716e-001 1.500000e+000 -1.704712e+000
      vertex   2.359134e-001 1.500000e+000 -1.986037e+000
      vertex   3.115072e-001 1.500000e+000 -1.686472e+000
    endloop
  endfacet
  facet normal -1.788686e-013 -1.000000e+000 8.029673e-013
    outer loop
      vertex   3.115072e-001 1.500000e+000 -1.686472e+000
      vertex   3.694521e-001 1.500000e+000 -1.965580e+000
      vertex   4.337808e-001 1.500000e+000 -1.659235e+000
    endloop
  endfacet
  facet normal -2.373352e-013 -1.000000e+000 7.888684e-013
    outer loop
      vertex   4.337808e-001 1.500000e+000 -1.659235e+000
      vertex   5.013051e-001 1.500000e+000 -1.936154e+000
      vertex   5.537399e-001 1.500000e+000 -1.623144e+000
    endloop
  endfacet
  facet normal -2.947598e-013 -1.000000e+000 7.706792e-013
    outer loop
      vertex   5.537399e-001 1.500000e+000 -1.623144e+000
      vertex   6.308707e-001 1.500000e+000 -1.897894e+000
      vertex   6.707446e-001 1.500000e+000 -1.578394e+000
    endloop
  endfacet
  facet normal -3.508693e-013 -1.000000e+000 7.484720e-013
    outer loop
      vertex   6.707446e-001 1.500000e+000 -1.578394e+000
      vertex   7.575578e-001 1.500000e+000 -1.850974e+000
      vertex   7.841706e-001 1.500000e+000 -1.525222e+000
    endloop
  endfacet
  facet normal -5.008250e-013 -1.000000e+000 6.485902e-013
    outer loop
      vertex   9.978880e-001 1.500000e+000 -1.394792e+000
      vertex   1.224212e+000 1.500000e+000 -1.581551e+000
      vertex   1.097039e+000 1.500000e+000 -1.318230e+000
    endloop
  endfacet
  facet normal -5.468660e-013 -1.000000e+000 6.103389e-013
    outer loop
      vertex   1.097039e+000 1.500000e+000 -1.318230e+000
      vertex   1.328189e+000 1.500000e+000 -1.495297e+000
      vertex   1.190337e+000 1.500000e+000 -1.234634e+000
    endloop
  endfacet
  facet normal -5.901194e-013 -1.000000e+000 5.689466e-013
    outer loop
      vertex   1.190337e+000 1.500000e+000 -1.234634e+000
      vertex   1.426106e+000 1.500000e+000 -1.402220e+000
      vertex   1.277284e+000 1.500000e+000 -1.144452e+000
    endloop
  endfacet
  facet normal -6.303802e-013 -1.000000e+000 5.246064e-013
    outer loop
      vertex   1.277284e+000 1.500000e+000 -1.144452e+000
      vertex   1.517516e+000 1.500000e+000 -1.302745e+000
      vertex   1.357416e+000 1.500000e+000 -1.048163e+000
    endloop
  endfacet
  facet normal -6.674563e-013 -1.000000e+000 4.775240e-013
    outer loop
      vertex   1.357416e+000 1.500000e+000 -1.048163e+000
      vertex   1.602002e+000 1.500000e+000 -1.197326e+000
      vertex   1.430306e+000 1.500000e+000 -9.462817e-001
    endloop
  endfacet
  facet normal -7.011688e-013 -1.000000e+000 4.279171e-013
    outer loop
      vertex   1.430306e+000 1.500000e+000 -9.462817e-001
      vertex   1.679179e+000 1.500000e+000 -1.086443e+000
      vertex   1.495565e+000 1.500000e+000 -8.393516e-001
    endloop
  endfacet
  facet normal -7.305372e-013 -1.000000e+000 3.775881e-013
    outer loop
      vertex   1.495565e+000 1.500000e+000 -8.393516e-001
      vertex   1.748693e+000 1.500000e+000 -9.706039e-001
      vertex   1.552844e+000 1.500000e+000 -7.279432e-001
    endloop
  endfacet
  facet normal -7.585773e-013 -1.000000e+000 3.223604e-013
    outer loop
      vertex   1.552844e+000 1.500000e+000 -7.279432e-001
      vertex   1.810229e+000 1.500000e+000 -8.503358e-001
      vertex   1.601838e+000 1.500000e+000 -6.126510e-001
    endloop
  endfacet
  facet normal -7.812932e-013 -1.000000e+000 2.665402e-013
    outer loop
      vertex   1.601838e+000 1.500000e+000 -6.126510e-001
      vertex   1.863505e+000 1.500000e+000 -7.261877e-001
      vertex   1.642285e+000 1.500000e+000 -4.940900e-001
    endloop
  endfacet
  facet normal -8.154933e-013 -1.000000e+000 8.972978e-014
    outer loop
      vertex   1.696724e+000 1.500000e+000 -2.497060e-001
      vertex   1.989739e+000 1.500000e+000 -2.023366e-001
      vertex   1.710425e+000 1.500000e+000 -1.251870e-001
    endloop
  endfacet
  facet normal -8.196944e-013 -1.000000e+000 2.995688e-014
    outer loop
      vertex   1.710425e+000 1.500000e+000 -1.251870e-001
      vertex   1.998859e+000 1.500000e+000 -6.754828e-002
      vertex   1.715000e+000 1.500000e+000 0.000000e+000
    endloop
  endfacet
  facet normal -8.196944e-013 -1.000000e+000 -2.995688e-014
    outer loop
      vertex   1.715000e+000 1.500000e+000 0.000000e+000
      vertex   1.998859e+000 1.500000e+000 6.754828e-002
      vertex   1.710425e+000 1.500000e+000 1.251870e-001
    endloop
  endfacet
  facet normal -8.154933e-013 -1.000000e+000 -8.972978e-014
    outer loop
      vertex   1.710425e+000 1.500000e+000 1.251870e-001
      vertex   1.989739e+000 1.500000e+000 2.023366e-001
      vertex   1.696724e+000 1.500000e+000 2.497060e-001
    endloop
  endfacet
  facet normal -8.071092e-013 -1.000000e+000 -1.490806e-013
    outer loop
      vertex   1.696724e+000 1.500000e+000 2.497060e-001
      vertex   1.971540e+000 1.500000e+000 3.362018e-001
      vertex   1.673970e+000 1.500000e+000 3.728928e-001
    endloop
  endfacet
  facet normal -7.945781e-013 -1.000000e+000 -2.077299e-013
    outer loop
      vertex   1.673970e+000 1.500000e+000 3.728928e-001
      vertex   1.944345e+000 1.500000e+000 4.685329e-001
      vertex   1.642285e+000 1.500000e+000 4.940900e-001
    endloop
  endfacet
  facet normal -7.305372e-013 -1.000000e+000 -3.775881e-013
    outer loop
      vertex   1.552844e+000 1.500000e+000 7.279432e-001
      vertex   1.748693e+000 1.500000e+000 9.706039e-001
      vertex   1.495565e+000 1.500000e+000 8.393516e-001
    endloop
  endfacet
  facet normal -7.011688e-013 -1.000000e+000 -4.279171e-013
    outer loop
      vertex   1.495565e+000 1.500000e+000 8.393516e-001
      vertex   1.679179e+000 1.500000e+000 1.086443e+000
      vertex   1.430306e+000 1.500000e+000 9.462817e-001
    endloop
  endfacet
  facet normal -6.674563e-013 -1.000000e+000 -4.775240e-013
    outer loop
      vertex   1.430306e+000 1.500000e+000 9.462817e-001
      vertex   1.602002e+000 1.500000e+000 1.197326e+000
      vertex   1.357416e+000 1.500000e+000 1.048163e+000
    endloop
  endfacet
  facet normal -6.303802e-013 -1.000000e+000 -5.246064e-013
    outer loop
      vertex   1.357416e+000 1.500000e+000 1.048163e+000
      vertex   1.517516e+000 1.500000e+000 1.302745e+000
      vertex   1.277284e+000 1.500000e+000 1.144452e+000
    endloop
  endfacet
  facet normal -5.901194e-013 -1.000000e+000 -5.689466e-013
    outer loop
      vertex   1.277284e+000 1.500000e+000 1.144452e+000
      vertex   1.426106e+000 1.500000e+000 1.402220e+000
      vertex   1.190337e+000 1.500000e+000 1.234634e+000
    endloop
  endfacet
  facet normal -5.468660e-013 -1.000000e+000 -6.103389e-013
    outer loop
      vertex   1.190337e+000 1.500000e+000 1.234634e+000
      vertex   1.328189e+000 1.500000e+000 1.495297e+000
      vertex   1.097039e+000 1.500000e+000 1.318230e+000
    endloop
  endfacet
  facet normal -5.008250e-013 -1.000000e+000 -6.485902e-013
    outer loop
      vertex   1.097039e+000 1.500000e+000 1.318230e+000
      vertex   1.224212e+000 1.500000e+000 1.581551e+000
      vertex   9.978880e-001 1.500000e+000 1.394792e+000
    endloop
  endfacet
  facet normal -4.522132e-013 -1.000000e+000 -6.835210e-013
    outer loop
      vertex   9.978880e-001 1.500000e+000 1.394792e+000
      vertex   1.114649e+000 1.500000e+000 1.660590e+000
      vertex   8.934127e-001 1.500000e+000 1.463912e+000
    endloop
  endfacet
  facet normal -4.012584e-013 -1.000000e+000 -7.149661e-013
    outer loop
      vertex   8.934127e-001 1.500000e+000 1.463912e+000
      vertex   1.000000e+000 1.500000e+000 1.732051e+000
      vertex   7.841706e-001 1.500000e+000 1.525222e+000
    endloop
  endfacet
  facet normal -2.373352e-013 -1.000000e+000 -7.888684e-013
    outer loop
      vertex   5.537399e-001 1.500000e+000 1.623144e+000
      vertex   5.013051e-001 1.500000e+000 1.936154e+000
      vertex   4.337808e-001 1.500000e+000 1.659235e+000
    endloop
  endfacet
  facet normal -1.788686e-013 -1.000000e+000 -8.029673e-013
    outer loop
      vertex   4.337808e-001 1.500000e+000 1.659235e+000
      vertex   3.694521e-001 1.500000e+000 1.965580e+000
      vertex   3.115072e-001 1.500000e+000 1.686472e+000
    endloop
  endfacet
  facet normal -1.196372e-013 -1.000000e+000 -8.129209e-013
    outer loop
      vertex   3.115072e-001 1.500000e+000 1.686472e+000
      vertex   2.359134e-001 1.500000e+000 1.986037e+000
      vertex   1.875716e-001 1.500000e+000 1.704712e+000
    endloop
  endfacet
  facet normal -5.992054e-014 -1.000000e+000 -8.186921e-013
    outer loop
      vertex   1.875716e-001 1.500000e+000 1.704712e+000
      vertex   1.012983e-001 1.500000e+000 1.997433e+000
      vertex   6.263527e-002 1.500000e+000 1.713856e+000
    endloop
  endfacet
  facet normal 0.000000e+000 -1.000000e+000 -8.202617e-013
    outer loop
      vertex   6.263527e-002 1.500000e+000 1.713856e+000
      vertex   -3.377896e-002 1.500000e+000 1.999715e+000
      vertex   -6.263527e-002 1.500000e+000 1.713856e+000
    endloop
  endfacet
  facet normal 5.984270e-014 -1.000000e+000 -8.176287e-013
    outer loop
      vertex   -6.263527e-002 1.500000e+000 1.713856e+000
      vertex   -1.687021e-001 1.500000e+000 1.992872e+000
      vertex   -1.875716e-001 1.500000e+000 1.704712e+000
    endloop
  endfacet
  facet normal 1.193265e-013 -1.000000e+000 -8.108098e-013
    outer loop
      vertex   -1.875716e-001 1.500000e+000 1.704712e+000
      vertex   -3.028556e-001 1.500000e+000 1.976937e+000
      vertex   -3.115072e-001 1.500000e+000 1.686472e+000
    endloop
  endfacet
  facet normal 1.781719e-013 -1.000000e+000 -7.998399e-013
    outer loop
      vertex   -3.115072e-001 1.500000e+000 1.686472e+000
      vertex   -4.356271e-001 1.500000e+000 1.951981e+000
      vertex   -4.337808e-001 1.500000e+000 1.659235e+000
    endloop
  endfacet
  facet normal 2.361026e-013 -1.000000e+000 -7.847715e-013
    outer loop
      vertex   -4.337808e-001 1.500000e+000 1.659235e+000
      vertex   -5.664110e-001 1.500000e+000 1.918118e+000
      vertex   -5.537399e-001 1.500000e+000 1.623144e+000
    endloop
  endfacet
  facet normal 2.928458e-013 -1.000000e+000 -7.656748e-013
    outer loop
      vertex   -5.537399e-001 1.500000e+000 1.623144e+000
      vertex   -6.946105e-001 1.500000e+000 1.875504e+000
      vertex   -6.707446e-001 1.500000e+000 1.578394e+000
    endloop
  endfacet
  facet normal 3.481340e-013 -1.000000e+000 -7.426372e-013
    outer loop
      vertex   -6.707446e-001 1.500000e+000 1.578394e+000
      vertex   -8.196406e-001 1.500000e+000 1.824333e+000
      vertex   -7.841706e-001 1.500000e+000 1.525222e+000
    endloop
  endfacet
  facet normal 4.017057e-013 -1.000000e+000 -7.157630e-013
    outer loop
      vertex   -7.841706e-001 1.500000e+000 1.525222e+000
      vertex   -9.409310e-001 1.500000e+000 1.764837e+000
      vertex   -8.934127e-001 1.500000e+000 1.463912e+000
    endloop
  endfacet
  facet normal 4.533064e-013 -1.000000e+000 -6.851733e-013
    outer loop
      vertex   -8.934127e-001 1.500000e+000 1.463912e+000
      vertex   -1.057928e+000 1.500000e+000 1.697289e+000
      vertex   -9.978880e-001 1.500000e+000 1.394792e+000
    endloop
  endfacet
  facet normal 5.026897e-013 -1.000000e+000 -6.510050e-013
    outer loop
      vertex   -9.978880e-001 1.500000e+000 1.394792e+000
      vertex   -1.170098e+000 1.500000e+000 1.621996e+000
      vertex   -1.097039e+000 1.500000e+000 1.318230e+000
    endloop
  endfacet
  facet normal 5.496184e-013 -1.000000e+000 -6.134107e-013
    outer loop
      vertex   -1.097039e+000 1.500000e+000 1.318230e+000
      vertex   -1.276929e+000 1.500000e+000 1.539302e+000
      vertex   -1.190337e+000 1.500000e+000 1.234634e+000
    endloop
  endfacet
  facet normal 5.938653e-013 -1.000000e+000 -5.725581e-013
    outer loop
      vertex   -1.190337e+000 1.500000e+000 1.234634e+000
      vertex   -1.377934e+000 1.500000e+000 1.449586e+000
      vertex   -1.277284e+000 1.500000e+000 1.144452e+000
    endloop
  endfacet
  facet normal 6.352139e-013 -1.000000e+000 -5.286290e-013
    outer loop
      vertex   -1.277284e+000 1.500000e+000 1.144452e+000
      vertex   -1.472651e+000 1.500000e+000 1.353255e+000
      vertex   -1.357416e+000 1.500000e+000 1.048163e+000
    endloop
  endfacet
  facet normal 7.221975e-013 -1.000000e+000 -4.008523e-013
    outer loop
      vertex   -1.714914e+000 1.500000e+000 1.029111e+000
      vertex   -1.780477e+000 1.500000e+000 9.109896e-001
      vertex   -1.495565e+000 1.500000e+000 8.393516e-001
    endloop
  endfacet
  facet normal 7.469521e-013 -1.000000e+000 -3.508728e-013
    outer loop
      vertex   -1.780477e+000 1.500000e+000 9.109896e-001
      vertex   -1.837916e+000 1.500000e+000 7.887117e-001
      vertex   -1.552844e+000 1.500000e+000 7.279432e-001
    endloop
  endfacet
  facet normal 7.688451e-013 -1.000000e+000 -2.996106e-013
    outer loop
      vertex   -1.837916e+000 1.500000e+000 7.887117e-001
      vertex   -1.886968e+000 1.500000e+000 6.628351e-001
      vertex   -1.601838e+000 1.500000e+000 6.126510e-001
    endloop
  endfacet
  facet normal 7.870814e-013 -1.000000e+000 -2.469484e-013
    outer loop
      vertex   -1.886968e+000 1.500000e+000 6.628351e-001
      vertex   -1.927411e+000 1.500000e+000 5.339342e-001
      vertex   -1.642285e+000 1.500000e+000 4.940900e-001
    endloop
  endfacet
  facet normal 8.015704e-013 -1.000000e+000 -1.931561e-013
    outer loop
      vertex   -1.927411e+000 1.500000e+000 5.339342e-001
      vertex   -1.959060e+000 1.500000e+000 4.025970e-001
      vertex   -1.673970e+000 1.500000e+000 3.728928e-001
    endloop
  endfacet
  facet normal 8.208229e-013 -1.000000e+000 3.177183e-014
    outer loop
      vertex   -1.710425e+000 1.500000e+000 -1.251870e-001
      vertex   -1.715000e+000 1.500000e+000 -2.100269e-016
      vertex   -1.995437e+000 1.500000e+000 -1.350195e-001
    endloop
  endfacet
  facet normal 8.242919e-013 -1.000000e+000 2.456657e-014
    outer loop
      vertex   -1.995437e+000 1.500000e+000 -1.350195e-001
      vertex   -1.715000e+000 1.500000e+000 -2.100269e-016
      vertex   -2.000000e+000 1.500000e+000 0.000000e+000
    endloop
  endfacet
  facet normal 5.326242e-001 5.066677e-017 8.463518e-001
    outer loop
      vertex   -8.094558e-001 5.060000e+000 -1.397500e+000
      vertex   -9.097619e-001 1.600000e+000 -1.334376e+000
      vertex   -8.094558e-001 3.760000e+000 -1.397500e+000
    endloop
  endfacet
  facet normal 5.331738e-001 -2.224796e-005 8.460057e-001
    outer loop
      vertex   -8.094558e-001 5.060000e+000 -1.397500e+000
      vertex   -9.114945e-001 5.060000e+000 -1.333193e+000
      vertex   -9.097619e-001 1.600000e+000 -1.334376e+000
    endloop
  endfacet
  facet normal 5.938202e-001 2.227823e-005 8.045978e-001
    outer loop
      vertex   -9.097619e-001 1.600000e+000 -1.334376e+000
      vertex   -9.114945e-001 5.060000e+000 -1.333193e+000
      vertex   -1.006936e+000 1.600000e+000 -1.262658e+000
    endloop
  endfacet
  facet normal 5.948247e-001 -2.056452e-005 8.038554e-001
    outer loop
      vertex   -1.006936e+000 1.600000e+000 -1.262658e+000
      vertex   -9.114945e-001 5.060000e+000 -1.333193e+000
      vertex   -1.008449e+000 5.060000e+000 -1.261450e+000
    endloop
  endfacet
  facet normal 6.531580e-001 -1.887643e-005 7.572217e-001
    outer loop
      vertex   -1.098479e+000 1.600000e+000 -1.183879e+000
      vertex   -1.008449e+000 5.060000e+000 -1.261450e+000
      vertex   -1.099780e+000 5.060000e+000 -1.182671e+000
    endloop
  endfacet
  facet normal 7.078483e-001 -1.718368e-005 7.063645e-001
    outer loop
      vertex   -1.183879e+000 1.600000e+000 -1.098479e+000
      vertex   -1.099780e+000 5.060000e+000 -1.182671e+000
      vertex   -1.184976e+000 5.060000e+000 -1.097295e+000
    endloop
  endfacet
  facet normal 7.585906e-001 -1.548627e-005 6.515676e-001
    outer loop
      vertex   -1.262658e+000 1.600000e+000 -1.006936e+000
      vertex   -1.184976e+000 5.060000e+000 -1.097295e+000
      vertex   -1.263563e+000 5.060000e+000 -1.005800e+000
    endloop
  endfacet
  facet normal 8.051019e-001 -1.378420e-005 5.931366e-001
    outer loop
      vertex   -1.334376e+000 1.600000e+000 -9.097619e-001
      vertex   -1.263563e+000 5.060000e+000 -1.005800e+000
      vertex   -1.335102e+000 5.060000e+000 -9.086949e-001
    endloop
  endfacet
  facet normal 8.471227e-001 -1.207748e-005 5.313974e-001
    outer loop
      vertex   -1.398631e+000 1.600000e+000 -8.075000e-001
      vertex   -1.335102e+000 5.060000e+000 -9.086949e-001
      vertex   -1.399196e+000 5.060000e+000 -8.065215e-001
    endloop
  endfacet
  facet normal 8.844187e-001 -1.036610e-005 4.666943e-001
    outer loop
      vertex   -1.455065e+000 1.600000e+000 -7.007222e-001
      vertex   -1.399196e+000 5.060000e+000 -8.065215e-001
      vertex   -1.455485e+000 5.060000e+000 -6.998497e-001
    endloop
  endfacet
  facet normal 9.167819e-001 -8.650058e-006 3.993882e-001
    outer loop
      vertex   -1.503361e+000 1.600000e+000 -5.900258e-001
      vertex   -1.455485e+000 5.060000e+000 -6.998497e-001
      vertex   -1.503656e+000 5.060000e+000 -5.892746e-001
    endloop
  endfacet
  facet normal 9.440317e-001 -6.929362e-006 3.298546e-001
    outer loop
      vertex   -1.543250e+000 1.600000e+000 -4.760296e-001
      vertex   -1.503656e+000 5.060000e+000 -5.892746e-001
      vertex   -1.543440e+000 5.060000e+000 -4.754127e-001
    endloop
  endfacet
  facet normal 9.660163e-001 -5.204007e-006 2.584812e-001
    outer loop
      vertex   -1.574509e+000 1.600000e+000 -3.593713e-001
      vertex   -1.543440e+000 5.060000e+000 -4.754127e-001
      vertex   -1.574616e+000 5.060000e+000 -3.588993e-001
    endloop
  endfacet
  facet normal 9.826129e-001 -3.473996e-006 1.856661e-001
    outer loop
      vertex   -1.596962e+000 1.600000e+000 -2.407033e-001
      vertex   -1.574616e+000 5.060000e+000 -3.588993e-001
      vertex   -1.597010e+000 5.060000e+000 -2.403841e-001
    endloop
  endfacet
  facet normal 9.937290e-001 -1.739327e-006 1.118155e-001
    outer loop
      vertex   -1.610484e+000 1.600000e+000 -1.206891e-001
      vertex   -1.597010e+000 5.060000e+000 -2.403841e-001
      vertex   -1.610496e+000 5.060000e+000 -1.205282e-001
    endloop
  endfacet
  facet normal 9.993026e-001 1.990084e-016 3.734127e-002
    outer loop
      vertex   -1.615000e+000 1.600000e+000 1.977805e-016
      vertex   -1.610496e+000 5.060000e+000 -1.205282e-001
      vertex   -1.615000e+000 5.060000e+000 -3.955609e-016
    endloop
  endfacet
  facet normal 9.993026e-001 1.859864e-016 -3.734127e-002
    outer loop
      vertex   -1.610496e+000 5.060000e+000 1.205282e-001
      vertex   -1.615000e+000 1.600000e+000 1.977805e-016
      vertex   -1.615000e+000 5.060000e+000 -3.955609e-016
    endloop
  endfacet
  facet normal 9.993007e-001 1.741655e-006 -3.739119e-002
    outer loop
      vertex   -1.610496e+000 5.060000e+000 1.205282e-001
      vertex   -1.610484e+000 1.600000e+000 1.206891e-001
      vertex   -1.615000e+000 1.600000e+000 1.977805e-016
    endloop
  endfacet
  facet normal 9.937290e-001 -1.739327e-006 -1.118155e-001
    outer loop
      vertex   -1.610496e+000 5.060000e+000 1.205282e-001
      vertex   -1.597010e+000 5.060000e+000 2.403841e-001
      vertex   -1.610484e+000 1.600000e+000 1.206891e-001
    endloop
  endfacet
  facet normal 9.937122e-001 3.478653e-006 -1.119645e-001
    outer loop
      vertex   -1.610484e+000 1.600000e+000 1.206891e-001
      vertex   -1.597010e+000 5.060000e+000 2.403841e-001
      vertex   -1.596962e+000 1.600000e+000 2.407033e-001
    endloop
  endfacet
  facet normal 9.826129e-001 -3.473996e-006 -1.856661e-001
    outer loop
      vertex   -1.596962e+000 1.600000e+000 2.407033e-001
      vertex   -1.597010e+000 5.060000e+000 2.403841e-001
      vertex   -1.574616e+000 5.060000e+000 3.588993e-001
    endloop
  endfacet
  facet normal 9.660163e-001 -5.204007e-006 -2.584812e-001
    outer loop
      vertex   -1.574509e+000 1.600000e+000 3.593713e-001
      vertex   -1.574616e+000 5.060000e+000 3.588993e-001
      vertex   -1.543440e+000 5.060000e+000 4.754127e-001
    endloop
  endfacet
  facet normal 9.440317e-001 -6.929362e-006 -3.298546e-001
    outer loop
      vertex   -1.543250e+000 1.600000e+000 4.760296e-001
      vertex   -1.543440e+000 5.060000e+000 4.754127e-001
      vertex   -1.503656e+000 5.060000e+000 5.892746e-001
    endloop
  endfacet
  facet normal 9.167819e-001 -8.650058e-006 -3.993882e-001
    outer loop
      vertex   -1.503361e+000 1.600000e+000 5.900258e-001
      vertex   -1.503656e+000 5.060000e+000 5.892746e-001
      vertex   -1.455485e+000 5.060000e+000 6.998497e-001
    endloop
  endfacet
  facet normal 8.844187e-001 -1.036610e-005 -4.666943e-001
    outer loop
      vertex   -1.455065e+000 1.600000e+000 7.007222e-001
      vertex   -1.455485e+000 5.060000e+000 6.998497e-001
      vertex   -1.399196e+000 5.060000e+000 8.065215e-001
    endloop
  endfacet
  facet normal 8.471227e-001 -1.207748e-005 -5.313974e-001
    outer loop
      vertex   -1.398631e+000 1.600000e+000 8.075000e-001
      vertex   -1.399196e+000 5.060000e+000 8.065215e-001
      vertex   -1.335102e+000 5.060000e+000 9.086949e-001
    endloop
  endfacet
  facet normal 8.051019e-001 -1.378420e-005 -5.931366e-001
    outer loop
      vertex   -1.334376e+000 1.600000e+000 9.097619e-001
      vertex   -1.335102e+000 5.060000e+000 9.086949e-001
      vertex   -1.263563e+000 5.060000e+000 1.005800e+000
    endloop
  endfacet
  facet normal 7.585906e-001 -1.548627e-005 -6.515676e-001
    outer loop
      vertex   -1.262658e+000 1.600000e+000 1.006936e+000
      vertex   -1.263563e+000 5.060000e+000 1.005800e+000
      vertex   -1.184976e+000 5.060000e+000 1.097295e+000
    endloop
  endfacet
  facet normal 7.078483e-001 -1.718368e-005 -7.063645e-001
    outer loop
      vertex   -1.183879e+000 1.600000e+000 1.098479e+000
      vertex   -1.184976e+000 5.060000e+000 1.097295e+000
      vertex   -1.099780e+000 5.060000e+000 1.182671e+000
    endloop
  endfacet
  facet normal 6.531580e-001 -1.887643e-005 -7.572217e-001
    outer loop
      vertex   -1.098479e+000 1.600000e+000 1.183879e+000
      vertex   -1.099780e+000 5.060000e+000 1.182671e+000
      vertex   -1.008449e+000 5.060000e+000 1.261450e+000
    endloop
  endfacet
  facet normal 5.948247e-001 -2.056452e-005 -8.038554e-001
    outer loop
      vertex   -1.006936e+000 1.600000e+000 1.262658e+000
      vertex   -1.008449e+000 5.060000e+000 1.261450e+000
      vertex   -9.114945e-001 5.060000e+000 1.333193e+000
    endloop
  endfacet
  facet normal 5.331738e-001 -2.224796e-005 -8.460057e-001
    outer loop
      vertex   -9.097619e-001 1.600000e+000 1.334376e+000
      vertex   -9.114945e-001 5.060000e+000 1.333193e+000
      vertex   -8.094558e-001 5.060000e+000 1.397500e+000
    endloop
  endfacet
  facet normal 5.326242e-001 1.857781e-016 -8.463518e-001
    outer loop
      vertex   -8.094558e-001 3.760000e+000 1.397500e+000
      vertex   -9.097619e-001 1.600000e+000 1.334376e+000
      vertex   -8.094558e-001 5.060000e+000 1.397500e+000
    endloop
  endfacet
  facet normal 5.320321e-001 3.837931e-005 -8.467242e-001
    outer loop
      vertex   -8.094558e-001 3.760000e+000 1.397500e+000
      vertex   -8.075000e-001 1.600000e+000 1.398631e+000
      vertex   -9.097619e-001 1.600000e+000 1.334376e+000
    endloop
  endfacet
  facet normal 4.806388e-001 -2.396678e-005 -8.769187e-001
    outer loop
      vertex   -8.094558e-001 3.760000e+000 1.397500e+000
      vertex   -7.426077e-001 3.723360e+000 1.434140e+000
      vertex   -8.075000e-001 1.600000e+000 1.398631e+000
    endloop
  endfacet
  facet normal 4.672686e-001 5.049936e-004 -8.841153e-001
    outer loop
      vertex   -8.075000e-001 1.600000e+000 1.398631e+000
      vertex   -7.426077e-001 3.723360e+000 1.434140e+000
      vertex   -7.007222e-001 1.600000e+000 1.455065e+000
    endloop
  endfacet
  facet normal 4.386530e-001 -2.027721e-004 -8.986565e-001
    outer loop
      vertex   -7.007222e-001 1.600000e+000 1.455065e+000
      vertex   -7.426077e-001 3.723360e+000 1.434140e+000
      vertex   -6.741050e-001 3.689914e+000 1.467586e+000
    endloop
  endfacet
  facet normal 3.959153e-001 2.086529e-004 -9.182870e-001
    outer loop
      vertex   -5.900258e-001 1.600000e+000 1.503361e+000
      vertex   -6.741050e-001 3.689914e+000 1.467586e+000
      vertex   -6.041004e-001 3.659739e+000 1.497761e+000
    endloop
  endfacet
  facet normal 3.520181e-001 -1.394469e-004 -9.359932e-001
    outer loop
      vertex   -5.327498e-001 3.632901e+000 1.524599e+000
      vertex   -5.900258e-001 1.600000e+000 1.503361e+000
      vertex   -6.041004e-001 3.659739e+000 1.497761e+000
    endloop
  endfacet
  facet normal 3.302790e-001 5.554695e-004 -9.438832e-001
    outer loop
      vertex   -5.327498e-001 3.632901e+000 1.524599e+000
      vertex   -4.760296e-001 1.600000e+000 1.543250e+000
      vertex   -5.900258e-001 1.600000e+000 1.503361e+000
    endloop
  endfacet
  facet normal 3.074599e-001 -1.516506e-004 -9.515610e-001
    outer loop
      vertex   -5.327498e-001 3.632901e+000 1.524599e+000
      vertex   -4.602123e-001 3.609459e+000 1.548041e+000
      vertex   -4.760296e-001 1.600000e+000 1.543250e+000
    endloop
  endfacet
  facet normal 2.623189e-001 2.356671e-004 -9.649812e-001
    outer loop
      vertex   -4.760296e-001 1.600000e+000 1.543250e+000
      vertex   -4.602123e-001 3.609459e+000 1.548041e+000
      vertex   -3.866493e-001 3.589467e+000 1.568033e+000
    endloop
  endfacet
  facet normal 2.163855e-001 -2.109369e-004 -9.763080e-001
    outer loop
      vertex   -3.593713e-001 1.600000e+000 1.574509e+000
      vertex   -3.866493e-001 3.589467e+000 1.568033e+000
      vertex   -3.122250e-001 3.572968e+000 1.584532e+000
    endloop
  endfacet
  facet normal 1.701116e-001 -4.170700e-005 -9.854248e-001
    outer loop
      vertex   -2.407033e-001 1.600000e+000 1.596962e+000
      vertex   -3.122250e-001 3.572968e+000 1.584532e+000
      vertex   -2.371049e-001 3.560000e+000 1.597500e+000
    endloop
  endfacet
  facet normal 1.102853e-001 -3.365992e-005 -9.939000e-001
    outer loop
      vertex   -1.206891e-001 1.600000e+000 1.610484e+000
      vertex   -2.371049e-001 3.560000e+000 1.597500e+000
      vertex   -1.188749e-001 3.560000e+000 1.610619e+000
    endloop
  endfacet
  facet normal 3.682837e-002 6.510243e-018 -9.993216e-001
    outer loop
      vertex   -2.075055e-016 1.600000e+000 1.615000e+000
      vertex   -1.188749e-001 3.560000e+000 1.610619e+000
      vertex   -5.482706e-016 3.560000e+000 1.615000e+000
    endloop
  endfacet
  facet normal -3.682837e-002 -6.402971e-018 -9.993216e-001
    outer loop
      vertex   1.188749e-001 3.560000e+000 1.610619e+000
      vertex   -2.075055e-016 1.600000e+000 1.615000e+000
      vertex   -5.482706e-016 3.560000e+000 1.615000e+000
    endloop
  endfacet
  facet normal -3.739119e-002 3.418231e-005 -9.993007e-001
    outer loop
      vertex   1.188749e-001 3.560000e+000 1.610619e+000
      vertex   1.206891e-001 1.600000e+000 1.610484e+000
      vertex   -2.075055e-016 1.600000e+000 1.615000e+000
    endloop
  endfacet
  facet normal -1.102853e-001 -3.365992e-005 -9.939000e-001
    outer loop
      vertex   1.188749e-001 3.560000e+000 1.610619e+000
      vertex   2.371049e-001 3.560000e+000 1.597500e+000
      vertex   1.206891e-001 1.600000e+000 1.610484e+000
    endloop
  endfacet
  facet normal -1.119645e-001 6.731982e-005 -9.937122e-001
    outer loop
      vertex   1.206891e-001 1.600000e+000 1.610484e+000
      vertex   2.371049e-001 3.560000e+000 1.597500e+000
      vertex   2.407033e-001 1.600000e+000 1.596962e+000
    endloop
  endfacet
  facet normal -1.701116e-001 -4.170700e-005 -9.854248e-001
    outer loop
      vertex   2.407033e-001 1.600000e+000 1.596962e+000
      vertex   2.371049e-001 3.560000e+000 1.597500e+000
      vertex   3.122250e-001 3.572968e+000 1.584532e+000
    endloop
  endfacet
  facet normal -2.163855e-001 -2.109369e-004 -9.763080e-001
    outer loop
      vertex   3.593713e-001 1.600000e+000 1.574509e+000
      vertex   3.122250e-001 3.572968e+000 1.584532e+000
      vertex   3.866493e-001 3.589467e+000 1.568033e+000
    endloop
  endfacet
  facet normal -2.623189e-001 2.356671e-004 -9.649812e-001
    outer loop
      vertex   4.760296e-001 1.600000e+000 1.543250e+000
      vertex   3.866493e-001 3.589467e+000 1.568033e+000
      vertex   4.602123e-001 3.609459e+000 1.548041e+000
    endloop
  endfacet
  facet normal -3.074599e-001 -1.516506e-004 -9.515610e-001
    outer loop
      vertex   5.327498e-001 3.632901e+000 1.524599e+000
      vertex   4.760296e-001 1.600000e+000 1.543250e+000
      vertex   4.602123e-001 3.609459e+000 1.548041e+000
    endloop
  endfacet
  facet normal -3.302790e-001 5.554695e-004 -9.438832e-001
    outer loop
      vertex   5.327498e-001 3.632901e+000 1.524599e+000
      vertex   5.900258e-001 1.600000e+000 1.503361e+000
      vertex   4.760296e-001 1.600000e+000 1.543250e+000
    endloop
  endfacet
  facet normal -3.520181e-001 -1.394469e-004 -9.359932e-001
    outer loop
      vertex   5.327498e-001 3.632901e+000 1.524599e+000
      vertex   6.041004e-001 3.659739e+000 1.497761e+000
      vertex   5.900258e-001 1.600000e+000 1.503361e+000
    endloop
  endfacet
  facet normal -3.959153e-001 2.086529e-004 -9.182870e-001
    outer loop
      vertex   5.900258e-001 1.600000e+000 1.503361e+000
      vertex   6.041004e-001 3.659739e+000 1.497761e+000
      vertex   6.741050e-001 3.689914e+000 1.467586e+000
    endloop
  endfacet
  facet normal -4.386530e-001 -2.027721e-004 -8.986565e-001
    outer loop
      vertex   7.007222e-001 1.600000e+000 1.455065e+000
      vertex   6.741050e-001 3.689914e+000 1.467586e+000
      vertex   7.426077e-001 3.723360e+000 1.434140e+000
    endloop
  endfacet
  facet normal -4.806388e-001 -2.396678e-005 -8.769187e-001
    outer loop
      vertex   8.075000e-001 1.600000e+000 1.398631e+000
      vertex   7.426077e-001 3.723360e+000 1.434140e+000
      vertex   8.094558e-001 3.760000e+000 1.397500e+000
    endloop
  endfacet
  facet normal -5.326242e-001 9.907284e-017 -8.463518e-001
    outer loop
      vertex   9.097619e-001 1.600000e+000 1.334376e+000
      vertex   8.094558e-001 3.760000e+000 1.397500e+000
      vertex   8.094558e-001 5.060000e+000 1.397500e+000
    endloop
  endfacet
  facet normal -5.331738e-001 -2.224796e-005 -8.460057e-001
    outer loop
      vertex   9.114945e-001 5.060000e+000 1.333193e+000
      vertex   9.097619e-001 1.600000e+000 1.334376e+000
      vertex   8.094558e-001 5.060000e+000 1.397500e+000
    endloop
  endfacet
  facet normal -5.938202e-001 2.227823e-005 -8.045978e-001
    outer loop
      vertex   9.114945e-001 5.060000e+000 1.333193e+000
      vertex   1.006936e+000 1.600000e+000 1.262658e+000
      vertex   9.097619e-001 1.600000e+000 1.334376e+000
    endloop
  endfacet
  facet normal -5.948247e-001 -2.056452e-005 -8.038554e-001
    outer loop
      vertex   9.114945e-001 5.060000e+000 1.333193e+000
      vertex   1.008449e+000 5.060000e+000 1.261450e+000
      vertex   1.006936e+000 1.600000e+000 1.262658e+000
    endloop
  endfacet
  facet normal -6.522874e-001 2.059247e-005 -7.579717e-001
    outer loop
      vertex   1.006936e+000 1.600000e+000 1.262658e+000
      vertex   1.008449e+000 5.060000e+000 1.261450e+000
      vertex   1.098479e+000 1.600000e+000 1.183879e+000
    endloop
  endfacet
  facet normal -6.531580e-001 -1.887643e-005 -7.572217e-001
    outer loop
      vertex   1.098479e+000 1.600000e+000 1.183879e+000
      vertex   1.008449e+000 5.060000e+000 1.261450e+000
      vertex   1.099780e+000 5.060000e+000 1.182671e+000
    endloop
  endfacet
  facet normal -7.078483e-001 -1.718368e-005 -7.063645e-001
    outer loop
      vertex   1.183879e+000 1.600000e+000 1.098479e+000
      vertex   1.099780e+000 5.060000e+000 1.182671e+000
      vertex   1.184976e+000 5.060000e+000 1.097295e+000
    endloop
  endfacet
  facet normal -7.585906e-001 -1.548627e-005 -6.515676e-001
    outer loop
      vertex   1.262658e+000 1.600000e+000 1.006936e+000
      vertex   1.184976e+000 5.060000e+000 1.097295e+000
      vertex   1.263563e+000 5.060000e+000 1.005800e+000
    endloop
  endfacet
  facet normal -8.051019e-001 -1.378420e-005 -5.931366e-001
    outer loop
      vertex   1.334376e+000 1.600000e+000 9.097619e-001
      vertex   1.263563e+000 5.060000e+000 1.005800e+000
      vertex   1.335102e+000 5.060000e+000 9.086949e-001
    endloop
  endfacet
  facet normal -8.471227e-001 -1.207748e-005 -5.313974e-001
    outer loop
      vertex   1.398631e+000 1.600000e+000 8.075000e-001
      vertex   1.335102e+000 5.060000e+000 9.086949e-001
      vertex   1.399196e+000 5.060000e+000 8.065215e-001
    endloop
  endfacet
  facet normal -8.844187e-001 -1.036610e-005 -4.666943e-001
    outer loop
      vertex   1.455065e+000 1.600000e+000 7.007222e-001
      vertex   1.399196e+000 5.060000e+000 8.065215e-001
      vertex   1.455485e+000 5.060000e+000 6.998497e-001
    endloop
  endfacet
  facet normal -9.167819e-001 -8.650058e-006 -3.993882e-001
    outer loop
      vertex   1.503361e+000 1.600000e+000 5.900258e-001
      vertex   1.455485e+000 5.060000e+000 6.998497e-001
      vertex   1.503656e+000 5.060000e+000 5.892746e-001
    endloop
  endfacet
  facet normal -9.440317e-001 -6.929362e-006 -3.298546e-001
    outer loop
      vertex   1.543250e+000 1.600000e+000 4.760296e-001
      vertex   1.503656e+000 5.060000e+000 5.892746e-001
      vertex   1.543440e+000 5.060000e+000 4.754127e-001
    endloop
  endfacet
  facet normal -9.660163e-001 -5.204007e-006 -2.584812e-001
    outer loop
      vertex   1.574509e+000 1.600000e+000 3.593713e-001
      vertex   1.543440e+000 5.060000e+000 4.754127e-001
      vertex   1.574616e+000 5.060000e+000 3.588993e-001
    endloop
  endfacet
  facet normal -9.826129e-001 -3.473996e-006 -1.856661e-001
    outer loop
      vertex   1.596962e+000 1.600000e+000 2.407033e-001
      vertex   1.574616e+000 5.060000e+000 3.588993e-001
      vertex   1.597010e+000 5.060000e+000 2.403841e-001
    endloop
  endfacet
  facet normal -9.937290e-001 -1.739327e-006 -1.118155e-001
    outer loop
      vertex   1.610484e+000 1.600000e+000 1.206891e-001
      vertex   1.597010e+000 5.060000e+000 2.403841e-001
      vertex   1.610496e+000 5.060000e+000 1.205282e-001
    endloop
  endfacet
  facet normal -9.993026e-001 2.078417e-018 -3.734127e-002
    outer loop
      vertex   1.615000e+000 1.600000e+000 0.000000e+000
      vertex   1.610496e+000 5.060000e+000 1.205282e-001
      vertex   1.615000e+000 5.060000e+000 1.977805e-016
    endloop
  endfacet
  facet normal -9.993026e-001 -2.134501e-018 3.734127e-002
    outer loop
      vertex   1.610496e+000 5.060000e+000 -1.205282e-001
      vertex   1.615000e+000 1.600000e+000 0.000000e+000
      vertex   1.615000e+000 5.060000e+000 1.977805e-016
    endloop
  endfacet
  facet normal -9.993007e-001 1.741655e-006 3.739119e-002
    outer loop
      vertex   1.610496e+000 5.060000e+000 -1.205282e-001
      vertex   1.610484e+000 1.600000e+000 -1.206891e-001
      vertex   1.615000e+000 1.600000e+000 0.000000e+000
    endloop
  endfacet
  facet normal -9.937290e-001 -1.739327e-006 1.118155e-001
    outer loop
      vertex   1.610496e+000 5.060000e+000 -1.205282e-001
      vertex   1.597010e+000 5.060000e+000 -2.403841e-001
      vertex   1.610484e+000 1.600000e+000 -1.206891e-001
    endloop
  endfacet
  facet normal -9.937122e-001 3.478653e-006 1.119645e-001
    outer loop
      vertex   1.610484e+000 1.600000e+000 -1.206891e-001
      vertex   1.597010e+000 5.060000e+000 -2.403841e-001
      vertex   1.596962e+000 1.600000e+000 -2.407033e-001
    endloop
  endfacet
  facet normal -9.826129e-001 -3.473996e-006 1.856661e-001
    outer loop
      vertex   1.596962e+000 1.600000e+000 -2.407033e-001
      vertex   1.597010e+000 5.060000e+000 -2.403841e-001
      vertex   1.574616e+000 5.060000e+000 -3.588993e-001
    endloop
  endfacet
  facet normal -9.660163e-001 -5.204007e-006 2.584812e-001
    outer loop
      vertex   1.574509e+000 1.600000e+000 -3.593713e-001
      vertex   1.574616e+000 5.060000e+000 -3.588993e-001
      vertex   1.543440e+000 5.060000e+000 -4.754127e-001
    endloop
  endfacet
  facet normal -9.440317e-001 -6.929362e-006 3.298546e-001
    outer loop
      vertex   1.543250e+000 1.600000e+000 -4.760296e-001
      vertex   1.543440e+000 5.060000e+000 -4.754127e-001
      vertex   1.503656e+000 5.060000e+000 -5.892746e-001
    endloop
  endfacet
  facet normal -9.167819e-001 -8.650058e-006 3.993882e-001
    outer loop
      vertex   1.503361e+000 1.600000e+000 -5.900258e-001
      vertex   1.503656e+000 5.060000e+000 -5.892746e-001
      vertex   1.455485e+000 5.060000e+000 -6.998497e-001
    endloop
  endfacet
  facet normal -8.844187e-001 -1.036610e-005 4.666943e-001
    outer loop
      vertex   1.455065e+000 1.600000e+000 -7.007222e-001
      vertex   1.455485e+000 5.060000e+000 -6.998497e-001
      vertex   1.399196e+000 5.060000e+000 -8.065215e-001
    endloop
  endfacet
  facet normal -8.471227e-001 -1.207748e-005 5.313974e-001
    outer loop
      vertex   1.398631e+000 1.600000e+000 -8.075000e-001
      vertex   1.399196e+000 5.060000e+000 -8.065215e-001
      vertex   1.335102e+000 5.060000e+000 -9.086949e-001
    endloop
  endfacet
  facet normal -8.051019e-001 -1.378420e-005 5.931366e-001
    outer loop
      vertex   1.334376e+000 1.600000e+000 -9.097619e-001
      vertex   1.335102e+000 5.060000e+000 -9.086949e-001
      vertex   1.263563e+000 5.060000e+000 -1.005800e+000
    endloop
  endfacet
  facet normal -7.585906e-001 -1.548627e-005 6.515676e-001
    outer loop
      vertex   1.262658e+000 1.600000e+000 -1.006936e+000
      vertex   1.263563e+000 5.060000e+000 -1.005800e+000
      vertex   1.184976e+000 5.060000e+000 -1.097295e+000
    endloop
  endfacet
  facet normal -7.078483e-001 -1.718368e-005 7.063645e-001
    outer loop
      vertex   1.183879e+000 1.600000e+000 -1.098479e+000
      vertex   1.184976e+000 5.060000e+000 -1.097295e+000
      vertex   1.099780e+000 5.060000e+000 -1.182671e+000
    endloop
  endfacet
  facet normal -6.531580e-001 -1.887643e-005 7.572217e-001
    outer loop
      vertex   1.098479e+000 1.600000e+000 -1.183879e+000
      vertex   1.099780e+000 5.060000e+000 -1.182671e+000
      vertex   1.008449e+000 5.060000e+000 -1.261450e+000
    endloop
  endfacet
  facet normal -5.948247e-001 -2.056452e-005 8.038554e-001
    outer loop
      vertex   1.006936e+000 1.600000e+000 -1.262658e+000
      vertex   1.008449e+000 5.060000e+000 -1.261450e+000
      vertex   9.114945e-001 5.060000e+000 -1.333193e+000
    endloop
  endfacet
  facet normal -5.331738e-001 -2.224796e-005 8.460057e-001
    outer loop
      vertex   9.097619e-001 1.600000e+000 -1.334376e+000
      vertex   9.114945e-001 5.060000e+000 -1.333193e+000
      vertex   8.094558e-001 5.060000e+000 -1.397500e+000
    endloop
  endfacet
  facet normal -5.326242e-001 -1.294817e-016 8.463518e-001
    outer loop
      vertex   8.094558e-001 3.760000e+000 -1.397500e+000
      vertex   9.097619e-001 1.600000e+000 -1.334376e+000
      vertex   8.094558e-001 5.060000e+000 -1.397500e+000
    endloop
  endfacet
  facet normal -5.320321e-001 3.837931e-005 8.467242e-001
    outer loop
      vertex   8.094558e-001 3.760000e+000 -1.397500e+000
      vertex   8.075000e-001 1.600000e+000 -1.398631e+000
      vertex   9.097619e-001 1.600000e+000 -1.334376e+000
    endloop
  endfacet
  facet normal -4.806388e-001 -2.396678e-005 8.769187e-001
    outer loop
      vertex   8.094558e-001 3.760000e+000 -1.397500e+000
      vertex   7.426077e-001 3.723360e+000 -1.434140e+000
      vertex   8.075000e-001 1.600000e+000 -1.398631e+000
    endloop
  endfacet
  facet normal -4.672686e-001 5.049936e-004 8.841153e-001
    outer loop
      vertex   8.075000e-001 1.600000e+000 -1.398631e+000
      vertex   7.426077e-001 3.723360e+000 -1.434140e+000
      vertex   7.007222e-001 1.600000e+000 -1.455065e+000
    endloop
  endfacet
  facet normal -4.386530e-001 -2.027721e-004 8.986565e-001
    outer loop
      vertex   7.007222e-001 1.600000e+000 -1.455065e+000
      vertex   7.426077e-001 3.723360e+000 -1.434140e+000
      vertex   6.741050e-001 3.689914e+000 -1.467586e+000
    endloop
  endfacet
  facet normal -3.959153e-001 2.086529e-004 9.182870e-001
    outer loop
      vertex   5.900258e-001 1.600000e+000 -1.503361e+000
      vertex   6.741050e-001 3.689914e+000 -1.467586e+000
      vertex   6.041004e-001 3.659739e+000 -1.497761e+000
    endloop
  endfacet
  facet normal -3.520181e-001 -1.394469e-004 9.359932e-001
    outer loop
      vertex   5.327498e-001 3.632901e+000 -1.524599e+000
      vertex   5.900258e-001 1.600000e+000 -1.503361e+000
      vertex   6.041004e-001 3.659739e+000 -1.497761e+000
    endloop
  endfacet
  facet normal -3.302790e-001 5.554695e-004 9.438832e-001
    outer loop
      vertex   5.327498e-001 3.632901e+000 -1.524599e+000
      vertex   4.760296e-001 1.600000e+000 -1.543250e+000
      vertex   5.900258e-001 1.600000e+000 -1.503361e+000
    endloop
  endfacet
  facet normal -3.074599e-001 -1.516506e-004 9.515610e-001
    outer loop
      vertex   5.327498e-001 3.632901e+000 -1.524599e+000
      vertex   4.602123e-001 3.609459e+000 -1.548041e+000
      vertex   4.760296e-001 1.600000e+000 -1.543250e+000
    endloop
  endfacet
  facet normal -2.623189e-001 2.356671e-004 9.649812e-001
    outer loop
      vertex   4.760296e-001 1.600000e+000 -1.543250e+000
      vertex   4.602123e-001 3.609459e+000 -1.548041e+000
      vertex   3.866493e-001 3.589467e+000 -1.568033e+000
    endloop
  endfacet
  facet normal -2.163855e-001 -2.109369e-004 9.763080e-001
    outer loop
      vertex   3.593713e-001 1.600000e+000 -1.574509e+000
      vertex   3.866493e-001 3.589467e+000 -1.568033e+000
      vertex   3.122250e-001 3.572968e+000 -1.584532e+000
    endloop
  endfacet
  facet normal -1.701116e-001 -4.170700e-005 9.854248e-001
    outer loop
      vertex   2.407033e-001 1.600000e+000 -1.596962e+000
      vertex   3.122250e-001 3.572968e+000 -1.584532e+000
      vertex   2.371049e-001 3.560000e+000 -1.597500e+000
    endloop
  endfacet
  facet normal -1.102853e-001 -3.365992e-005 9.939000e-001
    outer loop
      vertex   1.206891e-001 1.600000e+000 -1.610484e+000
      vertex   2.371049e-001 3.560000e+000 -1.597500e+000
      vertex   1.188749e-001 3.560000e+000 -1.610619e+000
    endloop
  endfacet
  facet normal -3.682837e-002 0.000000e+000 9.993216e-001
    outer loop
      vertex   -2.075055e-016 1.600000e+000 -1.615000e+000
      vertex   1.188749e-001 3.560000e+000 -1.610619e+000
      vertex   -1.896686e-016 3.560000e+000 -1.615000e+000
    endloop
  endfacet
  facet normal 3.682837e-002 -3.351553e-019 9.993216e-001
    outer loop
      vertex   -1.188749e-001 3.560000e+000 -1.610619e+000
      vertex   -2.075055e-016 1.600000e+000 -1.615000e+000
      vertex   -1.896686e-016 3.560000e+000 -1.615000e+000
    endloop
  endfacet
  facet normal 3.739119e-002 3.418231e-005 9.993007e-001
    outer loop
      vertex   -1.188749e-001 3.560000e+000 -1.610619e+000
      vertex   -1.206891e-001 1.600000e+000 -1.610484e+000
      vertex   -2.075055e-016 1.600000e+000 -1.615000e+000
    endloop
  endfacet
  facet normal 1.102853e-001 -3.365992e-005 9.939000e-001
    outer loop
      vertex   -1.188749e-001 3.560000e+000 -1.610619e+000
      vertex   -2.371049e-001 3.560000e+000 -1.597500e+000
      vertex   -1.206891e-001 1.600000e+000 -1.610484e+000
    endloop
  endfacet
  facet normal 1.119645e-001 6.731982e-005 9.937122e-001
    outer loop
      vertex   -1.206891e-001 1.600000e+000 -1.610484e+000
      vertex   -2.371049e-001 3.560000e+000 -1.597500e+000
      vertex   -2.407033e-001 1.600000e+000 -1.596962e+000
    endloop
  endfacet
  facet normal 1.701116e-001 -4.170700e-005 9.854248e-001
    outer loop
      vertex   -2.407033e-001 1.600000e+000 -1.596962e+000
      vertex   -2.371049e-001 3.560000e+000 -1.597500e+000
      vertex   -3.122250e-001 3.572968e+000 -1.584532e+000
    endloop
  endfacet
  facet normal 2.163855e-001 -2.109369e-004 9.763080e-001
    outer loop
      vertex   -3.593713e-001 1.600000e+000 -1.574509e+000
      vertex   -3.122250e-001 3.572968e+000 -1.584532e+000
      vertex   -3.866493e-001 3.589467e+000 -1.568033e+000
    endloop
  endfacet
  facet normal 2.623189e-001 2.356671e-004 9.649812e-001
    outer loop
      vertex   -4.760296e-001 1.600000e+000 -1.543250e+000
      vertex   -3.866493e-001 3.589467e+000 -1.568033e+000
      vertex   -4.602123e-001 3.609459e+000 -1.548041e+000
    endloop
  endfacet
  facet normal 3.074599e-001 -1.516506e-004 9.515610e-001
    outer loop
      vertex   -5.327498e-001 3.632901e+000 -1.524599e+000
      vertex   -4.760296e-001 1.600000e+000 -1.543250e+000
      vertex   -4.602123e-001 3.609459e+000 -1.548041e+000
    endloop
  endfacet
  facet normal 3.302790e-001 5.554695e-004 9.438832e-001
    outer loop
      vertex   -5.327498e-001 3.632901e+000 -1.524599e+000
      vertex   -5.900258e-001 1.600000e+000 -1.503361e+000
      vertex   -4.760296e-001 1.600000e+000 -1.543250e+000
    endloop
  endfacet
  facet normal 3.520181e-001 -1.394469e-004 9.359932e-001
    outer loop
      vertex   -5.327498e-001 3.632901e+000 -1.524599e+000
      vertex   -6.041004e-001 3.659739e+000 -1.497761e+000
      vertex   -5.900258e-001 1.600000e+000 -1.503361e+000
    endloop
  endfacet
  facet normal 3.959153e-001 2.086529e-004 9.182870e-001
    outer loop
      vertex   -5.900258e-001 1.600000e+000 -1.503361e+000
      vertex   -6.041004e-001 3.659739e+000 -1.497761e+000
      vertex   -6.741050e-001 3.689914e+000 -1.467586e+000
    endloop
  endfacet
  facet normal 4.386530e-001 -2.027721e-004 8.986565e-001
    outer loop
      vertex   -7.007222e-001 1.600000e+000 -1.455065e+000
      vertex   -6.741050e-001 3.689914e+000 -1.467586e+000
      vertex   -7.426077e-001 3.723360e+000 -1.434140e+000
    endloop
  endfacet
  facet normal 4.806388e-001 -2.396678e-005 8.769187e-001
    outer loop
      vertex   -8.075000e-001 1.600000e+000 -1.398631e+000
      vertex   -7.426077e-001 3.723360e+000 -1.434140e+000
      vertex   -8.094558e-001 3.760000e+000 -1.397500e+000
    endloop
  endfacet
  facet normal 5.320321e-001 3.837931e-005 8.467242e-001
    outer loop
      vertex   -9.097619e-001 1.600000e+000 -1.334376e+000
      vertex   -8.075000e-001 1.600000e+000 -1.398631e+000
      vertex   -8.094558e-001 3.760000e+000 -1.397500e+000
    endloop
  endfacet
  facet normal 6.522874e-001 2.059247e-005 7.579717e-001
    outer loop
      vertex   -1.006936e+000 1.600000e+000 -1.262658e+000
      vertex   -1.008449e+000 5.060000e+000 -1.261450e+000
      vertex   -1.098479e+000 1.600000e+000 -1.183879e+000
    endloop
  endfacet
  facet normal 7.071068e-001 1.890205e-005 7.071068e-001
    outer loop
      vertex   -1.098479e+000 1.600000e+000 -1.183879e+000
      vertex   -1.099780e+000 5.060000e+000 -1.182671e+000
      vertex   -1.183879e+000 1.600000e+000 -1.098479e+000
    endloop
  endfacet
  facet normal 7.579717e-001 1.720697e-005 6.522874e-001
    outer loop
      vertex   -1.183879e+000 1.600000e+000 -1.098479e+000
      vertex   -1.184976e+000 5.060000e+000 -1.097295e+000
      vertex   -1.262658e+000 1.600000e+000 -1.006936e+000
    endloop
  endfacet
  facet normal 8.045978e-001 1.550723e-005 5.938202e-001
    outer loop
      vertex   -1.262658e+000 1.600000e+000 -1.006936e+000
      vertex   -1.263563e+000 5.060000e+000 -1.005800e+000
      vertex   -1.334376e+000 1.600000e+000 -9.097619e-001
    endloop
  endfacet
  facet normal 8.467242e-001 1.380283e-005 5.320321e-001
    outer loop
      vertex   -1.334376e+000 1.600000e+000 -9.097619e-001
      vertex   -1.335102e+000 5.060000e+000 -9.086949e-001
      vertex   -1.398631e+000 1.600000e+000 -8.075000e-001
    endloop
  endfacet
  facet normal 8.841154e-001 1.209378e-005 4.672686e-001
    outer loop
      vertex   -1.398631e+000 1.600000e+000 -8.075000e-001
      vertex   -1.399196e+000 5.060000e+000 -8.065215e-001
      vertex   -1.455065e+000 1.600000e+000 -7.007222e-001
    endloop
  endfacet
  facet normal 9.165623e-001 1.038007e-005 3.998920e-001
    outer loop
      vertex   -1.455065e+000 1.600000e+000 -7.007222e-001
      vertex   -1.455485e+000 5.060000e+000 -6.998497e-001
      vertex   -1.503361e+000 1.600000e+000 -5.900258e-001
    endloop
  endfacet
  facet normal 9.438833e-001 8.661702e-006 3.302791e-001
    outer loop
      vertex   -1.503361e+000 1.600000e+000 -5.900258e-001
      vertex   -1.503656e+000 5.060000e+000 -5.892746e-001
      vertex   -1.543250e+000 1.600000e+000 -4.760296e-001
    endloop
  endfacet
  facet normal 9.659258e-001 6.938677e-006 2.588190e-001
    outer loop
      vertex   -1.543250e+000 1.600000e+000 -4.760296e-001
      vertex   -1.543440e+000 5.060000e+000 -4.754127e-001
      vertex   -1.574509e+000 1.600000e+000 -3.593713e-001
    endloop
  endfacet
  facet normal 9.825665e-001 5.210994e-006 1.859116e-001
    outer loop
      vertex   -1.574509e+000 1.600000e+000 -3.593713e-001
      vertex   -1.574616e+000 5.060000e+000 -3.588993e-001
      vertex   -1.596962e+000 1.600000e+000 -2.407033e-001
    endloop
  endfacet
  facet normal 9.937122e-001 3.478653e-006 1.119645e-001
    outer loop
      vertex   -1.596962e+000 1.600000e+000 -2.407033e-001
      vertex   -1.597010e+000 5.060000e+000 -2.403841e-001
      vertex   -1.610484e+000 1.600000e+000 -1.206891e-001
    endloop
  endfacet
  facet normal 9.993007e-001 1.741655e-006 3.739119e-002
    outer loop
      vertex   -1.610484e+000 1.600000e+000 -1.206891e-001
      vertex   -1.610496e+000 5.060000e+000 -1.205282e-001
      vertex   -1.615000e+000 1.600000e+000 1.977805e-016
    endloop
  endfacet
  facet normal 9.825665e-001 5.210994e-006 -1.859116e-001
    outer loop
      vertex   -1.596962e+000 1.600000e+000 2.407033e-001
      vertex   -1.574616e+000 5.060000e+000 3.588993e-001
      vertex   -1.574509e+000 1.600000e+000 3.593713e-001
    endloop
  endfacet
  facet normal 9.659258e-001 6.938677e-006 -2.588190e-001
    outer loop
      vertex   -1.574509e+000 1.600000e+000 3.593713e-001
      vertex   -1.543440e+000 5.060000e+000 4.754127e-001
      vertex   -1.543250e+000 1.600000e+000 4.760296e-001
    endloop
  endfacet
  facet normal 9.438833e-001 8.661702e-006 -3.302791e-001
    outer loop
      vertex   -1.543250e+000 1.600000e+000 4.760296e-001
      vertex   -1.503656e+000 5.060000e+000 5.892746e-001
      vertex   -1.503361e+000 1.600000e+000 5.900258e-001
    endloop
  endfacet
  facet normal 9.165623e-001 1.038007e-005 -3.998920e-001
    outer loop
      vertex   -1.503361e+000 1.600000e+000 5.900258e-001
      vertex   -1.455485e+000 5.060000e+000 6.998497e-001
      vertex   -1.455065e+000 1.600000e+000 7.007222e-001
    endloop
  endfacet
  facet normal 8.841154e-001 1.209378e-005 -4.672686e-001
    outer loop
      vertex   -1.455065e+000 1.600000e+000 7.007222e-001
      vertex   -1.399196e+000 5.060000e+000 8.065215e-001
      vertex   -1.398631e+000 1.600000e+000 8.075000e-001
    endloop
  endfacet
  facet normal 8.467242e-001 1.380283e-005 -5.320321e-001
    outer loop
      vertex   -1.398631e+000 1.600000e+000 8.075000e-001
      vertex   -1.335102e+000 5.060000e+000 9.086949e-001
      vertex   -1.334376e+000 1.600000e+000 9.097619e-001
    endloop
  endfacet
  facet normal 8.045978e-001 1.550723e-005 -5.938202e-001
    outer loop
      vertex   -1.334376e+000 1.600000e+000 9.097619e-001
      vertex   -1.263563e+000 5.060000e+000 1.005800e+000
      vertex   -1.262658e+000 1.600000e+000 1.006936e+000
    endloop
  endfacet
  facet normal 7.579717e-001 1.720697e-005 -6.522874e-001
    outer loop
      vertex   -1.262658e+000 1.600000e+000 1.006936e+000
      vertex   -1.184976e+000 5.060000e+000 1.097295e+000
      vertex   -1.183879e+000 1.600000e+000 1.098479e+000
    endloop
  endfacet
  facet normal 7.071068e-001 1.890205e-005 -7.071068e-001
    outer loop
      vertex   -1.183879e+000 1.600000e+000 1.098479e+000
      vertex   -1.099780e+000 5.060000e+000 1.182671e+000
      vertex   -1.098479e+000 1.600000e+000 1.183879e+000
    endloop
  endfacet
  facet normal 6.522874e-001 2.059247e-005 -7.579717e-001
    outer loop
      vertex   -1.098479e+000 1.600000e+000 1.183879e+000
      vertex   -1.008449e+000 5.060000e+000 1.261450e+000
      vertex   -1.006936e+000 1.600000e+000 1.262658e+000
    endloop
  endfacet
  facet normal 5.938202e-001 2.227823e-005 -8.045978e-001
    outer loop
      vertex   -1.006936e+000 1.600000e+000 1.262658e+000
      vertex   -9.114945e-001 5.060000e+000 1.333193e+000
      vertex   -9.097619e-001 1.600000e+000 1.334376e+000
    endloop
  endfacet
  facet normal 3.998920e-001 3.981642e-004 -9.165622e-001
    outer loop
      vertex   -7.007222e-001 1.600000e+000 1.455065e+000
      vertex   -6.741050e-001 3.689914e+000 1.467586e+000
      vertex   -5.900258e-001 1.600000e+000 1.503361e+000
    endloop
  endfacet
  facet normal 2.588190e-001 4.046732e-004 -9.659257e-001
    outer loop
      vertex   -4.760296e-001 1.600000e+000 1.543250e+000
      vertex   -3.866493e-001 3.589467e+000 1.568033e+000
      vertex   -3.593713e-001 1.600000e+000 1.574509e+000
    endloop
  endfacet
  facet normal 1.859116e-001 5.490653e-004 -9.825663e-001
    outer loop
      vertex   -3.593713e-001 1.600000e+000 1.574509e+000
      vertex   -3.122250e-001 3.572968e+000 1.584532e+000
      vertex   -2.407033e-001 1.600000e+000 1.596962e+000
    endloop
  endfacet
  facet normal 1.119645e-001 6.731982e-005 -9.937122e-001
    outer loop
      vertex   -2.407033e-001 1.600000e+000 1.596962e+000
      vertex   -2.371049e-001 3.560000e+000 1.597500e+000
      vertex   -1.206891e-001 1.600000e+000 1.610484e+000
    endloop
  endfacet
  facet normal 3.739119e-002 3.418231e-005 -9.993007e-001
    outer loop
      vertex   -1.206891e-001 1.600000e+000 1.610484e+000
      vertex   -1.188749e-001 3.560000e+000 1.610619e+000
      vertex   -2.075055e-016 1.600000e+000 1.615000e+000
    endloop
  endfacet
  facet normal -1.859116e-001 5.490653e-004 -9.825663e-001
    outer loop
      vertex   2.407033e-001 1.600000e+000 1.596962e+000
      vertex   3.122250e-001 3.572968e+000 1.584532e+000
      vertex   3.593713e-001 1.600000e+000 1.574509e+000
    endloop
  endfacet
  facet normal -2.588190e-001 4.046732e-004 -9.659257e-001
    outer loop
      vertex   3.593713e-001 1.600000e+000 1.574509e+000
      vertex   3.866493e-001 3.589467e+000 1.568033e+000
      vertex   4.760296e-001 1.600000e+000 1.543250e+000
    endloop
  endfacet
  facet normal -3.998920e-001 3.981642e-004 -9.165622e-001
    outer loop
      vertex   5.900258e-001 1.600000e+000 1.503361e+000
      vertex   6.741050e-001 3.689914e+000 1.467586e+000
      vertex   7.007222e-001 1.600000e+000 1.455065e+000
    endloop
  endfacet
  facet normal -4.672686e-001 5.049936e-004 -8.841153e-001
    outer loop
      vertex   7.007222e-001 1.600000e+000 1.455065e+000
      vertex   7.426077e-001 3.723360e+000 1.434140e+000
      vertex   8.075000e-001 1.600000e+000 1.398631e+000
    endloop
  endfacet
  facet normal -5.320321e-001 3.837931e-005 -8.467242e-001
    outer loop
      vertex   8.075000e-001 1.600000e+000 1.398631e+000
      vertex   8.094558e-001 3.760000e+000 1.397500e+000
      vertex   9.097619e-001 1.600000e+000 1.334376e+000
    endloop
  endfacet
  facet normal -7.071068e-001 1.890205e-005 -7.071068e-001
    outer loop
      vertex   1.098479e+000 1.600000e+000 1.183879e+000
      vertex   1.099780e+000 5.060000e+000 1.182671e+000
      vertex   1.183879e+000 1.600000e+000 1.098479e+000
    endloop
  endfacet
  facet normal -7.579717e-001 1.720697e-005 -6.522874e-001
    outer loop
      vertex   1.183879e+000 1.600000e+000 1.098479e+000
      vertex   1.184976e+000 5.060000e+000 1.097295e+000
      vertex   1.262658e+000 1.600000e+000 1.006936e+000
    endloop
  endfacet
  facet normal -8.045978e-001 1.550723e-005 -5.938202e-001
    outer loop
      vertex   1.262658e+000 1.600000e+000 1.006936e+000
      vertex   1.263563e+000 5.060000e+000 1.005800e+000
      vertex   1.334376e+000 1.600000e+000 9.097619e-001
    endloop
  endfacet
  facet normal -8.467242e-001 1.380283e-005 -5.320321e-001
    outer loop
      vertex   1.334376e+000 1.600000e+000 9.097619e-001
      vertex   1.335102e+000 5.060000e+000 9.086949e-001
      vertex   1.398631e+000 1.600000e+000 8.075000e-001
    endloop
  endfacet
  facet normal -8.841154e-001 1.209378e-005 -4.672686e-001
    outer loop
      vertex   1.398631e+000 1.600000e+000 8.075000e-001
      vertex   1.399196e+000 5.060000e+000 8.065215e-001
      vertex   1.455065e+000 1.600000e+000 7.007222e-001
    endloop
  endfacet
  facet normal -9.165623e-001 1.038007e-005 -3.998920e-001
    outer loop
      vertex   1.455065e+000 1.600000e+000 7.007222e-001
      vertex   1.455485e+000 5.060000e+000 6.998497e-001
      vertex   1.503361e+000 1.600000e+000 5.900258e-001
    endloop
  endfacet
  facet normal -9.438833e-001 8.661702e-006 -3.302791e-001
    outer loop
      vertex   1.503361e+000 1.600000e+000 5.900258e-001
      vertex   1.503656e+000 5.060000e+000 5.892746e-001
      vertex   1.543250e+000 1.600000e+000 4.760296e-001
    endloop
  endfacet
  facet normal -9.659258e-001 6.938677e-006 -2.588190e-001
    outer loop
      vertex   1.543250e+000 1.600000e+000 4.760296e-001
      vertex   1.543440e+000 5.060000e+000 4.754127e-001
      vertex   1.574509e+000 1.600000e+000 3.593713e-001
    endloop
  endfacet
  facet normal -9.825665e-001 5.210994e-006 -1.859116e-001
    outer loop
      vertex   1.574509e+000 1.600000e+000 3.593713e-001
      vertex   1.574616e+000 5.060000e+000 3.588993e-001
      vertex   1.596962e+000 1.600000e+000 2.407033e-001
    endloop
  endfacet
  facet normal -9.937122e-001 3.478653e-006 -1.119645e-001
    outer loop
      vertex   1.596962e+000 1.600000e+000 2.407033e-001
      vertex   1.597010e+000 5.060000e+000 2.403841e-001
      vertex   1.610484e+000 1.600000e+000 1.206891e-001
    endloop
  endfacet
  facet normal -9.993007e-001 1.741655e-006 -3.739119e-002
    outer loop
      vertex   1.610484e+000 1.600000e+000 1.206891e-001
      vertex   1.610496e+000 5.060000e+000 1.205282e-001
      vertex   1.615000e+000 1.600000e+000 0.000000e+000
    endloop
  endfacet
  facet normal -9.825665e-001 5.210994e-006 1.859116e-001
    outer loop
      vertex   1.596962e+000 1.600000e+000 -2.407033e-001
      vertex   1.574616e+000 5.060000e+000 -3.588993e-001
      vertex   1.574509e+000 1.600000e+000 -3.593713e-001
    endloop
  endfacet
  facet normal -9.659258e-001 6.938677e-006 2.588190e-001
    outer loop
      vertex   1.574509e+000 1.600000e+000 -3.593713e-001
      vertex   1.543440e+000 5.060000e+000 -4.754127e-001
      vertex   1.543250e+000 1.600000e+000 -4.760296e-001
    endloop
  endfacet
  facet normal -9.438833e-001 8.661702e-006 3.302791e-001
    outer loop
      vertex   1.543250e+000 1.600000e+000 -4.760296e-001
      vertex   1.503656e+000 5.060000e+000 -5.892746e-001
      vertex   1.503361e+000 1.600000e+000 -5.900258e-001
    endloop
  endfacet
  facet normal -9.165623e-001 1.038007e-005 3.998920e-001
    outer loop
      vertex   1.503361e+000 1.600000e+000 -5.900258e-001
      vertex   1.455485e+000 5.060000e+000 -6.998497e-001
      vertex   1.455065e+000 1.600000e+000 -7.007222e-001
    endloop
  endfacet
  facet normal -8.841154e-001 1.209378e-005 4.672686e-001
    outer loop
      vertex   1.455065e+000 1.600000e+000 -7.007222e-001
      vertex   1.399196e+000 5.060000e+000 -8.065215e-001
      vertex   1.398631e+000 1.600000e+000 -8.075000e-001
    endloop
  endfacet
  facet normal -8.467242e-001 1.380283e-005 5.320321e-001
    outer loop
      vertex   1.398631e+000 1.600000e+000 -8.075000e-001
      vertex   1.335102e+000 5.060000e+000 -9.086949e-001
      vertex   1.334376e+000 1.600000e+000 -9.097619e-001
    endloop
  endfacet
  facet normal -8.045978e-001 1.550723e-005 5.938202e-001
    outer loop
      vertex   1.334376e+000 1.600000e+000 -9.097619e-001
      vertex   1.263563e+000 5.060000e+000 -1.005800e+000
      vertex   1.262658e+000 1.600000e+000 -1.006936e+000
    endloop
  endfacet
  facet normal -7.579717e-001 1.720697e-005 6.522874e-001
    outer loop
      vertex   1.262658e+000 1.600000e+000 -1.006936e+000
      vertex   1.184976e+000 5.060000e+000 -1.097295e+000
      vertex   1.183879e+000 1.600000e+000 -1.098479e+000
    endloop
  endfacet
  facet normal -7.071068e-001 1.890205e-005 7.071068e-001
    outer loop
      vertex   1.183879e+000 1.600000e+000 -1.098479e+000
      vertex   1.099780e+000 5.060000e+000 -1.182671e+000
      vertex   1.098479e+000 1.600000e+000 -1.183879e+000
    endloop
  endfacet
  facet normal -6.522874e-001 2.059247e-005 7.579717e-001
    outer loop
      vertex   1.098479e+000 1.600000e+000 -1.183879e+000
      vertex   1.008449e+000 5.060000e+000 -1.261450e+000
      vertex   1.006936e+000 1.600000e+000 -1.262658e+000
    endloop
  endfacet
  facet normal -5.938202e-001 2.227823e-005 8.045978e-001
    outer loop
      vertex   1.006936e+000 1.600000e+000 -1.262658e+000
      vertex   9.114945e-001 5.060000e+000 -1.333193e+000
      vertex   9.097619e-001 1.600000e+000 -1.334376e+000
    endloop
  endfacet
  facet normal -3.998920e-001 3.981642e-004 9.165622e-001
    outer loop
      vertex   7.007222e-001 1.600000e+000 -1.455065e+000
      vertex   6.741050e-001 3.689914e+000 -1.467586e+000
      vertex   5.900258e-001 1.600000e+000 -1.503361e+000
    endloop
  endfacet
  facet normal -2.588190e-001 4.046732e-004 9.659257e-001
    outer loop
      vertex   4.760296e-001 1.600000e+000 -1.543250e+000
      vertex   3.866493e-001 3.589467e+000 -1.568033e+000
      vertex   3.593713e-001 1.600000e+000 -1.574509e+000
    endloop
  endfacet
  facet normal -1.859116e-001 5.490653e-004 9.825663e-001
    outer loop
      vertex   3.593713e-001 1.600000e+000 -1.574509e+000
      vertex   3.122250e-001 3.572968e+000 -1.584532e+000
      vertex   2.407033e-001 1.600000e+000 -1.596962e+000
    endloop
  endfacet
  facet normal -1.119645e-001 6.731982e-005 9.937122e-001
    outer loop
      vertex   2.407033e-001 1.600000e+000 -1.596962e+000
      vertex   2.371049e-001 3.560000e+000 -1.597500e+000
      vertex   1.206891e-001 1.600000e+000 -1.610484e+000
    endloop
  endfacet
  facet normal -3.739119e-002 3.418231e-005 9.993007e-001
    outer loop
      vertex   1.206891e-001 1.600000e+000 -1.610484e+000
      vertex   1.188749e-001 3.560000e+000 -1.610619e+000
      vertex   -2.075055e-016 1.600000e+000 -1.615000e+000
    endloop
  endfacet
  facet normal 1.859116e-001 5.490653e-004 9.825663e-001
    outer loop
      vertex   -2.407033e-001 1.600000e+000 -1.596962e+000
      vertex   -3.122250e-001 3.572968e+000 -1.584532e+000
      vertex   -3.593713e-001 1.600000e+000 -1.574509e+000
    endloop
  endfacet
  facet normal 2.588190e-001 4.046732e-004 9.659257e-001
    outer loop
      vertex   -3.593713e-001 1.600000e+000 -1.574509e+000
      vertex   -3.866493e-001 3.589467e+000 -1.568033e+000
      vertex   -4.760296e-001 1.600000e+000 -1.543250e+000
    endloop
  endfacet
  facet normal 3.998920e-001 3.981642e-004 9.165622e-001
    outer loop
      vertex   -5.900258e-001 1.600000e+000 -1.503361e+000
      vertex   -6.741050e-001 3.689914e+000 -1.467586e+000
      vertex   -7.007222e-001 1.600000e+000 -1.455065e+000
    endloop
  endfacet
  facet normal 4.672686e-001 5.049936e-004 8.841153e-001
    outer loop
      vertex   -7.007222e-001 1.600000e+000 -1.455065e+000
      vertex   -7.426077e-001 3.723360e+000 -1.434140e+000
      vertex   -8.075000e-001 1.600000e+000 -1.398631e+000
    endloop
  endfacet
  facet normal 0.000000e+000 -7.071068e-001 7.071068e-001
    outer loop
      vertex   -2.371049e-001 3.560000e+000 -1.597500e+000
      vertex   2.371049e-001 3.560000e+000 -1.597500e+000
      vertex   -3.122250e-001 3.572968e+000 -1.584532e+000
    endloop
  endfacet
  facet normal 0.000000e+000 -7.071068e-001 7.071068e-001
    outer loop
      vertex   -3.122250e-001 3.572968e+000 -1.584532e+000
      vertex   2.371049e-001 3.560000e+000 -1.597500e+000
      vertex   3.122250e-001 3.572968e+000 -1.584532e+000
    endloop
  endfacet
  facet normal 0.000000e+000 -7.071068e-001 7.071068e-001
    outer loop
      vertex   -3.866493e-001 3.589467e+000 -1.568033e+000
      vertex   3.122250e-001 3.572968e+000 -1.584532e+000
      vertex   3.866493e-001 3.589467e+000 -1.568033e+000
    endloop
  endfacet
  facet normal 0.000000e+000 -7.071068e-001 7.071068e-001
    outer loop
      vertex   -4.602123e-001 3.609459e+000 -1.548041e+000
      vertex   3.866493e-001 3.589467e+000 -1.568033e+000
      vertex   4.602123e-001 3.609459e+000 -1.548041e+000
    endloop
  endfacet
  facet normal 0.000000e+000 -7.071068e-001 7.071068e-001
    outer loop
      vertex   -5.327498e-001 3.632901e+000 -1.524599e+000
      vertex   4.602123e-001 3.609459e+000 -1.548041e+000
      vertex   5.327498e-001 3.632901e+000 -1.524599e+000
    endloop
  endfacet
  facet normal 0.000000e+000 -7.071068e-001 7.071068e-001
    outer loop
      vertex   -6.041004e-001 3.659739e+000 -1.497761e+000
      vertex   5.327498e-001 3.632901e+000 -1.524599e+000
      vertex   6.041004e-001 3.659739e+000 -1.497761e+000
    endloop
  endfacet
  facet normal 0.000000e+000 -7.071068e-001 7.071068e-001
    outer loop
      vertex   -6.741050e-001 3.689914e+000 -1.467586e+000
      vertex   6.041004e-001 3.659739e+000 -1.497761e+000
      vertex   6.741050e-001 3.689914e+000 -1.467586e+000
    endloop
  endfacet
  facet normal 0.000000e+000 -7.071068e-001 7.071068e-001
    outer loop
      vertex   -7.426077e-001 3.723360e+000 -1.434140e+000
      vertex   6.741050e-001 3.689914e+000 -1.467586e+000
      vertex   7.426077e-001 3.723360e+000 -1.434140e+000
    endloop
  endfacet
  facet normal 0.000000e+000 -7.071068e-001 7.071068e-001
    outer loop
      vertex   -8.094558e-001 3.760000e+000 -1.397500e+000
      vertex   7.426077e-001 3.723360e+000 -1.434140e+000
      vertex   8.094558e-001 3.760000e+000 -1.397500e+000
    endloop
  endfacet
  facet normal 0.000000e+000 -7.071068e-001 7.071068e-001
    outer loop
      vertex   -8.094558e-001 3.760000e+000 -1.397500e+000
      vertex   -7.426077e-001 3.723360e+000 -1.434140e+000
      vertex   7.426077e-001 3.723360e+000 -1.434140e+000
    endloop
  endfacet
  facet normal 0.000000e+000 -7.071068e-001 7.071068e-001
    outer loop
      vertex   -3.122250e-001 3.572968e+000 -1.584532e+000
      vertex   3.122250e-001 3.572968e+000 -1.584532e+000
      vertex   -3.866493e-001 3.589467e+000 -1.568033e+000
    endloop
  endfacet
  facet normal 0.000000e+000 -7.071068e-001 7.071068e-001
    outer loop
      vertex   -3.866493e-001 3.589467e+000 -1.568033e+000
      vertex   3.866493e-001 3.589467e+000 -1.568033e+000
      vertex   -4.602123e-001 3.609459e+000 -1.548041e+000
    endloop
  endfacet
  facet normal 0.000000e+000 -7.071068e-001 7.071068e-001
    outer loop
      vertex   -4.602123e-001 3.609459e+000 -1.548041e+000
      vertex   4.602123e-001 3.609459e+000 -1.548041e+000
      vertex   -5.327498e-001 3.632901e+000 -1.524599e+000
    endloop
  endfacet
  facet normal 0.000000e+000 -7.071068e-001 7.071068e-001
    outer loop
      vertex   -5.327498e-001 3.632901e+000 -1.524599e+000
      vertex   5.327498e-001 3.632901e+000 -1.524599e+000
      vertex   -6.041004e-001 3.659739e+000 -1.497761e+000
    endloop
  endfacet
  facet normal 0.000000e+000 -7.071068e-001 7.071068e-001
    outer loop
      vertex   -6.041004e-001 3.659739e+000 -1.497761e+000
      vertex   6.041004e-001 3.659739e+000 -1.497761e+000
      vertex   -6.741050e-001 3.689914e+000 -1.467586e+000
    endloop
  endfacet
  facet normal 0.000000e+000 -7.071068e-001 7.071068e-001
    outer loop
      vertex   -6.741050e-001 3.689914e+000 -1.467586e+000
      vertex   6.741050e-001 3.689914e+000 -1.467586e+000
      vertex   -7.426077e-001 3.723360e+000 -1.434140e+000
    endloop
  endfacet
  facet normal -0.000000e+000 1.708035e-016 1.000000e+000
    outer loop
      vertex   -8.094558e-001 3.760000e+000 -1.397500e+000
      vertex   8.094558e-001 3.760000e+000 -1.397500e+000
      vertex   -8.094558e-001 5.060000e+000 -1.397500e+000
    endloop
  endfacet
  facet normal 0.000000e+000 1.708035e-016 1.000000e+000
    outer loop
      vertex   -8.094558e-001 5.060000e+000 -1.397500e+000
      vertex   8.094558e-001 3.760000e+000 -1.397500e+000
      vertex   8.094558e-001 5.060000e+000 -1.397500e+000
    endloop
  endfacet
  facet normal -0.000000e+000 -7.071068e-001 -7.071068e-001
    outer loop
      vertex   2.371049e-001 3.560000e+000 1.597500e+000
      vertex   -2.371049e-001 3.560000e+000 1.597500e+000
      vertex   3.122250e-001 3.572968e+000 1.584532e+000
    endloop
  endfacet
  facet normal 0.000000e+000 -7.071068e-001 -7.071068e-001
    outer loop
      vertex   3.122250e-001 3.572968e+000 1.584532e+000
      vertex   -2.371049e-001 3.560000e+000 1.597500e+000
      vertex   -3.122250e-001 3.572968e+000 1.584532e+000
    endloop
  endfacet
  facet normal 2.043039e-016 -7.071068e-001 -7.071068e-001
    outer loop
      vertex   3.866493e-001 3.589467e+000 1.568033e+000
      vertex   -3.122250e-001 3.572968e+000 1.584532e+000
      vertex   -3.866493e-001 3.589467e+000 1.568033e+000
    endloop
  endfacet
  facet normal 0.000000e+000 -7.071068e-001 -7.071068e-001
    outer loop
      vertex   4.602123e-001 3.609459e+000 1.548041e+000
      vertex   -3.866493e-001 3.589467e+000 1.568033e+000
      vertex   -4.602123e-001 3.609459e+000 1.548041e+000
    endloop
  endfacet
  facet normal 0.000000e+000 -7.071068e-001 -7.071068e-001
    outer loop
      vertex   5.327498e-001 3.632901e+000 1.524599e+000
      vertex   -4.602123e-001 3.609459e+000 1.548041e+000
      vertex   -5.327498e-001 3.632901e+000 1.524599e+000
    endloop
  endfacet
  facet normal 0.000000e+000 -7.071068e-001 -7.071068e-001
    outer loop
      vertex   6.041004e-001 3.659739e+000 1.497761e+000
      vertex   -5.327498e-001 3.632901e+000 1.524599e+000
      vertex   -6.041004e-001 3.659739e+000 1.497761e+000
    endloop
  endfacet
  facet normal 0.000000e+000 -7.071068e-001 -7.071068e-001
    outer loop
      vertex   6.741050e-001 3.689914e+000 1.467586e+000
      vertex   -6.041004e-001 3.659739e+000 1.497761e+000
      vertex   -6.741050e-001 3.689914e+000 1.467586e+000
    endloop
  endfacet
  facet normal 0.000000e+000 -7.071068e-001 -7.071068e-001
    outer loop
      vertex   7.426077e-001 3.723360e+000 1.434140e+000
      vertex   -6.741050e-001 3.689914e+000 1.467586e+000
      vertex   -7.426077e-001 3.723360e+000 1.434140e+000
    endloop
  endfacet
  facet normal 0.000000e+000 -7.071068e-001 -7.071068e-001
    outer loop
      vertex   8.094558e-001 3.760000e+000 1.397500e+000
      vertex   -7.426077e-001 3.723360e+000 1.434140e+000
      vertex   -8.094558e-001 3.760000e+000 1.397500e+000
    endloop
  endfacet
  facet normal -0.000000e+000 -7.071068e-001 -7.071068e-001
    outer loop
      vertex   8.094558e-001 3.760000e+000 1.397500e+000
      vertex   7.426077e-001 3.723360e+000 1.434140e+000
      vertex   -7.426077e-001 3.723360e+000 1.434140e+000
    endloop
  endfacet
  facet normal -0.000000e+000 -7.071068e-001 -7.071068e-001
    outer loop
      vertex   3.122250e-001 3.572968e+000 1.584532e+000
      vertex   -3.122250e-001 3.572968e+000 1.584532e+000
      vertex   3.866493e-001 3.589467e+000 1.568033e+000
    endloop
  endfacet
  facet normal 2.030383e-016 -7.071068e-001 -7.071068e-001
    outer loop
      vertex   3.866493e-001 3.589467e+000 1.568033e+000
      vertex   -3.866493e-001 3.589467e+000 1.568033e+000
      vertex   4.602123e-001 3.609459e+000 1.548041e+000
    endloop
  endfacet
  facet normal -0.000000e+000 -7.071068e-001 -7.071068e-001
    outer loop
      vertex   4.602123e-001 3.609459e+000 1.548041e+000
      vertex   -4.602123e-001 3.609459e+000 1.548041e+000
      vertex   5.327498e-001 3.632901e+000 1.524599e+000
    endloop
  endfacet
  facet normal -0.000000e+000 -7.071068e-001 -7.071068e-001
    outer loop
      vertex   5.327498e-001 3.632901e+000 1.524599e+000
      vertex   -5.327498e-001 3.632901e+000 1.524599e+000
      vertex   6.041004e-001 3.659739e+000 1.497761e+000
    endloop
  endfacet
  facet normal -0.000000e+000 -7.071068e-001 -7.071068e-001
    outer loop
      vertex   6.041004e-001 3.659739e+000 1.497761e+000
      vertex   -6.041004e-001 3.659739e+000 1.497761e+000
      vertex   6.741050e-001 3.689914e+000 1.467586e+000
    endloop
  endfacet
  facet normal -0.000000e+000 -7.071068e-001 -7.071068e-001
    outer loop
      vertex   6.741050e-001 3.689914e+000 1.467586e+000
      vertex   -6.741050e-001 3.689914e+000 1.467586e+000
      vertex   7.426077e-001 3.723360e+000 1.434140e+000
    endloop
  endfacet
  facet normal 0.000000e+000 1.708035e-016 -1.000000e+000
    outer loop
      vertex   8.094558e-001 3.760000e+000 1.397500e+000
      vertex   -8.094558e-001 3.760000e+000 1.397500e+000
      vertex   8.094558e-001 5.060000e+000 1.397500e+000
    endloop
  endfacet
  facet normal 0.000000e+000 1.708035e-016 -1.000000e+000
    outer loop
      vertex   8.094558e-001 5.060000e+000 1.397500e+000
      vertex   -8.094558e-001 3.760000e+000 1.397500e+000
      vertex   -8.094558e-001 5.060000e+000 1.397500e+000
    endloop
  endfacet
  facet normal 0.000000e+000 1.000000e+000 0.000000e+000
    outer loop
      vertex   -1.007978e+000 5.060000e+000 1.473162e+000
      vertex   -1.008449e+000 5.060000e+000 1.261450e+000
      vertex   -1.110504e+000 5.060000e+000 1.397500e+000
    endloop
  endfacet
  facet normal 0.000000e+000 1.000000e+000 0.000000e+000
    outer loop
      vertex   -1.007978e+000 5.060000e+000 1.473162e+000
      vertex   -9.114945e-001 5.060000e+000 1.333193e+000
      vertex   -1.008449e+000 5.060000e+000 1.261450e+000
    endloop
  endfacet
  facet normal -0.000000e+000 1.000000e+000 0.000000e+000
    outer loop
      vertex   -1.007978e+000 5.060000e+000 1.473162e+000
      vertex   -9.003155e-001 5.060000e+000 1.541317e+000
      vertex   -9.114945e-001 5.060000e+000 1.333193e+000
    endloop
  endfacet
  facet normal -0.000000e+000 1.000000e+000 0.000000e+000
    outer loop
      vertex   -9.114945e-001 5.060000e+000 1.333193e+000
      vertex   -9.003155e-001 5.060000e+000 1.541317e+000
      vertex   -8.094558e-001 5.060000e+000 1.397500e+000
    endloop
  endfacet
  facet normal 0.000000e+000 1.000000e+000 -0.000000e+000
    outer loop
      vertex   -8.094558e-001 5.060000e+000 1.397500e+000
      vertex   -9.003155e-001 5.060000e+000 1.541317e+000
      vertex   -7.880653e-001 5.060000e+000 1.601617e+000
    endloop
  endfacet
  facet normal 0.000000e+000 1.000000e+000 -0.000000e+000
    outer loop
      vertex   -6.717994e-001 5.060000e+000 1.653757e+000
      vertex   -8.094558e-001 5.060000e+000 1.397500e+000
      vertex   -7.880653e-001 5.060000e+000 1.601617e+000
    endloop
  endfacet
  facet normal -0.000000e+000 1.000000e+000 0.000000e+000
    outer loop
      vertex   -6.717994e-001 5.060000e+000 1.653757e+000
      vertex   -5.521101e-001 5.060000e+000 1.697469e+000
      vertex   -8.094558e-001 5.060000e+000 1.397500e+000
    endloop
  endfacet
  facet normal 0.000000e+000 1.000000e+000 0.000000e+000
    outer loop
      vertex   -8.094558e-001 5.060000e+000 1.397500e+000
      vertex   -5.521101e-001 5.060000e+000 1.697469e+000
      vertex   -4.296073e-001 5.060000e+000 1.732531e+000
    endloop
  endfacet
  facet normal 0.000000e+000 1.000000e+000 -0.000000e+000
    outer loop
      vertex   -3.049154e-001 5.060000e+000 1.758764e+000
      vertex   -8.094558e-001 5.060000e+000 1.397500e+000
      vertex   -4.296073e-001 5.060000e+000 1.732531e+000
    endloop
  endfacet
  facet normal -0.000000e+000 1.000000e+000 0.000000e+000
    outer loop
      vertex   -3.049154e-001 5.060000e+000 1.758764e+000
      vertex   -1.786697e-001 5.060000e+000 1.776036e+000
      vertex   -8.094558e-001 5.060000e+000 1.397500e+000
    endloop
  endfacet
  facet normal 0.000000e+000 1.000000e+000 0.000000e+000
    outer loop
      vertex   -8.094558e-001 5.060000e+000 1.397500e+000
      vertex   -1.786697e-001 5.060000e+000 1.776036e+000
      vertex   -5.151357e-002 5.060000e+000 1.784257e+000
    endloop
  endfacet
  facet normal -0.000000e+000 1.000000e+000 -0.000000e+000
    outer loop
      vertex   8.094558e-001 5.060000e+000 1.397500e+000
      vertex   -5.151357e-002 5.060000e+000 1.784257e+000
      vertex   7.590508e-002 5.060000e+000 1.783385e+000
    endloop
  endfacet
  facet normal 0.000000e+000 1.000000e+000 0.000000e+000
    outer loop
      vertex   2.029369e-001 5.060000e+000 1.773427e+000
      vertex   8.094558e-001 5.060000e+000 1.397500e+000
      vertex   7.590508e-002 5.060000e+000 1.783385e+000
    endloop
  endfacet
  facet normal 0.000000e+000 1.000000e+000 0.000000e+000
    outer loop
      vertex   2.029369e-001 5.060000e+000 1.773427e+000
      vertex   3.289347e-001 5.060000e+000 1.754431e+000
      vertex   8.094558e-001 5.060000e+000 1.397500e+000
    endloop
  endfacet
  facet normal -0.000000e+000 1.000000e+000 -0.000000e+000
    outer loop
      vertex   8.094558e-001 5.060000e+000 1.397500e+000
      vertex   3.289347e-001 5.060000e+000 1.754431e+000
      vertex   4.532562e-001 5.060000e+000 1.726495e+000
    endloop
  endfacet
  facet normal 0.000000e+000 1.000000e+000 0.000000e+000
    outer loop
      vertex   5.752681e-001 5.060000e+000 1.689761e+000
      vertex   8.094558e-001 5.060000e+000 1.397500e+000
      vertex   4.532562e-001 5.060000e+000 1.726495e+000
    endloop
  endfacet
  facet normal 0.000000e+000 1.000000e+000 0.000000e+000
    outer loop
      vertex   5.752681e-001 5.060000e+000 1.689761e+000
      vertex   6.943486e-001 5.060000e+000 1.644416e+000
      vertex   8.094558e-001 5.060000e+000 1.397500e+000
    endloop
  endfacet
  facet normal -0.000000e+000 1.000000e+000 -0.000000e+000
    outer loop
      vertex   8.094558e-001 5.060000e+000 1.397500e+000
      vertex   6.943486e-001 5.060000e+000 1.644416e+000
      vertex   8.098908e-001 5.060000e+000 1.590692e+000
    endloop
  endfacet
  facet normal 0.000000e+000 1.000000e+000 -0.000000e+000
    outer loop
      vertex   9.213059e-001 5.060000e+000 1.528862e+000
      vertex   8.094558e-001 5.060000e+000 1.397500e+000
      vertex   8.098908e-001 5.060000e+000 1.590692e+000
    endloop
  endfacet
  facet normal 0.000000e+000 1.000000e+000 0.000000e+000
    outer loop
      vertex   9.213059e-001 5.060000e+000 1.528862e+000
      vertex   9.114945e-001 5.060000e+000 1.333193e+000
      vertex   8.094558e-001 5.060000e+000 1.397500e+000
    endloop
  endfacet
  facet normal 0.000000e+000 1.000000e+000 0.000000e+000
    outer loop
      vertex   9.213059e-001 5.060000e+000 1.528862e+000
      vertex   1.028026e+000 5.060000e+000 1.459242e+000
      vertex   9.114945e-001 5.060000e+000 1.333193e+000
    endloop
  endfacet
  facet normal -0.000000e+000 1.000000e+000 0.000000e+000
    outer loop
      vertex   9.114945e-001 5.060000e+000 1.333193e+000
      vertex   1.028026e+000 5.060000e+000 1.459242e+000
      vertex   1.008449e+000 5.060000e+000 1.261450e+000
    endloop
  endfacet
  facet normal -0.000000e+000 1.000000e+000 0.000000e+000
    outer loop
      vertex   1.008449e+000 5.060000e+000 1.261450e+000
      vertex   1.028026e+000 5.060000e+000 1.459242e+000
      vertex   1.129508e+000 5.060000e+000 1.382185e+000
    endloop
  endfacet
  facet normal -0.000000e+000 1.000000e+000 0.000000e+000
    outer loop
      vertex   1.099780e+000 5.060000e+000 1.182671e+000
      vertex   1.129508e+000 5.060000e+000 1.382185e+000
      vertex   1.225234e+000 5.060000e+000 1.298085e+000
    endloop
  endfacet
  facet normal -0.000000e+000 1.000000e+000 0.000000e+000
    outer loop
      vertex   1.184976e+000 5.060000e+000 1.097295e+000
      vertex   1.225234e+000 5.060000e+000 1.298085e+000
      vertex   1.314717e+000 5.060000e+000 1.207371e+000
    endloop
  endfacet
  facet normal -0.000000e+000 1.000000e+000 0.000000e+000
    outer loop
      vertex   1.263563e+000 5.060000e+000 1.005800e+000
      vertex   1.314717e+000 5.060000e+000 1.207371e+000
      vertex   1.397500e+000 5.060000e+000 1.110504e+000
    endloop
  endfacet
  facet normal -0.000000e+000 1.000000e+000 0.000000e+000
    outer loop
      vertex   1.335102e+000 5.060000e+000 9.086949e-001
      vertex   1.397500e+000 5.060000e+000 1.110504e+000
      vertex   1.473162e+000 5.060000e+000 1.007978e+000
    endloop
  endfacet
  facet normal -0.000000e+000 1.000000e+000 0.000000e+000
    outer loop
      vertex   1.399196e+000 5.060000e+000 8.065215e-001
      vertex   1.473162e+000 5.060000e+000 1.007978e+000
      vertex   1.541317e+000 5.060000e+000 9.003155e-001
    endloop
  endfacet
  facet normal -0.000000e+000 1.000000e+000 0.000000e+000
    outer loop
      vertex   1.455485e+000 5.060000e+000 6.998497e-001
      vertex   1.541317e+000 5.060000e+000 9.003155e-001
      vertex   1.601617e+000 5.060000e+000 7.880653e-001
    endloop
  endfacet
  facet normal -0.000000e+000 1.000000e+000 0.000000e+000
    outer loop
      vertex   1.503656e+000 5.060000e+000 5.892746e-001
      vertex   1.601617e+000 5.060000e+000 7.880653e-001
      vertex   1.653757e+000 5.060000e+000 6.717994e-001
    endloop
  endfacet
  facet normal 0.000000e+000 1.000000e+000 -0.000000e+000
    outer loop
      vertex   1.697469e+000 5.060000e+000 5.521101e-001
      vertex   1.503656e+000 5.060000e+000 5.892746e-001
      vertex   1.653757e+000 5.060000e+000 6.717994e-001
    endloop
  endfacet
  facet normal 0.000000e+000 1.000000e+000 0.000000e+000
    outer loop
      vertex   1.697469e+000 5.060000e+000 5.521101e-001
      vertex   1.543440e+000 5.060000e+000 4.754127e-001
      vertex   1.503656e+000 5.060000e+000 5.892746e-001
    endloop
  endfacet
  facet normal 0.000000e+000 1.000000e+000 0.000000e+000
    outer loop
      vertex   1.697469e+000 5.060000e+000 5.521101e-001
      vertex   1.732531e+000 5.060000e+000 4.296073e-001
      vertex   1.543440e+000 5.060000e+000 4.754127e-001
    endloop
  endfacet
  facet normal 0.000000e+000 1.000000e+000 0.000000e+000
    outer loop
      vertex   1.543440e+000 5.060000e+000 4.754127e-001
      vertex   1.732531e+000 5.060000e+000 4.296073e-001
      vertex   1.574616e+000 5.060000e+000 3.588993e-001
    endloop
  endfacet
  facet normal -0.000000e+000 1.000000e+000 0.000000e+000
    outer loop
      vertex   1.574616e+000 5.060000e+000 3.588993e-001
      vertex   1.732531e+000 5.060000e+000 4.296073e-001
      vertex   1.758764e+000 5.060000e+000 3.049154e-001
    endloop
  endfacet
  facet normal -0.000000e+000 1.000000e+000 0.000000e+000
    outer loop
      vertex   1.597010e+000 5.060000e+000 2.403841e-001
      vertex   1.758764e+000 5.060000e+000 3.049154e-001
      vertex   1.776036e+000 5.060000e+000 1.786697e-001
    endloop
  endfacet
  facet normal -0.000000e+000 1.000000e+000 0.000000e+000
    outer loop
      vertex   1.610496e+000 5.060000e+000 1.205282e-001
      vertex   1.776036e+000 5.060000e+000 1.786697e-001
      vertex   1.784257e+000 5.060000e+000 5.151357e-002
    endloop
  endfacet
  facet normal -0.000000e+000 1.000000e+000 0.000000e+000
    outer loop
      vertex   1.615000e+000 5.060000e+000 1.977805e-016
      vertex   1.784257e+000 5.060000e+000 5.151357e-002
      vertex   1.783385e+000 5.060000e+000 -7.590508e-002
    endloop
  endfacet
  facet normal -0.000000e+000 1.000000e+000 0.000000e+000
    outer loop
      vertex   1.610496e+000 5.060000e+000 -1.205282e-001
      vertex   1.783385e+000 5.060000e+000 -7.590508e-002
      vertex   1.773427e+000 5.060000e+000 -2.029369e-001
    endloop
  endfacet
  facet normal -0.000000e+000 1.000000e+000 0.000000e+000
    outer loop
      vertex   1.597010e+000 5.060000e+000 -2.403841e-001
      vertex   1.773427e+000 5.060000e+000 -2.029369e-001
      vertex   1.754431e+000 5.060000e+000 -3.289347e-001
    endloop
  endfacet
  facet normal -0.000000e+000 1.000000e+000 0.000000e+000
    outer loop
      vertex   1.574616e+000 5.060000e+000 -3.588993e-001
      vertex   1.754431e+000 5.060000e+000 -3.289347e-001
      vertex   1.726495e+000 5.060000e+000 -4.532562e-001
    endloop
  endfacet
  facet normal -0.000000e+000 1.000000e+000 0.000000e+000
    outer loop
      vertex   1.543440e+000 5.060000e+000 -4.754127e-001
      vertex   1.726495e+000 5.060000e+000 -4.532562e-001
      vertex   1.689761e+000 5.060000e+000 -5.752681e-001
    endloop
  endfacet
  facet normal -0.000000e+000 1.000000e+000 0.000000e+000
    outer loop
      vertex   1.503656e+000 5.060000e+000 -5.892746e-001
      vertex   1.689761e+000 5.060000e+000 -5.752681e-001
      vertex   1.644416e+000 5.060000e+000 -6.943486e-001
    endloop
  endfacet
  facet normal -0.000000e+000 1.000000e+000 0.000000e+000
    outer loop
      vertex   1.455485e+000 5.060000e+000 -6.998497e-001
      vertex   1.644416e+000 5.060000e+000 -6.943486e-001
      vertex   1.590692e+000 5.060000e+000 -8.098908e-001
    endloop
  endfacet
  facet normal 0.000000e+000 1.000000e+000 0.000000e+000
    outer loop
      vertex   1.399196e+000 5.060000e+000 -8.065215e-001
      vertex   1.590692e+000 5.060000e+000 -8.098908e-001
      vertex   1.528862e+000 5.060000e+000 -9.213059e-001
    endloop
  endfacet
  facet normal 0.000000e+000 1.000000e+000 0.000000e+000
    outer loop
      vertex   1.335102e+000 5.060000e+000 -9.086949e-001
      vertex   1.528862e+000 5.060000e+000 -9.213059e-001
      vertex   1.459242e+000 5.060000e+000 -1.028026e+000
    endloop
  endfacet
  facet normal -0.000000e+000 1.000000e+000 -0.000000e+000
    outer loop
      vertex   1.382185e+000 5.060000e+000 -1.129508e+000
      vertex   1.335102e+000 5.060000e+000 -9.086949e-001
      vertex   1.459242e+000 5.060000e+000 -1.028026e+000
    endloop
  endfacet
  facet normal 0.000000e+000 1.000000e+000 -0.000000e+000
    outer loop
      vertex   1.382185e+000 5.060000e+000 -1.129508e+000
      vertex   1.263563e+000 5.060000e+000 -1.005800e+000
      vertex   1.335102e+000 5.060000e+000 -9.086949e-001
    endloop
  endfacet
  facet normal 0.000000e+000 1.000000e+000 0.000000e+000
    outer loop
      vertex   1.382185e+000 5.060000e+000 -1.129508e+000
      vertex   1.298085e+000 5.060000e+000 -1.225234e+000
      vertex   1.263563e+000 5.060000e+000 -1.005800e+000
    endloop
  endfacet
  facet normal 0.000000e+000 1.000000e+000 0.000000e+000
    outer loop
      vertex   1.263563e+000 5.060000e+000 -1.005800e+000
      vertex   1.298085e+000 5.060000e+000 -1.225234e+000
      vertex   1.184976e+000 5.060000e+000 -1.097295e+000
    endloop
  endfacet
  facet normal 0.000000e+000 1.000000e+000 0.000000e+000
    outer loop
      vertex   1.184976e+000 5.060000e+000 -1.097295e+000
      vertex   1.298085e+000 5.060000e+000 -1.225234e+000
      vertex   1.207371e+000 5.060000e+000 -1.314717e+000
    endloop
  endfacet
  facet normal 0.000000e+000 1.000000e+000 0.000000e+000
    outer loop
      vertex   1.099780e+000 5.060000e+000 -1.182671e+000
      vertex   1.207371e+000 5.060000e+000 -1.314717e+000
      vertex   1.110504e+000 5.060000e+000 -1.397500e+000
    endloop
  endfacet
  facet normal 0.000000e+000 1.000000e+000 0.000000e+000
    outer loop
      vertex   1.008449e+000 5.060000e+000 -1.261450e+000
      vertex   1.110504e+000 5.060000e+000 -1.397500e+000
      vertex   1.007978e+000 5.060000e+000 -1.473162e+000
    endloop
  endfacet
  facet normal 0.000000e+000 1.000000e+000 0.000000e+000
    outer loop
      vertex   9.114945e-001 5.060000e+000 -1.333193e+000
      vertex   1.007978e+000 5.060000e+000 -1.473162e+000
      vertex   9.003155e-001 5.060000e+000 -1.541317e+000
    endloop
  endfacet
  facet normal 0.000000e+000 1.000000e+000 0.000000e+000
    outer loop
      vertex   8.094558e-001 5.060000e+000 -1.397500e+000
      vertex   9.003155e-001 5.060000e+000 -1.541317e+000
      vertex   7.880653e-001 5.060000e+000 -1.601617e+000
    endloop
  endfacet
  facet normal -0.000000e+000 1.000000e+000 0.000000e+000
    outer loop
      vertex   6.717994e-001 5.060000e+000 -1.653757e+000
      vertex   8.094558e-001 5.060000e+000 -1.397500e+000
      vertex   7.880653e-001 5.060000e+000 -1.601617e+000
    endloop
  endfacet
  facet normal 0.000000e+000 1.000000e+000 -0.000000e+000
    outer loop
      vertex   6.717994e-001 5.060000e+000 -1.653757e+000
      vertex   5.521101e-001 5.060000e+000 -1.697469e+000
      vertex   8.094558e-001 5.060000e+000 -1.397500e+000
    endloop
  endfacet
  facet normal 0.000000e+000 1.000000e+000 0.000000e+000
    outer loop
      vertex   8.094558e-001 5.060000e+000 -1.397500e+000
      vertex   5.521101e-001 5.060000e+000 -1.697469e+000
      vertex   4.296073e-001 5.060000e+000 -1.732531e+000
    endloop
  endfacet
  facet normal -0.000000e+000 1.000000e+000 0.000000e+000
    outer loop
      vertex   3.049154e-001 5.060000e+000 -1.758764e+000
      vertex   8.094558e-001 5.060000e+000 -1.397500e+000
      vertex   4.296073e-001 5.060000e+000 -1.732531e+000
    endloop
  endfacet
  facet normal 0.000000e+000 1.000000e+000 -0.000000e+000
    outer loop
      vertex   3.049154e-001 5.060000e+000 -1.758764e+000
      vertex   1.786697e-001 5.060000e+000 -1.776036e+000
      vertex   8.094558e-001 5.060000e+000 -1.397500e+000
    endloop
  endfacet
  facet normal 0.000000e+000 1.000000e+000 0.000000e+000
    outer loop
      vertex   8.094558e-001 5.060000e+000 -1.397500e+000
      vertex   1.786697e-001 5.060000e+000 -1.776036e+000
      vertex   5.151357e-002 5.060000e+000 -1.784257e+000
    endloop
  endfacet
  facet normal 0.000000e+000 1.000000e+000 0.000000e+000
    outer loop
      vertex   -8.094558e-001 5.060000e+000 -1.397500e+000
      vertex   5.151357e-002 5.060000e+000 -1.784257e+000
      vertex   -7.590508e-002 5.060000e+000 -1.783385e+000
    endloop
  endfacet
  facet normal -0.000000e+000 1.000000e+000 -0.000000e+000
    outer loop
      vertex   -2.029369e-001 5.060000e+000 -1.773427e+000
      vertex   -8.094558e-001 5.060000e+000 -1.397500e+000
      vertex   -7.590508e-002 5.060000e+000 -1.783385e+000
    endloop
  endfacet
  facet normal 0.000000e+000 1.000000e+000 0.000000e+000
    outer loop
      vertex   -2.029369e-001 5.060000e+000 -1.773427e+000
      vertex   -3.289347e-001 5.060000e+000 -1.754431e+000
      vertex   -8.094558e-001 5.060000e+000 -1.397500e+000
    endloop
  endfacet
  facet normal 0.000000e+000 1.000000e+000 0.000000e+000
    outer loop
      vertex   -8.094558e-001 5.060000e+000 -1.397500e+000
      vertex   -3.289347e-001 5.060000e+000 -1.754431e+000
      vertex   -4.532562e-001 5.060000e+000 -1.726495e+000
    endloop
  endfacet
  facet normal -0.000000e+000 1.000000e+000 -0.000000e+000
    outer loop
      vertex   -5.752681e-001 5.060000e+000 -1.689761e+000
      vertex   -8.094558e-001 5.060000e+000 -1.397500e+000
      vertex   -4.532562e-001 5.060000e+000 -1.726495e+000
    endloop
  endfacet
  facet normal 0.000000e+000 1.000000e+000 0.000000e+000
    outer loop
      vertex   -5.752681e-001 5.060000e+000 -1.689761e+000
      vertex   -6.943486e-001 5.060000e+000 -1.644416e+000
      vertex   -8.094558e-001 5.060000e+000 -1.397500e+000
    endloop
  endfacet
  facet normal 0.000000e+000 1.000000e+000 0.000000e+000
    outer loop
      vertex   -8.094558e-001 5.060000e+000 -1.397500e+000
      vertex   -6.943486e-001 5.060000e+000 -1.644416e+000
      vertex   -8.098908e-001 5.060000e+000 -1.590692e+000
    endloop
  endfacet
  facet normal -0.000000e+000 1.000000e+000 0.000000e+000
    outer loop
      vertex   -9.213059e-001 5.060000e+000 -1.528862e+000
      vertex   -8.094558e-001 5.060000e+000 -1.397500e+000
      vertex   -8.098908e-001 5.060000e+000 -1.590692e+000
    endloop
  endfacet
  facet normal -0.000000e+000 1.000000e+000 0.000000e+000
    outer loop
      vertex   -9.213059e-001 5.060000e+000 -1.528862e+000
      vertex   -9.114945e-001 5.060000e+000 -1.333193e+000
      vertex   -8.094558e-001 5.060000e+000 -1.397500e+000
    endloop
  endfacet
  facet normal 0.000000e+000 1.000000e+000 -0.000000e+000
    outer loop
      vertex   -9.213059e-001 5.060000e+000 -1.528862e+000
      vertex   -1.028026e+000 5.060000e+000 -1.459242e+000
      vertex   -9.114945e-001 5.060000e+000 -1.333193e+000
    endloop
  endfacet
  facet normal 0.000000e+000 1.000000e+000 -0.000000e+000
    outer loop
      vertex   -9.114945e-001 5.060000e+000 -1.333193e+000
      vertex   -1.028026e+000 5.060000e+000 -1.459242e+000
      vertex   -1.008449e+000 5.060000e+000 -1.261450e+000
    endloop
  endfacet
  facet normal 0.000000e+000 1.000000e+000 0.000000e+000
    outer loop
      vertex   -1.008449e+000 5.060000e+000 -1.261450e+000
      vertex   -1.028026e+000 5.060000e+000 -1.459242e+000
      vertex   -1.129508e+000 5.060000e+000 -1.382185e+000
    endloop
  endfacet
  facet normal 0.000000e+000 1.000000e+000 0.000000e+000
    outer loop
      vertex   -1.099780e+000 5.060000e+000 -1.182671e+000
      vertex   -1.129508e+000 5.060000e+000 -1.382185e+000
      vertex   -1.225234e+000 5.060000e+000 -1.298085e+000
    endloop
  endfacet
  facet normal 0.000000e+000 1.000000e+000 0.000000e+000
    outer loop
      vertex   -1.184976e+000 5.060000e+000 -1.097295e+000
      vertex   -1.225234e+000 5.060000e+000 -1.298085e+000
      vertex   -1.314717e+000 5.060000e+000 -1.207371e+000
    endloop
  endfacet
  facet normal 0.000000e+000 1.000000e+000 0.000000e+000
    outer loop
      vertex   -1.263563e+000 5.060000e+000 -1.005800e+000
      vertex   -1.314717e+000 5.060000e+000 -1.207371e+000
      vertex   -1.397500e+000 5.060000e+000 -1.110504e+000
    endloop
  endfacet
  facet normal 0.000000e+000 1.000000e+000 0.000000e+000
    outer loop
      vertex   -1.335102e+000 5.060000e+000 -9.086949e-001
      vertex   -1.397500e+000 5.060000e+000 -1.110504e+000
      vertex   -1.473162e+000 5.060000e+000 -1.007978e+000
    endloop
  endfacet
  facet normal 0.000000e+000 1.000000e+000 0.000000e+000
    outer loop
      vertex   -1.399196e+000 5.060000e+000 -8.065215e-001
      vertex   -1.473162e+000 5.060000e+000 -1.007978e+000
      vertex   -1.541317e+000 5.060000e+000 -9.003155e-001
    endloop
  endfacet
  facet normal 0.000000e+000 1.000000e+000 0.000000e+000
    outer loop
      vertex   -1.455485e+000 5.060000e+000 -6.998497e-001
      vertex   -1.541317e+000 5.060000e+000 -9.003155e-001
      vertex   -1.601617e+000 5.060000e+000 -7.880653e-001
    endloop
  endfacet
  facet normal 0.000000e+000 1.000000e+000 0.000000e+000
    outer loop
      vertex   -1.503656e+000 5.060000e+000 -5.892746e-001
      vertex   -1.601617e+000 5.060000e+000 -7.880653e-001
      vertex   -1.653757e+000 5.060000e+000 -6.717994e-001
    endloop
  endfacet
  facet normal 0.000000e+000 1.000000e+000 0.000000e+000
    outer loop
      vertex   -1.697469e+000 5.060000e+000 -5.521101e-001
      vertex   -1.503656e+000 5.060000e+000 -5.892746e-001
      vertex   -1.653757e+000 5.060000e+000 -6.717994e-001
    endloop
  endfacet
  facet normal -0.000000e+000 1.000000e+000 0.000000e+000
    outer loop
      vertex   -1.697469e+000 5.060000e+000 -5.521101e-001
      vertex   -1.543440e+000 5.060000e+000 -4.754127e-001
      vertex   -1.503656e+000 5.060000e+000 -5.892746e-001
    endloop
  endfacet
  facet normal -0.000000e+000 1.000000e+000 -0.000000e+000
    outer loop
      vertex   -1.697469e+000 5.060000e+000 -5.521101e-001
      vertex   -1.732531e+000 5.060000e+000 -4.296073e-001
      vertex   -1.543440e+000 5.060000e+000 -4.754127e-001
    endloop
  endfacet
  facet normal 0.000000e+000 1.000000e+000 -0.000000e+000
    outer loop
      vertex   -1.543440e+000 5.060000e+000 -4.754127e-001
      vertex   -1.732531e+000 5.060000e+000 -4.296073e-001
      vertex   -1.574616e+000 5.060000e+000 -3.588993e-001
    endloop
  endfacet
  facet normal 0.000000e+000 1.000000e+000 0.000000e+000
    outer loop
      vertex   -1.574616e+000 5.060000e+000 -3.588993e-001
      vertex   -1.732531e+000 5.060000e+000 -4.296073e-001
      vertex   -1.758764e+000 5.060000e+000 -3.049154e-001
    endloop
  endfacet
  facet normal 0.000000e+000 1.000000e+000 0.000000e+000
    outer loop
      vertex   -1.597010e+000 5.060000e+000 -2.403841e-001
      vertex   -1.758764e+000 5.060000e+000 -3.049154e-001
      vertex   -1.776036e+000 5.060000e+000 -1.786697e-001
    endloop
  endfacet
  facet normal 0.000000e+000 1.000000e+000 0.000000e+000
    outer loop
      vertex   -1.610496e+000 5.060000e+000 -1.205282e-001
      vertex   -1.776036e+000 5.060000e+000 -1.786697e-001
      vertex   -1.784257e+000 5.060000e+000 -5.151357e-002
    endloop
  endfacet
  facet normal 0.000000e+000 1.000000e+000 -0.000000e+000
    outer loop
      vertex   -1.615000e+000 5.060000e+000 -3.955609e-016
      vertex   -1.784257e+000 5.060000e+000 -5.151357e-002
      vertex   -1.783385e+000 5.060000e+000 7.590508e-002
    endloop
  endfacet
  facet normal 0.000000e+000 1.000000e+000 -0.000000e+000
    outer loop
      vertex   -1.610496e+000 5.060000e+000 1.205282e-001
      vertex   -1.783385e+000 5.060000e+000 7.590508e-002
      vertex   -1.773427e+000 5.060000e+000 2.029369e-001
    endloop
  endfacet
  facet normal 0.000000e+000 1.000000e+000 -0.000000e+000
    outer loop
      vertex   -1.597010e+000 5.060000e+000 2.403841e-001
      vertex   -1.773427e+000 5.060000e+000 2.029369e-001
      vertex   -1.754431e+000 5.060000e+000 3.289347e-001
    endloop
  endfacet
  facet normal 0.000000e+000 1.000000e+000 -0.000000e+000
    outer loop
      vertex   -1.574616e+000 5.060000e+000 3.588993e-001
      vertex   -1.754431e+000 5.060000e+000 3.289347e-001
      vertex   -1.726495e+000 5.060000e+000 4.532562e-001
    endloop
  endfacet
  facet normal 0.000000e+000 1.000000e+000 -0.000000e+000
    outer loop
      vertex   -1.543440e+000 5.060000e+000 4.754127e-001
      vertex   -1.726495e+000 5.060000e+000 4.532562e-001
      vertex   -1.689761e+000 5.060000e+000 5.752681e-001
    endloop
  endfacet
  facet normal 0.000000e+000 1.000000e+000 -0.000000e+000
    outer loop
      vertex   -1.503656e+000 5.060000e+000 5.892746e-001
      vertex   -1.689761e+000 5.060000e+000 5.752681e-001
      vertex   -1.644416e+000 5.060000e+000 6.943486e-001
    endloop
  endfacet
  facet normal 0.000000e+000 1.000000e+000 -0.000000e+000
    outer loop
      vertex   -1.455485e+000 5.060000e+000 6.998497e-001
      vertex   -1.644416e+000 5.060000e+000 6.943486e-001
      vertex   -1.590692e+000 5.060000e+000 8.098908e-001
    endloop
  endfacet
  facet normal 0.000000e+000 1.000000e+000 -0.000000e+000
    outer loop
      vertex   -1.399196e+000 5.060000e+000 8.065215e-001
      vertex   -1.590692e+000 5.060000e+000 8.098908e-001
      vertex   -1.528862e+000 5.060000e+000 9.213059e-001
    endloop
  endfacet
  facet normal 0.000000e+000 1.000000e+000 -0.000000e+000
    outer loop
      vertex   -1.335102e+000 5.060000e+000 9.086949e-001
      vertex   -1.528862e+000 5.060000e+000 9.213059e-001
      vertex   -1.459242e+000 5.060000e+000 1.028026e+000
    endloop
  endfacet
  facet normal 0.000000e+000 1.000000e+000 0.000000e+000
    outer loop
      vertex   -1.382185e+000 5.060000e+000 1.129508e+000
      vertex   -1.335102e+000 5.060000e+000 9.086949e-001
      vertex   -1.459242e+000 5.060000e+000 1.028026e+000
    endloop
  endfacet
  facet normal 0.000000e+000 1.000000e+000 0.000000e+000
    outer loop
      vertex   -1.382185e+000 5.060000e+000 1.129508e+000
      vertex   -1.263563e+000 5.060000e+000 1.005800e+000
      vertex   -1.335102e+000 5.060000e+000 9.086949e-001
    endloop
  endfacet
  facet normal -0.000000e+000 1.000000e+000 0.000000e+000
    outer loop
      vertex   -1.382185e+000 5.060000e+000 1.129508e+000
      vertex   -1.298085e+000 5.060000e+000 1.225234e+000
      vertex   -1.263563e+000 5.060000e+000 1.005800e+000
    endloop
  endfacet
  facet normal -0.000000e+000 1.000000e+000 -0.000000e+000
    outer loop
      vertex   -1.263563e+000 5.060000e+000 1.005800e+000
      vertex   -1.298085e+000 5.060000e+000 1.225234e+000
      vertex   -1.184976e+000 5.060000e+000 1.097295e+000
    endloop
  endfacet
  facet normal 0.000000e+000 1.000000e+000 -0.000000e+000
    outer loop
      vertex   -1.184976e+000 5.060000e+000 1.097295e+000
      vertex   -1.298085e+000 5.060000e+000 1.225234e+000
      vertex   -1.207371e+000 5.060000e+000 1.314717e+000
    endloop
  endfacet
  facet normal 0.000000e+000 1.000000e+000 -0.000000e+000
    outer loop
      vertex   -1.099780e+000 5.060000e+000 1.182671e+000
      vertex   -1.207371e+000 5.060000e+000 1.314717e+000
      vertex   -1.110504e+000 5.060000e+000 1.397500e+000
    endloop
  endfacet
  facet normal 0.000000e+000 1.000000e+000 0.000000e+000
    outer loop
      vertex   -1.008449e+000 5.060000e+000 1.261450e+000
      vertex   -1.099780e+000 5.060000e+000 1.182671e+000
      vertex   -1.110504e+000 5.060000e+000 1.397500e+000
    endloop
  endfacet
  facet normal -0.000000e+000 1.000000e+000 0.000000e+000
    outer loop
      vertex   -8.094558e-001 5.060000e+000 1.397500e+000
      vertex   -5.151357e-002 5.060000e+000 1.784257e+000
      vertex   8.094558e-001 5.060000e+000 1.397500e+000
    endloop
  endfacet
  facet normal -0.000000e+000 1.000000e+000 0.000000e+000
    outer loop
      vertex   1.008449e+000 5.060000e+000 1.261450e+000
      vertex   1.129508e+000 5.060000e+000 1.382185e+000
      vertex   1.099780e+000 5.060000e+000 1.182671e+000
    endloop
  endfacet
  facet normal -0.000000e+000 1.000000e+000 0.000000e+000
    outer loop
      vertex   1.099780e+000 5.060000e+000 1.182671e+000
      vertex   1.225234e+000 5.060000e+000 1.298085e+000
      vertex   1.184976e+000 5.060000e+000 1.097295e+000
    endloop
  endfacet
  facet normal -0.000000e+000 1.000000e+000 0.000000e+000
    outer loop
      vertex   1.184976e+000 5.060000e+000 1.097295e+000
      vertex   1.314717e+000 5.060000e+000 1.207371e+000
      vertex   1.263563e+000 5.060000e+000 1.005800e+000
    endloop
  endfacet
  facet normal -0.000000e+000 1.000000e+000 0.000000e+000
    outer loop
      vertex   1.263563e+000 5.060000e+000 1.005800e+000
      vertex   1.397500e+000 5.060000e+000 1.110504e+000
      vertex   1.335102e+000 5.060000e+000 9.086949e-001
    endloop
  endfacet
  facet normal -0.000000e+000 1.000000e+000 0.000000e+000
    outer loop
      vertex   1.335102e+000 5.060000e+000 9.086949e-001
      vertex   1.473162e+000 5.060000e+000 1.007978e+000
      vertex   1.399196e+000 5.060000e+000 8.065215e-001
    endloop
  endfacet
  facet normal -0.000000e+000 1.000000e+000 0.000000e+000
    outer loop
      vertex   1.399196e+000 5.060000e+000 8.065215e-001
      vertex   1.541317e+000 5.060000e+000 9.003155e-001
      vertex   1.455485e+000 5.060000e+000 6.998497e-001
    endloop
  endfacet
  facet normal -0.000000e+000 1.000000e+000 0.000000e+000
    outer loop
      vertex   1.455485e+000 5.060000e+000 6.998497e-001
      vertex   1.601617e+000 5.060000e+000 7.880653e-001
      vertex   1.503656e+000 5.060000e+000 5.892746e-001
    endloop
  endfacet
  facet normal 0.000000e+000 1.000000e+000 0.000000e+000
    outer loop
      vertex   1.574616e+000 5.060000e+000 3.588993e-001
      vertex   1.758764e+000 5.060000e+000 3.049154e-001
      vertex   1.597010e+000 5.060000e+000 2.403841e-001
    endloop
  endfacet
  facet normal 0.000000e+000 1.000000e+000 0.000000e+000
    outer loop
      vertex   1.597010e+000 5.060000e+000 2.403841e-001
      vertex   1.776036e+000 5.060000e+000 1.786697e-001
      vertex   1.610496e+000 5.060000e+000 1.205282e-001
    endloop
  endfacet
  facet normal 0.000000e+000 1.000000e+000 0.000000e+000
    outer loop
      vertex   1.610496e+000 5.060000e+000 1.205282e-001
      vertex   1.784257e+000 5.060000e+000 5.151357e-002
      vertex   1.615000e+000 5.060000e+000 1.977805e-016
    endloop
  endfacet
  facet normal 0.000000e+000 1.000000e+000 0.000000e+000
    outer loop
      vertex   1.615000e+000 5.060000e+000 1.977805e-016
      vertex   1.783385e+000 5.060000e+000 -7.590508e-002
      vertex   1.610496e+000 5.060000e+000 -1.205282e-001
    endloop
  endfacet
  facet normal 0.000000e+000 1.000000e+000 0.000000e+000
    outer loop
      vertex   1.610496e+000 5.060000e+000 -1.205282e-001
      vertex   1.773427e+000 5.060000e+000 -2.029369e-001
      vertex   1.597010e+000 5.060000e+000 -2.403841e-001
    endloop
  endfacet
  facet normal 0.000000e+000 1.000000e+000 0.000000e+000
    outer loop
      vertex   1.597010e+000 5.060000e+000 -2.403841e-001
      vertex   1.754431e+000 5.060000e+000 -3.289347e-001
      vertex   1.574616e+000 5.060000e+000 -3.588993e-001
    endloop
  endfacet
  facet normal 0.000000e+000 1.000000e+000 0.000000e+000
    outer loop
      vertex   1.574616e+000 5.060000e+000 -3.588993e-001
      vertex   1.726495e+000 5.060000e+000 -4.532562e-001
      vertex   1.543440e+000 5.060000e+000 -4.754127e-001
    endloop
  endfacet
  facet normal 0.000000e+000 1.000000e+000 0.000000e+000
    outer loop
      vertex   1.543440e+000 5.060000e+000 -4.754127e-001
      vertex   1.689761e+000 5.060000e+000 -5.752681e-001
      vertex   1.503656e+000 5.060000e+000 -5.892746e-001
    endloop
  endfacet
  facet normal 0.000000e+000 1.000000e+000 0.000000e+000
    outer loop
      vertex   1.503656e+000 5.060000e+000 -5.892746e-001
      vertex   1.644416e+000 5.060000e+000 -6.943486e-001
      vertex   1.455485e+000 5.060000e+000 -6.998497e-001
    endloop
  endfacet
  facet normal 0.000000e+000 1.000000e+000 0.000000e+000
    outer loop
      vertex   1.455485e+000 5.060000e+000 -6.998497e-001
      vertex   1.590692e+000 5.060000e+000 -8.098908e-001
      vertex   1.399196e+000 5.060000e+000 -8.065215e-001
    endloop
  endfacet
  facet normal 0.000000e+000 1.000000e+000 0.000000e+000
    outer loop
      vertex   1.399196e+000 5.060000e+000 -8.065215e-001
      vertex   1.528862e+000 5.060000e+000 -9.213059e-001
      vertex   1.335102e+000 5.060000e+000 -9.086949e-001
    endloop
  endfacet
  facet normal 0.000000e+000 1.000000e+000 0.000000e+000
    outer loop
      vertex   1.184976e+000 5.060000e+000 -1.097295e+000
      vertex   1.207371e+000 5.060000e+000 -1.314717e+000
      vertex   1.099780e+000 5.060000e+000 -1.182671e+000
    endloop
  endfacet
  facet normal 0.000000e+000 1.000000e+000 0.000000e+000
    outer loop
      vertex   1.099780e+000 5.060000e+000 -1.182671e+000
      vertex   1.110504e+000 5.060000e+000 -1.397500e+000
      vertex   1.008449e+000 5.060000e+000 -1.261450e+000
    endloop
  endfacet
  facet normal 0.000000e+000 1.000000e+000 0.000000e+000
    outer loop
      vertex   1.008449e+000 5.060000e+000 -1.261450e+000
      vertex   1.007978e+000 5.060000e+000 -1.473162e+000
      vertex   9.114945e-001 5.060000e+000 -1.333193e+000
    endloop
  endfacet
  facet normal 0.000000e+000 1.000000e+000 0.000000e+000
    outer loop
      vertex   9.114945e-001 5.060000e+000 -1.333193e+000
      vertex   9.003155e-001 5.060000e+000 -1.541317e+000
      vertex   8.094558e-001 5.060000e+000 -1.397500e+000
    endloop
  endfacet
  facet normal 0.000000e+000 1.000000e+000 0.000000e+000
    outer loop
      vertex   8.094558e-001 5.060000e+000 -1.397500e+000
      vertex   5.151357e-002 5.060000e+000 -1.784257e+000
      vertex   -8.094558e-001 5.060000e+000 -1.397500e+000
    endloop
  endfacet
  facet normal 0.000000e+000 1.000000e+000 -0.000000e+000
    outer loop
      vertex   -1.008449e+000 5.060000e+000 -1.261450e+000
      vertex   -1.129508e+000 5.060000e+000 -1.382185e+000
      vertex   -1.099780e+000 5.060000e+000 -1.182671e+000
    endloop
  endfacet
  facet normal 0.000000e+000 1.000000e+000 -0.000000e+000
    outer loop
      vertex   -1.099780e+000 5.060000e+000 -1.182671e+000
      vertex   -1.225234e+000 5.060000e+000 -1.298085e+000
      vertex   -1.184976e+000 5.060000e+000 -1.097295e+000
    endloop
  endfacet
  facet normal 0.000000e+000 1.000000e+000 -0.000000e+000
    outer loop
      vertex   -1.184976e+000 5.060000e+000 -1.097295e+000
      vertex   -1.314717e+000 5.060000e+000 -1.207371e+000
      vertex   -1.263563e+000 5.060000e+000 -1.005800e+000
    endloop
  endfacet
  facet normal 0.000000e+000 1.000000e+000 -0.000000e+000
    outer loop
      vertex   -1.263563e+000 5.060000e+000 -1.005800e+000
      vertex   -1.397500e+000 5.060000e+000 -1.110504e+000
      vertex   -1.335102e+000 5.060000e+000 -9.086949e-001
    endloop
  endfacet
  facet normal 0.000000e+000 1.000000e+000 -0.000000e+000
    outer loop
      vertex   -1.335102e+000 5.060000e+000 -9.086949e-001
      vertex   -1.473162e+000 5.060000e+000 -1.007978e+000
      vertex   -1.399196e+000 5.060000e+000 -8.065215e-001
    endloop
  endfacet
  facet normal 0.000000e+000 1.000000e+000 -0.000000e+000
    outer loop
      vertex   -1.399196e+000 5.060000e+000 -8.065215e-001
      vertex   -1.541317e+000 5.060000e+000 -9.003155e-001
      vertex   -1.455485e+000 5.060000e+000 -6.998497e-001
    endloop
  endfacet
  facet normal 0.000000e+000 1.000000e+000 -0.000000e+000
    outer loop
      vertex   -1.455485e+000 5.060000e+000 -6.998497e-001
      vertex   -1.601617e+000 5.060000e+000 -7.880653e-001
      vertex   -1.503656e+000 5.060000e+000 -5.892746e-001
    endloop
  endfacet
  facet normal 0.000000e+000 1.000000e+000 -0.000000e+000
    outer loop
      vertex   -1.574616e+000 5.060000e+000 -3.588993e-001
      vertex   -1.758764e+000 5.060000e+000 -3.049154e-001
      vertex   -1.597010e+000 5.060000e+000 -2.403841e-001
    endloop
  endfacet
  facet normal 0.000000e+000 1.000000e+000 -0.000000e+000
    outer loop
      vertex   -1.597010e+000 5.060000e+000 -2.403841e-001
      vertex   -1.776036e+000 5.060000e+000 -1.786697e-001
      vertex   -1.610496e+000 5.060000e+000 -1.205282e-001
    endloop
  endfacet
  facet normal 0.000000e+000 1.000000e+000 -0.000000e+000
    outer loop
      vertex   -1.610496e+000 5.060000e+000 -1.205282e-001
      vertex   -1.784257e+000 5.060000e+000 -5.151357e-002
      vertex   -1.615000e+000 5.060000e+000 -3.955609e-016
    endloop
  endfacet
  facet normal 0.000000e+000 1.000000e+000 -0.000000e+000
    outer loop
      vertex   -1.615000e+000 5.060000e+000 -3.955609e-016
      vertex   -1.783385e+000 5.060000e+000 7.590508e-002
      vertex   -1.610496e+000 5.060000e+000 1.205282e-001
    endloop
  endfacet
  facet normal 0.000000e+000 1.000000e+000 -0.000000e+000
    outer loop
      vertex   -1.610496e+000 5.060000e+000 1.205282e-001
      vertex   -1.773427e+000 5.060000e+000 2.029369e-001
      vertex   -1.597010e+000 5.060000e+000 2.403841e-001
    endloop
  endfacet
  facet normal 0.000000e+000 1.000000e+000 -0.000000e+000
    outer loop
      vertex   -1.597010e+000 5.060000e+000 2.403841e-001
      vertex   -1.754431e+000 5.060000e+000 3.289347e-001
      vertex   -1.574616e+000 5.060000e+000 3.588993e-001
    endloop
  endfacet
  facet normal 0.000000e+000 1.000000e+000 -0.000000e+000
    outer loop
      vertex   -1.574616e+000 5.060000e+000 3.588993e-001
      vertex   -1.726495e+000 5.060000e+000 4.532562e-001
      vertex   -1.543440e+000 5.060000e+000 4.754127e-001
    endloop
  endfacet
  facet normal 0.000000e+000 1.000000e+000 -0.000000e+000
    outer loop
      vertex   -1.543440e+000 5.060000e+000 4.754127e-001
      vertex   -1.689761e+000 5.060000e+000 5.752681e-001
      vertex   -1.503656e+000 5.060000e+000 5.892746e-001
    endloop
  endfacet
  facet normal 0.000000e+000 1.000000e+000 -0.000000e+000
    outer loop
      vertex   -1.503656e+000 5.060000e+000 5.892746e-001
      vertex   -1.644416e+000 5.060000e+000 6.943486e-001
      vertex   -1.455485e+000 5.060000e+000 6.998497e-001
    endloop
  endfacet
  facet normal -0.000000e+000 1.000000e+000 -0.000000e+000
    outer loop
      vertex   -1.455485e+000 5.060000e+000 6.998497e-001
      vertex   -1.590692e+000 5.060000e+000 8.098908e-001
      vertex   -1.399196e+000 5.060000e+000 8.065215e-001
    endloop
  endfacet
  facet normal -0.000000e+000 1.000000e+000 -0.000000e+000
    outer loop
      vertex   -1.399196e+000 5.060000e+000 8.065215e-001
      vertex   -1.528862e+000 5.060000e+000 9.213059e-001
      vertex   -1.335102e+000 5.060000e+000 9.086949e-001
    endloop
  endfacet
  facet normal -0.000000e+000 1.000000e+000 -0.000000e+000
    outer loop
      vertex   -1.184976e+000 5.060000e+000 1.097295e+000
      vertex   -1.207371e+000 5.060000e+000 1.314717e+000
      vertex   -1.099780e+000 5.060000e+000 1.182671e+000
    endloop
  endfacet
  facet normal 5.631598e-001 4.986068e-001 -6.589707e-001
    outer loop
      vertex   -1.207371e+000 5.060000e+000 1.314717e+000
      vertex   -1.184631e+000 5.260000e+000 1.485480e+000
      vertex   -1.110504e+000 5.060000e+000 1.397500e+000
    endloop
  endfacet
  facet normal 5.636161e-001 4.983728e-001 -6.587575e-001
    outer loop
      vertex   -1.207371e+000 5.060000e+000 1.314717e+000
      vertex   -1.284293e+000 5.260000e+000 1.400211e+000
      vertex   -1.184631e+000 5.260000e+000 1.485480e+000
    endloop
  endfacet
  facet normal 6.078214e-001 4.981250e-001 -6.184049e-001
    outer loop
      vertex   -1.207371e+000 5.060000e+000 1.314717e+000
      vertex   -1.377835e+000 5.260000e+000 1.308270e+000
      vertex   -1.284293e+000 5.260000e+000 1.400211e+000
    endloop
  endfacet
  facet normal 6.086325e-001 4.988613e-001 -6.170121e-001
    outer loop
      vertex   -1.207371e+000 5.060000e+000 1.314717e+000
      vertex   -1.298085e+000 5.060000e+000 1.225234e+000
      vertex   -1.377835e+000 5.260000e+000 1.308270e+000
    endloop
  endfacet
  facet normal 6.492303e-001 4.976767e-001 -5.751678e-001
    outer loop
      vertex   -1.377835e+000 5.260000e+000 1.308270e+000
      vertex   -1.298085e+000 5.060000e+000 1.225234e+000
      vertex   -1.464811e+000 5.260000e+000 1.210094e+000
    endloop
  endfacet
  facet normal 6.509003e-001 4.993203e-001 -5.718462e-001
    outer loop
      vertex   -1.464811e+000 5.260000e+000 1.210094e+000
      vertex   -1.298085e+000 5.060000e+000 1.225234e+000
      vertex   -1.382185e+000 5.060000e+000 1.129508e+000
    endloop
  endfacet
  facet normal 6.898420e-001 4.997447e-001 -5.238065e-001
    outer loop
      vertex   -1.544807e+000 5.260000e+000 1.106152e+000
      vertex   -1.382185e+000 5.060000e+000 1.129508e+000
      vertex   -1.459242e+000 5.060000e+000 1.028026e+000
    endloop
  endfacet
  facet normal 7.252638e-001 5.001346e-001 -4.731361e-001
    outer loop
      vertex   -1.617440e+000 5.260000e+000 9.969385e-001
      vertex   -1.459242e+000 5.060000e+000 1.028026e+000
      vertex   -1.528862e+000 5.060000e+000 9.213059e-001
    endloop
  endfacet
  facet normal 7.569895e-001 5.004901e-001 -4.200912e-001
    outer loop
      vertex   -1.682366e+000 5.260000e+000 8.829740e-001
      vertex   -1.528862e+000 5.060000e+000 9.213059e-001
      vertex   -1.590692e+000 5.060000e+000 8.098908e-001
    endloop
  endfacet
  facet normal 7.848613e-001 5.008111e-001 -3.649396e-001
    outer loop
      vertex   -1.739275e+000 5.260000e+000 7.648018e-001
      vertex   -1.590692e+000 5.060000e+000 8.098908e-001
      vertex   -1.644416e+000 5.060000e+000 6.943486e-001
    endloop
  endfacet
  facet normal 8.087410e-001 5.010979e-001 -3.079593e-001
    outer loop
      vertex   -1.787896e+000 5.260000e+000 6.429849e-001
      vertex   -1.644416e+000 5.060000e+000 6.943486e-001
      vertex   -1.689761e+000 5.060000e+000 5.752681e-001
    endloop
  endfacet
  facet normal 8.285099e-001 5.013504e-001 -2.494376e-001
    outer loop
      vertex   -1.827996e+000 5.260000e+000 5.181038e-001
      vertex   -1.689761e+000 5.060000e+000 5.752681e-001
      vertex   -1.726495e+000 5.060000e+000 4.532562e-001
    endloop
  endfacet
  facet normal 8.440702e-001 5.015687e-001 -1.896691e-001
    outer loop
      vertex   -1.859385e+000 5.260000e+000 3.907538e-001
      vertex   -1.726495e+000 5.060000e+000 4.532562e-001
      vertex   -1.754431e+000 5.060000e+000 3.289347e-001
    endloop
  endfacet
  facet normal 8.553448e-001 5.017529e-001 -1.289547e-001
    outer loop
      vertex   -1.881913e+000 5.260000e+000 2.615417e-001
      vertex   -1.754431e+000 5.060000e+000 3.289347e-001
      vertex   -1.773427e+000 5.060000e+000 2.029369e-001
    endloop
  endfacet
  facet normal 8.622782e-001 5.019029e-001 -6.759970e-002
    outer loop
      vertex   -1.895473e+000 5.260000e+000 1.310832e-001
      vertex   -1.773427e+000 5.060000e+000 2.029369e-001
      vertex   -1.783385e+000 5.060000e+000 7.590508e-002
    endloop
  endfacet
  facet normal 8.648365e-001 5.020188e-001 -5.912776e-003
    outer loop
      vertex   -1.900000e+000 5.260000e+000 0.000000e+000
      vertex   -1.783385e+000 5.060000e+000 7.590508e-002
      vertex   -1.784257e+000 5.060000e+000 -5.151357e-002
    endloop
  endfacet
  facet normal 8.630074e-001 5.021007e-001 5.579595e-002
    outer loop
      vertex   -1.895473e+000 5.260000e+000 -1.310832e-001
      vertex   -1.784257e+000 5.060000e+000 -5.151357e-002
      vertex   -1.776036e+000 5.060000e+000 -1.786697e-001
    endloop
  endfacet
  facet normal 8.568006e-001 5.021485e-001 1.172163e-001
    outer loop
      vertex   -1.881913e+000 5.260000e+000 -2.615417e-001
      vertex   -1.776036e+000 5.060000e+000 -1.786697e-001
      vertex   -1.758764e+000 5.060000e+000 -3.049154e-001
    endloop
  endfacet
  facet normal 8.462476e-001 5.021623e-001 1.780394e-001
    outer loop
      vertex   -1.859385e+000 5.260000e+000 -3.907538e-001
      vertex   -1.758764e+000 5.060000e+000 -3.049154e-001
      vertex   -1.732531e+000 5.060000e+000 -4.296073e-001
    endloop
  endfacet
  facet normal 8.314016e-001 5.021420e-001 2.379596e-001
    outer loop
      vertex   -1.827996e+000 5.260000e+000 -5.181038e-001
      vertex   -1.732531e+000 5.060000e+000 -4.296073e-001
      vertex   -1.697469e+000 5.060000e+000 -5.521101e-001
    endloop
  endfacet
  facet normal 8.123371e-001 5.020877e-001 2.966757e-001
    outer loop
      vertex   -1.787896e+000 5.260000e+000 -6.429849e-001
      vertex   -1.697469e+000 5.060000e+000 -5.521101e-001
      vertex   -1.653757e+000 5.060000e+000 -6.717994e-001
    endloop
  endfacet
  facet normal 7.891495e-001 5.019993e-001 3.538922e-001
    outer loop
      vertex   -1.739275e+000 5.260000e+000 -7.648018e-001
      vertex   -1.653757e+000 5.060000e+000 -6.717994e-001
      vertex   -1.601617e+000 5.060000e+000 -7.880653e-001
    endloop
  endfacet
  facet normal 7.619551e-001 5.018769e-001 4.093215e-001
    outer loop
      vertex   -1.682366e+000 5.260000e+000 -8.829740e-001
      vertex   -1.601617e+000 5.060000e+000 -7.880653e-001
      vertex   -1.541317e+000 5.060000e+000 -9.003155e-001
    endloop
  endfacet
  facet normal 7.308898e-001 5.017203e-001 4.626844e-001
    outer loop
      vertex   -1.617440e+000 5.260000e+000 -9.969385e-001
      vertex   -1.541317e+000 5.060000e+000 -9.003155e-001
      vertex   -1.473162e+000 5.060000e+000 -1.007978e+000
    endloop
  endfacet
  facet normal 6.961090e-001 5.015297e-001 5.137123e-001
    outer loop
      vertex   -1.544807e+000 5.260000e+000 -1.106152e+000
      vertex   -1.473162e+000 5.060000e+000 -1.007978e+000
      vertex   -1.397500e+000 5.060000e+000 -1.110504e+000
    endloop
  endfacet
  facet normal 6.577866e-001 5.013048e-001 5.621479e-001
    outer loop
      vertex   -1.464811e+000 5.260000e+000 -1.210094e+000
      vertex   -1.397500e+000 5.060000e+000 -1.110504e+000
      vertex   -1.314717e+000 5.060000e+000 -1.207371e+000
    endloop
  endfacet
  facet normal 6.161143e-001 5.010458e-001 6.077469e-001
    outer loop
      vertex   -1.377835e+000 5.260000e+000 -1.308270e+000
      vertex   -1.314717e+000 5.060000e+000 -1.207371e+000
      vertex   -1.225234e+000 5.060000e+000 -1.298085e+000
    endloop
  endfacet
  facet normal 5.713004e-001 5.007525e-001 6.502791e-001
    outer loop
      vertex   -1.284293e+000 5.260000e+000 -1.400211e+000
      vertex   -1.225234e+000 5.060000e+000 -1.298085e+000
      vertex   -1.129508e+000 5.060000e+000 -1.382185e+000
    endloop
  endfacet
  facet normal 5.235690e-001 5.004248e-001 6.895292e-001
    outer loop
      vertex   -1.184631e+000 5.260000e+000 -1.485480e+000
      vertex   -1.129508e+000 5.060000e+000 -1.382185e+000
      vertex   -1.028026e+000 5.060000e+000 -1.459242e+000
    endloop
  endfacet
  facet normal 4.731588e-001 5.000628e-001 7.252985e-001
    outer loop
      vertex   -1.079323e+000 5.260000e+000 -1.563669e+000
      vertex   -1.028026e+000 5.060000e+000 -1.459242e+000
      vertex   -9.213059e-001 5.060000e+000 -1.528862e+000
    endloop
  endfacet
  facet normal 4.203221e-001 4.996663e-001 7.574054e-001
    outer loop
      vertex   -9.688719e-001 5.260000e+000 -1.634407e+000
      vertex   -9.213059e-001 5.060000e+000 -1.528862e+000
      vertex   -8.098908e-001 5.060000e+000 -1.590692e+000
    endloop
  endfacet
  facet normal 3.653232e-001 4.992353e-001 7.856863e-001
    outer loop
      vertex   -8.538038e-001 5.260000e+000 -1.697357e+000
      vertex   -8.098908e-001 5.060000e+000 -1.590692e+000
      vertex   -6.943486e-001 5.060000e+000 -1.644416e+000
    endloop
  endfacet
  facet normal 3.084376e-001 4.987697e-001 8.099969e-001
    outer loop
      vertex   -7.346668e-001 5.260000e+000 -1.752217e+000
      vertex   -6.943486e-001 5.060000e+000 -1.644416e+000
      vertex   -5.752681e-001 5.060000e+000 -1.689761e+000
    endloop
  endfacet
  facet normal 2.507860e-001 4.982816e-001 8.299529e-001
    outer loop
      vertex   -6.120288e-001 5.260000e+000 -1.798728e+000
      vertex   -5.752681e-001 5.060000e+000 -1.689761e+000
      vertex   -4.864743e-001 5.260000e+000 -1.836666e+000
    endloop
  endfacet
  facet normal 3.074616e-001 4.982143e-001 8.107095e-001
    outer loop
      vertex   -6.120288e-001 5.260000e+000 -1.798728e+000
      vertex   -7.346668e-001 5.260000e+000 -1.752217e+000
      vertex   -5.752681e-001 5.060000e+000 -1.689761e+000
    endloop
  endfacet
  facet normal 6.875541e-001 4.972602e-001 -5.291519e-001
    outer loop
      vertex   -1.464811e+000 5.260000e+000 1.210094e+000
      vertex   -1.382185e+000 5.060000e+000 1.129508e+000
      vertex   -1.544807e+000 5.260000e+000 1.106152e+000
    endloop
  endfacet
  facet normal 7.226060e-001 4.968756e-001 -4.805779e-001
    outer loop
      vertex   -1.544807e+000 5.260000e+000 1.106152e+000
      vertex   -1.459242e+000 5.060000e+000 1.028026e+000
      vertex   -1.617440e+000 5.260000e+000 9.969385e-001
    endloop
  endfacet
  facet normal 7.542152e-001 4.965231e-001 -4.296793e-001
    outer loop
      vertex   -1.617440e+000 5.260000e+000 9.969385e-001
      vertex   -1.528862e+000 5.060000e+000 9.213059e-001
      vertex   -1.682366e+000 5.260000e+000 8.829740e-001
    endloop
  endfacet
  facet normal 7.822272e-001 4.962027e-001 -3.767008e-001
    outer loop
      vertex   -1.682366e+000 5.260000e+000 8.829740e-001
      vertex   -1.590692e+000 5.060000e+000 8.098908e-001
      vertex   -1.739275e+000 5.260000e+000 7.648018e-001
    endloop
  endfacet
  facet normal 8.065053e-001 4.959145e-001 -3.218975e-001
    outer loop
      vertex   -1.739275e+000 5.260000e+000 7.648018e-001
      vertex   -1.644416e+000 5.060000e+000 6.943486e-001
      vertex   -1.787896e+000 5.260000e+000 6.429849e-001
    endloop
  endfacet
  facet normal 8.269309e-001 4.956585e-001 -2.655334e-001
    outer loop
      vertex   -1.787896e+000 5.260000e+000 6.429849e-001
      vertex   -1.689761e+000 5.060000e+000 5.752681e-001
      vertex   -1.827996e+000 5.260000e+000 5.181038e-001
    endloop
  endfacet
  facet normal 8.434039e-001 4.954348e-001 -2.078804e-001
    outer loop
      vertex   -1.827996e+000 5.260000e+000 5.181038e-001
      vertex   -1.726495e+000 5.060000e+000 4.532562e-001
      vertex   -1.859385e+000 5.260000e+000 3.907538e-001
    endloop
  endfacet
  facet normal 8.558437e-001 4.952434e-001 -1.492164e-001
    outer loop
      vertex   -1.859385e+000 5.260000e+000 3.907538e-001
      vertex   -1.754431e+000 5.060000e+000 3.289347e-001
      vertex   -1.881913e+000 5.260000e+000 2.615417e-001
    endloop
  endfacet
  facet normal 8.641892e-001 4.950843e-001 -8.982460e-002
    outer loop
      vertex   -1.881913e+000 5.260000e+000 2.615417e-001
      vertex   -1.773427e+000 5.060000e+000 2.029369e-001
      vertex   -1.895473e+000 5.260000e+000 1.310832e-001
    endloop
  endfacet
  facet normal 8.683993e-001 4.949577e-001 -2.999166e-002
    outer loop
      vertex   -1.895473e+000 5.260000e+000 1.310832e-001
      vertex   -1.783385e+000 5.060000e+000 7.590508e-002
      vertex   -1.900000e+000 5.260000e+000 0.000000e+000
    endloop
  endfacet
  facet normal 8.684530e-001 4.948634e-001 2.999352e-002
    outer loop
      vertex   -1.900000e+000 5.260000e+000 0.000000e+000
      vertex   -1.784257e+000 5.060000e+000 -5.151357e-002
      vertex   -1.895473e+000 5.260000e+000 -1.310832e-001
    endloop
  endfacet
  facet normal 8.643494e-001 4.948016e-001 8.984125e-002
    outer loop
      vertex   -1.895473e+000 5.260000e+000 -1.310832e-001
      vertex   -1.776036e+000 5.060000e+000 -1.786697e-001
      vertex   -1.881913e+000 5.260000e+000 -2.615417e-001
    endloop
  endfacet
  facet normal 8.561081e-001 4.947723e-001 1.492625e-001
    outer loop
      vertex   -1.881913e+000 5.260000e+000 -2.615417e-001
      vertex   -1.758764e+000 5.060000e+000 -3.049154e-001
      vertex   -1.859385e+000 5.260000e+000 -3.907538e-001
    endloop
  endfacet
  facet normal 8.437687e-001 4.947754e-001 2.079703e-001
    outer loop
      vertex   -1.859385e+000 5.260000e+000 -3.907538e-001
      vertex   -1.732531e+000 5.060000e+000 -4.296073e-001
      vertex   -1.827996e+000 5.260000e+000 -5.181038e-001
    endloop
  endfacet
  facet normal 8.273909e-001 4.948109e-001 2.656812e-001
    outer loop
      vertex   -1.827996e+000 5.260000e+000 -5.181038e-001
      vertex   -1.697469e+000 5.060000e+000 -5.521101e-001
      vertex   -1.787896e+000 5.260000e+000 -6.429849e-001
    endloop
  endfacet
  facet normal 8.070538e-001 4.948789e-001 3.221164e-001
    outer loop
      vertex   -1.787896e+000 5.260000e+000 -6.429849e-001
      vertex   -1.653757e+000 5.060000e+000 -6.717994e-001
      vertex   -1.739275e+000 5.260000e+000 -7.648018e-001
    endloop
  endfacet
  facet normal 7.828561e-001 4.949794e-001 3.770036e-001
    outer loop
      vertex   -1.739275e+000 5.260000e+000 -7.648018e-001
      vertex   -1.601617e+000 5.060000e+000 -7.880653e-001
      vertex   -1.682366e+000 5.260000e+000 -8.829740e-001
    endloop
  endfacet
  facet normal 7.549151e-001 4.951122e-001 4.300780e-001
    outer loop
      vertex   -1.682366e+000 5.260000e+000 -8.829740e-001
      vertex   -1.541317e+000 5.060000e+000 -9.003155e-001
      vertex   -1.617440e+000 5.260000e+000 -9.969385e-001
    endloop
  endfacet
  facet normal 7.233664e-001 4.952774e-001 4.810836e-001
    outer loop
      vertex   -1.617440e+000 5.260000e+000 -9.969385e-001
      vertex   -1.473162e+000 5.060000e+000 -1.007978e+000
      vertex   -1.544807e+000 5.260000e+000 -1.106152e+000
    endloop
  endfacet
  facet normal 6.883630e-001 4.954750e-001 5.297744e-001
    outer loop
      vertex   -1.544807e+000 5.260000e+000 -1.106152e+000
      vertex   -1.397500e+000 5.060000e+000 -1.110504e+000
      vertex   -1.464811e+000 5.260000e+000 -1.210094e+000
    endloop
  endfacet
  facet normal 6.500749e-001 4.957049e-001 5.759161e-001
    outer loop
      vertex   -1.464811e+000 5.260000e+000 -1.210094e+000
      vertex   -1.314717e+000 5.060000e+000 -1.207371e+000
      vertex   -1.377835e+000 5.260000e+000 -1.308270e+000
    endloop
  endfacet
  facet normal 6.086879e-001 4.959670e-001 6.192865e-001
    outer loop
      vertex   -1.377835e+000 5.260000e+000 -1.308270e+000
      vertex   -1.225234e+000 5.060000e+000 -1.298085e+000
      vertex   -1.284293e+000 5.260000e+000 -1.400211e+000
    endloop
  endfacet
  facet normal 5.644029e-001 4.962614e-001 6.596772e-001
    outer loop
      vertex   -1.284293e+000 5.260000e+000 -1.400211e+000
      vertex   -1.129508e+000 5.060000e+000 -1.382185e+000
      vertex   -1.184631e+000 5.260000e+000 -1.485480e+000
    endloop
  endfacet
  facet normal 5.174349e-001 4.965880e-001 6.968942e-001
    outer loop
      vertex   -1.184631e+000 5.260000e+000 -1.485480e+000
      vertex   -1.028026e+000 5.060000e+000 -1.459242e+000
      vertex   -1.079323e+000 5.260000e+000 -1.563669e+000
    endloop
  endfacet
  facet normal 4.680117e-001 4.969466e-001 7.307593e-001
    outer loop
      vertex   -1.079323e+000 5.260000e+000 -1.563669e+000
      vertex   -9.213059e-001 5.060000e+000 -1.528862e+000
      vertex   -9.688719e-001 5.260000e+000 -1.634407e+000
    endloop
  endfacet
  facet normal 4.163733e-001 4.973372e-001 7.611104e-001
    outer loop
      vertex   -9.688719e-001 5.260000e+000 -1.634407e+000
      vertex   -8.098908e-001 5.060000e+000 -1.590692e+000
      vertex   -8.538038e-001 5.260000e+000 -1.697357e+000
    endloop
  endfacet
  facet normal 3.627699e-001 4.977598e-001 7.878027e-001
    outer loop
      vertex   -8.538038e-001 5.260000e+000 -1.697357e+000
      vertex   -6.943486e-001 5.060000e+000 -1.644416e+000
      vertex   -7.346668e-001 5.260000e+000 -1.752217e+000
    endloop
  endfacet
  facet normal 2.498787e-001 4.987006e-001 8.299749e-001
    outer loop
      vertex   -5.752681e-001 5.060000e+000 -1.689761e+000
      vertex   -4.532562e-001 5.060000e+000 -1.726495e+000
      vertex   -4.864743e-001 5.260000e+000 -1.836666e+000
    endloop
  endfacet
  facet normal 1.929877e-001 4.978226e-001 8.455344e-001
    outer loop
      vertex   -4.864743e-001 5.260000e+000 -1.836666e+000
      vertex   -4.532562e-001 5.060000e+000 -1.726495e+000
      vertex   -3.586014e-001 5.260000e+000 -1.865852e+000
    endloop
  endfacet
  facet normal 1.899729e-001 4.991711e-001 8.454221e-001
    outer loop
      vertex   -3.586014e-001 5.260000e+000 -1.865852e+000
      vertex   -4.532562e-001 5.060000e+000 -1.726495e+000
      vertex   -3.289347e-001 5.060000e+000 -1.754431e+000
    endloop
  endfacet
  facet normal 1.291397e-001 4.996071e-001 8.565721e-001
    outer loop
      vertex   -2.290197e-001 5.260000e+000 -1.886147e+000
      vertex   -3.289347e-001 5.060000e+000 -1.754431e+000
      vertex   -2.029369e-001 5.060000e+000 -1.773427e+000
    endloop
  endfacet
  facet normal 6.768540e-002 5.000085e-001 8.633714e-001
    outer loop
      vertex   -9.834657e-002 5.260000e+000 -1.897453e+000
      vertex   -2.029369e-001 5.060000e+000 -1.773427e+000
      vertex   -7.590508e-002 5.060000e+000 -1.783385e+000
    endloop
  endfacet
  facet normal 5.919283e-003 5.003754e-001 8.657883e-001
    outer loop
      vertex   3.279522e-002 5.260000e+000 -1.899717e+000
      vertex   -7.590508e-002 5.060000e+000 -1.783385e+000
      vertex   5.151357e-002 5.060000e+000 -1.784257e+000
    endloop
  endfacet
  facet normal -5.584803e-002 5.007079e-001 8.638128e-001
    outer loop
      vertex   1.637807e-001 5.260000e+000 -1.892928e+000
      vertex   5.151357e-002 5.060000e+000 -1.784257e+000
      vertex   1.786697e-001 5.060000e+000 -1.776036e+000
    endloop
  endfacet
  facet normal -1.173060e-001 5.010061e-001 8.574568e-001
    outer loop
      vertex   2.939857e-001 5.260000e+000 -1.877118e+000
      vertex   1.786697e-001 5.060000e+000 -1.776036e+000
      vertex   3.049154e-001 5.060000e+000 -1.758764e+000
    endloop
  endfacet
  facet normal -1.781460e-001 5.012700e-001 8.467540e-001
    outer loop
      vertex   4.227898e-001 5.260000e+000 -1.852363e+000
      vertex   3.049154e-001 5.060000e+000 -1.758764e+000
      vertex   4.296073e-001 5.060000e+000 -1.732531e+000
    endloop
  endfacet
  facet normal -2.380622e-001 5.014998e-001 8.317598e-001
    outer loop
      vertex   5.495790e-001 5.260000e+000 -1.818781e+000
      vertex   4.296073e-001 5.060000e+000 -1.732531e+000
      vertex   5.521101e-001 5.060000e+000 -1.697469e+000
    endloop
  endfacet
  facet normal -2.967538e-001 5.016953e-001 8.125509e-001
    outer loop
      vertex   6.737493e-001 5.260000e+000 -1.776531e+000
      vertex   5.521101e-001 5.060000e+000 -1.697469e+000
      vertex   6.717994e-001 5.060000e+000 -1.653757e+000
    endloop
  endfacet
  facet normal -3.539261e-001 5.018567e-001 7.892251e-001
    outer loop
      vertex   7.947088e-001 5.260000e+000 -1.725815e+000
      vertex   6.717994e-001 5.060000e+000 -1.653757e+000
      vertex   7.880653e-001 5.060000e+000 -1.601617e+000
    endloop
  endfacet
  facet normal -4.092921e-001 5.019840e-001 7.619003e-001
    outer loop
      vertex   9.118812e-001 5.260000e+000 -1.666875e+000
      vertex   7.880653e-001 5.060000e+000 -1.601617e+000
      vertex   9.003155e-001 5.060000e+000 -1.541317e+000
    endloop
  endfacet
  facet normal -4.625736e-001 5.020772e-001 7.307148e-001
    outer loop
      vertex   1.024708e+000 5.260000e+000 -1.599992e+000
      vertex   9.003155e-001 5.060000e+000 -1.541317e+000
      vertex   1.007978e+000 5.060000e+000 -1.473162e+000
    endloop
  endfacet
  facet normal -5.135033e-001 5.021364e-001 6.958258e-001
    outer loop
      vertex   1.132652e+000 5.260000e+000 -1.525484e+000
      vertex   1.007978e+000 5.060000e+000 -1.473162e+000
      vertex   1.110504e+000 5.060000e+000 -1.397500e+000
    endloop
  endfacet
  facet normal -5.618251e-001 5.021615e-001 6.574089e-001
    outer loop
      vertex   1.235198e+000 5.260000e+000 -1.443706e+000
      vertex   1.110504e+000 5.060000e+000 -1.397500e+000
      vertex   1.207371e+000 5.060000e+000 -1.314717e+000
    endloop
  endfacet
  facet normal -6.072963e-001 5.021525e-001 6.156574e-001
    outer loop
      vertex   1.331858e+000 5.260000e+000 -1.355048e+000
      vertex   1.207371e+000 5.060000e+000 -1.314717e+000
      vertex   1.298085e+000 5.060000e+000 -1.225234e+000
    endloop
  endfacet
  facet normal -6.496882e-001 5.021096e-001 5.707813e-001
    outer loop
      vertex   1.422170e+000 5.260000e+000 -1.259933e+000
      vertex   1.298085e+000 5.060000e+000 -1.225234e+000
      vertex   1.382185e+000 5.060000e+000 -1.129508e+000
    endloop
  endfacet
  facet normal -6.887875e-001 5.020326e-001 5.230058e-001
    outer loop
      vertex   1.505706e+000 5.260000e+000 -1.158814e+000
      vertex   1.382185e+000 5.060000e+000 -1.129508e+000
      vertex   1.459242e+000 5.060000e+000 -1.028026e+000
    endloop
  endfacet
  facet normal -7.243974e-001 5.019215e-001 4.725709e-001
    outer loop
      vertex   1.582066e+000 5.260000e+000 -1.052172e+000
      vertex   1.459242e+000 5.060000e+000 -1.028026e+000
      vertex   1.528862e+000 5.060000e+000 -9.213059e-001
    endloop
  endfacet
  facet normal -7.563382e-001 5.017763e-001 4.197298e-001
    outer loop
      vertex   1.650887e+000 5.260000e+000 -9.405167e-001
      vertex   1.528862e+000 5.060000e+000 -9.213059e-001
      vertex   1.590692e+000 5.060000e+000 -8.098908e-001
    endloop
  endfacet
  facet normal -7.844486e-001 5.015970e-001 3.647477e-001
    outer loop
      vertex   1.711841e+000 5.260000e+000 -8.243791e-001
      vertex   1.590692e+000 5.060000e+000 -8.098908e-001
      vertex   1.644416e+000 5.060000e+000 -6.943486e-001
    endloop
  endfacet
  facet normal -8.085863e-001 5.013836e-001 3.079005e-001
    outer loop
      vertex   1.764637e+000 5.260000e+000 -7.043130e-001
      vertex   1.644416e+000 5.060000e+000 -6.943486e-001
      vertex   1.689761e+000 5.060000e+000 -5.752681e-001
    endloop
  endfacet
  facet normal -8.286289e-001 5.011359e-001 2.494734e-001
    outer loop
      vertex   1.809024e+000 5.260000e+000 -5.808905e-001
      vertex   1.689761e+000 5.060000e+000 -5.752681e-001
      vertex   1.726495e+000 5.060000e+000 -4.532562e-001
    endloop
  endfacet
  facet normal -8.444740e-001 5.008541e-001 1.897599e-001
    outer loop
      vertex   1.844789e+000 5.260000e+000 -4.546998e-001
      vertex   1.726495e+000 5.060000e+000 -4.532562e-001
      vertex   1.754431e+000 5.060000e+000 -3.289347e-001
    endloop
  endfacet
  facet normal -8.560406e-001 5.005379e-001 1.290596e-001
    outer loop
      vertex   1.871764e+000 5.260000e+000 -3.263422e-001
      vertex   1.754431e+000 5.060000e+000 -3.289347e-001
      vertex   1.773427e+000 5.060000e+000 -2.029369e-001
    endloop
  endfacet
  facet normal -8.632685e-001 5.001873e-001 6.767733e-002
    outer loop
      vertex   1.889819e+000 5.260000e+000 -1.964295e-001
      vertex   1.773427e+000 5.060000e+000 -2.029369e-001
      vertex   1.783385e+000 5.060000e+000 -7.590508e-002
    endloop
  endfacet
  facet normal -8.661193e-001 4.998023e-001 5.921546e-003
    outer loop
      vertex   1.898868e+000 5.260000e+000 -6.558066e-002
      vertex   1.783385e+000 5.060000e+000 -7.590508e-002
      vertex   1.784257e+000 5.060000e+000 5.151357e-002
    endloop
  endfacet
  facet normal -8.645763e-001 4.993828e-001 -5.589739e-002
    outer loop
      vertex   1.898868e+000 5.260000e+000 6.558066e-002
      vertex   1.784257e+000 5.060000e+000 5.151357e-002
      vertex   1.776036e+000 5.060000e+000 1.786697e-001
    endloop
  endfacet
  facet normal -8.586450e-001 4.989287e-001 -1.174686e-001
    outer loop
      vertex   1.889819e+000 5.260000e+000 1.964295e-001
      vertex   1.776036e+000 5.060000e+000 1.786697e-001
      vertex   1.758764e+000 5.060000e+000 3.049154e-001
    endloop
  endfacet
  facet normal -8.483915e-001 4.984416e-001 -1.782914e-001
    outer loop
      vertex   1.871764e+000 5.260000e+000 3.263422e-001
      vertex   1.758764e+000 5.060000e+000 3.049154e-001
      vertex   1.844789e+000 5.260000e+000 4.546998e-001
    endloop
  endfacet
  facet normal -8.588882e-001 4.980593e-001 -1.193653e-001
    outer loop
      vertex   1.871764e+000 5.260000e+000 3.263422e-001
      vertex   1.889819e+000 5.260000e+000 1.964295e-001
      vertex   1.758764e+000 5.060000e+000 3.049154e-001
    endloop
  endfacet
  facet normal 1.342314e-001 4.973954e-001 8.570762e-001
    outer loop
      vertex   -3.586014e-001 5.260000e+000 -1.865852e+000
      vertex   -3.289347e-001 5.060000e+000 -1.754431e+000
      vertex   -2.290197e-001 5.260000e+000 -1.886147e+000
    endloop
  endfacet
  facet normal 7.480041e-002 4.970002e-001 8.645205e-001
    outer loop
      vertex   -2.290197e-001 5.260000e+000 -1.886147e+000
      vertex   -2.029369e-001 5.060000e+000 -1.773427e+000
      vertex   -9.834657e-002 5.260000e+000 -1.897453e+000
    endloop
  endfacet
  facet normal 1.498152e-002 4.966371e-001 8.678290e-001
    outer loop
      vertex   -9.834657e-002 5.260000e+000 -1.897453e+000
      vertex   -7.590508e-002 5.060000e+000 -1.783385e+000
      vertex   3.279522e-002 5.260000e+000 -1.899717e+000
    endloop
  endfacet
  facet normal -4.493650e-002 4.963059e-001 8.669839e-001
    outer loop
      vertex   3.279522e-002 5.260000e+000 -1.899717e+000
      vertex   5.151357e-002 5.060000e+000 -1.784257e+000
      vertex   1.637807e-001 5.260000e+000 -1.892928e+000
    endloop
  endfacet
  facet normal -1.046642e-001 4.960070e-001 8.619875e-001
    outer loop
      vertex   1.637807e-001 5.260000e+000 -1.892928e+000
      vertex   1.786697e-001 5.060000e+000 -1.776036e+000
      vertex   2.939857e-001 5.260000e+000 -1.877118e+000
    endloop
  endfacet
  facet normal -1.639131e-001 4.957402e-001 8.528623e-001
    outer loop
      vertex   2.939857e-001 5.260000e+000 -1.877118e+000
      vertex   3.049154e-001 5.060000e+000 -1.758764e+000
      vertex   4.227898e-001 5.260000e+000 -1.852363e+000
    endloop
  endfacet
  facet normal -2.223967e-001 4.955058e-001 8.396510e-001
    outer loop
      vertex   4.227898e-001 5.260000e+000 -1.852363e+000
      vertex   4.296073e-001 5.060000e+000 -1.732531e+000
      vertex   5.495790e-001 5.260000e+000 -1.818781e+000
    endloop
  endfacet
  facet normal -2.798325e-001 4.953036e-001 8.224161e-001
    outer loop
      vertex   5.495790e-001 5.260000e+000 -1.818781e+000
      vertex   5.521101e-001 5.060000e+000 -1.697469e+000
      vertex   6.737493e-001 5.260000e+000 -1.776531e+000
    endloop
  endfacet
  facet normal -3.359425e-001 4.951337e-001 8.012398e-001
    outer loop
      vertex   6.737493e-001 5.260000e+000 -1.776531e+000
      vertex   6.717994e-001 5.060000e+000 -1.653757e+000
      vertex   7.947088e-001 5.260000e+000 -1.725815e+000
    endloop
  endfacet
  facet normal -3.904557e-001 4.949963e-001 7.762235e-001
    outer loop
      vertex   7.947088e-001 5.260000e+000 -1.725815e+000
      vertex   7.880653e-001 5.060000e+000 -1.601617e+000
      vertex   9.118812e-001 5.260000e+000 -1.666875e+000
    endloop
  endfacet
  facet normal -4.431084e-001 4.948913e-001 7.474875e-001
    outer loop
      vertex   9.118812e-001 5.260000e+000 -1.666875e+000
      vertex   9.003155e-001 5.060000e+000 -1.541317e+000
      vertex   1.024708e+000 5.260000e+000 -1.599992e+000
    endloop
  endfacet
  facet normal -4.936461e-001 4.948186e-001 7.151699e-001
    outer loop
      vertex   1.024708e+000 5.260000e+000 -1.599992e+000
      vertex   1.007978e+000 5.060000e+000 -1.473162e+000
      vertex   1.132652e+000 5.260000e+000 -1.525484e+000
    endloop
  endfacet
  facet normal -5.418246e-001 4.947785e-001 6.794265e-001
    outer loop
      vertex   1.132652e+000 5.260000e+000 -1.525484e+000
      vertex   1.110504e+000 5.060000e+000 -1.397500e+000
      vertex   1.235198e+000 5.260000e+000 -1.443706e+000
    endloop
  endfacet
  facet normal -5.874109e-001 4.947708e-001 6.404298e-001
    outer loop
      vertex   1.235198e+000 5.260000e+000 -1.443706e+000
      vertex   1.207371e+000 5.060000e+000 -1.314717e+000
      vertex   1.331858e+000 5.260000e+000 -1.355048e+000
    endloop
  endfacet
  facet normal -6.301851e-001 4.947955e-001 5.983680e-001
    outer loop
      vertex   1.331858e+000 5.260000e+000 -1.355048e+000
      vertex   1.298085e+000 5.060000e+000 -1.225234e+000
      vertex   1.422170e+000 5.260000e+000 -1.259933e+000
    endloop
  endfacet
  facet normal -6.699405e-001 4.948527e-001 5.534443e-001
    outer loop
      vertex   1.422170e+000 5.260000e+000 -1.259933e+000
      vertex   1.382185e+000 5.060000e+000 -1.129508e+000
      vertex   1.505706e+000 5.260000e+000 -1.158814e+000
    endloop
  endfacet
  facet normal -7.064855e-001 4.949423e-001 5.058759e-001
    outer loop
      vertex   1.505706e+000 5.260000e+000 -1.158814e+000
      vertex   1.459242e+000 5.060000e+000 -1.028026e+000
      vertex   1.582066e+000 5.260000e+000 -1.052172e+000
    endloop
  endfacet
  facet normal -7.396439e-001 4.950643e-001 4.558928e-001
    outer loop
      vertex   1.582066e+000 5.260000e+000 -1.052172e+000
      vertex   1.528862e+000 5.060000e+000 -9.213059e-001
      vertex   1.650887e+000 5.260000e+000 -9.405167e-001
    endloop
  endfacet
  facet normal -7.692561e-001 4.952188e-001 4.037368e-001
    outer loop
      vertex   1.650887e+000 5.260000e+000 -9.405167e-001
      vertex   1.590692e+000 5.060000e+000 -8.098908e-001
      vertex   1.711841e+000 5.260000e+000 -8.243791e-001
    endloop
  endfacet
  facet normal -7.951800e-001 4.954056e-001 3.496600e-001
    outer loop
      vertex   1.711841e+000 5.260000e+000 -8.243791e-001
      vertex   1.644416e+000 5.060000e+000 -6.943486e-001
      vertex   1.764637e+000 5.260000e+000 -7.043130e-001
    endloop
  endfacet
  facet normal -8.172911e-001 4.956247e-001 2.939242e-001
    outer loop
      vertex   1.764637e+000 5.260000e+000 -7.043130e-001
      vertex   1.689761e+000 5.060000e+000 -5.752681e-001
      vertex   1.809024e+000 5.260000e+000 -5.808905e-001
    endloop
  endfacet
  facet normal -8.354838e-001 4.958761e-001 2.367989e-001
    outer loop
      vertex   1.809024e+000 5.260000e+000 -5.808905e-001
      vertex   1.726495e+000 5.060000e+000 -4.532562e-001
      vertex   1.844789e+000 5.260000e+000 -4.546998e-001
    endloop
  endfacet
  facet normal -8.496715e-001 4.961597e-001 1.785604e-001
    outer loop
      vertex   1.844789e+000 5.260000e+000 -4.546998e-001
      vertex   1.754431e+000 5.060000e+000 -3.289347e-001
      vertex   1.871764e+000 5.260000e+000 -3.263422e-001
    endloop
  endfacet
  facet normal -8.597873e-001 4.964755e-001 1.194902e-001
    outer loop
      vertex   1.871764e+000 5.260000e+000 -3.263422e-001
      vertex   1.773427e+000 5.060000e+000 -2.029369e-001
      vertex   1.889819e+000 5.260000e+000 -1.964295e-001
    endloop
  endfacet
  facet normal -8.657838e-001 4.968235e-001 5.987408e-002
    outer loop
      vertex   1.889819e+000 5.260000e+000 -1.964295e-001
      vertex   1.783385e+000 5.060000e+000 -7.590508e-002
      vertex   1.898868e+000 5.260000e+000 -6.558066e-002
    endloop
  endfacet
  facet normal -8.676340e-001 4.972035e-001 0.000000e+000
    outer loop
      vertex   1.898868e+000 5.260000e+000 -6.558066e-002
      vertex   1.784257e+000 5.060000e+000 5.151357e-002
      vertex   1.898868e+000 5.260000e+000 6.558066e-002
    endloop
  endfacet
  facet normal -8.653310e-001 4.976154e-001 -5.984276e-002
    outer loop
      vertex   1.898868e+000 5.260000e+000 6.558066e-002
      vertex   1.776036e+000 5.060000e+000 1.786697e-001
      vertex   1.889819e+000 5.260000e+000 1.964295e-001
    endloop
  endfacet
  facet normal -8.482983e-001 4.985360e-001 -1.784709e-001
    outer loop
      vertex   1.758764e+000 5.060000e+000 3.049154e-001
      vertex   1.732531e+000 5.060000e+000 4.296073e-001
      vertex   1.844789e+000 5.260000e+000 4.546998e-001
    endloop
  endfacet
  facet normal -8.343291e-001 4.979721e-001 -2.364716e-001
    outer loop
      vertex   1.844789e+000 5.260000e+000 4.546998e-001
      vertex   1.732531e+000 5.060000e+000 4.296073e-001
      vertex   1.809024e+000 5.260000e+000 5.808905e-001
    endloop
  endfacet
  facet normal -8.331382e-001 4.990181e-001 -2.384567e-001
    outer loop
      vertex   1.809024e+000 5.260000e+000 5.808905e-001
      vertex   1.732531e+000 5.060000e+000 4.296073e-001
      vertex   1.697469e+000 5.060000e+000 5.521101e-001
    endloop
  endfacet
  facet normal -8.137620e-001 4.994656e-001 -2.971961e-001
    outer loop
      vertex   1.764637e+000 5.260000e+000 7.043130e-001
      vertex   1.697469e+000 5.060000e+000 5.521101e-001
      vertex   1.653757e+000 5.060000e+000 6.717994e-001
    endloop
  endfacet
  facet normal -7.902696e-001 4.998785e-001 -3.543945e-001
    outer loop
      vertex   1.711841e+000 5.260000e+000 8.243791e-001
      vertex   1.653757e+000 5.060000e+000 6.717994e-001
      vertex   1.601617e+000 5.060000e+000 7.880653e-001
    endloop
  endfacet
  facet normal -7.627813e-001 5.002569e-001 -4.097653e-001
    outer loop
      vertex   1.650887e+000 5.260000e+000 9.405167e-001
      vertex   1.601617e+000 5.060000e+000 7.880653e-001
      vertex   1.541317e+000 5.060000e+000 9.003155e-001
    endloop
  endfacet
  facet normal -7.314375e-001 5.006009e-001 -4.630312e-001
    outer loop
      vertex   1.582066e+000 5.260000e+000 1.052172e+000
      vertex   1.541317e+000 5.060000e+000 9.003155e-001
      vertex   1.473162e+000 5.060000e+000 1.007978e+000
    endloop
  endfacet
  facet normal -6.963975e-001 5.009105e-001 -5.139252e-001
    outer loop
      vertex   1.505706e+000 5.260000e+000 1.158814e+000
      vertex   1.473162e+000 5.060000e+000 1.007978e+000
      vertex   1.397500e+000 5.060000e+000 1.110504e+000
    endloop
  endfacet
  facet normal -6.578390e-001 5.011859e-001 -5.621926e-001
    outer loop
      vertex   1.422170e+000 5.260000e+000 1.259933e+000
      vertex   1.397500e+000 5.060000e+000 1.110504e+000
      vertex   1.314717e+000 5.060000e+000 1.207371e+000
    endloop
  endfacet
  facet normal -6.159571e-001 5.014270e-001 -6.075918e-001
    outer loop
      vertex   1.331858e+000 5.260000e+000 1.355048e+000
      vertex   1.314717e+000 5.060000e+000 1.207371e+000
      vertex   1.225234e+000 5.060000e+000 1.298085e+000
    endloop
  endfacet
  facet normal -5.709634e-001 5.016339e-001 -6.498955e-001
    outer loop
      vertex   1.235198e+000 5.260000e+000 1.443706e+000
      vertex   1.225234e+000 5.060000e+000 1.298085e+000
      vertex   1.129508e+000 5.060000e+000 1.382185e+000
    endloop
  endfacet
  facet normal -5.230851e-001 5.018067e-001 -6.888919e-001
    outer loop
      vertex   1.132652e+000 5.260000e+000 1.525484e+000
      vertex   1.129508e+000 5.060000e+000 1.382185e+000
      vertex   1.028026e+000 5.060000e+000 1.459242e+000
    endloop
  endfacet
  facet normal -4.725634e-001 5.019453e-001 -7.243858e-001
    outer loop
      vertex   1.024708e+000 5.260000e+000 1.599992e+000
      vertex   1.028026e+000 5.060000e+000 1.459242e+000
      vertex   9.213059e-001 5.060000e+000 1.528862e+000
    endloop
  endfacet
  facet normal -4.196528e-001 5.020499e-001 -7.561993e-001
    outer loop
      vertex   9.118812e-001 5.260000e+000 1.666875e+000
      vertex   9.213059e-001 5.060000e+000 1.528862e+000
      vertex   8.098908e-001 5.060000e+000 1.590692e+000
    endloop
  endfacet
  facet normal -3.646196e-001 5.021204e-001 -7.841732e-001
    outer loop
      vertex   7.947088e-001 5.260000e+000 1.725815e+000
      vertex   8.098908e-001 5.060000e+000 1.590692e+000
      vertex   6.943486e-001 5.060000e+000 1.644416e+000
    endloop
  endfacet
  facet normal -3.077408e-001 5.021569e-001 -8.081671e-001
    outer loop
      vertex   6.737493e-001 5.260000e+000 1.776531e+000
      vertex   6.943486e-001 5.060000e+000 1.644416e+000
      vertex   5.752681e-001 5.060000e+000 1.689761e+000
    endloop
  endfacet
  facet normal -2.493023e-001 5.021593e-001 -8.280606e-001
    outer loop
      vertex   5.495790e-001 5.260000e+000 1.818781e+000
      vertex   5.752681e-001 5.060000e+000 1.689761e+000
      vertex   4.532562e-001 5.060000e+000 1.726495e+000
    endloop
  endfacet
  facet normal -1.895980e-001 5.021277e-001 -8.437537e-001
    outer loop
      vertex   4.227898e-001 5.260000e+000 1.852363e+000
      vertex   4.532562e-001 5.060000e+000 1.726495e+000
      vertex   3.289347e-001 5.060000e+000 1.754431e+000
    endloop
  endfacet
  facet normal -1.289279e-001 5.020620e-001 -8.551674e-001
    outer loop
      vertex   2.939857e-001 5.260000e+000 1.877118e+000
      vertex   3.289347e-001 5.060000e+000 1.754431e+000
      vertex   2.029369e-001 5.060000e+000 1.773427e+000
    endloop
  endfacet
  facet normal -6.759700e-002 5.019623e-001 -8.622439e-001
    outer loop
      vertex   1.637807e-001 5.260000e+000 1.892928e+000
      vertex   2.029369e-001 5.060000e+000 1.773427e+000
      vertex   7.590508e-002 5.060000e+000 1.783385e+000
    endloop
  endfacet
  facet normal -5.913531e-003 5.018285e-001 -8.649469e-001
    outer loop
      vertex   3.279522e-002 5.260000e+000 1.899717e+000
      vertex   7.590508e-002 5.060000e+000 1.783385e+000
      vertex   -5.151357e-002 5.060000e+000 1.784257e+000
    endloop
  endfacet
  facet normal 5.581243e-002 5.016606e-001 -8.632622e-001
    outer loop
      vertex   -9.834657e-002 5.260000e+000 1.897453e+000
      vertex   -5.151357e-002 5.060000e+000 1.784257e+000
      vertex   -1.786697e-001 5.060000e+000 1.776036e+000
    endloop
  endfacet
  facet normal 1.172705e-001 5.014585e-001 -8.571972e-001
    outer loop
      vertex   -2.290197e-001 5.260000e+000 1.886147e+000
      vertex   -1.786697e-001 5.060000e+000 1.776036e+000
      vertex   -3.049154e-001 5.060000e+000 1.758764e+000
    endloop
  endfacet
  facet normal 1.781517e-001 5.012223e-001 -8.467811e-001
    outer loop
      vertex   -3.586014e-001 5.260000e+000 1.865852e+000
      vertex   -3.049154e-001 5.060000e+000 1.758764e+000
      vertex   -4.296073e-001 5.060000e+000 1.732531e+000
    endloop
  endfacet
  facet normal 2.381495e-001 5.009518e-001 -8.320649e-001
    outer loop
      vertex   -4.864743e-001 5.260000e+000 1.836666e+000
      vertex   -4.296073e-001 5.060000e+000 1.732531e+000
      vertex   -5.521101e-001 5.060000e+000 1.697469e+000
    endloop
  endfacet
  facet normal 2.969621e-001 5.006471e-001 -8.131212e-001
    outer loop
      vertex   -6.120288e-001 5.260000e+000 1.798728e+000
      vertex   -5.521101e-001 5.060000e+000 1.697469e+000
      vertex   -6.717994e-001 5.060000e+000 1.653757e+000
    endloop
  endfacet
  facet normal 3.542930e-001 5.003080e-001 -7.900433e-001
    outer loop
      vertex   -7.346668e-001 5.260000e+000 1.752217e+000
      vertex   -6.717994e-001 5.060000e+000 1.653757e+000
      vertex   -7.880653e-001 5.060000e+000 1.601617e+000
    endloop
  endfacet
  facet normal 4.098535e-001 4.999345e-001 -7.629454e-001
    outer loop
      vertex   -8.538038e-001 5.260000e+000 1.697357e+000
      vertex   -7.880653e-001 5.060000e+000 1.601617e+000
      vertex   -9.003155e-001 5.060000e+000 1.541317e+000
    endloop
  endfacet
  facet normal 4.633630e-001 4.995265e-001 -7.319617e-001
    outer loop
      vertex   -9.688719e-001 5.260000e+000 1.634407e+000
      vertex   -9.003155e-001 5.060000e+000 1.541317e+000
      vertex   -1.007978e+000 5.060000e+000 1.473162e+000
    endloop
  endfacet
  facet normal 5.145514e-001 4.990840e-001 -6.972461e-001
    outer loop
      vertex   -1.079323e+000 5.260000e+000 1.563669e+000
      vertex   -1.007978e+000 5.060000e+000 1.473162e+000
      vertex   -1.110504e+000 5.060000e+000 1.397500e+000
    endloop
  endfacet
  facet normal 5.169840e-001 4.979078e-001 -6.962869e-001
    outer loop
      vertex   -1.184631e+000 5.260000e+000 1.485480e+000
      vertex   -1.079323e+000 5.260000e+000 1.563669e+000
      vertex   -1.110504e+000 5.060000e+000 1.397500e+000
    endloop
  endfacet
  facet normal -8.162631e-001 4.975343e-001 -2.935545e-001
    outer loop
      vertex   1.809024e+000 5.260000e+000 5.808905e-001
      vertex   1.697469e+000 5.060000e+000 5.521101e-001
      vertex   1.764637e+000 5.260000e+000 7.043130e-001
    endloop
  endfacet
  facet normal -7.942784e-001 4.971284e-001 -3.492636e-001
    outer loop
      vertex   1.764637e+000 5.260000e+000 7.043130e-001
      vertex   1.653757e+000 5.060000e+000 6.717994e-001
      vertex   1.711841e+000 5.260000e+000 8.243791e-001
    endloop
  endfacet
  facet normal -7.684794e-001 4.967546e-001 -4.033291e-001
    outer loop
      vertex   1.711841e+000 5.260000e+000 8.243791e-001
      vertex   1.601617e+000 5.060000e+000 7.880653e-001
      vertex   1.650887e+000 5.260000e+000 9.405167e-001
    endloop
  endfacet
  facet normal -7.389886e-001 4.964127e-001 -4.554889e-001
    outer loop
      vertex   1.650887e+000 5.260000e+000 9.405167e-001
      vertex   1.541317e+000 5.060000e+000 9.003155e-001
      vertex   1.582066e+000 5.260000e+000 1.052172e+000
    endloop
  endfacet
  facet normal -7.059470e-001 4.961031e-001 -5.054904e-001
    outer loop
      vertex   1.582066e+000 5.260000e+000 1.052172e+000
      vertex   1.473162e+000 5.060000e+000 1.007978e+000
      vertex   1.505706e+000 5.260000e+000 1.158814e+000
    endloop
  endfacet
  facet normal -6.695128e-001 4.958256e-001 -5.530910e-001
    outer loop
      vertex   1.505706e+000 5.260000e+000 1.158814e+000
      vertex   1.397500e+000 5.060000e+000 1.110504e+000
      vertex   1.422170e+000 5.260000e+000 1.259933e+000
    endloop
  endfacet
  facet normal -6.298607e-001 4.955803e-001 -5.980599e-001
    outer loop
      vertex   1.422170e+000 5.260000e+000 1.259933e+000
      vertex   1.314717e+000 5.060000e+000 1.207371e+000
      vertex   1.331858e+000 5.260000e+000 1.355048e+000
    endloop
  endfacet
  facet normal -5.871811e-001 4.953674e-001 -6.401792e-001
    outer loop
      vertex   1.331858e+000 5.260000e+000 1.355048e+000
      vertex   1.225234e+000 5.060000e+000 1.298085e+000
      vertex   1.235198e+000 5.260000e+000 1.443706e+000
    endloop
  endfacet
  facet normal -5.416796e-001 4.951868e-001 -6.792447e-001
    outer loop
      vertex   1.235198e+000 5.260000e+000 1.443706e+000
      vertex   1.129508e+000 5.060000e+000 1.382185e+000
      vertex   1.132652e+000 5.260000e+000 1.525484e+000
    endloop
  endfacet
  facet normal -4.935750e-001 4.950385e-001 -7.150668e-001
    outer loop
      vertex   1.132652e+000 5.260000e+000 1.525484e+000
      vertex   1.028026e+000 5.060000e+000 1.459242e+000
      vertex   1.024708e+000 5.260000e+000 1.599992e+000
    endloop
  endfacet
  facet normal -4.430993e-001 4.949227e-001 -7.474721e-001
    outer loop
      vertex   1.024708e+000 5.260000e+000 1.599992e+000
      vertex   9.213059e-001 5.060000e+000 1.528862e+000
      vertex   9.118812e-001 5.260000e+000 1.666875e+000
    endloop
  endfacet
  facet normal -3.904959e-001 4.948392e-001 -7.763035e-001
    outer loop
      vertex   9.118812e-001 5.260000e+000 1.666875e+000
      vertex   8.098908e-001 5.060000e+000 1.590692e+000
      vertex   7.947088e-001 5.260000e+000 1.725815e+000
    endloop
  endfacet
  facet normal -3.360186e-001 4.947883e-001 -8.014213e-001
    outer loop
      vertex   7.947088e-001 5.260000e+000 1.725815e+000
      vertex   6.943486e-001 5.060000e+000 1.644416e+000
      vertex   6.737493e-001 5.260000e+000 1.776531e+000
    endloop
  endfacet
  facet normal -2.799304e-001 4.947697e-001 -8.227040e-001
    outer loop
      vertex   6.737493e-001 5.260000e+000 1.776531e+000
      vertex   5.752681e-001 5.060000e+000 1.689761e+000
      vertex   5.495790e-001 5.260000e+000 1.818781e+000
    endloop
  endfacet
  facet normal -2.225021e-001 4.947836e-001 -8.400488e-001
    outer loop
      vertex   5.495790e-001 5.260000e+000 1.818781e+000
      vertex   4.532562e-001 5.060000e+000 1.726495e+000
      vertex   4.227898e-001 5.260000e+000 1.852363e+000
    endloop
  endfacet
  facet normal -1.640110e-001 4.948300e-001 -8.533719e-001
    outer loop
      vertex   4.227898e-001 5.260000e+000 1.852363e+000
      vertex   3.289347e-001 5.060000e+000 1.754431e+000
      vertex   2.939857e-001 5.260000e+000 1.877118e+000
    endloop
  endfacet
  facet normal -1.047397e-001 4.949088e-001 -8.626093e-001
    outer loop
      vertex   2.939857e-001 5.260000e+000 1.877118e+000
      vertex   2.029369e-001 5.060000e+000 1.773427e+000
      vertex   1.637807e-001 5.260000e+000 1.892928e+000
    endloop
  endfacet
  facet normal -4.497448e-002 4.950200e-001 -8.677168e-001
    outer loop
      vertex   1.637807e-001 5.260000e+000 1.892928e+000
      vertex   7.590508e-002 5.060000e+000 1.783385e+000
      vertex   3.279522e-002 5.260000e+000 1.899717e+000
    endloop
  endfacet
  facet normal 1.499604e-002 4.951637e-001 -8.686703e-001
    outer loop
      vertex   3.279522e-002 5.260000e+000 1.899717e+000
      vertex   -5.151357e-002 5.060000e+000 1.784257e+000
      vertex   -9.834657e-002 5.260000e+000 1.897453e+000
    endloop
  endfacet
  facet normal 7.488222e-002 4.953397e-001 -8.654659e-001
    outer loop
      vertex   -9.834657e-002 5.260000e+000 1.897453e+000
      vertex   -1.786697e-001 5.060000e+000 1.776036e+000
      vertex   -2.290197e-001 5.260000e+000 1.886147e+000
    endloop
  endfacet
  facet normal 1.343949e-001 4.955480e-001 -8.581201e-001
    outer loop
      vertex   -2.290197e-001 5.260000e+000 1.886147e+000
      vertex   -3.049154e-001 5.060000e+000 1.758764e+000
      vertex   -3.586014e-001 5.260000e+000 1.865852e+000
    endloop
  endfacet
  facet normal 1.932468e-001 4.957887e-001 -8.466695e-001
    outer loop
      vertex   -3.586014e-001 5.260000e+000 1.865852e+000
      vertex   -4.296073e-001 5.060000e+000 1.732531e+000
      vertex   -4.864743e-001 5.260000e+000 1.836666e+000
    endloop
  endfacet
  facet normal 2.511540e-001 4.960616e-001 -8.311706e-001
    outer loop
      vertex   -4.864743e-001 5.260000e+000 1.836666e+000
      vertex   -5.521101e-001 5.060000e+000 1.697469e+000
      vertex   -6.120288e-001 5.260000e+000 1.798728e+000
    endloop
  endfacet
  facet normal 3.078371e-001 4.963667e-001 -8.116997e-001
    outer loop
      vertex   -6.120288e-001 5.260000e+000 1.798728e+000
      vertex   -6.717994e-001 5.060000e+000 1.653757e+000
      vertex   -7.346668e-001 5.260000e+000 1.752217e+000
    endloop
  endfacet
  facet normal 3.630230e-001 4.967039e-001 -7.883524e-001
    outer loop
      vertex   -7.346668e-001 5.260000e+000 1.752217e+000
      vertex   -7.880653e-001 5.060000e+000 1.601617e+000
      vertex   -8.538038e-001 5.260000e+000 1.697357e+000
    endloop
  endfacet
  facet normal 4.164459e-001 4.970732e-001 -7.612431e-001
    outer loop
      vertex   -8.538038e-001 5.260000e+000 1.697357e+000
      vertex   -9.003155e-001 5.060000e+000 1.541317e+000
      vertex   -9.688719e-001 5.260000e+000 1.634407e+000
    endloop
  endfacet
  facet normal 4.678486e-001 4.974746e-001 -7.305045e-001
    outer loop
      vertex   -9.688719e-001 5.260000e+000 1.634407e+000
      vertex   -1.007978e+000 5.060000e+000 1.473162e+000
      vertex   -1.079323e+000 5.260000e+000 1.563669e+000
    endloop
  endfacet
  facet normal 9.994041e-001 0.000000e+000 3.451614e-002
    outer loop
      vertex   -1.895473e+000 5.260000e+000 -1.310832e-001
      vertex   -1.900000e+000 5.690000e+000 0.000000e+000
      vertex   -1.900000e+000 5.260000e+000 0.000000e+000
    endloop
  endfacet
  facet normal 9.994041e-001 -0.000000e+000 3.451614e-002
    outer loop
      vertex   -1.895473e+000 5.260000e+000 -1.310832e-001
      vertex   -1.895473e+000 5.690000e+000 -1.310832e-001
      vertex   -1.900000e+000 5.690000e+000 0.000000e+000
    endloop
  endfacet
  facet normal 9.946415e-001 0.000000e+000 1.033839e-001
    outer loop
      vertex   -1.895473e+000 5.260000e+000 -1.310832e-001
      vertex   -1.881913e+000 5.260000e+000 -2.615417e-001
      vertex   -1.895473e+000 5.690000e+000 -1.310832e-001
    endloop
  endfacet
  facet normal 9.946415e-001 -0.000000e+000 1.033839e-001
    outer loop
      vertex   -1.895473e+000 5.690000e+000 -1.310832e-001
      vertex   -1.881913e+000 5.260000e+000 -2.615417e-001
      vertex   -1.881913e+000 5.690000e+000 -2.615417e-001
    endloop
  endfacet
  facet normal 9.851390e-001 0.000000e+000 1.717591e-001
    outer loop
      vertex   -1.881913e+000 5.690000e+000 -2.615417e-001
      vertex   -1.881913e+000 5.260000e+000 -2.615417e-001
      vertex   -1.859385e+000 5.260000e+000 -3.907538e-001
    endloop
  endfacet
  facet normal 9.709418e-001 0.000000e+000 2.393157e-001
    outer loop
      vertex   -1.859385e+000 5.690000e+000 -3.907538e-001
      vertex   -1.859385e+000 5.260000e+000 -3.907538e-001
      vertex   -1.827996e+000 5.260000e+000 -5.181038e-001
    endloop
  endfacet
  facet normal 9.521177e-001 0.000000e+000 3.057318e-001
    outer loop
      vertex   -1.827996e+000 5.690000e+000 -5.181038e-001
      vertex   -1.827996e+000 5.260000e+000 -5.181038e-001
      vertex   -1.787896e+000 5.260000e+000 -6.429849e-001
    endloop
  endfacet
  facet normal 9.287562e-001 0.000000e+000 3.706910e-001
    outer loop
      vertex   -1.787896e+000 5.690000e+000 -6.429849e-001
      vertex   -1.787896e+000 5.260000e+000 -6.429849e-001
      vertex   -1.739275e+000 5.260000e+000 -7.648018e-001
    endloop
  endfacet
  facet normal 9.009689e-001 0.000000e+000 4.338837e-001
    outer loop
      vertex   -1.739275e+000 5.690000e+000 -7.648018e-001
      vertex   -1.739275e+000 5.260000e+000 -7.648018e-001
      vertex   -1.682366e+000 5.260000e+000 -8.829740e-001
    endloop
  endfacet
  facet normal 8.688880e-001 0.000000e+000 4.950088e-001
    outer loop
      vertex   -1.682366e+000 5.690000e+000 -8.829740e-001
      vertex   -1.682366e+000 5.260000e+000 -8.829740e-001
      vertex   -1.617440e+000 5.260000e+000 -9.969385e-001
    endloop
  endfacet
  facet normal 8.326664e-001 0.000000e+000 5.537749e-001
    outer loop
      vertex   -1.617440e+000 5.690000e+000 -9.969385e-001
      vertex   -1.617440e+000 5.260000e+000 -9.969385e-001
      vertex   -1.544807e+000 5.260000e+000 -1.106152e+000
    endloop
  endfacet
  facet normal 7.924768e-001 0.000000e+000 6.099020e-001
    outer loop
      vertex   -1.544807e+000 5.690000e+000 -1.106152e+000
      vertex   -1.544807e+000 5.260000e+000 -1.106152e+000
      vertex   -1.464811e+000 5.260000e+000 -1.210094e+000
    endloop
  endfacet
  facet normal 7.485107e-001 0.000000e+000 6.631227e-001
    outer loop
      vertex   -1.464811e+000 5.690000e+000 -1.210094e+000
      vertex   -1.464811e+000 5.260000e+000 -1.210094e+000
      vertex   -1.377835e+000 5.260000e+000 -1.308270e+000
    endloop
  endfacet
  facet normal 7.009777e-001 0.000000e+000 7.131832e-001
    outer loop
      vertex   -1.377835e+000 5.690000e+000 -1.308270e+000
      vertex   -1.377835e+000 5.260000e+000 -1.308270e+000
      vertex   -1.284293e+000 5.260000e+000 -1.400211e+000
    endloop
  endfacet
  facet normal 6.501041e-001 0.000000e+000 7.598452e-001
    outer loop
      vertex   -1.284293e+000 5.690000e+000 -1.400211e+000
      vertex   -1.284293e+000 5.260000e+000 -1.400211e+000
      vertex   -1.184631e+000 5.260000e+000 -1.485480e+000
    endloop
  endfacet
  facet normal 5.961325e-001 0.000000e+000 8.028861e-001
    outer loop
      vertex   -1.184631e+000 5.690000e+000 -1.485480e+000
      vertex   -1.184631e+000 5.260000e+000 -1.485480e+000
      vertex   -1.079323e+000 5.260000e+000 -1.563669e+000
    endloop
  endfacet
  facet normal 5.393200e-001 0.000000e+000 8.421009e-001
    outer loop
      vertex   -1.079323e+000 5.690000e+000 -1.563669e+000
      vertex   -1.079323e+000 5.260000e+000 -1.563669e+000
      vertex   -9.688719e-001 5.260000e+000 -1.634407e+000
    endloop
  endfacet
  facet normal 4.799375e-001 0.000000e+000 8.773027e-001
    outer loop
      vertex   -9.688719e-001 5.690000e+000 -1.634407e+000
      vertex   -9.688719e-001 5.260000e+000 -1.634407e+000
      vertex   -8.538038e-001 5.260000e+000 -1.697357e+000
    endloop
  endfacet
  facet normal 4.182678e-001 0.000000e+000 9.083238e-001
    outer loop
      vertex   -8.538038e-001 5.690000e+000 -1.697357e+000
      vertex   -8.538038e-001 5.260000e+000 -1.697357e+000
      vertex   -7.346668e-001 5.260000e+000 -1.752217e+000
    endloop
  endfacet
  facet normal 3.546049e-001 0.000000e+000 9.350162e-001
    outer loop
      vertex   -7.346668e-001 5.690000e+000 -1.752217e+000
      vertex   -7.346668e-001 5.260000e+000 -1.752217e+000
      vertex   -6.120288e-001 5.260000e+000 -1.798728e+000
    endloop
  endfacet
  facet normal 2.892521e-001 0.000000e+000 9.572530e-001
    outer loop
      vertex   -6.120288e-001 5.690000e+000 -1.798728e+000
      vertex   -6.120288e-001 5.260000e+000 -1.798728e+000
      vertex   -4.864743e-001 5.260000e+000 -1.836666e+000
    endloop
  endfacet
  facet normal 2.225209e-001 2.872650e-017 9.749279e-001
    outer loop
      vertex   -4.864743e-001 5.690000e+000 -1.836666e+000
      vertex   -4.864743e-001 5.260000e+000 -1.836666e+000
      vertex   -3.586014e-001 5.260000e+000 -1.865852e+000
    endloop
  endfacet
  facet normal 1.547293e-001 1.997489e-017 9.879569e-001
    outer loop
      vertex   -3.586014e-001 5.690000e+000 -1.865852e+000
      vertex   -3.586014e-001 5.260000e+000 -1.865852e+000
      vertex   -2.290197e-001 5.260000e+000 -1.886147e+000
    endloop
  endfacet
  facet normal 8.620038e-002 5.564049e-018 9.962778e-001
    outer loop
      vertex   -2.290197e-001 5.690000e+000 -1.886147e+000
      vertex   -2.290197e-001 5.260000e+000 -1.886147e+000
      vertex   -9.834657e-002 5.260000e+000 -1.897453e+000
    endloop
  endfacet
  facet normal 1.726064e-002 1.671206e-018 9.998510e-001
    outer loop
      vertex   -9.834657e-002 5.690000e+000 -1.897453e+000
      vertex   -9.834657e-002 5.260000e+000 -1.897453e+000
      vertex   3.279522e-002 5.260000e+000 -1.899717e+000
    endloop
  endfacet
  facet normal -5.176135e-002 -3.341084e-018 9.986595e-001
    outer loop
      vertex   3.279522e-002 5.690000e+000 -1.899717e+000
      vertex   3.279522e-002 5.260000e+000 -1.899717e+000
      vertex   1.637807e-001 5.260000e+000 -1.892928e+000
    endloop
  endfacet
  facet normal -1.205367e-001 -7.780384e-018 9.927089e-001
    outer loop
      vertex   1.637807e-001 5.690000e+000 -1.892928e+000
      vertex   1.637807e-001 5.260000e+000 -1.892928e+000
      vertex   2.939857e-001 5.260000e+000 -1.877118e+000
    endloop
  endfacet
  facet normal -1.887376e-001 -2.436521e-017 9.820276e-001
    outer loop
      vertex   2.939857e-001 5.690000e+000 -1.877118e+000
      vertex   2.939857e-001 5.260000e+000 -1.877118e+000
      vertex   4.227898e-001 5.260000e+000 -1.852363e+000
    endloop
  endfacet
  facet normal -2.560391e-001 -3.305355e-017 9.666664e-001
    outer loop
      vertex   4.227898e-001 5.690000e+000 -1.852363e+000
      vertex   4.227898e-001 5.260000e+000 -1.852363e+000
      vertex   5.495790e-001 5.260000e+000 -1.818781e+000
    endloop
  endfacet
  facet normal -3.221204e-001 0.000000e+000 9.466987e-001
    outer loop
      vertex   5.495790e-001 5.690000e+000 -1.818781e+000
      vertex   5.495790e-001 5.260000e+000 -1.818781e+000
      vertex   6.737493e-001 5.260000e+000 -1.776531e+000
    endloop
  endfacet
  facet normal -3.866667e-001 0.000000e+000 9.222195e-001
    outer loop
      vertex   6.737493e-001 5.690000e+000 -1.776531e+000
      vertex   6.737493e-001 5.260000e+000 -1.776531e+000
      vertex   7.947088e-001 5.260000e+000 -1.725815e+000
    endloop
  endfacet
  facet normal -4.493704e-001 0.000000e+000 8.933455e-001
    outer loop
      vertex   7.947088e-001 5.690000e+000 -1.725815e+000
      vertex   7.947088e-001 5.260000e+000 -1.725815e+000
      vertex   9.118812e-001 5.260000e+000 -1.666875e+000
    endloop
  endfacet
  facet normal -5.099326e-001 0.000000e+000 8.602144e-001
    outer loop
      vertex   9.118812e-001 5.690000e+000 -1.666875e+000
      vertex   9.118812e-001 5.260000e+000 -1.666875e+000
      vertex   1.024708e+000 5.260000e+000 -1.599992e+000
    endloop
  endfacet
  facet normal -5.680647e-001 0.000000e+000 8.229839e-001
    outer loop
      vertex   1.024708e+000 5.690000e+000 -1.599992e+000
      vertex   1.024708e+000 5.260000e+000 -1.599992e+000
      vertex   1.132652e+000 5.260000e+000 -1.525484e+000
    endloop
  endfacet
  facet normal -6.234898e-001 0.000000e+000 7.818315e-001
    outer loop
      vertex   1.132652e+000 5.690000e+000 -1.525484e+000
      vertex   1.132652e+000 5.260000e+000 -1.525484e+000
      vertex   1.235198e+000 5.260000e+000 -1.443706e+000
    endloop
  endfacet
  facet normal -6.759436e-001 0.000000e+000 7.369533e-001
    outer loop
      vertex   1.235198e+000 5.690000e+000 -1.443706e+000
      vertex   1.235198e+000 5.260000e+000 -1.443706e+000
      vertex   1.331858e+000 5.260000e+000 -1.355048e+000
    endloop
  endfacet
  facet normal -7.251763e-001 0.000000e+000 6.885632e-001
    outer loop
      vertex   1.331858e+000 5.690000e+000 -1.355048e+000
      vertex   1.331858e+000 5.260000e+000 -1.355048e+000
      vertex   1.422170e+000 5.260000e+000 -1.259933e+000
    endloop
  endfacet
  facet normal -7.709532e-001 0.000000e+000 6.368918e-001
    outer loop
      vertex   1.422170e+000 5.690000e+000 -1.259933e+000
      vertex   1.422170e+000 5.260000e+000 -1.259933e+000
      vertex   1.505706e+000 5.260000e+000 -1.158814e+000
    endloop
  endfacet
  facet normal -8.130561e-001 0.000000e+000 5.821853e-001
    outer loop
      vertex   1.505706e+000 5.690000e+000 -1.158814e+000
      vertex   1.505706e+000 5.260000e+000 -1.158814e+000
      vertex   1.582066e+000 5.260000e+000 -1.052172e+000
    endloop
  endfacet
  facet normal -8.512844e-001 0.000000e+000 5.247045e-001
    outer loop
      vertex   1.582066e+000 5.690000e+000 -1.052172e+000
      vertex   1.582066e+000 5.260000e+000 -1.052172e+000
      vertex   1.650887e+000 5.260000e+000 -9.405167e-001
    endloop
  endfacet
  facet normal -8.854560e-001 0.000000e+000 4.647232e-001
    outer loop
      vertex   1.650887e+000 5.690000e+000 -9.405167e-001
      vertex   1.650887e+000 5.260000e+000 -9.405167e-001
      vertex   1.711841e+000 5.260000e+000 -8.243791e-001
    endloop
  endfacet
  facet normal -9.154080e-001 0.000000e+000 4.025272e-001
    outer loop
      vertex   1.711841e+000 5.690000e+000 -8.243791e-001
      vertex   1.711841e+000 5.260000e+000 -8.243791e-001
      vertex   1.764637e+000 5.260000e+000 -7.043130e-001
    endloop
  endfacet
  facet normal -9.409977e-001 0.000000e+000 3.384131e-001
    outer loop
      vertex   1.764637e+000 5.690000e+000 -7.043130e-001
      vertex   1.764637e+000 5.260000e+000 -7.043130e-001
      vertex   1.809024e+000 5.260000e+000 -5.808905e-001
    endloop
  endfacet
  facet normal -9.621030e-001 0.000000e+000 2.726862e-001
    outer loop
      vertex   1.809024e+000 5.690000e+000 -5.808905e-001
      vertex   1.809024e+000 5.260000e+000 -5.808905e-001
      vertex   1.844789e+000 5.260000e+000 -4.546998e-001
    endloop
  endfacet
  facet normal -9.786235e-001 0.000000e+000 2.056599e-001
    outer loop
      vertex   1.844789e+000 5.690000e+000 -4.546998e-001
      vertex   1.844789e+000 5.260000e+000 -4.546998e-001
      vertex   1.871764e+000 5.260000e+000 -3.263422e-001
    endloop
  endfacet
  facet normal -9.904804e-001 0.000000e+000 1.376535e-001
    outer loop
      vertex   1.871764e+000 5.690000e+000 -3.263422e-001
      vertex   1.871764e+000 5.260000e+000 -3.263422e-001
      vertex   1.889819e+000 5.260000e+000 -1.964295e-001
    endloop
  endfacet
  facet normal -9.976173e-001 0.000000e+000 6.899114e-002
    outer loop
      vertex   1.889819e+000 5.690000e+000 -1.964295e-001
      vertex   1.889819e+000 5.260000e+000 -1.964295e-001
      vertex   1.898868e+000 5.260000e+000 -6.558066e-002
    endloop
  endfacet
  facet normal -1.000000e+000 0.000000e+000 0.000000e+000
    outer loop
      vertex   1.898868e+000 5.690000e+000 -6.558066e-002
      vertex   1.898868e+000 5.260000e+000 -6.558066e-002
      vertex   1.898868e+000 5.260000e+000 6.558066e-002
    endloop
  endfacet
  facet normal -9.976173e-001 -0.000000e+000 -6.899114e-002
    outer loop
      vertex   1.898868e+000 5.690000e+000 6.558066e-002
      vertex   1.898868e+000 5.260000e+000 6.558066e-002
      vertex   1.889819e+000 5.260000e+000 1.964295e-001
    endloop
  endfacet
  facet normal -9.904804e-001 -0.000000e+000 -1.376535e-001
    outer loop
      vertex   1.889819e+000 5.690000e+000 1.964295e-001
      vertex   1.889819e+000 5.260000e+000 1.964295e-001
      vertex   1.871764e+000 5.260000e+000 3.263422e-001
    endloop
  endfacet
  facet normal -9.786235e-001 -0.000000e+000 -2.056599e-001
    outer loop
      vertex   1.871764e+000 5.690000e+000 3.263422e-001
      vertex   1.871764e+000 5.260000e+000 3.263422e-001
      vertex   1.844789e+000 5.260000e+000 4.546998e-001
    endloop
  endfacet
  facet normal -9.621030e-001 -0.000000e+000 -2.726862e-001
    outer loop
      vertex   1.844789e+000 5.690000e+000 4.546998e-001
      vertex   1.844789e+000 5.260000e+000 4.546998e-001
      vertex   1.809024e+000 5.260000e+000 5.808905e-001
    endloop
  endfacet
  facet normal -9.409977e-001 -0.000000e+000 -3.384131e-001
    outer loop
      vertex   1.809024e+000 5.690000e+000 5.808905e-001
      vertex   1.809024e+000 5.260000e+000 5.808905e-001
      vertex   1.764637e+000 5.260000e+000 7.043130e-001
    endloop
  endfacet
  facet normal -9.154080e-001 -0.000000e+000 -4.025272e-001
    outer loop
      vertex   1.764637e+000 5.690000e+000 7.043130e-001
      vertex   1.764637e+000 5.260000e+000 7.043130e-001
      vertex   1.711841e+000 5.260000e+000 8.243791e-001
    endloop
  endfacet
  facet normal -8.854560e-001 -0.000000e+000 -4.647232e-001
    outer loop
      vertex   1.711841e+000 5.690000e+000 8.243791e-001
      vertex   1.711841e+000 5.260000e+000 8.243791e-001
      vertex   1.650887e+000 5.260000e+000 9.405167e-001
    endloop
  endfacet
  facet normal -8.512844e-001 -0.000000e+000 -5.247045e-001
    outer loop
      vertex   1.650887e+000 5.690000e+000 9.405167e-001
      vertex   1.650887e+000 5.260000e+000 9.405167e-001
      vertex   1.582066e+000 5.260000e+000 1.052172e+000
    endloop
  endfacet
  facet normal -8.130561e-001 -0.000000e+000 -5.821853e-001
    outer loop
      vertex   1.582066e+000 5.690000e+000 1.052172e+000
      vertex   1.582066e+000 5.260000e+000 1.052172e+000
      vertex   1.505706e+000 5.260000e+000 1.158814e+000
    endloop
  endfacet
  facet normal -7.709532e-001 -0.000000e+000 -6.368918e-001
    outer loop
      vertex   1.505706e+000 5.690000e+000 1.158814e+000
      vertex   1.505706e+000 5.260000e+000 1.158814e+000
      vertex   1.422170e+000 5.260000e+000 1.259933e+000
    endloop
  endfacet
  facet normal -7.251763e-001 -0.000000e+000 -6.885632e-001
    outer loop
      vertex   1.422170e+000 5.690000e+000 1.259933e+000
      vertex   1.422170e+000 5.260000e+000 1.259933e+000
      vertex   1.331858e+000 5.260000e+000 1.355048e+000
    endloop
  endfacet
  facet normal -6.759436e-001 -0.000000e+000 -7.369533e-001
    outer loop
      vertex   1.331858e+000 5.690000e+000 1.355048e+000
      vertex   1.331858e+000 5.260000e+000 1.355048e+000
      vertex   1.235198e+000 5.260000e+000 1.443706e+000
    endloop
  endfacet
  facet normal -6.234898e-001 -0.000000e+000 -7.818315e-001
    outer loop
      vertex   1.235198e+000 5.690000e+000 1.443706e+000
      vertex   1.235198e+000 5.260000e+000 1.443706e+000
      vertex   1.132652e+000 5.260000e+000 1.525484e+000
    endloop
  endfacet
  facet normal -5.680647e-001 -0.000000e+000 -8.229839e-001
    outer loop
      vertex   1.132652e+000 5.690000e+000 1.525484e+000
      vertex   1.132652e+000 5.260000e+000 1.525484e+000
      vertex   1.024708e+000 5.260000e+000 1.599992e+000
    endloop
  endfacet
  facet normal -5.099326e-001 -0.000000e+000 -8.602144e-001
    outer loop
      vertex   1.024708e+000 5.690000e+000 1.599992e+000
      vertex   1.024708e+000 5.260000e+000 1.599992e+000
      vertex   9.118812e-001 5.260000e+000 1.666875e+000
    endloop
  endfacet
  facet normal -4.493704e-001 -0.000000e+000 -8.933455e-001
    outer loop
      vertex   9.118812e-001 5.690000e+000 1.666875e+000
      vertex   9.118812e-001 5.260000e+000 1.666875e+000
      vertex   7.947088e-001 5.260000e+000 1.725815e+000
    endloop
  endfacet
  facet normal -3.866667e-001 -0.000000e+000 -9.222195e-001
    outer loop
      vertex   7.947088e-001 5.690000e+000 1.725815e+000
      vertex   7.947088e-001 5.260000e+000 1.725815e+000
      vertex   6.737493e-001 5.260000e+000 1.776531e+000
    endloop
  endfacet
  facet normal -3.221204e-001 -0.000000e+000 -9.466987e-001
    outer loop
      vertex   6.737493e-001 5.690000e+000 1.776531e+000
      vertex   6.737493e-001 5.260000e+000 1.776531e+000
      vertex   5.495790e-001 5.260000e+000 1.818781e+000
    endloop
  endfacet
  facet normal -2.560391e-001 -0.000000e+000 -9.666664e-001
    outer loop
      vertex   5.495790e-001 5.690000e+000 1.818781e+000
      vertex   5.495790e-001 5.260000e+000 1.818781e+000
      vertex   4.227898e-001 5.260000e+000 1.852363e+000
    endloop
  endfacet
  facet normal -1.887376e-001 -2.436521e-017 -9.820276e-001
    outer loop
      vertex   4.227898e-001 5.690000e+000 1.852363e+000
      vertex   4.227898e-001 5.260000e+000 1.852363e+000
      vertex   2.939857e-001 5.260000e+000 1.877118e+000
    endloop
  endfacet
  facet normal -1.205367e-001 -1.556077e-017 -9.927089e-001
    outer loop
      vertex   2.939857e-001 5.690000e+000 1.877118e+000
      vertex   2.939857e-001 5.260000e+000 1.877118e+000
      vertex   1.637807e-001 5.260000e+000 1.892928e+000
    endloop
  endfacet
  facet normal -5.176135e-002 -3.341084e-018 -9.986595e-001
    outer loop
      vertex   1.637807e-001 5.690000e+000 1.892928e+000
      vertex   1.637807e-001 5.260000e+000 1.892928e+000
      vertex   3.279522e-002 5.260000e+000 1.899717e+000
    endloop
  endfacet
  facet normal 1.726064e-002 1.114137e-018 -9.998510e-001
    outer loop
      vertex   3.279522e-002 5.690000e+000 1.899717e+000
      vertex   3.279522e-002 5.260000e+000 1.899717e+000
      vertex   -9.834657e-002 5.260000e+000 1.897453e+000
    endloop
  endfacet
  facet normal 8.620038e-002 8.346074e-018 -9.962778e-001
    outer loop
      vertex   -9.834657e-002 5.690000e+000 1.897453e+000
      vertex   -9.834657e-002 5.260000e+000 1.897453e+000
      vertex   -2.290197e-001 5.260000e+000 1.886147e+000
    endloop
  endfacet
  facet normal 1.547293e-001 9.987446e-018 -9.879569e-001
    outer loop
      vertex   -2.290197e-001 5.690000e+000 1.886147e+000
      vertex   -2.290197e-001 5.260000e+000 1.886147e+000
      vertex   -3.586014e-001 5.260000e+000 1.865852e+000
    endloop
  endfacet
  facet normal 2.225209e-001 2.872650e-017 -9.749279e-001
    outer loop
      vertex   -3.586014e-001 5.690000e+000 1.865852e+000
      vertex   -3.586014e-001 5.260000e+000 1.865852e+000
      vertex   -4.864743e-001 5.260000e+000 1.836666e+000
    endloop
  endfacet
  facet normal 2.892521e-001 3.734121e-017 -9.572530e-001
    outer loop
      vertex   -4.864743e-001 5.690000e+000 1.836666e+000
      vertex   -4.864743e-001 5.260000e+000 1.836666e+000
      vertex   -6.120288e-001 5.260000e+000 1.798728e+000
    endloop
  endfacet
  facet normal 3.546049e-001 0.000000e+000 -9.350162e-001
    outer loop
      vertex   -6.120288e-001 5.690000e+000 1.798728e+000
      vertex   -6.120288e-001 5.260000e+000 1.798728e+000
      vertex   -7.346668e-001 5.260000e+000 1.752217e+000
    endloop
  endfacet
  facet normal 4.182678e-001 0.000000e+000 -9.083238e-001
    outer loop
      vertex   -7.346668e-001 5.690000e+000 1.752217e+000
      vertex   -7.346668e-001 5.260000e+000 1.752217e+000
      vertex   -8.538038e-001 5.260000e+000 1.697357e+000
    endloop
  endfacet
  facet normal 4.799375e-001 0.000000e+000 -8.773027e-001
    outer loop
      vertex   -8.538038e-001 5.690000e+000 1.697357e+000
      vertex   -8.538038e-001 5.260000e+000 1.697357e+000
      vertex   -9.688719e-001 5.260000e+000 1.634407e+000
    endloop
  endfacet
  facet normal 5.393200e-001 0.000000e+000 -8.421009e-001
    outer loop
      vertex   -9.688719e-001 5.690000e+000 1.634407e+000
      vertex   -9.688719e-001 5.260000e+000 1.634407e+000
      vertex   -1.079323e+000 5.260000e+000 1.563669e+000
    endloop
  endfacet
  facet normal 5.961325e-001 0.000000e+000 -8.028861e-001
    outer loop
      vertex   -1.079323e+000 5.690000e+000 1.563669e+000
      vertex   -1.079323e+000 5.260000e+000 1.563669e+000
      vertex   -1.184631e+000 5.260000e+000 1.485480e+000
    endloop
  endfacet
  facet normal 6.501041e-001 0.000000e+000 -7.598452e-001
    outer loop
      vertex   -1.184631e+000 5.690000e+000 1.485480e+000
      vertex   -1.184631e+000 5.260000e+000 1.485480e+000
      vertex   -1.284293e+000 5.260000e+000 1.400211e+000
    endloop
  endfacet
  facet normal 7.009777e-001 0.000000e+000 -7.131832e-001
    outer loop
      vertex   -1.284293e+000 5.690000e+000 1.400211e+000
      vertex   -1.284293e+000 5.260000e+000 1.400211e+000
      vertex   -1.377835e+000 5.260000e+000 1.308270e+000
    endloop
  endfacet
  facet normal 7.485107e-001 0.000000e+000 -6.631227e-001
    outer loop
      vertex   -1.377835e+000 5.690000e+000 1.308270e+000
      vertex   -1.377835e+000 5.260000e+000 1.308270e+000
      vertex   -1.464811e+000 5.260000e+000 1.210094e+000
    endloop
  endfacet
  facet normal 7.924768e-001 0.000000e+000 -6.099020e-001
    outer loop
      vertex   -1.464811e+000 5.690000e+000 1.210094e+000
      vertex   -1.464811e+000 5.260000e+000 1.210094e+000
      vertex   -1.544807e+000 5.260000e+000 1.106152e+000
    endloop
  endfacet
  facet normal 8.326664e-001 0.000000e+000 -5.537749e-001
    outer loop
      vertex   -1.544807e+000 5.690000e+000 1.106152e+000
      vertex   -1.544807e+000 5.260000e+000 1.106152e+000
      vertex   -1.617440e+000 5.260000e+000 9.969385e-001
    endloop
  endfacet
  facet normal 8.688880e-001 0.000000e+000 -4.950088e-001
    outer loop
      vertex   -1.617440e+000 5.690000e+000 9.969385e-001
      vertex   -1.617440e+000 5.260000e+000 9.969385e-001
      vertex   -1.682366e+000 5.260000e+000 8.829740e-001
    endloop
  endfacet
  facet normal 9.009689e-001 0.000000e+000 -4.338837e-001
    outer loop
      vertex   -1.682366e+000 5.690000e+000 8.829740e-001
      vertex   -1.682366e+000 5.260000e+000 8.829740e-001
      vertex   -1.739275e+000 5.260000e+000 7.648018e-001
    endloop
  endfacet
  facet normal 9.287562e-001 0.000000e+000 -3.706910e-001
    outer loop
      vertex   -1.739275e+000 5.690000e+000 7.648018e-001
      vertex   -1.739275e+000 5.260000e+000 7.648018e-001
      vertex   -1.787896e+000 5.260000e+000 6.429849e-001
    endloop
  endfacet
  facet normal 9.521177e-001 0.000000e+000 -3.057318e-001
    outer loop
      vertex   -1.787896e+000 5.690000e+000 6.429849e-001
      vertex   -1.787896e+000 5.260000e+000 6.429849e-001
      vertex   -1.827996e+000 5.260000e+000 5.181038e-001
    endloop
  endfacet
  facet normal 9.709418e-001 0.000000e+000 -2.393157e-001
    outer loop
      vertex   -1.827996e+000 5.690000e+000 5.181038e-001
      vertex   -1.827996e+000 5.260000e+000 5.181038e-001
      vertex   -1.859385e+000 5.260000e+000 3.907538e-001
    endloop
  endfacet
  facet normal 9.851390e-001 0.000000e+000 -1.717591e-001
    outer loop
      vertex   -1.859385e+000 5.690000e+000 3.907538e-001
      vertex   -1.859385e+000 5.260000e+000 3.907538e-001
      vertex   -1.881913e+000 5.260000e+000 2.615417e-001
    endloop
  endfacet
  facet normal 9.946415e-001 0.000000e+000 -1.033839e-001
    outer loop
      vertex   -1.881913e+000 5.690000e+000 2.615417e-001
      vertex   -1.881913e+000 5.260000e+000 2.615417e-001
      vertex   -1.895473e+000 5.260000e+000 1.310832e-001
    endloop
  endfacet
  facet normal 9.994041e-001 0.000000e+000 -3.451614e-002
    outer loop
      vertex   -1.895473e+000 5.690000e+000 1.310832e-001
      vertex   -1.895473e+000 5.260000e+000 1.310832e-001
      vertex   -1.900000e+000 5.260000e+000 0.000000e+000
    endloop
  endfacet
  facet normal 9.994041e-001 0.000000e+000 -3.451614e-002
    outer loop
      vertex   -1.900000e+000 5.690000e+000 0.000000e+000
      vertex   -1.895473e+000 5.690000e+000 1.310832e-001
      vertex   -1.900000e+000 5.260000e+000 0.000000e+000
    endloop
  endfacet
  facet normal 9.851390e-001 -0.000000e+000 1.717591e-001
    outer loop
      vertex   -1.881913e+000 5.690000e+000 -2.615417e-001
      vertex   -1.859385e+000 5.260000e+000 -3.907538e-001
      vertex   -1.859385e+000 5.690000e+000 -3.907538e-001
    endloop
  endfacet
  facet normal 9.709418e-001 -0.000000e+000 2.393157e-001
    outer loop
      vertex   -1.859385e+000 5.690000e+000 -3.907538e-001
      vertex   -1.827996e+000 5.260000e+000 -5.181038e-001
      vertex   -1.827996e+000 5.690000e+000 -5.181038e-001
    endloop
  endfacet
  facet normal 9.521177e-001 -0.000000e+000 3.057318e-001
    outer loop
      vertex   -1.827996e+000 5.690000e+000 -5.181038e-001
      vertex   -1.787896e+000 5.260000e+000 -6.429849e-001
      vertex   -1.787896e+000 5.690000e+000 -6.429849e-001
    endloop
  endfacet
  facet normal 9.287562e-001 -0.000000e+000 3.706910e-001
    outer loop
      vertex   -1.787896e+000 5.690000e+000 -6.429849e-001
      vertex   -1.739275e+000 5.260000e+000 -7.648018e-001
      vertex   -1.739275e+000 5.690000e+000 -7.648018e-001
    endloop
  endfacet
  facet normal 9.009689e-001 -0.000000e+000 4.338837e-001
    outer loop
      vertex   -1.739275e+000 5.690000e+000 -7.648018e-001
      vertex   -1.682366e+000 5.260000e+000 -8.829740e-001
      vertex   -1.682366e+000 5.690000e+000 -8.829740e-001
    endloop
  endfacet
  facet normal 8.688880e-001 -0.000000e+000 4.950088e-001
    outer loop
      vertex   -1.682366e+000 5.690000e+000 -8.829740e-001
      vertex   -1.617440e+000 5.260000e+000 -9.969385e-001
      vertex   -1.617440e+000 5.690000e+000 -9.969385e-001
    endloop
  endfacet
  facet normal 8.326664e-001 -0.000000e+000 5.537749e-001
    outer loop
      vertex   -1.617440e+000 5.690000e+000 -9.969385e-001
      vertex   -1.544807e+000 5.260000e+000 -1.106152e+000
      vertex   -1.544807e+000 5.690000e+000 -1.106152e+000
    endloop
  endfacet
  facet normal 7.924768e-001 -0.000000e+000 6.099020e-001
    outer loop
      vertex   -1.544807e+000 5.690000e+000 -1.106152e+000
      vertex   -1.464811e+000 5.260000e+000 -1.210094e+000
      vertex   -1.464811e+000 5.690000e+000 -1.210094e+000
    endloop
  endfacet
  facet normal 7.485107e-001 -0.000000e+000 6.631227e-001
    outer loop
      vertex   -1.464811e+000 5.690000e+000 -1.210094e+000
      vertex   -1.377835e+000 5.260000e+000 -1.308270e+000
      vertex   -1.377835e+000 5.690000e+000 -1.308270e+000
    endloop
  endfacet
  facet normal 7.009777e-001 -0.000000e+000 7.131832e-001
    outer loop
      vertex   -1.377835e+000 5.690000e+000 -1.308270e+000
      vertex   -1.284293e+000 5.260000e+000 -1.400211e+000
      vertex   -1.284293e+000 5.690000e+000 -1.400211e+000
    endloop
  endfacet
  facet normal 6.501041e-001 -0.000000e+000 7.598452e-001
    outer loop
      vertex   -1.284293e+000 5.690000e+000 -1.400211e+000
      vertex   -1.184631e+000 5.260000e+000 -1.485480e+000
      vertex   -1.184631e+000 5.690000e+000 -1.485480e+000
    endloop
  endfacet
  facet normal 5.961325e-001 -0.000000e+000 8.028861e-001
    outer loop
      vertex   -1.184631e+000 5.690000e+000 -1.485480e+000
      vertex   -1.079323e+000 5.260000e+000 -1.563669e+000
      vertex   -1.079323e+000 5.690000e+000 -1.563669e+000
    endloop
  endfacet
  facet normal 5.393200e-001 -0.000000e+000 8.421009e-001
    outer loop
      vertex   -1.079323e+000 5.690000e+000 -1.563669e+000
      vertex   -9.688719e-001 5.260000e+000 -1.634407e+000
      vertex   -9.688719e-001 5.690000e+000 -1.634407e+000
    endloop
  endfacet
  facet normal 4.799375e-001 -0.000000e+000 8.773027e-001
    outer loop
      vertex   -9.688719e-001 5.690000e+000 -1.634407e+000
      vertex   -8.538038e-001 5.260000e+000 -1.697357e+000
      vertex   -8.538038e-001 5.690000e+000 -1.697357e+000
    endloop
  endfacet
  facet normal 4.182678e-001 -0.000000e+000 9.083238e-001
    outer loop
      vertex   -8.538038e-001 5.690000e+000 -1.697357e+000
      vertex   -7.346668e-001 5.260000e+000 -1.752217e+000
      vertex   -7.346668e-001 5.690000e+000 -1.752217e+000
    endloop
  endfacet
  facet normal 3.546049e-001 -0.000000e+000 9.350162e-001
    outer loop
      vertex   -7.346668e-001 5.690000e+000 -1.752217e+000
      vertex   -6.120288e-001 5.260000e+000 -1.798728e+000
      vertex   -6.120288e-001 5.690000e+000 -1.798728e+000
    endloop
  endfacet
  facet normal 2.892521e-001 3.734121e-017 9.572530e-001
    outer loop
      vertex   -6.120288e-001 5.690000e+000 -1.798728e+000
      vertex   -4.864743e-001 5.260000e+000 -1.836666e+000
      vertex   -4.864743e-001 5.690000e+000 -1.836666e+000
    endloop
  endfacet
  facet normal 2.225209e-001 2.872650e-017 9.749279e-001
    outer loop
      vertex   -4.864743e-001 5.690000e+000 -1.836666e+000
      vertex   -3.586014e-001 5.260000e+000 -1.865852e+000
      vertex   -3.586014e-001 5.690000e+000 -1.865852e+000
    endloop
  endfacet
  facet normal 1.547293e-001 9.987446e-018 9.879569e-001
    outer loop
      vertex   -3.586014e-001 5.690000e+000 -1.865852e+000
      vertex   -2.290197e-001 5.260000e+000 -1.886147e+000
      vertex   -2.290197e-001 5.690000e+000 -1.886147e+000
    endloop
  endfacet
  facet normal 8.620038e-002 8.346074e-018 9.962778e-001
    outer loop
      vertex   -2.290197e-001 5.690000e+000 -1.886147e+000
      vertex   -9.834657e-002 5.260000e+000 -1.897453e+000
      vertex   -9.834657e-002 5.690000e+000 -1.897453e+000
    endloop
  endfacet
  facet normal 1.726064e-002 1.114137e-018 9.998510e-001
    outer loop
      vertex   -9.834657e-002 5.690000e+000 -1.897453e+000
      vertex   3.279522e-002 5.260000e+000 -1.899717e+000
      vertex   3.279522e-002 5.690000e+000 -1.899717e+000
    endloop
  endfacet
  facet normal -5.176135e-002 -3.341084e-018 9.986595e-001
    outer loop
      vertex   3.279522e-002 5.690000e+000 -1.899717e+000
      vertex   1.637807e-001 5.260000e+000 -1.892928e+000
      vertex   1.637807e-001 5.690000e+000 -1.892928e+000
    endloop
  endfacet
  facet normal -1.205367e-001 -1.556077e-017 9.927089e-001
    outer loop
      vertex   1.637807e-001 5.690000e+000 -1.892928e+000
      vertex   2.939857e-001 5.260000e+000 -1.877118e+000
      vertex   2.939857e-001 5.690000e+000 -1.877118e+000
    endloop
  endfacet
  facet normal -1.887376e-001 -2.436521e-017 9.820276e-001
    outer loop
      vertex   2.939857e-001 5.690000e+000 -1.877118e+000
      vertex   4.227898e-001 5.260000e+000 -1.852363e+000
      vertex   4.227898e-001 5.690000e+000 -1.852363e+000
    endloop
  endfacet
  facet normal -2.560391e-001 0.000000e+000 9.666664e-001
    outer loop
      vertex   4.227898e-001 5.690000e+000 -1.852363e+000
      vertex   5.495790e-001 5.260000e+000 -1.818781e+000
      vertex   5.495790e-001 5.690000e+000 -1.818781e+000
    endloop
  endfacet
  facet normal -3.221204e-001 0.000000e+000 9.466987e-001
    outer loop
      vertex   5.495790e-001 5.690000e+000 -1.818781e+000
      vertex   6.737493e-001 5.260000e+000 -1.776531e+000
      vertex   6.737493e-001 5.690000e+000 -1.776531e+000
    endloop
  endfacet
  facet normal -3.866667e-001 0.000000e+000 9.222195e-001
    outer loop
      vertex   6.737493e-001 5.690000e+000 -1.776531e+000
      vertex   7.947088e-001 5.260000e+000 -1.725815e+000
      vertex   7.947088e-001 5.690000e+000 -1.725815e+000
    endloop
  endfacet
  facet normal -4.493704e-001 0.000000e+000 8.933455e-001
    outer loop
      vertex   7.947088e-001 5.690000e+000 -1.725815e+000
      vertex   9.118812e-001 5.260000e+000 -1.666875e+000
      vertex   9.118812e-001 5.690000e+000 -1.666875e+000
    endloop
  endfacet
  facet normal -5.099326e-001 0.000000e+000 8.602144e-001
    outer loop
      vertex   9.118812e-001 5.690000e+000 -1.666875e+000
      vertex   1.024708e+000 5.260000e+000 -1.599992e+000
      vertex   1.024708e+000 5.690000e+000 -1.599992e+000
    endloop
  endfacet
  facet normal -5.680647e-001 0.000000e+000 8.229839e-001
    outer loop
      vertex   1.024708e+000 5.690000e+000 -1.599992e+000
      vertex   1.132652e+000 5.260000e+000 -1.525484e+000
      vertex   1.132652e+000 5.690000e+000 -1.525484e+000
    endloop
  endfacet
  facet normal -6.234898e-001 0.000000e+000 7.818315e-001
    outer loop
      vertex   1.132652e+000 5.690000e+000 -1.525484e+000
      vertex   1.235198e+000 5.260000e+000 -1.443706e+000
      vertex   1.235198e+000 5.690000e+000 -1.443706e+000
    endloop
  endfacet
  facet normal -6.759436e-001 0.000000e+000 7.369533e-001
    outer loop
      vertex   1.235198e+000 5.690000e+000 -1.443706e+000
      vertex   1.331858e+000 5.260000e+000 -1.355048e+000
      vertex   1.331858e+000 5.690000e+000 -1.355048e+000
    endloop
  endfacet
  facet normal -7.251763e-001 0.000000e+000 6.885632e-001
    outer loop
      vertex   1.331858e+000 5.690000e+000 -1.355048e+000
      vertex   1.422170e+000 5.260000e+000 -1.259933e+000
      vertex   1.422170e+000 5.690000e+000 -1.259933e+000
    endloop
  endfacet
  facet normal -7.709532e-001 0.000000e+000 6.368918e-001
    outer loop
      vertex   1.422170e+000 5.690000e+000 -1.259933e+000
      vertex   1.505706e+000 5.260000e+000 -1.158814e+000
      vertex   1.505706e+000 5.690000e+000 -1.158814e+000
    endloop
  endfacet
  facet normal -8.130561e-001 0.000000e+000 5.821853e-001
    outer loop
      vertex   1.505706e+000 5.690000e+000 -1.158814e+000
      vertex   1.582066e+000 5.260000e+000 -1.052172e+000
      vertex   1.582066e+000 5.690000e+000 -1.052172e+000
    endloop
  endfacet
  facet normal -8.512844e-001 0.000000e+000 5.247045e-001
    outer loop
      vertex   1.582066e+000 5.690000e+000 -1.052172e+000
      vertex   1.650887e+000 5.260000e+000 -9.405167e-001
      vertex   1.650887e+000 5.690000e+000 -9.405167e-001
    endloop
  endfacet
  facet normal -8.854560e-001 0.000000e+000 4.647232e-001
    outer loop
      vertex   1.650887e+000 5.690000e+000 -9.405167e-001
      vertex   1.711841e+000 5.260000e+000 -8.243791e-001
      vertex   1.711841e+000 5.690000e+000 -8.243791e-001
    endloop
  endfacet
  facet normal -9.154080e-001 0.000000e+000 4.025272e-001
    outer loop
      vertex   1.711841e+000 5.690000e+000 -8.243791e-001
      vertex   1.764637e+000 5.260000e+000 -7.043130e-001
      vertex   1.764637e+000 5.690000e+000 -7.043130e-001
    endloop
  endfacet
  facet normal -9.409977e-001 0.000000e+000 3.384131e-001
    outer loop
      vertex   1.764637e+000 5.690000e+000 -7.043130e-001
      vertex   1.809024e+000 5.260000e+000 -5.808905e-001
      vertex   1.809024e+000 5.690000e+000 -5.808905e-001
    endloop
  endfacet
  facet normal -9.621030e-001 0.000000e+000 2.726862e-001
    outer loop
      vertex   1.809024e+000 5.690000e+000 -5.808905e-001
      vertex   1.844789e+000 5.260000e+000 -4.546998e-001
      vertex   1.844789e+000 5.690000e+000 -4.546998e-001
    endloop
  endfacet
  facet normal -9.786235e-001 0.000000e+000 2.056599e-001
    outer loop
      vertex   1.844789e+000 5.690000e+000 -4.546998e-001
      vertex   1.871764e+000 5.260000e+000 -3.263422e-001
      vertex   1.871764e+000 5.690000e+000 -3.263422e-001
    endloop
  endfacet
  facet normal -9.904804e-001 0.000000e+000 1.376535e-001
    outer loop
      vertex   1.871764e+000 5.690000e+000 -3.263422e-001
      vertex   1.889819e+000 5.260000e+000 -1.964295e-001
      vertex   1.889819e+000 5.690000e+000 -1.964295e-001
    endloop
  endfacet
  facet normal -9.976173e-001 0.000000e+000 6.899114e-002
    outer loop
      vertex   1.889819e+000 5.690000e+000 -1.964295e-001
      vertex   1.898868e+000 5.260000e+000 -6.558066e-002
      vertex   1.898868e+000 5.690000e+000 -6.558066e-002
    endloop
  endfacet
  facet normal -1.000000e+000 0.000000e+000 0.000000e+000
    outer loop
      vertex   1.898868e+000 5.690000e+000 -6.558066e-002
      vertex   1.898868e+000 5.260000e+000 6.558066e-002
      vertex   1.898868e+000 5.690000e+000 6.558066e-002
    endloop
  endfacet
  facet normal -9.976173e-001 0.000000e+000 -6.899114e-002
    outer loop
      vertex   1.898868e+000 5.690000e+000 6.558066e-002
      vertex   1.889819e+000 5.260000e+000 1.964295e-001
      vertex   1.889819e+000 5.690000e+000 1.964295e-001
    endloop
  endfacet
  facet normal -9.904804e-001 0.000000e+000 -1.376535e-001
    outer loop
      vertex   1.889819e+000 5.690000e+000 1.964295e-001
      vertex   1.871764e+000 5.260000e+000 3.263422e-001
      vertex   1.871764e+000 5.690000e+000 3.263422e-001
    endloop
  endfacet
  facet normal -9.786235e-001 0.000000e+000 -2.056599e-001
    outer loop
      vertex   1.871764e+000 5.690000e+000 3.263422e-001
      vertex   1.844789e+000 5.260000e+000 4.546998e-001
      vertex   1.844789e+000 5.690000e+000 4.546998e-001
    endloop
  endfacet
  facet normal -9.621030e-001 0.000000e+000 -2.726862e-001
    outer loop
      vertex   1.844789e+000 5.690000e+000 4.546998e-001
      vertex   1.809024e+000 5.260000e+000 5.808905e-001
      vertex   1.809024e+000 5.690000e+000 5.808905e-001
    endloop
  endfacet
  facet normal -9.409977e-001 0.000000e+000 -3.384131e-001
    outer loop
      vertex   1.809024e+000 5.690000e+000 5.808905e-001
      vertex   1.764637e+000 5.260000e+000 7.043130e-001
      vertex   1.764637e+000 5.690000e+000 7.043130e-001
    endloop
  endfacet
  facet normal -9.154080e-001 0.000000e+000 -4.025272e-001
    outer loop
      vertex   1.764637e+000 5.690000e+000 7.043130e-001
      vertex   1.711841e+000 5.260000e+000 8.243791e-001
      vertex   1.711841e+000 5.690000e+000 8.243791e-001
    endloop
  endfacet
  facet normal -8.854560e-001 0.000000e+000 -4.647232e-001
    outer loop
      vertex   1.711841e+000 5.690000e+000 8.243791e-001
      vertex   1.650887e+000 5.260000e+000 9.405167e-001
      vertex   1.650887e+000 5.690000e+000 9.405167e-001
    endloop
  endfacet
  facet normal -8.512844e-001 0.000000e+000 -5.247045e-001
    outer loop
      vertex   1.650887e+000 5.690000e+000 9.405167e-001
      vertex   1.582066e+000 5.260000e+000 1.052172e+000
      vertex   1.582066e+000 5.690000e+000 1.052172e+000
    endloop
  endfacet
  facet normal -8.130561e-001 0.000000e+000 -5.821853e-001
    outer loop
      vertex   1.582066e+000 5.690000e+000 1.052172e+000
      vertex   1.505706e+000 5.260000e+000 1.158814e+000
      vertex   1.505706e+000 5.690000e+000 1.158814e+000
    endloop
  endfacet
  facet normal -7.709532e-001 0.000000e+000 -6.368918e-001
    outer loop
      vertex   1.505706e+000 5.690000e+000 1.158814e+000
      vertex   1.422170e+000 5.260000e+000 1.259933e+000
      vertex   1.422170e+000 5.690000e+000 1.259933e+000
    endloop
  endfacet
  facet normal -7.251763e-001 0.000000e+000 -6.885632e-001
    outer loop
      vertex   1.422170e+000 5.690000e+000 1.259933e+000
      vertex   1.331858e+000 5.260000e+000 1.355048e+000
      vertex   1.331858e+000 5.690000e+000 1.355048e+000
    endloop
  endfacet
  facet normal -6.759436e-001 0.000000e+000 -7.369533e-001
    outer loop
      vertex   1.331858e+000 5.690000e+000 1.355048e+000
      vertex   1.235198e+000 5.260000e+000 1.443706e+000
      vertex   1.235198e+000 5.690000e+000 1.443706e+000
    endloop
  endfacet
  facet normal -6.234898e-001 0.000000e+000 -7.818315e-001
    outer loop
      vertex   1.235198e+000 5.690000e+000 1.443706e+000
      vertex   1.132652e+000 5.260000e+000 1.525484e+000
      vertex   1.132652e+000 5.690000e+000 1.525484e+000
    endloop
  endfacet
  facet normal -5.680647e-001 0.000000e+000 -8.229839e-001
    outer loop
      vertex   1.132652e+000 5.690000e+000 1.525484e+000
      vertex   1.024708e+000 5.260000e+000 1.599992e+000
      vertex   1.024708e+000 5.690000e+000 1.599992e+000
    endloop
  endfacet
  facet normal -5.099326e-001 0.000000e+000 -8.602144e-001
    outer loop
      vertex   1.024708e+000 5.690000e+000 1.599992e+000
      vertex   9.118812e-001 5.260000e+000 1.666875e+000
      vertex   9.118812e-001 5.690000e+000 1.666875e+000
    endloop
  endfacet
  facet normal -4.493704e-001 0.000000e+000 -8.933455e-001
    outer loop
      vertex   9.118812e-001 5.690000e+000 1.666875e+000
      vertex   7.947088e-001 5.260000e+000 1.725815e+000
      vertex   7.947088e-001 5.690000e+000 1.725815e+000
    endloop
  endfacet
  facet normal -3.866667e-001 0.000000e+000 -9.222195e-001
    outer loop
      vertex   7.947088e-001 5.690000e+000 1.725815e+000
      vertex   6.737493e-001 5.260000e+000 1.776531e+000
      vertex   6.737493e-001 5.690000e+000 1.776531e+000
    endloop
  endfacet
  facet normal -3.221204e-001 0.000000e+000 -9.466987e-001
    outer loop
      vertex   6.737493e-001 5.690000e+000 1.776531e+000
      vertex   5.495790e-001 5.260000e+000 1.818781e+000
      vertex   5.495790e-001 5.690000e+000 1.818781e+000
    endloop
  endfacet
  facet normal -2.560391e-001 -3.305355e-017 -9.666664e-001
    outer loop
      vertex   5.495790e-001 5.690000e+000 1.818781e+000
      vertex   4.227898e-001 5.260000e+000 1.852363e+000
      vertex   4.227898e-001 5.690000e+000 1.852363e+000
    endloop
  endfacet
  facet normal -1.887376e-001 -2.436521e-017 -9.820276e-001
    outer loop
      vertex   4.227898e-001 5.690000e+000 1.852363e+000
      vertex   2.939857e-001 5.260000e+000 1.877118e+000
      vertex   2.939857e-001 5.690000e+000 1.877118e+000
    endloop
  endfacet
  facet normal -1.205367e-001 -7.780384e-018 -9.927089e-001
    outer loop
      vertex   2.939857e-001 5.690000e+000 1.877118e+000
      vertex   1.637807e-001 5.260000e+000 1.892928e+000
      vertex   1.637807e-001 5.690000e+000 1.892928e+000
    endloop
  endfacet
  facet normal -5.176135e-002 -3.341084e-018 -9.986595e-001
    outer loop
      vertex   1.637807e-001 5.690000e+000 1.892928e+000
      vertex   3.279522e-002 5.260000e+000 1.899717e+000
      vertex   3.279522e-002 5.690000e+000 1.899717e+000
    endloop
  endfacet
  facet normal 1.726064e-002 1.671206e-018 -9.998510e-001
    outer loop
      vertex   3.279522e-002 5.690000e+000 1.899717e+000
      vertex   -9.834657e-002 5.260000e+000 1.897453e+000
      vertex   -9.834657e-002 5.690000e+000 1.897453e+000
    endloop
  endfacet
  facet normal 8.620038e-002 5.564049e-018 -9.962778e-001
    outer loop
      vertex   -9.834657e-002 5.690000e+000 1.897453e+000
      vertex   -2.290197e-001 5.260000e+000 1.886147e+000
      vertex   -2.290197e-001 5.690000e+000 1.886147e+000
    endloop
  endfacet
  facet normal 1.547293e-001 1.997489e-017 -9.879569e-001
    outer loop
      vertex   -2.290197e-001 5.690000e+000 1.886147e+000
      vertex   -3.586014e-001 5.260000e+000 1.865852e+000
      vertex   -3.586014e-001 5.690000e+000 1.865852e+000
    endloop
  endfacet
  facet normal 2.225209e-001 2.872650e-017 -9.749279e-001
    outer loop
      vertex   -3.586014e-001 5.690000e+000 1.865852e+000
      vertex   -4.864743e-001 5.260000e+000 1.836666e+000
      vertex   -4.864743e-001 5.690000e+000 1.836666e+000
    endloop
  endfacet
  facet normal 2.892521e-001 0.000000e+000 -9.572530e-001
    outer loop
      vertex   -4.864743e-001 5.690000e+000 1.836666e+000
      vertex   -6.120288e-001 5.260000e+000 1.798728e+000
      vertex   -6.120288e-001 5.690000e+000 1.798728e+000
    endloop
  endfacet
  facet normal 3.546049e-001 0.000000e+000 -9.350162e-001
    outer loop
      vertex   -6.120288e-001 5.690000e+000 1.798728e+000
      vertex   -7.346668e-001 5.260000e+000 1.752217e+000
      vertex   -7.346668e-001 5.690000e+000 1.752217e+000
    endloop
  endfacet
  facet normal 4.182678e-001 0.000000e+000 -9.083238e-001
    outer loop
      vertex   -7.346668e-001 5.690000e+000 1.752217e+000
      vertex   -8.538038e-001 5.260000e+000 1.697357e+000
      vertex   -8.538038e-001 5.690000e+000 1.697357e+000
    endloop
  endfacet
  facet normal 4.799375e-001 0.000000e+000 -8.773027e-001
    outer loop
      vertex   -8.538038e-001 5.690000e+000 1.697357e+000
      vertex   -9.688719e-001 5.260000e+000 1.634407e+000
      vertex   -9.688719e-001 5.690000e+000 1.634407e+000
    endloop
  endfacet
  facet normal 5.393200e-001 0.000000e+000 -8.421009e-001
    outer loop
      vertex   -9.688719e-001 5.690000e+000 1.634407e+000
      vertex   -1.079323e+000 5.260000e+000 1.563669e+000
      vertex   -1.079323e+000 5.690000e+000 1.563669e+000
    endloop
  endfacet
  facet normal 5.961325e-001 0.000000e+000 -8.028861e-001
    outer loop
      vertex   -1.079323e+000 5.690000e+000 1.563669e+000
      vertex   -1.184631e+000 5.260000e+000 1.485480e+000
      vertex   -1.184631e+000 5.690000e+000 1.485480e+000
    endloop
  endfacet
  facet normal 6.501041e-001 0.000000e+000 -7.598452e-001
    outer loop
      vertex   -1.184631e+000 5.690000e+000 1.485480e+000
      vertex   -1.284293e+000 5.260000e+000 1.400211e+000
      vertex   -1.284293e+000 5.690000e+000 1.400211e+000
    endloop
  endfacet
  facet normal 7.009777e-001 0.000000e+000 -7.131832e-001
    outer loop
      vertex   -1.284293e+000 5.690000e+000 1.400211e+000
      vertex   -1.377835e+000 5.260000e+000 1.308270e+000
      vertex   -1.377835e+000 5.690000e+000 1.308270e+000
    endloop
  endfacet
  facet normal 7.485107e-001 0.000000e+000 -6.631227e-001
    outer loop
      vertex   -1.377835e+000 5.690000e+000 1.308270e+000
      vertex   -1.464811e+000 5.260000e+000 1.210094e+000
      vertex   -1.464811e+000 5.690000e+000 1.210094e+000
    endloop
  endfacet
  facet normal 7.924768e-001 0.000000e+000 -6.099020e-001
    outer loop
      vertex   -1.464811e+000 5.690000e+000 1.210094e+000
      vertex   -1.544807e+000 5.260000e+000 1.106152e+000
      vertex   -1.544807e+000 5.690000e+000 1.106152e+000
    endloop
  endfacet
  facet normal 8.326664e-001 0.000000e+000 -5.537749e-001
    outer loop
      vertex   -1.544807e+000 5.690000e+000 1.106152e+000
      vertex   -1.617440e+000 5.260000e+000 9.969385e-001
      vertex   -1.617440e+000 5.690000e+000 9.969385e-001
    endloop
  endfacet
  facet normal 8.688880e-001 0.000000e+000 -4.950088e-001
    outer loop
      vertex   -1.617440e+000 5.690000e+000 9.969385e-001
      vertex   -1.682366e+000 5.260000e+000 8.829740e-001
      vertex   -1.682366e+000 5.690000e+000 8.829740e-001
    endloop
  endfacet
  facet normal 9.009689e-001 0.000000e+000 -4.338837e-001
    outer loop
      vertex   -1.682366e+000 5.690000e+000 8.829740e-001
      vertex   -1.739275e+000 5.260000e+000 7.648018e-001
      vertex   -1.739275e+000 5.690000e+000 7.648018e-001
    endloop
  endfacet
  facet normal 9.287562e-001 0.000000e+000 -3.706910e-001
    outer loop
      vertex   -1.739275e+000 5.690000e+000 7.648018e-001
      vertex   -1.787896e+000 5.260000e+000 6.429849e-001
      vertex   -1.787896e+000 5.690000e+000 6.429849e-001
    endloop
  endfacet
  facet normal 9.521177e-001 0.000000e+000 -3.057318e-001
    outer loop
      vertex   -1.787896e+000 5.690000e+000 6.429849e-001
      vertex   -1.827996e+000 5.260000e+000 5.181038e-001
      vertex   -1.827996e+000 5.690000e+000 5.181038e-001
    endloop
  endfacet
  facet normal 9.709418e-001 0.000000e+000 -2.393157e-001
    outer loop
      vertex   -1.827996e+000 5.690000e+000 5.181038e-001
      vertex   -1.859385e+000 5.260000e+000 3.907538e-001
      vertex   -1.859385e+000 5.690000e+000 3.907538e-001
    endloop
  endfacet
  facet normal 9.851390e-001 0.000000e+000 -1.717591e-001
    outer loop
      vertex   -1.859385e+000 5.690000e+000 3.907538e-001
      vertex   -1.881913e+000 5.260000e+000 2.615417e-001
      vertex   -1.881913e+000 5.690000e+000 2.615417e-001
    endloop
  endfacet
  facet normal 9.946415e-001 0.000000e+000 -1.033839e-001
    outer loop
      vertex   -1.881913e+000 5.690000e+000 2.615417e-001
      vertex   -1.895473e+000 5.260000e+000 1.310832e-001
      vertex   -1.895473e+000 5.690000e+000 1.310832e-001
    endloop
  endfacet
  facet normal -4.220002e-015 -1.000000e+000 1.745406e-016
    outer loop
      vertex   1.320474e+000 5.690000e+000 -1.094176e-001
      vertex   1.711841e+000 5.690000e+000 -8.243791e-001
      vertex   1.325000e+000 5.690000e+000 1.622657e-016
    endloop
  endfacet
  facet normal -2.317167e-015 -1.000000e+000 1.216143e-015
    outer loop
      vertex   1.320474e+000 5.690000e+000 -1.094176e-001
      vertex   1.650887e+000 5.690000e+000 -9.405167e-001
      vertex   1.711841e+000 5.690000e+000 -8.243791e-001
    endloop
  endfacet
  facet normal -2.107996e-015 -1.000000e+000 1.299301e-015
    outer loop
      vertex   1.320474e+000 5.690000e+000 -1.094176e-001
      vertex   1.582066e+000 5.690000e+000 -1.052172e+000
      vertex   1.650887e+000 5.690000e+000 -9.405167e-001
    endloop
  endfacet
  facet normal -1.896506e-015 -1.000000e+000 1.357985e-015
    outer loop
      vertex   1.320474e+000 5.690000e+000 -1.094176e-001
      vertex   1.505706e+000 5.690000e+000 -1.158814e+000
      vertex   1.582066e+000 5.690000e+000 -1.052172e+000
    endloop
  endfacet
  facet normal -1.688315e-015 -1.000000e+000 1.394733e-015
    outer loop
      vertex   1.320474e+000 5.690000e+000 -1.094176e-001
      vertex   1.422170e+000 5.690000e+000 -1.259933e+000
      vertex   1.505706e+000 5.690000e+000 -1.158814e+000
    endloop
  endfacet
  facet normal -7.247254e-015 -1.000000e+000 9.033693e-016
    outer loop
      vertex   1.320474e+000 5.690000e+000 -1.094176e-001
      vertex   1.306929e+000 5.690000e+000 -2.180878e-001
      vertex   1.422170e+000 5.690000e+000 -1.259933e+000
    endloop
  endfacet
  facet normal -5.323316e-015 -1.000000e+000 1.116182e-015
    outer loop
      vertex   1.422170e+000 5.690000e+000 -1.259933e+000
      vertex   1.306929e+000 5.690000e+000 -2.180878e-001
      vertex   1.284455e+000 5.690000e+000 -3.252683e-001
    endloop
  endfacet
  facet normal -4.270326e-015 -1.000000e+000 1.271331e-015
    outer loop
      vertex   1.253208e+000 5.690000e+000 -4.302268e-001
      vertex   1.422170e+000 5.690000e+000 -1.259933e+000
      vertex   1.284455e+000 5.690000e+000 -3.252683e-001
    endloop
  endfacet
  facet normal -3.605242e-015 -1.000000e+000 1.406770e-015
    outer loop
      vertex   1.253208e+000 5.690000e+000 -4.302268e-001
      vertex   1.213400e+000 5.690000e+000 -5.322464e-001
      vertex   1.422170e+000 5.690000e+000 -1.259933e+000
    endloop
  endfacet
  facet normal -3.146695e-015 -1.000000e+000 1.538326e-015
    outer loop
      vertex   1.422170e+000 5.690000e+000 -1.259933e+000
      vertex   1.213400e+000 5.690000e+000 -5.322464e-001
      vertex   1.165303e+000 5.690000e+000 -6.306303e-001
    endloop
  endfacet
  facet normal -2.811355e-015 -1.000000e+000 1.675204e-015
    outer loop
      vertex   1.109246e+000 5.690000e+000 -7.247063e-001
      vertex   1.422170e+000 5.690000e+000 -1.259933e+000
      vertex   1.165303e+000 5.690000e+000 -6.306303e-001
    endloop
  endfacet
  facet normal -2.555654e-015 -1.000000e+000 1.824702e-015
    outer loop
      vertex   1.109246e+000 5.690000e+000 -7.247063e-001
      vertex   1.045611e+000 5.690000e+000 -8.138318e-001
      vertex   1.422170e+000 5.690000e+000 -1.259933e+000
    endloop
  endfacet
  facet normal -2.354700e-015 -1.000000e+000 1.994329e-015
    outer loop
      vertex   1.422170e+000 5.690000e+000 -1.259933e+000
      vertex   1.045611e+000 5.690000e+000 -8.138318e-001
      vertex   9.748342e-001 5.690000e+000 -8.973981e-001
    endloop
  endfacet
  facet normal -2.180453e-015 -1.000000e+000 2.180453e-015
    outer loop
      vertex   1.331858e+000 5.690000e+000 -1.355048e+000
      vertex   9.748342e-001 5.690000e+000 -8.973981e-001
      vertex   8.973981e-001 5.690000e+000 -9.748342e-001
    endloop
  endfacet
  facet normal -1.992782e-015 -1.000000e+000 2.352874e-015
    outer loop
      vertex   1.235198e+000 5.690000e+000 -1.443706e+000
      vertex   8.973981e-001 5.690000e+000 -9.748342e-001
      vertex   8.138318e-001 5.690000e+000 -1.045611e+000
    endloop
  endfacet
  facet normal -1.751771e-015 -1.000000e+000 2.537878e-015
    outer loop
      vertex   1.132652e+000 5.690000e+000 -1.525484e+000
      vertex   8.138318e-001 5.690000e+000 -1.045611e+000
      vertex   1.024708e+000 5.690000e+000 -1.599992e+000
    endloop
  endfacet
  facet normal -1.929646e-015 -1.000000e+000 2.419700e-015
    outer loop
      vertex   1.132652e+000 5.690000e+000 -1.525484e+000
      vertex   1.235198e+000 5.690000e+000 -1.443706e+000
      vertex   8.138318e-001 5.690000e+000 -1.045611e+000
    endloop
  endfacet
  facet normal -2.244101e-015 -1.000000e+000 2.130799e-015
    outer loop
      vertex   1.422170e+000 5.690000e+000 -1.259933e+000
      vertex   9.748342e-001 5.690000e+000 -8.973981e-001
      vertex   1.331858e+000 5.690000e+000 -1.355048e+000
    endloop
  endfacet
  facet normal -2.092315e-015 -1.000000e+000 2.281165e-015
    outer loop
      vertex   1.331858e+000 5.690000e+000 -1.355048e+000
      vertex   8.973981e-001 5.690000e+000 -9.748342e-001
      vertex   1.235198e+000 5.690000e+000 -1.443706e+000
    endloop
  endfacet
  facet normal -1.799144e-015 -1.000000e+000 2.519858e-015
    outer loop
      vertex   8.138318e-001 5.690000e+000 -1.045611e+000
      vertex   7.247063e-001 5.690000e+000 -1.109246e+000
      vertex   1.024708e+000 5.690000e+000 -1.599992e+000
    endloop
  endfacet
  facet normal -1.574994e-015 -1.000000e+000 2.656885e-015
    outer loop
      vertex   1.024708e+000 5.690000e+000 -1.599992e+000
      vertex   7.247063e-001 5.690000e+000 -1.109246e+000
      vertex   9.118812e-001 5.690000e+000 -1.666875e+000
    endloop
  endfacet
  facet normal -1.581799e-015 -1.000000e+000 2.654601e-015
    outer loop
      vertex   9.118812e-001 5.690000e+000 -1.666875e+000
      vertex   7.247063e-001 5.690000e+000 -1.109246e+000
      vertex   6.306303e-001 5.690000e+000 -1.165303e+000
    endloop
  endfacet
  facet normal -1.355351e-015 -1.000000e+000 2.772415e-015
    outer loop
      vertex   7.947088e-001 5.690000e+000 -1.725815e+000
      vertex   6.306303e-001 5.690000e+000 -1.165303e+000
      vertex   5.322464e-001 5.690000e+000 -1.213400e+000
    endloop
  endfacet
  facet normal -1.120953e-015 -1.000000e+000 2.872756e-015
    outer loop
      vertex   6.737493e-001 5.690000e+000 -1.776531e+000
      vertex   5.322464e-001 5.690000e+000 -1.213400e+000
      vertex   4.302268e-001 5.690000e+000 -1.253208e+000
    endloop
  endfacet
  facet normal -8.797863e-016 -1.000000e+000 2.955150e-015
    outer loop
      vertex   5.495790e-001 5.690000e+000 -1.818781e+000
      vertex   4.302268e-001 5.690000e+000 -1.253208e+000
      vertex   3.252683e-001 5.690000e+000 -1.284455e+000
    endloop
  endfacet
  facet normal -6.330572e-016 -1.000000e+000 3.019188e-015
    outer loop
      vertex   4.227898e-001 5.690000e+000 -1.852363e+000
      vertex   3.252683e-001 5.690000e+000 -1.284455e+000
      vertex   2.180878e-001 5.690000e+000 -1.306929e+000
    endloop
  endfacet
  facet normal -3.722590e-016 -1.000000e+000 3.065829e-015
    outer loop
      vertex   2.939857e-001 5.690000e+000 -1.877118e+000
      vertex   2.180878e-001 5.690000e+000 -1.306929e+000
      vertex   1.637807e-001 5.690000e+000 -1.892928e+000
    endloop
  endfacet
  facet normal -5.838149e-016 -1.000000e+000 3.037669e-015
    outer loop
      vertex   2.939857e-001 5.690000e+000 -1.877118e+000
      vertex   4.227898e-001 5.690000e+000 -1.852363e+000
      vertex   2.180878e-001 5.690000e+000 -1.306929e+000
    endloop
  endfacet
  facet normal -1.389544e-015 -1.000000e+000 2.762405e-015
    outer loop
      vertex   9.118812e-001 5.690000e+000 -1.666875e+000
      vertex   6.306303e-001 5.690000e+000 -1.165303e+000
      vertex   7.947088e-001 5.690000e+000 -1.725815e+000
    endloop
  endfacet
  facet normal -1.196523e-015 -1.000000e+000 2.853767e-015
    outer loop
      vertex   7.947088e-001 5.690000e+000 -1.725815e+000
      vertex   5.322464e-001 5.690000e+000 -1.213400e+000
      vertex   6.737493e-001 5.690000e+000 -1.776531e+000
    endloop
  endfacet
  facet normal -9.970866e-016 -1.000000e+000 2.930396e-015
    outer loop
      vertex   6.737493e-001 5.690000e+000 -1.776531e+000
      vertex   4.302268e-001 5.690000e+000 -1.253208e+000
      vertex   5.495790e-001 5.690000e+000 -1.818781e+000
    endloop
  endfacet
  facet normal -7.924375e-016 -1.000000e+000 2.991819e-015
    outer loop
      vertex   5.495790e-001 5.690000e+000 -1.818781e+000
      vertex   3.252683e-001 5.690000e+000 -1.284455e+000
      vertex   4.227898e-001 5.690000e+000 -1.852363e+000
    endloop
  endfacet
  facet normal -3.822708e-016 -1.000000e+000 3.066757e-015
    outer loop
      vertex   2.180878e-001 5.690000e+000 -1.306929e+000
      vertex   1.094176e-001 5.690000e+000 -1.320474e+000
      vertex   1.637807e-001 5.690000e+000 -1.892928e+000
    endloop
  endfacet
  facet normal -1.600464e-016 -1.000000e+000 3.087860e-015
    outer loop
      vertex   1.637807e-001 5.690000e+000 -1.892928e+000
      vertex   1.094176e-001 5.690000e+000 -1.320474e+000
      vertex   3.279522e-002 5.690000e+000 -1.899717e+000
    endloop
  endfacet
  facet normal -1.275370e-016 -1.000000e+000 3.083560e-015
    outer loop
      vertex   3.279522e-002 5.690000e+000 -1.899717e+000
      vertex   1.094176e-001 5.690000e+000 -1.320474e+000
      vertex   -6.858996e-016 5.690000e+000 -1.325000e+000
    endloop
  endfacet
  facet normal 1.274380e-016 -1.000000e+000 3.081168e-015
    outer loop
      vertex   -9.834657e-002 5.690000e+000 -1.897453e+000
      vertex   -6.858996e-016 5.690000e+000 -1.325000e+000
      vertex   -1.094176e-001 5.690000e+000 -1.320474e+000
    endloop
  endfacet
  facet normal 3.813813e-016 -1.000000e+000 3.059620e-015
    outer loop
      vertex   -2.290197e-001 5.690000e+000 -1.886147e+000
      vertex   -1.094176e-001 5.690000e+000 -1.320474e+000
      vertex   -2.180878e-001 5.690000e+000 -1.306929e+000
    endloop
  endfacet
  facet normal 6.330244e-016 -1.000000e+000 3.019032e-015
    outer loop
      vertex   -3.586014e-001 5.690000e+000 -1.865852e+000
      vertex   -2.180878e-001 5.690000e+000 -1.306929e+000
      vertex   -3.252683e-001 5.690000e+000 -1.284455e+000
    endloop
  endfacet
  facet normal 8.811077e-016 -1.000000e+000 2.959589e-015
    outer loop
      vertex   -4.864743e-001 5.690000e+000 -1.836666e+000
      vertex   -3.252683e-001 5.690000e+000 -1.284455e+000
      vertex   -4.302268e-001 5.690000e+000 -1.253208e+000
    endloop
  endfacet
  facet normal 1.124384e-015 -1.000000e+000 2.881549e-015
    outer loop
      vertex   -6.120288e-001 5.690000e+000 -1.798728e+000
      vertex   -4.302268e-001 5.690000e+000 -1.253208e+000
      vertex   -5.322464e-001 5.690000e+000 -1.213400e+000
    endloop
  endfacet
  facet normal 1.294217e-015 -1.000000e+000 2.810564e-015
    outer loop
      vertex   -7.346668e-001 5.690000e+000 -1.752217e+000
      vertex   -5.322464e-001 5.690000e+000 -1.213400e+000
      vertex   -8.538038e-001 5.690000e+000 -1.697357e+000
    endloop
  endfacet
  facet normal 1.094378e-015 -1.000000e+000 2.885639e-015
    outer loop
      vertex   -7.346668e-001 5.690000e+000 -1.752217e+000
      vertex   -6.120288e-001 5.690000e+000 -1.798728e+000
      vertex   -5.322464e-001 5.690000e+000 -1.213400e+000
    endloop
  endfacet
  facet normal 5.341040e-017 -1.000000e+000 3.093886e-015
    outer loop
      vertex   3.279522e-002 5.690000e+000 -1.899717e+000
      vertex   -6.858996e-016 5.690000e+000 -1.325000e+000
      vertex   -9.834657e-002 5.690000e+000 -1.897453e+000
    endloop
  endfacet
  facet normal 2.668215e-016 -1.000000e+000 3.083842e-015
    outer loop
      vertex   -9.834657e-002 5.690000e+000 -1.897453e+000
      vertex   -1.094176e-001 5.690000e+000 -1.320474e+000
      vertex   -2.290197e-001 5.690000e+000 -1.886147e+000
    endloop
  endfacet
  facet normal 4.788957e-016 -1.000000e+000 3.057780e-015
    outer loop
      vertex   -2.290197e-001 5.690000e+000 -1.886147e+000
      vertex   -2.180878e-001 5.690000e+000 -1.306929e+000
      vertex   -3.586014e-001 5.690000e+000 -1.865852e+000
    endloop
  endfacet
  facet normal 6.883504e-016 -1.000000e+000 3.015860e-015
    outer loop
      vertex   -3.586014e-001 5.690000e+000 -1.865852e+000
      vertex   -3.252683e-001 5.690000e+000 -1.284455e+000
      vertex   -4.864743e-001 5.690000e+000 -1.836666e+000
    endloop
  endfacet
  facet normal 8.939225e-016 -1.000000e+000 2.958353e-015
    outer loop
      vertex   -4.864743e-001 5.690000e+000 -1.836666e+000
      vertex   -4.302268e-001 5.690000e+000 -1.253208e+000
      vertex   -6.120288e-001 5.690000e+000 -1.798728e+000
    endloop
  endfacet
  facet normal 1.354440e-015 -1.000000e+000 2.770550e-015
    outer loop
      vertex   -5.322464e-001 5.690000e+000 -1.213400e+000
      vertex   -6.306303e-001 5.690000e+000 -1.165303e+000
      vertex   -8.538038e-001 5.690000e+000 -1.697357e+000
    endloop
  endfacet
  facet normal 1.485568e-015 -1.000000e+000 2.715548e-015
    outer loop
      vertex   -8.538038e-001 5.690000e+000 -1.697357e+000
      vertex   -6.306303e-001 5.690000e+000 -1.165303e+000
      vertex   -9.688719e-001 5.690000e+000 -1.634407e+000
    endloop
  endfacet
  facet normal 1.578281e-015 -1.000000e+000 2.648698e-015
    outer loop
      vertex   -9.688719e-001 5.690000e+000 -1.634407e+000
      vertex   -6.306303e-001 5.690000e+000 -1.165303e+000
      vertex   -7.247063e-001 5.690000e+000 -1.109246e+000
    endloop
  endfacet
  facet normal 1.792350e-015 -1.000000e+000 2.510343e-015
    outer loop
      vertex   -1.079323e+000 5.690000e+000 -1.563669e+000
      vertex   -7.247063e-001 5.690000e+000 -1.109246e+000
      vertex   -8.138318e-001 5.690000e+000 -1.045611e+000
    endloop
  endfacet
  facet normal 1.995569e-015 -1.000000e+000 2.356163e-015
    outer loop
      vertex   -1.184631e+000 5.690000e+000 -1.485480e+000
      vertex   -8.138318e-001 5.690000e+000 -1.045611e+000
      vertex   -8.973981e-001 5.690000e+000 -9.748342e-001
    endloop
  endfacet
  facet normal 2.186899e-015 -1.000000e+000 2.186899e-015
    outer loop
      vertex   -1.284293e+000 5.690000e+000 -1.400211e+000
      vertex   -8.973981e-001 5.690000e+000 -9.748342e-001
      vertex   -9.748342e-001 5.690000e+000 -8.973981e-001
    endloop
  endfacet
  facet normal 2.365348e-015 -1.000000e+000 2.003348e-015
    outer loop
      vertex   -1.377835e+000 5.690000e+000 -1.308270e+000
      vertex   -9.748342e-001 5.690000e+000 -8.973981e-001
      vertex   -1.045611e+000 5.690000e+000 -8.138318e-001
    endloop
  endfacet
  facet normal 2.452957e-015 -1.000000e+000 1.887833e-015
    outer loop
      vertex   -1.464811e+000 5.690000e+000 -1.210094e+000
      vertex   -1.045611e+000 5.690000e+000 -8.138318e-001
      vertex   -1.544807e+000 5.690000e+000 -1.106152e+000
    endloop
  endfacet
  facet normal 2.306184e-015 -1.000000e+000 2.043101e-015
    outer loop
      vertex   -1.464811e+000 5.690000e+000 -1.210094e+000
      vertex   -1.377835e+000 5.690000e+000 -1.308270e+000
      vertex   -1.045611e+000 5.690000e+000 -8.138318e-001
    endloop
  endfacet
  facet normal 1.669258e-015 -1.000000e+000 2.606400e-015
    outer loop
      vertex   -9.688719e-001 5.690000e+000 -1.634407e+000
      vertex   -7.247063e-001 5.690000e+000 -1.109246e+000
      vertex   -1.079323e+000 5.690000e+000 -1.563669e+000
    endloop
  endfacet
  facet normal 1.844177e-015 -1.000000e+000 2.483783e-015
    outer loop
      vertex   -1.079323e+000 5.690000e+000 -1.563669e+000
      vertex   -8.138318e-001 5.690000e+000 -1.045611e+000
      vertex   -1.184631e+000 5.690000e+000 -1.485480e+000
    endloop
  endfacet
  facet normal 2.009276e-015 -1.000000e+000 2.348453e-015
    outer loop
      vertex   -1.184631e+000 5.690000e+000 -1.485480e+000
      vertex   -8.973981e-001 5.690000e+000 -9.748342e-001
      vertex   -1.284293e+000 5.690000e+000 -1.400211e+000
    endloop
  endfacet
  facet normal 2.163579e-015 -1.000000e+000 2.201252e-015
    outer loop
      vertex   -1.284293e+000 5.690000e+000 -1.400211e+000
      vertex   -9.748342e-001 5.690000e+000 -8.973981e-001
      vertex   -1.377835e+000 5.690000e+000 -1.308270e+000
    endloop
  endfacet
  facet normal 2.509304e-015 -1.000000e+000 1.791609e-015
    outer loop
      vertex   -1.045611e+000 5.690000e+000 -8.138318e-001
      vertex   -1.109246e+000 5.690000e+000 -7.247063e-001
      vertex   -1.544807e+000 5.690000e+000 -1.106152e+000
    endloop
  endfacet
  facet normal 2.577246e-015 -1.000000e+000 1.714029e-015
    outer loop
      vertex   -1.544807e+000 5.690000e+000 -1.106152e+000
      vertex   -1.109246e+000 5.690000e+000 -7.247063e-001
      vertex   -1.617440e+000 5.690000e+000 -9.969385e-001
    endloop
  endfacet
  facet normal 2.649657e-015 -1.000000e+000 1.578853e-015
    outer loop
      vertex   -1.617440e+000 5.690000e+000 -9.969385e-001
      vertex   -1.109246e+000 5.690000e+000 -7.247063e-001
      vertex   -1.165303e+000 5.690000e+000 -6.306303e-001
    endloop
  endfacet
  facet normal 2.773707e-015 -1.000000e+000 1.355983e-015
    outer loop
      vertex   -1.682366e+000 5.690000e+000 -8.829740e-001
      vertex   -1.165303e+000 5.690000e+000 -6.306303e-001
      vertex   -1.213400e+000 5.690000e+000 -5.322464e-001
    endloop
  endfacet
  facet normal 2.880802e-015 -1.000000e+000 1.124092e-015
    outer loop
      vertex   -1.739275e+000 5.690000e+000 -7.648018e-001
      vertex   -1.213400e+000 5.690000e+000 -5.322464e-001
      vertex   -1.253208e+000 5.690000e+000 -4.302268e-001
    endloop
  endfacet
  facet normal 2.945837e-015 -1.000000e+000 9.459294e-016
    outer loop
      vertex   -1.787896e+000 5.690000e+000 -6.429849e-001
      vertex   -1.253208e+000 5.690000e+000 -4.302268e-001
      vertex   -1.827996e+000 5.690000e+000 -5.181038e-001
    endloop
  endfacet
  facet normal 2.866918e-015 -1.000000e+000 1.144262e-015
    outer loop
      vertex   -1.787896e+000 5.690000e+000 -6.429849e-001
      vertex   -1.739275e+000 5.690000e+000 -7.648018e-001
      vertex   -1.253208e+000 5.690000e+000 -4.302268e-001
    endloop
  endfacet
  facet normal 2.688090e-015 -1.000000e+000 1.531415e-015
    outer loop
      vertex   -1.617440e+000 5.690000e+000 -9.969385e-001
      vertex   -1.165303e+000 5.690000e+000 -6.306303e-001
      vertex   -1.682366e+000 5.690000e+000 -8.829740e-001
    endloop
  endfacet
  facet normal 2.784833e-015 -1.000000e+000 1.341105e-015
    outer loop
      vertex   -1.682366e+000 5.690000e+000 -8.829740e-001
      vertex   -1.213400e+000 5.690000e+000 -5.322464e-001
      vertex   -1.739275e+000 5.690000e+000 -7.648018e-001
    endloop
  endfacet
  facet normal 2.955914e-015 -1.000000e+000 8.800139e-016
    outer loop
      vertex   -1.253208e+000 5.690000e+000 -4.302268e-001
      vertex   -1.284455e+000 5.690000e+000 -3.252683e-001
      vertex   -1.827996e+000 5.690000e+000 -5.181038e-001
    endloop
  endfacet
  facet normal 3.005324e-015 -1.000000e+000 7.407457e-016
    outer loop
      vertex   -1.827996e+000 5.690000e+000 -5.181038e-001
      vertex   -1.284455e+000 5.690000e+000 -3.252683e-001
      vertex   -1.859385e+000 5.690000e+000 -3.907538e-001
    endloop
  endfacet
  facet normal 3.017627e-015 -1.000000e+000 6.327298e-016
    outer loop
      vertex   -1.859385e+000 5.690000e+000 -3.907538e-001
      vertex   -1.284455e+000 5.690000e+000 -3.252683e-001
      vertex   -1.306929e+000 5.690000e+000 -2.180878e-001
    endloop
  endfacet
  facet normal 3.060570e-015 -1.000000e+000 3.814997e-016
    outer loop
      vertex   -1.881913e+000 5.690000e+000 -2.615417e-001
      vertex   -1.306929e+000 5.690000e+000 -2.180878e-001
      vertex   -1.320474e+000 5.690000e+000 -1.094176e-001
    endloop
  endfacet
  facet normal 3.084518e-015 -1.000000e+000 1.275766e-016
    outer loop
      vertex   -1.895473e+000 5.690000e+000 -1.310832e-001
      vertex   -1.320474e+000 5.690000e+000 -1.094176e-001
      vertex   -1.325000e+000 5.690000e+000 0.000000e+000
    endloop
  endfacet
  facet normal 3.089316e-015 -1.000000e+000 -1.066948e-016
    outer loop
      vertex   -1.900000e+000 5.690000e+000 0.000000e+000
      vertex   -1.325000e+000 5.690000e+000 0.000000e+000
      vertex   -1.895473e+000 5.690000e+000 1.310832e-001
    endloop
  endfacet
  facet normal 3.089316e-015 -1.000000e+000 1.066948e-016
    outer loop
      vertex   -1.900000e+000 5.690000e+000 0.000000e+000
      vertex   -1.895473e+000 5.690000e+000 -1.310832e-001
      vertex   -1.325000e+000 5.690000e+000 0.000000e+000
    endloop
  endfacet
  facet normal 3.049224e-015 -1.000000e+000 5.316324e-016
    outer loop
      vertex   -1.859385e+000 5.690000e+000 -3.907538e-001
      vertex   -1.306929e+000 5.690000e+000 -2.180878e-001
      vertex   -1.881913e+000 5.690000e+000 -2.615417e-001
    endloop
  endfacet
  facet normal 3.077273e-015 -1.000000e+000 3.198545e-016
    outer loop
      vertex   -1.881913e+000 5.690000e+000 -2.615417e-001
      vertex   -1.320474e+000 5.690000e+000 -1.094176e-001
      vertex   -1.895473e+000 5.690000e+000 -1.310832e-001
    endloop
  endfacet
  facet normal 1.660994e-014 -1.000000e+000 -6.869920e-016
    outer loop
      vertex   -1.320474e+000 5.690000e+000 1.094176e-001
      vertex   -1.377835e+000 5.690000e+000 1.308270e+000
      vertex   -1.325000e+000 5.690000e+000 0.000000e+000
    endloop
  endfacet
  facet normal 8.589844e-015 -1.000000e+000 -1.070723e-015
    outer loop
      vertex   -1.320474e+000 5.690000e+000 1.094176e-001
      vertex   -1.306929e+000 5.690000e+000 2.180878e-001
      vertex   -1.377835e+000 5.690000e+000 1.308270e+000
    endloop
  endfacet
  facet normal 5.931204e-015 -1.000000e+000 -1.243643e-015
    outer loop
      vertex   -1.377835e+000 5.690000e+000 1.308270e+000
      vertex   -1.306929e+000 5.690000e+000 2.180878e-001
      vertex   -1.284455e+000 5.690000e+000 3.252683e-001
    endloop
  endfacet
  facet normal 4.601580e-015 -1.000000e+000 -1.369950e-015
    outer loop
      vertex   -1.253208e+000 5.690000e+000 4.302268e-001
      vertex   -1.377835e+000 5.690000e+000 1.308270e+000
      vertex   -1.284455e+000 5.690000e+000 3.252683e-001
    endloop
  endfacet
  facet normal 3.801802e-015 -1.000000e+000 -1.483468e-015
    outer loop
      vertex   -1.253208e+000 5.690000e+000 4.302268e-001
      vertex   -1.213400e+000 5.690000e+000 5.322464e-001
      vertex   -1.377835e+000 5.690000e+000 1.308270e+000
    endloop
  endfacet
  facet normal 3.266502e-015 -1.000000e+000 -1.596895e-015
    outer loop
      vertex   -1.377835e+000 5.690000e+000 1.308270e+000
      vertex   -1.213400e+000 5.690000e+000 5.322464e-001
      vertex   -1.165303e+000 5.690000e+000 6.306303e-001
    endloop
  endfacet
  facet normal 2.882208e-015 -1.000000e+000 -1.717423e-015
    outer loop
      vertex   -1.109246e+000 5.690000e+000 7.247063e-001
      vertex   -1.377835e+000 5.690000e+000 1.308270e+000
      vertex   -1.165303e+000 5.690000e+000 6.306303e-001
    endloop
  endfacet
  facet normal 2.592291e-015 -1.000000e+000 -1.850860e-015
    outer loop
      vertex   -1.109246e+000 5.690000e+000 7.247063e-001
      vertex   -1.045611e+000 5.690000e+000 8.138318e-001
      vertex   -1.377835e+000 5.690000e+000 1.308270e+000
    endloop
  endfacet
  facet normal 2.365348e-015 -1.000000e+000 -2.003348e-015
    outer loop
      vertex   -1.377835e+000 5.690000e+000 1.308270e+000
      vertex   -1.045611e+000 5.690000e+000 8.138318e-001
      vertex   -9.748342e-001 5.690000e+000 8.973981e-001
    endloop
  endfacet
  facet normal 2.186899e-015 -1.000000e+000 -2.186899e-015
    outer loop
      vertex   -1.284293e+000 5.690000e+000 1.400211e+000
      vertex   -9.748342e-001 5.690000e+000 8.973981e-001
      vertex   -8.973981e-001 5.690000e+000 9.748342e-001
    endloop
  endfacet
  facet normal 1.995569e-015 -1.000000e+000 -2.356163e-015
    outer loop
      vertex   -1.184631e+000 5.690000e+000 1.485480e+000
      vertex   -8.973981e-001 5.690000e+000 9.748342e-001
      vertex   -8.138318e-001 5.690000e+000 1.045611e+000
    endloop
  endfacet
  facet normal 1.792350e-015 -1.000000e+000 -2.510343e-015
    outer loop
      vertex   -1.079323e+000 5.690000e+000 1.563669e+000
      vertex   -8.138318e-001 5.690000e+000 1.045611e+000
      vertex   -7.247063e-001 5.690000e+000 1.109246e+000
    endloop
  endfacet
  facet normal 1.578281e-015 -1.000000e+000 -2.648698e-015
    outer loop
      vertex   -9.688719e-001 5.690000e+000 1.634407e+000
      vertex   -7.247063e-001 5.690000e+000 1.109246e+000
      vertex   -6.306303e-001 5.690000e+000 1.165303e+000
    endloop
  endfacet
  facet normal 1.354440e-015 -1.000000e+000 -2.770550e-015
    outer loop
      vertex   -8.538038e-001 5.690000e+000 1.697357e+000
      vertex   -6.306303e-001 5.690000e+000 1.165303e+000
      vertex   -5.322464e-001 5.690000e+000 1.213400e+000
    endloop
  endfacet
  facet normal 1.094378e-015 -1.000000e+000 -2.885639e-015
    outer loop
      vertex   -7.346668e-001 5.690000e+000 1.752217e+000
      vertex   -5.322464e-001 5.690000e+000 1.213400e+000
      vertex   -6.120288e-001 5.690000e+000 1.798728e+000
    endloop
  endfacet
  facet normal 1.294217e-015 -1.000000e+000 -2.810564e-015
    outer loop
      vertex   -7.346668e-001 5.690000e+000 1.752217e+000
      vertex   -8.538038e-001 5.690000e+000 1.697357e+000
      vertex   -5.322464e-001 5.690000e+000 1.213400e+000
    endloop
  endfacet
  facet normal 2.163579e-015 -1.000000e+000 -2.201252e-015
    outer loop
      vertex   -1.377835e+000 5.690000e+000 1.308270e+000
      vertex   -9.748342e-001 5.690000e+000 8.973981e-001
      vertex   -1.284293e+000 5.690000e+000 1.400211e+000
    endloop
  endfacet
  facet normal 2.009276e-015 -1.000000e+000 -2.348453e-015
    outer loop
      vertex   -1.284293e+000 5.690000e+000 1.400211e+000
      vertex   -8.973981e-001 5.690000e+000 9.748342e-001
      vertex   -1.184631e+000 5.690000e+000 1.485480e+000
    endloop
  endfacet
  facet normal 1.844177e-015 -1.000000e+000 -2.483783e-015
    outer loop
      vertex   -1.184631e+000 5.690000e+000 1.485480e+000
      vertex   -8.138318e-001 5.690000e+000 1.045611e+000
      vertex   -1.079323e+000 5.690000e+000 1.563669e+000
    endloop
  endfacet
  facet normal 1.669258e-015 -1.000000e+000 -2.606400e-015
    outer loop
      vertex   -1.079323e+000 5.690000e+000 1.563669e+000
      vertex   -7.247063e-001 5.690000e+000 1.109246e+000
      vertex   -9.688719e-001 5.690000e+000 1.634407e+000
    endloop
  endfacet
  facet normal 1.485568e-015 -1.000000e+000 -2.715548e-015
    outer loop
      vertex   -9.688719e-001 5.690000e+000 1.634407e+000
      vertex   -6.306303e-001 5.690000e+000 1.165303e+000
      vertex   -8.538038e-001 5.690000e+000 1.697357e+000
    endloop
  endfacet
  facet normal 1.124384e-015 -1.000000e+000 -2.881549e-015
    outer loop
      vertex   -5.322464e-001 5.690000e+000 1.213400e+000
      vertex   -4.302268e-001 5.690000e+000 1.253208e+000
      vertex   -6.120288e-001 5.690000e+000 1.798728e+000
    endloop
  endfacet
  facet normal 8.939225e-016 -1.000000e+000 -2.958353e-015
    outer loop
      vertex   -6.120288e-001 5.690000e+000 1.798728e+000
      vertex   -4.302268e-001 5.690000e+000 1.253208e+000
      vertex   -4.864743e-001 5.690000e+000 1.836666e+000
    endloop
  endfacet
  facet normal 8.811077e-016 -1.000000e+000 -2.959589e-015
    outer loop
      vertex   -4.864743e-001 5.690000e+000 1.836666e+000
      vertex   -4.302268e-001 5.690000e+000 1.253208e+000
      vertex   -3.252683e-001 5.690000e+000 1.284455e+000
    endloop
  endfacet
  facet normal 6.330244e-016 -1.000000e+000 -3.019032e-015
    outer loop
      vertex   -3.586014e-001 5.690000e+000 1.865852e+000
      vertex   -3.252683e-001 5.690000e+000 1.284455e+000
      vertex   -2.180878e-001 5.690000e+000 1.306929e+000
    endloop
  endfacet
  facet normal 3.813813e-016 -1.000000e+000 -3.059620e-015
    outer loop
      vertex   -2.290197e-001 5.690000e+000 1.886147e+000
      vertex   -2.180878e-001 5.690000e+000 1.306929e+000
      vertex   -1.094176e-001 5.690000e+000 1.320474e+000
    endloop
  endfacet
  facet normal 1.274380e-016 -1.000000e+000 -3.081168e-015
    outer loop
      vertex   -9.834657e-002 5.690000e+000 1.897453e+000
      vertex   -1.094176e-001 5.690000e+000 1.320474e+000
      vertex   -6.858996e-016 5.690000e+000 1.325000e+000
    endloop
  endfacet
  facet normal -1.275370e-016 -1.000000e+000 -3.083560e-015
    outer loop
      vertex   3.279522e-002 5.690000e+000 1.899717e+000
      vertex   -6.858996e-016 5.690000e+000 1.325000e+000
      vertex   1.094176e-001 5.690000e+000 1.320474e+000
    endloop
  endfacet
  facet normal -3.822708e-016 -1.000000e+000 -3.066757e-015
    outer loop
      vertex   1.637807e-001 5.690000e+000 1.892928e+000
      vertex   1.094176e-001 5.690000e+000 1.320474e+000
      vertex   2.180878e-001 5.690000e+000 1.306929e+000
    endloop
  endfacet
  facet normal -5.838149e-016 -1.000000e+000 -3.037669e-015
    outer loop
      vertex   2.939857e-001 5.690000e+000 1.877118e+000
      vertex   2.180878e-001 5.690000e+000 1.306929e+000
      vertex   4.227898e-001 5.690000e+000 1.852363e+000
    endloop
  endfacet
  facet normal -3.722590e-016 -1.000000e+000 -3.065829e-015
    outer loop
      vertex   2.939857e-001 5.690000e+000 1.877118e+000
      vertex   1.637807e-001 5.690000e+000 1.892928e+000
      vertex   2.180878e-001 5.690000e+000 1.306929e+000
    endloop
  endfacet
  facet normal 6.883504e-016 -1.000000e+000 -3.015860e-015
    outer loop
      vertex   -4.864743e-001 5.690000e+000 1.836666e+000
      vertex   -3.252683e-001 5.690000e+000 1.284455e+000
      vertex   -3.586014e-001 5.690000e+000 1.865852e+000
    endloop
  endfacet
  facet normal 4.788957e-016 -1.000000e+000 -3.057780e-015
    outer loop
      vertex   -3.586014e-001 5.690000e+000 1.865852e+000
      vertex   -2.180878e-001 5.690000e+000 1.306929e+000
      vertex   -2.290197e-001 5.690000e+000 1.886147e+000
    endloop
  endfacet
  facet normal 2.668215e-016 -1.000000e+000 -3.083842e-015
    outer loop
      vertex   -2.290197e-001 5.690000e+000 1.886147e+000
      vertex   -1.094176e-001 5.690000e+000 1.320474e+000
      vertex   -9.834657e-002 5.690000e+000 1.897453e+000
    endloop
  endfacet
  facet normal 5.341040e-017 -1.000000e+000 -3.093886e-015
    outer loop
      vertex   -9.834657e-002 5.690000e+000 1.897453e+000
      vertex   -6.858996e-016 5.690000e+000 1.325000e+000
      vertex   3.279522e-002 5.690000e+000 1.899717e+000
    endloop
  endfacet
  facet normal -1.600464e-016 -1.000000e+000 -3.087860e-015
    outer loop
      vertex   3.279522e-002 5.690000e+000 1.899717e+000
      vertex   1.094176e-001 5.690000e+000 1.320474e+000
      vertex   1.637807e-001 5.690000e+000 1.892928e+000
    endloop
  endfacet
  facet normal -6.330572e-016 -1.000000e+000 -3.019188e-015
    outer loop
      vertex   2.180878e-001 5.690000e+000 1.306929e+000
      vertex   3.252683e-001 5.690000e+000 1.284455e+000
      vertex   4.227898e-001 5.690000e+000 1.852363e+000
    endloop
  endfacet
  facet normal -7.924375e-016 -1.000000e+000 -2.991819e-015
    outer loop
      vertex   4.227898e-001 5.690000e+000 1.852363e+000
      vertex   3.252683e-001 5.690000e+000 1.284455e+000
      vertex   5.495790e-001 5.690000e+000 1.818781e+000
    endloop
  endfacet
  facet normal -8.797863e-016 -1.000000e+000 -2.955150e-015
    outer loop
      vertex   5.495790e-001 5.690000e+000 1.818781e+000
      vertex   3.252683e-001 5.690000e+000 1.284455e+000
      vertex   4.302268e-001 5.690000e+000 1.253208e+000
    endloop
  endfacet
  facet normal -1.120953e-015 -1.000000e+000 -2.872756e-015
    outer loop
      vertex   6.737493e-001 5.690000e+000 1.776531e+000
      vertex   4.302268e-001 5.690000e+000 1.253208e+000
      vertex   5.322464e-001 5.690000e+000 1.213400e+000
    endloop
  endfacet
  facet normal -1.355351e-015 -1.000000e+000 -2.772415e-015
    outer loop
      vertex   7.947088e-001 5.690000e+000 1.725815e+000
      vertex   5.322464e-001 5.690000e+000 1.213400e+000
      vertex   6.306303e-001 5.690000e+000 1.165303e+000
    endloop
  endfacet
  facet normal -1.581799e-015 -1.000000e+000 -2.654601e-015
    outer loop
      vertex   9.118812e-001 5.690000e+000 1.666875e+000
      vertex   6.306303e-001 5.690000e+000 1.165303e+000
      vertex   7.247063e-001 5.690000e+000 1.109246e+000
    endloop
  endfacet
  facet normal -1.799144e-015 -1.000000e+000 -2.519858e-015
    outer loop
      vertex   1.024708e+000 5.690000e+000 1.599992e+000
      vertex   7.247063e-001 5.690000e+000 1.109246e+000
      vertex   8.138318e-001 5.690000e+000 1.045611e+000
    endloop
  endfacet
  facet normal -1.929646e-015 -1.000000e+000 -2.419700e-015
    outer loop
      vertex   1.132652e+000 5.690000e+000 1.525484e+000
      vertex   8.138318e-001 5.690000e+000 1.045611e+000
      vertex   1.235198e+000 5.690000e+000 1.443706e+000
    endloop
  endfacet
  facet normal -1.751771e-015 -1.000000e+000 -2.537878e-015
    outer loop
      vertex   1.132652e+000 5.690000e+000 1.525484e+000
      vertex   1.024708e+000 5.690000e+000 1.599992e+000
      vertex   8.138318e-001 5.690000e+000 1.045611e+000
    endloop
  endfacet
  facet normal -9.970866e-016 -1.000000e+000 -2.930396e-015
    outer loop
      vertex   5.495790e-001 5.690000e+000 1.818781e+000
      vertex   4.302268e-001 5.690000e+000 1.253208e+000
      vertex   6.737493e-001 5.690000e+000 1.776531e+000
    endloop
  endfacet
  facet normal -1.196523e-015 -1.000000e+000 -2.853767e-015
    outer loop
      vertex   6.737493e-001 5.690000e+000 1.776531e+000
      vertex   5.322464e-001 5.690000e+000 1.213400e+000
      vertex   7.947088e-001 5.690000e+000 1.725815e+000
    endloop
  endfacet
  facet normal -1.389544e-015 -1.000000e+000 -2.762405e-015
    outer loop
      vertex   7.947088e-001 5.690000e+000 1.725815e+000
      vertex   6.306303e-001 5.690000e+000 1.165303e+000
      vertex   9.118812e-001 5.690000e+000 1.666875e+000
    endloop
  endfacet
  facet normal -1.574994e-015 -1.000000e+000 -2.656885e-015
    outer loop
      vertex   9.118812e-001 5.690000e+000 1.666875e+000
      vertex   7.247063e-001 5.690000e+000 1.109246e+000
      vertex   1.024708e+000 5.690000e+000 1.599992e+000
    endloop
  endfacet
  facet normal -1.992782e-015 -1.000000e+000 -2.352874e-015
    outer loop
      vertex   8.138318e-001 5.690000e+000 1.045611e+000
      vertex   8.973981e-001 5.690000e+000 9.748342e-001
      vertex   1.235198e+000 5.690000e+000 1.443706e+000
    endloop
  endfacet
  facet normal -2.092315e-015 -1.000000e+000 -2.281165e-015
    outer loop
      vertex   1.235198e+000 5.690000e+000 1.443706e+000
      vertex   8.973981e-001 5.690000e+000 9.748342e-001
      vertex   1.331858e+000 5.690000e+000 1.355048e+000
    endloop
  endfacet
  facet normal -2.180453e-015 -1.000000e+000 -2.180453e-015
    outer loop
      vertex   1.331858e+000 5.690000e+000 1.355048e+000
      vertex   8.973981e-001 5.690000e+000 9.748342e-001
      vertex   9.748342e-001 5.690000e+000 8.973981e-001
    endloop
  endfacet
  facet normal -2.354700e-015 -1.000000e+000 -1.994329e-015
    outer loop
      vertex   1.422170e+000 5.690000e+000 1.259933e+000
      vertex   9.748342e-001 5.690000e+000 8.973981e-001
      vertex   1.045611e+000 5.690000e+000 8.138318e-001
    endloop
  endfacet
  facet normal -2.514636e-015 -1.000000e+000 -1.795415e-015
    outer loop
      vertex   1.505706e+000 5.690000e+000 1.158814e+000
      vertex   1.045611e+000 5.690000e+000 8.138318e-001
      vertex   1.109246e+000 5.690000e+000 7.247063e-001
    endloop
  endfacet
  facet normal -2.659424e-015 -1.000000e+000 -1.584673e-015
    outer loop
      vertex   1.582066e+000 5.690000e+000 1.052172e+000
      vertex   1.109246e+000 5.690000e+000 7.247063e-001
      vertex   1.165303e+000 5.690000e+000 6.306303e-001
    endloop
  endfacet
  facet normal -2.740338e-015 -1.000000e+000 -1.438241e-015
    outer loop
      vertex   1.650887e+000 5.690000e+000 9.405167e-001
      vertex   1.165303e+000 5.690000e+000 6.306303e-001
      vertex   1.711841e+000 5.690000e+000 8.243791e-001
    endloop
  endfacet
  facet normal -2.625461e-015 -1.000000e+000 -1.618250e-015
    outer loop
      vertex   1.650887e+000 5.690000e+000 9.405167e-001
      vertex   1.582066e+000 5.690000e+000 1.052172e+000
      vertex   1.165303e+000 5.690000e+000 6.306303e-001
    endloop
  endfacet
  facet normal -2.244101e-015 -1.000000e+000 -2.130799e-015
    outer loop
      vertex   1.331858e+000 5.690000e+000 1.355048e+000
      vertex   9.748342e-001 5.690000e+000 8.973981e-001
      vertex   1.422170e+000 5.690000e+000 1.259933e+000
    endloop
  endfacet
  facet normal -2.384091e-015 -1.000000e+000 -1.969520e-015
    outer loop
      vertex   1.422170e+000 5.690000e+000 1.259933e+000
      vertex   1.045611e+000 5.690000e+000 8.138318e-001
      vertex   1.505706e+000 5.690000e+000 1.158814e+000
    endloop
  endfacet
  facet normal -2.511457e-015 -1.000000e+000 -1.798318e-015
    outer loop
      vertex   1.505706e+000 5.690000e+000 1.158814e+000
      vertex   1.109246e+000 5.690000e+000 7.247063e-001
      vertex   1.582066e+000 5.690000e+000 1.052172e+000
    endloop
  endfacet
  facet normal -2.770121e-015 -1.000000e+000 -1.354229e-015
    outer loop
      vertex   1.165303e+000 5.690000e+000 6.306303e-001
      vertex   1.213400e+000 5.690000e+000 5.322464e-001
      vertex   1.711841e+000 5.690000e+000 8.243791e-001
    endloop
  endfacet
  facet normal -2.833561e-015 -1.000000e+000 -1.245986e-015
    outer loop
      vertex   1.711841e+000 5.690000e+000 8.243791e-001
      vertex   1.213400e+000 5.690000e+000 5.322464e-001
      vertex   1.764637e+000 5.690000e+000 7.043130e-001
    endloop
  endfacet
  facet normal -2.872608e-015 -1.000000e+000 -1.120895e-015
    outer loop
      vertex   1.764637e+000 5.690000e+000 7.043130e-001
      vertex   1.213400e+000 5.690000e+000 5.322464e-001
      vertex   1.253208e+000 5.690000e+000 4.302268e-001
    endloop
  endfacet
  facet normal -2.957291e-015 -1.000000e+000 -8.804237e-016
    outer loop
      vertex   1.809024e+000 5.690000e+000 5.808905e-001
      vertex   1.253208e+000 5.690000e+000 4.302268e-001
      vertex   1.284455e+000 5.690000e+000 3.252683e-001
    endloop
  endfacet
  facet normal -3.023725e-015 -1.000000e+000 -6.340084e-016
    outer loop
      vertex   1.844789e+000 5.690000e+000 4.546998e-001
      vertex   1.284455e+000 5.690000e+000 3.252683e-001
      vertex   1.306929e+000 5.690000e+000 2.180878e-001
    endloop
  endfacet
  facet normal -3.063317e-015 -1.000000e+000 -4.257291e-016
    outer loop
      vertex   1.871764e+000 5.690000e+000 3.263422e-001
      vertex   1.306929e+000 5.690000e+000 2.180878e-001
      vertex   1.889819e+000 5.690000e+000 1.964295e-001
    endloop
  endfacet
  facet normal -3.023147e-015 -1.000000e+000 -6.353211e-016
    outer loop
      vertex   1.871764e+000 5.690000e+000 3.263422e-001
      vertex   1.844789e+000 5.690000e+000 4.546998e-001
      vertex   1.306929e+000 5.690000e+000 2.180878e-001
    endloop
  endfacet
  facet normal -2.912064e-015 -1.000000e+000 -1.047272e-015
    outer loop
      vertex   1.764637e+000 5.690000e+000 7.043130e-001
      vertex   1.253208e+000 5.690000e+000 4.302268e-001
      vertex   1.809024e+000 5.690000e+000 5.808905e-001
    endloop
  endfacet
  facet normal -2.975380e-015 -1.000000e+000 -8.433038e-016
    outer loop
      vertex   1.809024e+000 5.690000e+000 5.808905e-001
      vertex   1.284455e+000 5.690000e+000 3.252683e-001
      vertex   1.844789e+000 5.690000e+000 4.546998e-001
    endloop
  endfacet
  facet normal -3.061679e-015 -1.000000e+000 -3.816379e-016
    outer loop
      vertex   1.306929e+000 5.690000e+000 2.180878e-001
      vertex   1.320474e+000 5.690000e+000 1.094176e-001
      vertex   1.889819e+000 5.690000e+000 1.964295e-001
    endloop
  endfacet
  facet normal -3.087373e-015 -1.000000e+000 -2.135102e-016
    outer loop
      vertex   1.889819e+000 5.690000e+000 1.964295e-001
      vertex   1.320474e+000 5.690000e+000 1.094176e-001
      vertex   1.898868e+000 5.690000e+000 6.558066e-002
    endloop
  endfacet
  facet normal -3.080849e-015 -1.000000e+000 -1.274249e-016
    outer loop
      vertex   1.898868e+000 5.690000e+000 6.558066e-002
      vertex   1.320474e+000 5.690000e+000 1.094176e-001
      vertex   1.325000e+000 5.690000e+000 1.622657e-016
    endloop
  endfacet
  facet normal -3.071140e-015 -1.000000e+000 2.123875e-016
    outer loop
      vertex   1.898868e+000 5.690000e+000 -6.558066e-002
      vertex   1.325000e+000 5.690000e+000 1.622657e-016
      vertex   1.889819e+000 5.690000e+000 -1.964295e-001
    endloop
  endfacet
  facet normal -3.095411e-015 -1.000000e+000 0.000000e+000
    outer loop
      vertex   1.898868e+000 5.690000e+000 -6.558066e-002
      vertex   1.898868e+000 5.690000e+000 6.558066e-002
      vertex   1.325000e+000 5.690000e+000 1.622657e-016
    endloop
  endfacet
  facet normal -2.370560e-015 -1.000000e+000 1.042393e-015
    outer loop
      vertex   1.711841e+000 5.690000e+000 -8.243791e-001
      vertex   1.764637e+000 5.690000e+000 -7.043130e-001
      vertex   1.325000e+000 5.690000e+000 1.622657e-016
    endloop
  endfacet
  facet normal -2.563543e-015 -1.000000e+000 9.219325e-016
    outer loop
      vertex   1.325000e+000 5.690000e+000 1.622657e-016
      vertex   1.764637e+000 5.690000e+000 -7.043130e-001
      vertex   1.809024e+000 5.690000e+000 -5.808905e-001
    endloop
  endfacet
  facet normal -2.738486e-015 -1.000000e+000 7.761617e-016
    outer loop
      vertex   1.844789e+000 5.690000e+000 -4.546998e-001
      vertex   1.325000e+000 5.690000e+000 1.622657e-016
      vertex   1.809024e+000 5.690000e+000 -5.808905e-001
    endloop
  endfacet
  facet normal -2.886763e-015 -1.000000e+000 6.066596e-016
    outer loop
      vertex   1.844789e+000 5.690000e+000 -4.546998e-001
      vertex   1.871764e+000 5.690000e+000 -3.263422e-001
      vertex   1.325000e+000 5.690000e+000 1.622657e-016
    endloop
  endfacet
  facet normal -3.000005e-015 -1.000000e+000 4.169302e-016
    outer loop
      vertex   1.325000e+000 5.690000e+000 1.622657e-016
      vertex   1.871764e+000 5.690000e+000 -3.263422e-001
      vertex   1.889819e+000 5.690000e+000 -1.964295e-001
    endloop
  endfacet
  facet normal 1.465809e-015 -1.000000e+000 -1.298593e-015
    outer loop
      vertex   -1.377835e+000 5.690000e+000 1.308270e+000
      vertex   -1.464811e+000 5.690000e+000 1.210094e+000
      vertex   -1.325000e+000 5.690000e+000 0.000000e+000
    endloop
  endfacet
  facet normal 1.658414e-015 -1.000000e+000 -1.276340e-015
    outer loop
      vertex   -1.325000e+000 5.690000e+000 0.000000e+000
      vertex   -1.464811e+000 5.690000e+000 1.210094e+000
      vertex   -1.544807e+000 5.690000e+000 1.106152e+000
    endloop
  endfacet
  facet normal 1.859151e-015 -1.000000e+000 -1.236451e-015
    outer loop
      vertex   -1.617440e+000 5.690000e+000 9.969385e-001
      vertex   -1.325000e+000 5.690000e+000 0.000000e+000
      vertex   -1.544807e+000 5.690000e+000 1.106152e+000
    endloop
  endfacet
  facet normal 2.064571e-015 -1.000000e+000 -1.176194e-015
    outer loop
      vertex   -1.617440e+000 5.690000e+000 9.969385e-001
      vertex   -1.682366e+000 5.690000e+000 8.829740e-001
      vertex   -1.325000e+000 5.690000e+000 0.000000e+000
    endloop
  endfacet
  facet normal 2.269860e-015 -1.000000e+000 -1.093107e-015
    outer loop
      vertex   -1.325000e+000 5.690000e+000 0.000000e+000
      vertex   -1.682366e+000 5.690000e+000 8.829740e-001
      vertex   -1.739275e+000 5.690000e+000 7.648018e-001
    endloop
  endfacet
  facet normal 2.468782e-015 -1.000000e+000 -9.853557e-016
    outer loop
      vertex   -1.787896e+000 5.690000e+000 6.429849e-001
      vertex   -1.325000e+000 5.690000e+000 0.000000e+000
      vertex   -1.739275e+000 5.690000e+000 7.648018e-001
    endloop
  endfacet
  facet normal 2.653804e-015 -1.000000e+000 -8.521554e-016
    outer loop
      vertex   -1.787896e+000 5.690000e+000 6.429849e-001
      vertex   -1.827996e+000 5.690000e+000 5.181038e-001
      vertex   -1.325000e+000 5.690000e+000 0.000000e+000
    endloop
  endfacet
  facet normal 2.816499e-015 -1.000000e+000 -6.942046e-016
    outer loop
      vertex   -1.325000e+000 5.690000e+000 0.000000e+000
      vertex   -1.827996e+000 5.690000e+000 5.181038e-001
      vertex   -1.859385e+000 5.690000e+000 3.907538e-001
    endloop
  endfacet
  facet normal 2.948248e-015 -1.000000e+000 -5.140273e-016
    outer loop
      vertex   -1.881913e+000 5.690000e+000 2.615417e-001
      vertex   -1.325000e+000 5.690000e+000 0.000000e+000
      vertex   -1.859385e+000 5.690000e+000 3.907538e-001
    endloop
  endfacet
  facet normal 3.041198e-015 -1.000000e+000 -3.161049e-016
    outer loop
      vertex   -1.881913e+000 5.690000e+000 2.615417e-001
      vertex   -1.895473e+000 5.690000e+000 1.310832e-001
      vertex   -1.325000e+000 5.690000e+000 0.000000e+000
    endloop
  endfacet
  facet normal -9.991458e-001 8.220156e-017 4.132497e-002
    outer loop
      vertex   1.320474e+000 5.990000e+000 -1.094176e-001
      vertex   1.320474e+000 5.690000e+000 -1.094176e-001
      vertex   1.325000e+000 5.990000e+000 1.622657e-016
    endloop
  endfacet
  facet normal -9.923206e-001 2.442093e-016 1.236926e-001
    outer loop
      vertex   1.320474e+000 5.990000e+000 -1.094176e-001
      vertex   1.306929e+000 5.690000e+000 -2.180878e-001
      vertex   1.320474e+000 5.690000e+000 -1.094176e-001
    endloop
  endfacet
  facet normal -9.923206e-001 2.403212e-016 1.236926e-001
    outer loop
      vertex   1.320474e+000 5.990000e+000 -1.094176e-001
      vertex   1.306929e+000 5.990000e+000 -2.180878e-001
      vertex   1.306929e+000 5.690000e+000 -2.180878e-001
    endloop
  endfacet
  facet normal -9.787168e-001 3.987109e-016 2.052153e-001
    outer loop
      vertex   1.306929e+000 5.690000e+000 -2.180878e-001
      vertex   1.306929e+000 5.990000e+000 -2.180878e-001
      vertex   1.284455e+000 5.690000e+000 -3.252683e-001
    endloop
  endfacet
  facet normal -9.787168e-001 0.000000e+000 2.052153e-001
    outer loop
      vertex   1.284455e+000 5.690000e+000 -3.252683e-001
      vertex   1.306929e+000 5.990000e+000 -2.180878e-001
      vertex   1.284455e+000 5.990000e+000 -3.252683e-001
    endloop
  endfacet
  facet normal -9.584275e-001 0.000000e+000 2.853362e-001
    outer loop
      vertex   1.253208e+000 5.690000e+000 -4.302268e-001
      vertex   1.284455e+000 5.990000e+000 -3.252683e-001
      vertex   1.253208e+000 5.990000e+000 -4.302268e-001
    endloop
  endfacet
  facet normal -9.315911e-001 0.000000e+000 3.635080e-001
    outer loop
      vertex   1.213400e+000 5.690000e+000 -5.322464e-001
      vertex   1.253208e+000 5.990000e+000 -4.302268e-001
      vertex   1.213400e+000 5.990000e+000 -5.322464e-001
    endloop
  endfacet
  facet normal -8.983910e-001 1.584061e-016 4.391966e-001
    outer loop
      vertex   1.165303e+000 5.690000e+000 -6.306303e-001
      vertex   1.213400e+000 5.990000e+000 -5.322464e-001
      vertex   1.165303e+000 5.990000e+000 -6.306303e-001
    endloop
  endfacet
  facet normal -8.590540e-001 0.000000e+000 5.118850e-001
    outer loop
      vertex   1.109246e+000 5.690000e+000 -7.247063e-001
      vertex   1.165303e+000 5.990000e+000 -6.306303e-001
      vertex   1.109246e+000 5.990000e+000 -7.247063e-001
    endloop
  endfacet
  facet normal -8.138487e-001 0.000000e+000 5.810768e-001
    outer loop
      vertex   1.045611e+000 5.690000e+000 -8.138318e-001
      vertex   1.109246e+000 5.990000e+000 -7.247063e-001
      vertex   1.045611e+000 5.990000e+000 -8.138318e-001
    endloop
  endfacet
  facet normal -7.630841e-001 5.808222e-016 6.462992e-001
    outer loop
      vertex   9.748342e-001 5.690000e+000 -8.973981e-001
      vertex   1.045611e+000 5.990000e+000 -8.138318e-001
      vertex   9.748342e-001 5.990000e+000 -8.973981e-001
    endloop
  endfacet
  facet normal -7.071068e-001 0.000000e+000 7.071068e-001
    outer loop
      vertex   8.973981e-001 5.690000e+000 -9.748342e-001
      vertex   9.748342e-001 5.990000e+000 -8.973981e-001
      vertex   8.973981e-001 5.990000e+000 -9.748342e-001
    endloop
  endfacet
  facet normal -6.462992e-001 0.000000e+000 7.630841e-001
    outer loop
      vertex   8.138318e-001 5.690000e+000 -1.045611e+000
      vertex   8.973981e-001 5.990000e+000 -9.748342e-001
      vertex   8.138318e-001 5.990000e+000 -1.045611e+000
    endloop
  endfacet
  facet normal -5.810768e-001 0.000000e+000 8.138487e-001
    outer loop
      vertex   7.247063e-001 5.690000e+000 -1.109246e+000
      vertex   8.138318e-001 5.990000e+000 -1.045611e+000
      vertex   7.247063e-001 5.990000e+000 -1.109246e+000
    endloop
  endfacet
  facet normal -5.118850e-001 -3.168121e-016 8.590540e-001
    outer loop
      vertex   6.306303e-001 5.690000e+000 -1.165303e+000
      vertex   7.247063e-001 5.990000e+000 -1.109246e+000
      vertex   6.306303e-001 5.990000e+000 -1.165303e+000
    endloop
  endfacet
  facet normal -4.391966e-001 4.752182e-016 8.983910e-001
    outer loop
      vertex   5.322464e-001 5.690000e+000 -1.213400e+000
      vertex   6.306303e-001 5.990000e+000 -1.165303e+000
      vertex   5.322464e-001 5.990000e+000 -1.213400e+000
    endloop
  endfacet
  facet normal -3.635080e-001 0.000000e+000 9.315911e-001
    outer loop
      vertex   4.302268e-001 5.690000e+000 -1.253208e+000
      vertex   5.322464e-001 5.990000e+000 -1.213400e+000
      vertex   4.302268e-001 5.990000e+000 -1.253208e+000
    endloop
  endfacet
  facet normal -2.853362e-001 4.488172e-016 9.584275e-001
    outer loop
      vertex   3.252683e-001 5.690000e+000 -1.284455e+000
      vertex   4.302268e-001 5.990000e+000 -1.253208e+000
      vertex   3.252683e-001 5.990000e+000 -1.284455e+000
    endloop
  endfacet
  facet normal -2.052153e-001 -3.828146e-016 9.787168e-001
    outer loop
      vertex   2.180878e-001 5.690000e+000 -1.306929e+000
      vertex   3.252683e-001 5.990000e+000 -1.284455e+000
      vertex   2.180878e-001 5.990000e+000 -1.306929e+000
    endloop
  endfacet
  facet normal -1.236926e-001 1.254048e-016 9.923206e-001
    outer loop
      vertex   1.094176e-001 5.690000e+000 -1.320474e+000
      vertex   2.180878e-001 5.990000e+000 -1.306929e+000
      vertex   1.094176e-001 5.990000e+000 -1.320474e+000
    endloop
  endfacet
  facet normal -4.132497e-002 0.000000e+000 9.991458e-001
    outer loop
      vertex   -6.858996e-016 5.690000e+000 -1.325000e+000
      vertex   1.094176e-001 5.990000e+000 -1.320474e+000
      vertex   -6.858996e-016 5.990000e+000 -1.325000e+000
    endloop
  endfacet
  facet normal 4.132497e-002 4.290164e-017 9.991458e-001
    outer loop
      vertex   -1.094176e-001 5.690000e+000 -1.320474e+000
      vertex   -6.858996e-016 5.990000e+000 -1.325000e+000
      vertex   -1.094176e-001 5.990000e+000 -1.320474e+000
    endloop
  endfacet
  facet normal 1.236926e-001 2.442093e-016 9.923206e-001
    outer loop
      vertex   -2.180878e-001 5.690000e+000 -1.306929e+000
      vertex   -1.094176e-001 5.990000e+000 -1.320474e+000
      vertex   -2.180878e-001 5.990000e+000 -1.306929e+000
    endloop
  endfacet
  facet normal 2.052153e-001 5.280202e-016 9.787168e-001
    outer loop
      vertex   -3.252683e-001 5.690000e+000 -1.284455e+000
      vertex   -2.180878e-001 5.990000e+000 -1.306929e+000
      vertex   -3.252683e-001 5.990000e+000 -1.284455e+000
    endloop
  endfacet
  facet normal 2.853362e-001 0.000000e+000 9.584275e-001
    outer loop
      vertex   -4.302268e-001 5.690000e+000 -1.253208e+000
      vertex   -3.252683e-001 5.990000e+000 -1.284455e+000
      vertex   -4.302268e-001 5.990000e+000 -1.253208e+000
    endloop
  endfacet
  facet normal 3.635080e-001 -1.320050e-016 9.315911e-001
    outer loop
      vertex   -5.322464e-001 5.690000e+000 -1.213400e+000
      vertex   -4.302268e-001 5.990000e+000 -1.253208e+000
      vertex   -5.322464e-001 5.990000e+000 -1.213400e+000
    endloop
  endfacet
  facet normal 4.391966e-001 6.600252e-016 8.983910e-001
    outer loop
      vertex   -6.306303e-001 5.690000e+000 -1.165303e+000
      vertex   -5.322464e-001 5.990000e+000 -1.213400e+000
      vertex   -6.306303e-001 5.990000e+000 -1.165303e+000
    endloop
  endfacet
  facet normal 5.118850e-001 0.000000e+000 8.590540e-001
    outer loop
      vertex   -7.247063e-001 5.690000e+000 -1.109246e+000
      vertex   -6.306303e-001 5.990000e+000 -1.165303e+000
      vertex   -7.247063e-001 5.990000e+000 -1.109246e+000
    endloop
  endfacet
  facet normal 5.810768e-001 0.000000e+000 8.138487e-001
    outer loop
      vertex   -8.138318e-001 5.690000e+000 -1.045611e+000
      vertex   -7.247063e-001 5.990000e+000 -1.109246e+000
      vertex   -8.138318e-001 5.990000e+000 -1.045611e+000
    endloop
  endfacet
  facet normal 6.462992e-001 -1.584061e-016 7.630841e-001
    outer loop
      vertex   -8.973981e-001 5.690000e+000 -9.748342e-001
      vertex   -8.138318e-001 5.990000e+000 -1.045611e+000
      vertex   -8.973981e-001 5.990000e+000 -9.748342e-001
    endloop
  endfacet
  facet normal 7.071068e-001 0.000000e+000 7.071068e-001
    outer loop
      vertex   -9.748342e-001 5.690000e+000 -8.973981e-001
      vertex   -8.973981e-001 5.990000e+000 -9.748342e-001
      vertex   -9.748342e-001 5.990000e+000 -8.973981e-001
    endloop
  endfacet
  facet normal 7.630841e-001 0.000000e+000 6.462992e-001
    outer loop
      vertex   -1.045611e+000 5.690000e+000 -8.138318e-001
      vertex   -9.748342e-001 5.990000e+000 -8.973981e-001
      vertex   -1.045611e+000 5.990000e+000 -8.138318e-001
    endloop
  endfacet
  facet normal 8.138487e-001 0.000000e+000 5.810768e-001
    outer loop
      vertex   -1.109246e+000 5.690000e+000 -7.247063e-001
      vertex   -1.045611e+000 5.990000e+000 -8.138318e-001
      vertex   -1.109246e+000 5.990000e+000 -7.247063e-001
    endloop
  endfacet
  facet normal 8.590540e-001 0.000000e+000 5.118850e-001
    outer loop
      vertex   -1.165303e+000 5.690000e+000 -6.306303e-001
      vertex   -1.109246e+000 5.990000e+000 -7.247063e-001
      vertex   -1.165303e+000 5.990000e+000 -6.306303e-001
    endloop
  endfacet
  facet normal 8.983910e-001 -1.320050e-016 4.391966e-001
    outer loop
      vertex   -1.213400e+000 5.690000e+000 -5.322464e-001
      vertex   -1.165303e+000 5.990000e+000 -6.306303e-001
      vertex   -1.213400e+000 5.990000e+000 -5.322464e-001
    endloop
  endfacet
  facet normal 9.315911e-001 0.000000e+000 3.635080e-001
    outer loop
      vertex   -1.253208e+000 5.690000e+000 -4.302268e-001
      vertex   -1.213400e+000 5.990000e+000 -5.322464e-001
      vertex   -1.253208e+000 5.990000e+000 -4.302268e-001
    endloop
  endfacet
  facet normal 9.584275e-001 1.848071e-016 2.853362e-001
    outer loop
      vertex   -1.284455e+000 5.690000e+000 -3.252683e-001
      vertex   -1.253208e+000 5.990000e+000 -4.302268e-001
      vertex   -1.284455e+000 5.990000e+000 -3.252683e-001
    endloop
  endfacet
  facet normal 9.787168e-001 0.000000e+000 2.052153e-001
    outer loop
      vertex   -1.306929e+000 5.690000e+000 -2.180878e-001
      vertex   -1.284455e+000 5.990000e+000 -3.252683e-001
      vertex   -1.306929e+000 5.990000e+000 -2.180878e-001
    endloop
  endfacet
  facet normal 9.923206e-001 -2.442093e-016 1.236926e-001
    outer loop
      vertex   -1.320474e+000 5.690000e+000 -1.094176e-001
      vertex   -1.306929e+000 5.990000e+000 -2.180878e-001
      vertex   -1.320474e+000 5.990000e+000 -1.094176e-001
    endloop
  endfacet
  facet normal 9.991458e-001 0.000000e+000 4.132497e-002
    outer loop
      vertex   -1.325000e+000 5.690000e+000 0.000000e+000
      vertex   -1.320474e+000 5.990000e+000 -1.094176e-001
      vertex   -1.325000e+000 5.990000e+000 0.000000e+000
    endloop
  endfacet
  facet normal 9.991458e-001 7.920303e-017 -4.132497e-002
    outer loop
      vertex   -1.320474e+000 5.690000e+000 1.094176e-001
      vertex   -1.325000e+000 5.990000e+000 0.000000e+000
      vertex   -1.320474e+000 5.990000e+000 1.094176e-001
    endloop
  endfacet
  facet normal 9.923206e-001 0.000000e+000 -1.236926e-001
    outer loop
      vertex   -1.306929e+000 5.690000e+000 2.180878e-001
      vertex   -1.320474e+000 5.990000e+000 1.094176e-001
      vertex   -1.306929e+000 5.990000e+000 2.180878e-001
    endloop
  endfacet
  facet normal 9.787168e-001 -3.432131e-016 -2.052153e-001
    outer loop
      vertex   -1.284455e+000 5.690000e+000 3.252683e-001
      vertex   -1.306929e+000 5.990000e+000 2.180878e-001
      vertex   -1.284455e+000 5.990000e+000 3.252683e-001
    endloop
  endfacet
  facet normal 9.584275e-001 0.000000e+000 -2.853362e-001
    outer loop
      vertex   -1.253208e+000 5.690000e+000 4.302268e-001
      vertex   -1.284455e+000 5.990000e+000 3.252683e-001
      vertex   -1.253208e+000 5.990000e+000 4.302268e-001
    endloop
  endfacet
  facet normal 9.315911e-001 0.000000e+000 -3.635080e-001
    outer loop
      vertex   -1.213400e+000 5.690000e+000 5.322464e-001
      vertex   -1.253208e+000 5.990000e+000 4.302268e-001
      vertex   -1.213400e+000 5.990000e+000 5.322464e-001
    endloop
  endfacet
  facet normal 8.983910e-001 0.000000e+000 -4.391966e-001
    outer loop
      vertex   -1.165303e+000 5.690000e+000 6.306303e-001
      vertex   -1.213400e+000 5.990000e+000 5.322464e-001
      vertex   -1.165303e+000 5.990000e+000 6.306303e-001
    endloop
  endfacet
  facet normal 8.590540e-001 0.000000e+000 -5.118850e-001
    outer loop
      vertex   -1.109246e+000 5.690000e+000 7.247063e-001
      vertex   -1.165303e+000 5.990000e+000 6.306303e-001
      vertex   -1.109246e+000 5.990000e+000 7.247063e-001
    endloop
  endfacet
  facet normal 8.138487e-001 0.000000e+000 -5.810768e-001
    outer loop
      vertex   -1.045611e+000 5.690000e+000 8.138318e-001
      vertex   -1.109246e+000 5.990000e+000 7.247063e-001
      vertex   -1.045611e+000 5.990000e+000 8.138318e-001
    endloop
  endfacet
  facet normal 7.630841e-001 0.000000e+000 -6.462992e-001
    outer loop
      vertex   -9.748342e-001 5.690000e+000 8.973981e-001
      vertex   -1.045611e+000 5.990000e+000 8.138318e-001
      vertex   -9.748342e-001 5.990000e+000 8.973981e-001
    endloop
  endfacet
  facet normal 7.071068e-001 0.000000e+000 -7.071068e-001
    outer loop
      vertex   -8.973981e-001 5.690000e+000 9.748342e-001
      vertex   -9.748342e-001 5.990000e+000 8.973981e-001
      vertex   -8.973981e-001 5.990000e+000 9.748342e-001
    endloop
  endfacet
  facet normal 6.462992e-001 0.000000e+000 -7.630841e-001
    outer loop
      vertex   -8.138318e-001 5.690000e+000 1.045611e+000
      vertex   -8.973981e-001 5.990000e+000 9.748342e-001
      vertex   -8.138318e-001 5.990000e+000 1.045611e+000
    endloop
  endfacet
  facet normal 5.810768e-001 0.000000e+000 -8.138487e-001
    outer loop
      vertex   -7.247063e-001 5.690000e+000 1.109246e+000
      vertex   -8.138318e-001 5.990000e+000 1.045611e+000
      vertex   -7.247063e-001 5.990000e+000 1.109246e+000
    endloop
  endfacet
  facet normal 5.118850e-001 -7.656293e-016 -8.590540e-001
    outer loop
      vertex   -6.306303e-001 5.690000e+000 1.165303e+000
      vertex   -7.247063e-001 5.990000e+000 1.109246e+000
      vertex   -6.306303e-001 5.990000e+000 1.165303e+000
    endloop
  endfacet
  facet normal 4.391966e-001 0.000000e+000 -8.983910e-001
    outer loop
      vertex   -5.322464e-001 5.690000e+000 1.213400e+000
      vertex   -6.306303e-001 5.990000e+000 1.165303e+000
      vertex   -5.322464e-001 5.990000e+000 1.213400e+000
    endloop
  endfacet
  facet normal 3.635080e-001 0.000000e+000 -9.315911e-001
    outer loop
      vertex   -4.302268e-001 5.690000e+000 1.253208e+000
      vertex   -5.322464e-001 5.990000e+000 1.213400e+000
      vertex   -4.302268e-001 5.990000e+000 1.253208e+000
    endloop
  endfacet
  facet normal 2.853362e-001 -4.488172e-016 -9.584275e-001
    outer loop
      vertex   -3.252683e-001 5.690000e+000 1.284455e+000
      vertex   -4.302268e-001 5.990000e+000 1.253208e+000
      vertex   -3.252683e-001 5.990000e+000 1.284455e+000
    endloop
  endfacet
  facet normal 2.052153e-001 -3.960151e-016 -9.787168e-001
    outer loop
      vertex   -2.180878e-001 5.690000e+000 1.306929e+000
      vertex   -3.252683e-001 5.990000e+000 1.284455e+000
      vertex   -2.180878e-001 5.990000e+000 1.306929e+000
    endloop
  endfacet
  facet normal 1.236926e-001 -1.254048e-016 -9.923206e-001
    outer loop
      vertex   -1.094176e-001 5.690000e+000 1.320474e+000
      vertex   -2.180878e-001 5.990000e+000 1.306929e+000
      vertex   -1.094176e-001 5.990000e+000 1.320474e+000
    endloop
  endfacet
  facet normal 4.132497e-002 0.000000e+000 -9.991458e-001
    outer loop
      vertex   -6.858996e-016 5.690000e+000 1.325000e+000
      vertex   -1.094176e-001 5.990000e+000 1.320474e+000
      vertex   -6.858996e-016 5.990000e+000 1.325000e+000
    endloop
  endfacet
  facet normal -4.132497e-002 -4.290164e-017 -9.991458e-001
    outer loop
      vertex   1.094176e-001 5.690000e+000 1.320474e+000
      vertex   -6.858996e-016 5.990000e+000 1.325000e+000
      vertex   1.094176e-001 5.990000e+000 1.320474e+000
    endloop
  endfacet
  facet normal -1.236926e-001 2.244086e-016 -9.923206e-001
    outer loop
      vertex   2.180878e-001 5.690000e+000 1.306929e+000
      vertex   1.094176e-001 5.990000e+000 1.320474e+000
      vertex   2.180878e-001 5.990000e+000 1.306929e+000
    endloop
  endfacet
  facet normal -2.052153e-001 -5.412207e-016 -9.787168e-001
    outer loop
      vertex   3.252683e-001 5.690000e+000 1.284455e+000
      vertex   2.180878e-001 5.990000e+000 1.306929e+000
      vertex   3.252683e-001 5.990000e+000 1.284455e+000
    endloop
  endfacet
  facet normal -2.853362e-001 0.000000e+000 -9.584275e-001
    outer loop
      vertex   4.302268e-001 5.690000e+000 1.253208e+000
      vertex   3.252683e-001 5.990000e+000 1.284455e+000
      vertex   4.302268e-001 5.990000e+000 1.253208e+000
    endloop
  endfacet
  facet normal -3.635080e-001 -3.960151e-016 -9.315911e-001
    outer loop
      vertex   5.322464e-001 5.690000e+000 1.213400e+000
      vertex   4.302268e-001 5.990000e+000 1.253208e+000
      vertex   5.322464e-001 5.990000e+000 1.213400e+000
    endloop
  endfacet
  facet normal -4.391966e-001 1.584061e-016 -8.983910e-001
    outer loop
      vertex   6.306303e-001 5.690000e+000 1.165303e+000
      vertex   5.322464e-001 5.990000e+000 1.213400e+000
      vertex   6.306303e-001 5.990000e+000 1.165303e+000
    endloop
  endfacet
  facet normal -5.118850e-001 0.000000e+000 -8.590540e-001
    outer loop
      vertex   7.247063e-001 5.690000e+000 1.109246e+000
      vertex   6.306303e-001 5.990000e+000 1.165303e+000
      vertex   7.247063e-001 5.990000e+000 1.109246e+000
    endloop
  endfacet
  facet normal -5.810768e-001 0.000000e+000 -8.138487e-001
    outer loop
      vertex   8.138318e-001 5.690000e+000 1.045611e+000
      vertex   7.247063e-001 5.990000e+000 1.109246e+000
      vertex   8.138318e-001 5.990000e+000 1.045611e+000
    endloop
  endfacet
  facet normal -6.462992e-001 -1.584061e-016 -7.630841e-001
    outer loop
      vertex   8.973981e-001 5.690000e+000 9.748342e-001
      vertex   8.138318e-001 5.990000e+000 1.045611e+000
      vertex   8.973981e-001 5.990000e+000 9.748342e-001
    endloop
  endfacet
  facet normal -7.071068e-001 -7.920303e-016 -7.071068e-001
    outer loop
      vertex   9.748342e-001 5.690000e+000 8.973981e-001
      vertex   8.973981e-001 5.990000e+000 9.748342e-001
      vertex   9.748342e-001 5.990000e+000 8.973981e-001
    endloop
  endfacet
  facet normal -7.630841e-001 0.000000e+000 -6.462992e-001
    outer loop
      vertex   1.045611e+000 5.690000e+000 8.138318e-001
      vertex   9.748342e-001 5.990000e+000 8.973981e-001
      vertex   1.045611e+000 5.990000e+000 8.138318e-001
    endloop
  endfacet
  facet normal -8.138487e-001 0.000000e+000 -5.810768e-001
    outer loop
      vertex   1.109246e+000 5.690000e+000 7.247063e-001
      vertex   1.045611e+000 5.990000e+000 8.138318e-001
      vertex   1.109246e+000 5.990000e+000 7.247063e-001
    endloop
  endfacet
  facet normal -8.590540e-001 -3.168121e-016 -5.118850e-001
    outer loop
      vertex   1.165303e+000 5.690000e+000 6.306303e-001
      vertex   1.109246e+000 5.990000e+000 7.247063e-001
      vertex   1.165303e+000 5.990000e+000 6.306303e-001
    endloop
  endfacet
  facet normal -8.983910e-001 -1.584061e-016 -4.391966e-001
    outer loop
      vertex   1.213400e+000 5.690000e+000 5.322464e-001
      vertex   1.165303e+000 5.990000e+000 6.306303e-001
      vertex   1.213400e+000 5.990000e+000 5.322464e-001
    endloop
  endfacet
  facet normal -9.315911e-001 0.000000e+000 -3.635080e-001
    outer loop
      vertex   1.253208e+000 5.690000e+000 4.302268e-001
      vertex   1.213400e+000 5.990000e+000 5.322464e-001
      vertex   1.253208e+000 5.990000e+000 4.302268e-001
    endloop
  endfacet
  facet normal -9.584275e-001 0.000000e+000 -2.853362e-001
    outer loop
      vertex   1.284455e+000 5.690000e+000 3.252683e-001
      vertex   1.253208e+000 5.990000e+000 4.302268e-001
      vertex   1.284455e+000 5.990000e+000 3.252683e-001
    endloop
  endfacet
  facet normal -9.787168e-001 -3.960151e-016 -2.052153e-001
    outer loop
      vertex   1.306929e+000 5.690000e+000 2.180878e-001
      vertex   1.284455e+000 5.990000e+000 3.252683e-001
      vertex   1.306929e+000 5.990000e+000 2.180878e-001
    endloop
  endfacet
  facet normal -9.923206e-001 -2.442093e-016 -1.236926e-001
    outer loop
      vertex   1.320474e+000 5.690000e+000 1.094176e-001
      vertex   1.306929e+000 5.990000e+000 2.180878e-001
      vertex   1.320474e+000 5.990000e+000 1.094176e-001
    endloop
  endfacet
  facet normal -9.991458e-001 0.000000e+000 -4.132497e-002
    outer loop
      vertex   1.325000e+000 5.690000e+000 1.622657e-016
      vertex   1.320474e+000 5.990000e+000 1.094176e-001
      vertex   1.325000e+000 5.990000e+000 1.622657e-016
    endloop
  endfacet
  facet normal -9.991458e-001 0.000000e+000 4.132497e-002
    outer loop
      vertex   1.320474e+000 5.690000e+000 -1.094176e-001
      vertex   1.325000e+000 5.690000e+000 1.622657e-016
      vertex   1.325000e+000 5.990000e+000 1.622657e-016
    endloop
  endfacet
  facet normal -9.584275e-001 0.000000e+000 2.853362e-001
    outer loop
      vertex   1.284455e+000 5.690000e+000 -3.252683e-001
      vertex   1.284455e+000 5.990000e+000 -3.252683e-001
      vertex   1.253208e+000 5.690000e+000 -4.302268e-001
    endloop
  endfacet
  facet normal -9.315911e-001 0.000000e+000 3.635080e-001
    outer loop
      vertex   1.253208e+000 5.690000e+000 -4.302268e-001
      vertex   1.253208e+000 5.990000e+000 -4.302268e-001
      vertex   1.213400e+000 5.690000e+000 -5.322464e-001
    endloop
  endfacet
  facet normal -8.983910e-001 1.477340e-016 4.391966e-001
    outer loop
      vertex   1.213400e+000 5.690000e+000 -5.322464e-001
      vertex   1.213400e+000 5.990000e+000 -5.322464e-001
      vertex   1.165303e+000 5.690000e+000 -6.306303e-001
    endloop
  endfacet
  facet normal -8.590540e-001 3.113500e-016 5.118850e-001
    outer loop
      vertex   1.165303e+000 5.690000e+000 -6.306303e-001
      vertex   1.165303e+000 5.990000e+000 -6.306303e-001
      vertex   1.109246e+000 5.690000e+000 -7.247063e-001
    endloop
  endfacet
  facet normal -8.138487e-001 0.000000e+000 5.810768e-001
    outer loop
      vertex   1.109246e+000 5.690000e+000 -7.247063e-001
      vertex   1.109246e+000 5.990000e+000 -7.247063e-001
      vertex   1.045611e+000 5.690000e+000 -8.138318e-001
    endloop
  endfacet
  facet normal -7.630841e-001 0.000000e+000 6.462992e-001
    outer loop
      vertex   1.045611e+000 5.690000e+000 -8.138318e-001
      vertex   1.045611e+000 5.990000e+000 -8.138318e-001
      vertex   9.748342e-001 5.690000e+000 -8.973981e-001
    endloop
  endfacet
  facet normal -7.071068e-001 7.850462e-016 7.071068e-001
    outer loop
      vertex   9.748342e-001 5.690000e+000 -8.973981e-001
      vertex   9.748342e-001 5.990000e+000 -8.973981e-001
      vertex   8.973981e-001 5.690000e+000 -9.748342e-001
    endloop
  endfacet
  facet normal -6.462992e-001 1.728763e-016 7.630841e-001
    outer loop
      vertex   8.973981e-001 5.690000e+000 -9.748342e-001
      vertex   8.973981e-001 5.990000e+000 -9.748342e-001
      vertex   8.138318e-001 5.690000e+000 -1.045611e+000
    endloop
  endfacet
  facet normal -5.810768e-001 0.000000e+000 8.138487e-001
    outer loop
      vertex   8.138318e-001 5.690000e+000 -1.045611e+000
      vertex   8.138318e-001 5.990000e+000 -1.045611e+000
      vertex   7.247063e-001 5.690000e+000 -1.109246e+000
    endloop
  endfacet
  facet normal -5.118850e-001 0.000000e+000 8.590540e-001
    outer loop
      vertex   7.247063e-001 5.690000e+000 -1.109246e+000
      vertex   7.247063e-001 5.990000e+000 -1.109246e+000
      vertex   6.306303e-001 5.690000e+000 -1.165303e+000
    endloop
  endfacet
  facet normal -4.391966e-001 -1.477340e-016 8.983910e-001
    outer loop
      vertex   6.306303e-001 5.690000e+000 -1.165303e+000
      vertex   6.306303e-001 5.990000e+000 -1.165303e+000
      vertex   5.322464e-001 5.690000e+000 -1.213400e+000
    endloop
  endfacet
  facet normal -3.635080e-001 4.035749e-016 9.315911e-001
    outer loop
      vertex   5.322464e-001 5.690000e+000 -1.213400e+000
      vertex   5.322464e-001 5.990000e+000 -1.213400e+000
      vertex   4.302268e-001 5.690000e+000 -1.253208e+000
    endloop
  endfacet
  facet normal -2.853362e-001 0.000000e+000 9.584275e-001
    outer loop
      vertex   4.302268e-001 5.690000e+000 -1.253208e+000
      vertex   4.302268e-001 5.990000e+000 -1.253208e+000
      vertex   3.252683e-001 5.690000e+000 -1.284455e+000
    endloop
  endfacet
  facet normal -2.052153e-001 5.345337e-016 9.787168e-001
    outer loop
      vertex   3.252683e-001 5.690000e+000 -1.284455e+000
      vertex   3.252683e-001 5.990000e+000 -1.284455e+000
      vertex   2.180878e-001 5.690000e+000 -1.306929e+000
    endloop
  endfacet
  facet normal -1.236926e-001 -2.288773e-016 9.923206e-001
    outer loop
      vertex   2.180878e-001 5.690000e+000 -1.306929e+000
      vertex   2.180878e-001 5.990000e+000 -1.306929e+000
      vertex   1.094176e-001 5.690000e+000 -1.320474e+000
    endloop
  endfacet
  facet normal -4.132497e-002 4.205661e-017 9.991458e-001
    outer loop
      vertex   1.094176e-001 5.690000e+000 -1.320474e+000
      vertex   1.094176e-001 5.990000e+000 -1.320474e+000
      vertex   -6.858996e-016 5.690000e+000 -1.325000e+000
    endloop
  endfacet
  facet normal 4.132497e-002 -0.000000e+000 9.991458e-001
    outer loop
      vertex   -6.858996e-016 5.690000e+000 -1.325000e+000
      vertex   -6.858996e-016 5.990000e+000 -1.325000e+000
      vertex   -1.094176e-001 5.690000e+000 -1.320474e+000
    endloop
  endfacet
  facet normal 1.236926e-001 1.258825e-016 9.923206e-001
    outer loop
      vertex   -1.094176e-001 5.690000e+000 -1.320474e+000
      vertex   -1.094176e-001 5.990000e+000 -1.320474e+000
      vertex   -2.180878e-001 5.690000e+000 -1.306929e+000
    endloop
  endfacet
  facet normal 2.052153e-001 3.987109e-016 9.787168e-001
    outer loop
      vertex   -2.180878e-001 5.690000e+000 -1.306929e+000
      vertex   -2.180878e-001 5.990000e+000 -1.306929e+000
      vertex   -3.252683e-001 5.690000e+000 -1.284455e+000
    endloop
  endfacet
  facet normal 2.853362e-001 4.453898e-016 9.584275e-001
    outer loop
      vertex   -3.252683e-001 5.690000e+000 -1.284455e+000
      vertex   -3.252683e-001 5.990000e+000 -1.284455e+000
      vertex   -4.302268e-001 5.690000e+000 -1.253208e+000
    endloop
  endfacet
  facet normal 3.635080e-001 -0.000000e+000 9.315911e-001
    outer loop
      vertex   -4.302268e-001 5.690000e+000 -1.253208e+000
      vertex   -4.302268e-001 5.990000e+000 -1.253208e+000
      vertex   -5.322464e-001 5.690000e+000 -1.213400e+000
    endloop
  endfacet
  facet normal 4.391966e-001 -1.480135e-017 8.983910e-001
    outer loop
      vertex   -5.322464e-001 5.690000e+000 -1.213400e+000
      vertex   -5.322464e-001 5.990000e+000 -1.213400e+000
      vertex   -6.306303e-001 5.690000e+000 -1.165303e+000
    endloop
  endfacet
  facet normal 5.118850e-001 7.577421e-016 8.590540e-001
    outer loop
      vertex   -6.306303e-001 5.690000e+000 -1.165303e+000
      vertex   -6.306303e-001 5.990000e+000 -1.165303e+000
      vertex   -7.247063e-001 5.690000e+000 -1.109246e+000
    endloop
  endfacet
  facet normal 5.810768e-001 -0.000000e+000 8.138487e-001
    outer loop
      vertex   -7.247063e-001 5.690000e+000 -1.109246e+000
      vertex   -7.247063e-001 5.990000e+000 -1.109246e+000
      vertex   -8.138318e-001 5.690000e+000 -1.045611e+000
    endloop
  endfacet
  facet normal 6.462992e-001 -0.000000e+000 7.630841e-001
    outer loop
      vertex   -8.138318e-001 5.690000e+000 -1.045611e+000
      vertex   -8.138318e-001 5.990000e+000 -1.045611e+000
      vertex   -8.973981e-001 5.690000e+000 -9.748342e-001
    endloop
  endfacet
  facet normal 7.071068e-001 0.000000e+000 7.071068e-001
    outer loop
      vertex   -8.973981e-001 5.690000e+000 -9.748342e-001
      vertex   -8.973981e-001 5.990000e+000 -9.748342e-001
      vertex   -9.748342e-001 5.690000e+000 -8.973981e-001
    endloop
  endfacet
  facet normal 7.630841e-001 -0.000000e+000 6.462992e-001
    outer loop
      vertex   -9.748342e-001 5.690000e+000 -8.973981e-001
      vertex   -9.748342e-001 5.990000e+000 -8.973981e-001
      vertex   -1.045611e+000 5.690000e+000 -8.138318e-001
    endloop
  endfacet
  facet normal 8.138487e-001 -0.000000e+000 5.810768e-001
    outer loop
      vertex   -1.045611e+000 5.690000e+000 -8.138318e-001
      vertex   -1.045611e+000 5.990000e+000 -8.138318e-001
      vertex   -1.109246e+000 5.690000e+000 -7.247063e-001
    endloop
  endfacet
  facet normal 8.590540e-001 -0.000000e+000 5.118850e-001
    outer loop
      vertex   -1.109246e+000 5.690000e+000 -7.247063e-001
      vertex   -1.109246e+000 5.990000e+000 -7.247063e-001
      vertex   -1.165303e+000 5.690000e+000 -6.306303e-001
    endloop
  endfacet
  facet normal 8.983910e-001 -0.000000e+000 4.391966e-001
    outer loop
      vertex   -1.165303e+000 5.690000e+000 -6.306303e-001
      vertex   -1.165303e+000 5.990000e+000 -6.306303e-001
      vertex   -1.213400e+000 5.690000e+000 -5.322464e-001
    endloop
  endfacet
  facet normal 9.315911e-001 1.689105e-017 3.635080e-001
    outer loop
      vertex   -1.213400e+000 5.690000e+000 -5.322464e-001
      vertex   -1.213400e+000 5.990000e+000 -5.322464e-001
      vertex   -1.253208e+000 5.690000e+000 -4.302268e-001
    endloop
  endfacet
  facet normal 9.584275e-001 -0.000000e+000 2.853362e-001
    outer loop
      vertex   -1.253208e+000 5.690000e+000 -4.302268e-001
      vertex   -1.253208e+000 5.990000e+000 -4.302268e-001
      vertex   -1.284455e+000 5.690000e+000 -3.252683e-001
    endloop
  endfacet
  facet normal 9.787168e-001 3.446713e-016 2.052153e-001
    outer loop
      vertex   -1.284455e+000 5.690000e+000 -3.252683e-001
      vertex   -1.284455e+000 5.990000e+000 -3.252683e-001
      vertex   -1.306929e+000 5.690000e+000 -2.180878e-001
    endloop
  endfacet
  facet normal 9.923206e-001 -0.000000e+000 1.236926e-001
    outer loop
      vertex   -1.306929e+000 5.690000e+000 -2.180878e-001
      vertex   -1.306929e+000 5.990000e+000 -2.180878e-001
      vertex   -1.320474e+000 5.690000e+000 -1.094176e-001
    endloop
  endfacet
  facet normal 9.991458e-001 -8.028989e-017 4.132497e-002
    outer loop
      vertex   -1.320474e+000 5.690000e+000 -1.094176e-001
      vertex   -1.320474e+000 5.990000e+000 -1.094176e-001
      vertex   -1.325000e+000 5.690000e+000 0.000000e+000
    endloop
  endfacet
  facet normal 9.991458e-001 0.000000e+000 -4.132497e-002
    outer loop
      vertex   -1.325000e+000 5.690000e+000 0.000000e+000
      vertex   -1.325000e+000 5.990000e+000 0.000000e+000
      vertex   -1.320474e+000 5.690000e+000 1.094176e-001
    endloop
  endfacet
  facet normal 9.923206e-001 2.403212e-016 -1.236926e-001
    outer loop
      vertex   -1.320474e+000 5.690000e+000 1.094176e-001
      vertex   -1.320474e+000 5.990000e+000 1.094176e-001
      vertex   -1.306929e+000 5.690000e+000 2.180878e-001
    endloop
  endfacet
  facet normal 9.787168e-001 0.000000e+000 -2.052153e-001
    outer loop
      vertex   -1.306929e+000 5.690000e+000 2.180878e-001
      vertex   -1.306929e+000 5.990000e+000 2.180878e-001
      vertex   -1.284455e+000 5.690000e+000 3.252683e-001
    endloop
  endfacet
  facet normal 9.584275e-001 -1.814008e-016 -2.853362e-001
    outer loop
      vertex   -1.284455e+000 5.690000e+000 3.252683e-001
      vertex   -1.284455e+000 5.990000e+000 3.252683e-001
      vertex   -1.253208e+000 5.690000e+000 4.302268e-001
    endloop
  endfacet
  facet normal 9.315911e-001 0.000000e+000 -3.635080e-001
    outer loop
      vertex   -1.253208e+000 5.690000e+000 4.302268e-001
      vertex   -1.253208e+000 5.990000e+000 4.302268e-001
      vertex   -1.213400e+000 5.690000e+000 5.322464e-001
    endloop
  endfacet
  facet normal 8.983910e-001 1.477340e-016 -4.391966e-001
    outer loop
      vertex   -1.213400e+000 5.690000e+000 5.322464e-001
      vertex   -1.213400e+000 5.990000e+000 5.322464e-001
      vertex   -1.165303e+000 5.690000e+000 6.306303e-001
    endloop
  endfacet
  facet normal 8.590540e-001 0.000000e+000 -5.118850e-001
    outer loop
      vertex   -1.165303e+000 5.690000e+000 6.306303e-001
      vertex   -1.165303e+000 5.990000e+000 6.306303e-001
      vertex   -1.109246e+000 5.690000e+000 7.247063e-001
    endloop
  endfacet
  facet normal 8.138487e-001 0.000000e+000 -5.810768e-001
    outer loop
      vertex   -1.109246e+000 5.690000e+000 7.247063e-001
      vertex   -1.109246e+000 5.990000e+000 7.247063e-001
      vertex   -1.045611e+000 5.690000e+000 8.138318e-001
    endloop
  endfacet
  facet normal 7.630841e-001 0.000000e+000 -6.462992e-001
    outer loop
      vertex   -1.045611e+000 5.690000e+000 8.138318e-001
      vertex   -1.045611e+000 5.990000e+000 8.138318e-001
      vertex   -9.748342e-001 5.690000e+000 8.973981e-001
    endloop
  endfacet
  facet normal 7.071068e-001 0.000000e+000 -7.071068e-001
    outer loop
      vertex   -9.748342e-001 5.690000e+000 8.973981e-001
      vertex   -9.748342e-001 5.990000e+000 8.973981e-001
      vertex   -8.973981e-001 5.690000e+000 9.748342e-001
    endloop
  endfacet
  facet normal 6.462992e-001 1.728763e-016 -7.630841e-001
    outer loop
      vertex   -8.973981e-001 5.690000e+000 9.748342e-001
      vertex   -8.973981e-001 5.990000e+000 9.748342e-001
      vertex   -8.138318e-001 5.690000e+000 1.045611e+000
    endloop
  endfacet
  facet normal 5.810768e-001 0.000000e+000 -8.138487e-001
    outer loop
      vertex   -8.138318e-001 5.690000e+000 1.045611e+000
      vertex   -8.138318e-001 5.990000e+000 1.045611e+000
      vertex   -7.247063e-001 5.690000e+000 1.109246e+000
    endloop
  endfacet
  facet normal 5.118850e-001 0.000000e+000 -8.590540e-001
    outer loop
      vertex   -7.247063e-001 5.690000e+000 1.109246e+000
      vertex   -7.247063e-001 5.990000e+000 1.109246e+000
      vertex   -6.306303e-001 5.690000e+000 1.165303e+000
    endloop
  endfacet
  facet normal 4.391966e-001 -6.501416e-016 -8.983910e-001
    outer loop
      vertex   -6.306303e-001 5.690000e+000 1.165303e+000
      vertex   -6.306303e-001 5.990000e+000 1.165303e+000
      vertex   -5.322464e-001 5.690000e+000 1.213400e+000
    endloop
  endfacet
  facet normal 3.635080e-001 1.514160e-016 -9.315911e-001
    outer loop
      vertex   -5.322464e-001 5.690000e+000 1.213400e+000
      vertex   -5.322464e-001 5.990000e+000 1.213400e+000
      vertex   -4.302268e-001 5.690000e+000 1.253208e+000
    endloop
  endfacet
  facet normal 2.853362e-001 0.000000e+000 -9.584275e-001
    outer loop
      vertex   -4.302268e-001 5.690000e+000 1.253208e+000
      vertex   -4.302268e-001 5.990000e+000 1.253208e+000
      vertex   -3.252683e-001 5.690000e+000 1.284455e+000
    endloop
  endfacet
  facet normal 2.052153e-001 -5.345337e-016 -9.787168e-001
    outer loop
      vertex   -3.252683e-001 5.690000e+000 1.284455e+000
      vertex   -3.252683e-001 5.990000e+000 1.284455e+000
      vertex   -2.180878e-001 5.690000e+000 1.306929e+000
    endloop
  endfacet
  facet normal 1.236926e-001 -2.403212e-016 -9.923206e-001
    outer loop
      vertex   -2.180878e-001 5.690000e+000 1.306929e+000
      vertex   -2.180878e-001 5.990000e+000 1.306929e+000
      vertex   -1.094176e-001 5.690000e+000 1.320474e+000
    endloop
  endfacet
  facet normal 4.132497e-002 -4.205661e-017 -9.991458e-001
    outer loop
      vertex   -1.094176e-001 5.690000e+000 1.320474e+000
      vertex   -1.094176e-001 5.990000e+000 1.320474e+000
      vertex   -6.858996e-016 5.690000e+000 1.325000e+000
    endloop
  endfacet
  facet normal -4.132497e-002 0.000000e+000 -9.991458e-001
    outer loop
      vertex   -6.858996e-016 5.690000e+000 1.325000e+000
      vertex   -6.858996e-016 5.990000e+000 1.325000e+000
      vertex   1.094176e-001 5.690000e+000 1.320474e+000
    endloop
  endfacet
  facet normal -1.236926e-001 -1.258825e-016 -9.923206e-001
    outer loop
      vertex   1.094176e-001 5.690000e+000 1.320474e+000
      vertex   1.094176e-001 5.990000e+000 1.320474e+000
      vertex   2.180878e-001 5.690000e+000 1.306929e+000
    endloop
  endfacet
  facet normal -2.052153e-001 3.797247e-016 -9.787168e-001
    outer loop
      vertex   2.180878e-001 5.690000e+000 1.306929e+000
      vertex   2.180878e-001 5.990000e+000 1.306929e+000
      vertex   3.252683e-001 5.690000e+000 1.284455e+000
    endloop
  endfacet
  facet normal -2.853362e-001 -4.453898e-016 -9.584275e-001
    outer loop
      vertex   3.252683e-001 5.690000e+000 1.284455e+000
      vertex   3.252683e-001 5.990000e+000 1.284455e+000
      vertex   4.302268e-001 5.690000e+000 1.253208e+000
    endloop
  endfacet
  facet normal -3.635080e-001 0.000000e+000 -9.315911e-001
    outer loop
      vertex   4.302268e-001 5.690000e+000 1.253208e+000
      vertex   4.302268e-001 5.990000e+000 1.253208e+000
      vertex   5.322464e-001 5.690000e+000 1.213400e+000
    endloop
  endfacet
  facet normal -4.391966e-001 -4.876062e-016 -8.983910e-001
    outer loop
      vertex   5.322464e-001 5.690000e+000 1.213400e+000
      vertex   5.322464e-001 5.990000e+000 1.213400e+000
      vertex   6.306303e-001 5.690000e+000 1.165303e+000
    endloop
  endfacet
  facet normal -5.118850e-001 3.113500e-016 -8.590540e-001
    outer loop
      vertex   6.306303e-001 5.690000e+000 1.165303e+000
      vertex   6.306303e-001 5.990000e+000 1.165303e+000
      vertex   7.247063e-001 5.690000e+000 1.109246e+000
    endloop
  endfacet
  facet normal -5.810768e-001 0.000000e+000 -8.138487e-001
    outer loop
      vertex   7.247063e-001 5.690000e+000 1.109246e+000
      vertex   7.247063e-001 5.990000e+000 1.109246e+000
      vertex   8.138318e-001 5.690000e+000 1.045611e+000
    endloop
  endfacet
  facet normal -6.462992e-001 0.000000e+000 -7.630841e-001
    outer loop
      vertex   8.138318e-001 5.690000e+000 1.045611e+000
      vertex   8.138318e-001 5.990000e+000 1.045611e+000
      vertex   8.973981e-001 5.690000e+000 9.748342e-001
    endloop
  endfacet
  facet normal -7.071068e-001 -4.502171e-030 -7.071068e-001
    outer loop
      vertex   8.973981e-001 5.690000e+000 9.748342e-001
      vertex   8.973981e-001 5.990000e+000 9.748342e-001
      vertex   9.748342e-001 5.690000e+000 8.973981e-001
    endloop
  endfacet
  facet normal -7.630841e-001 -5.878791e-016 -6.462992e-001
    outer loop
      vertex   9.748342e-001 5.690000e+000 8.973981e-001
      vertex   9.748342e-001 5.990000e+000 8.973981e-001
      vertex   1.045611e+000 5.690000e+000 8.138318e-001
    endloop
  endfacet
  facet normal -8.138487e-001 0.000000e+000 -5.810768e-001
    outer loop
      vertex   1.045611e+000 5.690000e+000 8.138318e-001
      vertex   1.045611e+000 5.990000e+000 8.138318e-001
      vertex   1.109246e+000 5.690000e+000 7.247063e-001
    endloop
  endfacet
  facet normal -8.590540e-001 0.000000e+000 -5.118850e-001
    outer loop
      vertex   1.109246e+000 5.690000e+000 7.247063e-001
      vertex   1.109246e+000 5.990000e+000 7.247063e-001
      vertex   1.165303e+000 5.690000e+000 6.306303e-001
    endloop
  endfacet
  facet normal -8.983910e-001 -1.477340e-016 -4.391966e-001
    outer loop
      vertex   1.165303e+000 5.690000e+000 6.306303e-001
      vertex   1.165303e+000 5.990000e+000 6.306303e-001
      vertex   1.213400e+000 5.690000e+000 5.322464e-001
    endloop
  endfacet
  facet normal -9.315911e-001 1.689105e-017 -3.635080e-001
    outer loop
      vertex   1.213400e+000 5.690000e+000 5.322464e-001
      vertex   1.213400e+000 5.990000e+000 5.322464e-001
      vertex   1.253208e+000 5.690000e+000 4.302268e-001
    endloop
  endfacet
  facet normal -9.584275e-001 0.000000e+000 -2.853362e-001
    outer loop
      vertex   1.253208e+000 5.690000e+000 4.302268e-001
      vertex   1.253208e+000 5.990000e+000 4.302268e-001
      vertex   1.284455e+000 5.690000e+000 3.252683e-001
    endloop
  endfacet
  facet normal -9.787168e-001 0.000000e+000 -2.052153e-001
    outer loop
      vertex   1.284455e+000 5.690000e+000 3.252683e-001
      vertex   1.284455e+000 5.990000e+000 3.252683e-001
      vertex   1.306929e+000 5.690000e+000 2.180878e-001
    endloop
  endfacet
  facet normal -9.923206e-001 -2.403212e-016 -1.236926e-001
    outer loop
      vertex   1.306929e+000 5.690000e+000 2.180878e-001
      vertex   1.306929e+000 5.990000e+000 2.180878e-001
      vertex   1.320474e+000 5.690000e+000 1.094176e-001
    endloop
  endfacet
  facet normal -9.991458e-001 -8.220156e-017 -4.132497e-002
    outer loop
      vertex   1.320474e+000 5.690000e+000 1.094176e-001
      vertex   1.320474e+000 5.990000e+000 1.094176e-001
      vertex   1.325000e+000 5.690000e+000 1.622657e-016
    endloop
  endfacet
  facet normal -0.000000e+000 -1.000000e+000 0.000000e+000
    outer loop
      vertex   2.371049e-001 3.560000e+000 1.597500e+000
      vertex   1.188749e-001 3.560000e+000 1.610619e+000
      vertex   -2.371049e-001 3.560000e+000 1.597500e+000
    endloop
  endfacet
  facet normal 0.000000e+000 -1.000000e+000 0.000000e+000
    outer loop
      vertex   -2.371049e-001 3.560000e+000 1.597500e+000
      vertex   1.188749e-001 3.560000e+000 1.610619e+000
      vertex   -1.188749e-001 3.560000e+000 1.610619e+000
    endloop
  endfacet
  facet normal 0.000000e+000 -1.000000e+000 0.000000e+000
    outer loop
      vertex   -1.188749e-001 3.560000e+000 1.610619e+000
      vertex   1.188749e-001 3.560000e+000 1.610619e+000
      vertex   -5.482706e-016 3.560000e+000 1.615000e+000
    endloop
  endfacet
  facet normal 0.000000e+000 -1.000000e+000 0.000000e+000
    outer loop
      vertex   -2.371049e-001 3.560000e+000 -1.597500e+000
      vertex   -1.188749e-001 3.560000e+000 -1.610619e+000
      vertex   2.371049e-001 3.560000e+000 -1.597500e+000
    endloop
  endfacet
  facet normal 0.000000e+000 -1.000000e+000 -0.000000e+000
    outer loop
      vertex   2.371049e-001 3.560000e+000 -1.597500e+000
      vertex   -1.188749e-001 3.560000e+000 -1.610619e+000
      vertex   1.188749e-001 3.560000e+000 -1.610619e+000
    endloop
  endfacet
  facet normal -0.000000e+000 -1.000000e+000 -0.000000e+000
    outer loop
      vertex   1.188749e-001 3.560000e+000 -1.610619e+000
      vertex   -1.188749e-001 3.560000e+000 -1.610619e+000
      vertex   -1.896686e-016 3.560000e+000 -1.615000e+000
    endloop
  endfacet
endsolid