solid ascii
  facet normal 0.000000e+000 -1.000000e+000 1.260234e-015
    outer loop
      vertex   -2.744350e+000 1.500000e+000 1.761931e-001
      vertex   -2.750000e+000 1.500000e+000 0.000000e+000
      vertex   -2.300000e+000 1.500000e+000 0.000000e+000
    endloop
  endfacet
  facet normal 5.896718e-016 -1.000000e+000 2.747356e-015
    outer loop
      vertex   -2.294397e+000 1.500000e+000 1.604399e-001
      vertex   -2.744350e+000 1.500000e+000 1.761931e-001
      vertex   -2.300000e+000 1.500000e+000 0.000000e+000
    endloop
  endfacet
  facet normal 5.801330e-016 -1.000000e+000 2.474904e-015
    outer loop
      vertex   -2.294397e+000 1.500000e+000 1.604399e-001
      vertex   -2.727423e+000 1.500000e+000 3.516622e-001
      vertex   -2.744350e+000 1.500000e+000 1.761931e-001
    endloop
  endfacet
  facet normal 6.837871e-016 -1.000000e+000 2.709630e-015
    outer loop
      vertex   -2.294397e+000 1.500000e+000 1.604399e-001
      vertex   -2.277617e+000 1.500000e+000 3.200981e-001
      vertex   -2.727423e+000 1.500000e+000 3.516622e-001
    endloop
  endfacet
  facet normal 6.651713e-016 -1.000000e+000 2.444345e-015
    outer loop
      vertex   -2.727423e+000 1.500000e+000 3.516622e-001
      vertex   -2.277617e+000 1.500000e+000 3.200981e-001
      vertex   -2.699288e+000 1.500000e+000 5.256862e-001
    endloop
  endfacet
  facet normal 7.762003e-016 -1.000000e+000 2.672070e-015
    outer loop
      vertex   -2.699288e+000 1.500000e+000 5.256862e-001
      vertex   -2.277617e+000 1.500000e+000 3.200981e-001
      vertex   -2.249739e+000 1.500000e+000 4.781969e-001
    endloop
  endfacet
  facet normal 1.257160e-015 -1.000000e+000 5.388448e-015
    outer loop
      vertex   -2.660061e+000 1.500000e+000 6.975501e-001
      vertex   -2.249739e+000 1.500000e+000 4.781969e-001
      vertex   -2.210902e+000 1.500000e+000 6.339659e-001
    endloop
  endfacet
  facet normal 1.692158e-015 -1.000000e+000 6.721733e-015
    outer loop
      vertex   -2.609903e+000 1.500000e+000 8.665476e-001
      vertex   -2.210902e+000 1.500000e+000 6.339659e-001
      vertex   -2.161293e+000 1.500000e+000 7.866463e-001
    endloop
  endfacet
  facet normal 1.934352e-015 -1.000000e+000 6.677244e-015
    outer loop
      vertex   -2.549021e+000 1.500000e+000 1.031984e+000
      vertex   -2.161293e+000 1.500000e+000 7.866463e-001
      vertex   -2.101155e+000 1.500000e+000 9.354943e-001
    endloop
  endfacet
  facet normal 3.124561e-015 -1.000000e+000 9.735475e-015
    outer loop
      vertex   -2.477664e+000 1.500000e+000 1.193180e+000
      vertex   -2.101155e+000 1.500000e+000 9.354943e-001
      vertex   -2.396126e+000 1.500000e+000 1.349473e+000
    endloop
  endfacet
  facet normal 2.349133e-015 -1.000000e+000 8.602482e-015
    outer loop
      vertex   -2.477664e+000 1.500000e+000 1.193180e+000
      vertex   -2.549021e+000 1.500000e+000 1.031984e+000
      vertex   -2.101155e+000 1.500000e+000 9.354943e-001
    endloop
  endfacet
  facet normal 5.801330e-016 -1.000000e+000 -2.474904e-015
    outer loop
      vertex   -2.727423e+000 1.500000e+000 -3.516622e-001
      vertex   -2.294397e+000 1.500000e+000 -1.604399e-001
      vertex   -2.744350e+000 1.500000e+000 -1.761931e-001
    endloop
  endfacet
  facet normal 6.837871e-016 -1.000000e+000 -2.709630e-015
    outer loop
      vertex   -2.727423e+000 1.500000e+000 -3.516622e-001
      vertex   -2.277617e+000 1.500000e+000 -3.200981e-001
      vertex   -2.294397e+000 1.500000e+000 -1.604399e-001
    endloop
  endfacet
  facet normal 6.651713e-016 -1.000000e+000 -2.444345e-015
    outer loop
      vertex   -2.727423e+000 1.500000e+000 -3.516622e-001
      vertex   -2.699288e+000 1.500000e+000 -5.256862e-001
      vertex   -2.277617e+000 1.500000e+000 -3.200981e-001
    endloop
  endfacet
  facet normal 7.762003e-016 -1.000000e+000 -2.672070e-015
    outer loop
      vertex   -2.277617e+000 1.500000e+000 -3.200981e-001
      vertex   -2.699288e+000 1.500000e+000 -5.256862e-001
      vertex   -2.249739e+000 1.500000e+000 -4.781969e-001
    endloop
  endfacet
  facet normal 1.015375e-015 -1.000000e+000 -4.936165e-015
    outer loop
      vertex   -2.249739e+000 1.500000e+000 -4.781969e-001
      vertex   -2.699288e+000 1.500000e+000 -5.256862e-001
      vertex   -2.660061e+000 1.500000e+000 -6.975501e-001
    endloop
  endfacet
  facet normal 1.366917e-015 -1.000000e+000 -6.163771e-015
    outer loop
      vertex   -2.210902e+000 1.500000e+000 -6.339659e-001
      vertex   -2.660061e+000 1.500000e+000 -6.975501e-001
      vertex   -2.609903e+000 1.500000e+000 -8.665476e-001
    endloop
  endfacet
  facet normal 1.586251e-015 -1.000000e+000 -6.127109e-015
    outer loop
      vertex   -2.161293e+000 1.500000e+000 -7.866463e-001
      vertex   -2.609903e+000 1.500000e+000 -8.665476e-001
      vertex   -2.549021e+000 1.500000e+000 -1.031984e+000
    endloop
  endfacet
  facet normal 2.349133e-015 -1.000000e+000 -8.602482e-015
    outer loop
      vertex   -2.101155e+000 1.500000e+000 -9.354943e-001
      vertex   -2.549021e+000 1.500000e+000 -1.031984e+000
      vertex   -2.477664e+000 1.500000e+000 -1.193180e+000
    endloop
  endfacet
  facet normal 3.124561e-015 -1.000000e+000 -9.735475e-015
    outer loop
      vertex   -2.396126e+000 1.500000e+000 -1.349473e+000
      vertex   -2.101155e+000 1.500000e+000 -9.354943e-001
      vertex   -2.477664e+000 1.500000e+000 -1.193180e+000
    endloop
  endfacet
  facet normal 2.718560e-015 -1.000000e+000 -9.446187e-015
    outer loop
      vertex   -2.396126e+000 1.500000e+000 -1.349473e+000
      vertex   -2.030779e+000 1.500000e+000 -1.079785e+000
      vertex   -2.101155e+000 1.500000e+000 -9.354943e-001
    endloop
  endfacet
  facet normal 3.070156e-015 -1.000000e+000 -9.922494e-015
    outer loop
      vertex   -2.396126e+000 1.500000e+000 -1.349473e+000
      vertex   -2.304742e+000 1.500000e+000 -1.500221e+000
      vertex   -2.030779e+000 1.500000e+000 -1.079785e+000
    endloop
  endfacet
  facet normal 2.650830e-015 -1.000000e+000 -9.649255e-015
    outer loop
      vertex   -2.030779e+000 1.500000e+000 -1.079785e+000
      vertex   -2.304742e+000 1.500000e+000 -1.500221e+000
      vertex   -1.950511e+000 1.500000e+000 -1.218814e+000
    endloop
  endfacet
  facet normal 4.623503e-015 -1.000000e+000 -1.213243e-014
    outer loop
      vertex   -1.950511e+000 1.500000e+000 -1.218814e+000
      vertex   -2.304742e+000 1.500000e+000 -1.500221e+000
      vertex   -2.203887e+000 1.500000e+000 -1.644804e+000
    endloop
  endfacet
  facet normal 4.716957e-015 -1.000000e+000 -1.234907e-014
    outer loop
      vertex   -1.860739e+000 1.500000e+000 -1.351906e+000
      vertex   -2.203887e+000 1.500000e+000 -1.644804e+000
      vertex   -2.093976e+000 1.500000e+000 -1.782628e+000
    endloop
  endfacet
  facet normal 5.709557e-015 -1.000000e+000 -1.353129e-014
    outer loop
      vertex   -1.761902e+000 1.500000e+000 -1.478412e+000
      vertex   -2.093976e+000 1.500000e+000 -1.782628e+000
      vertex   -1.975461e+000 1.500000e+000 -1.913127e+000
    endloop
  endfacet
  facet normal 6.820275e-015 -1.000000e+000 -1.468443e-014
    outer loop
      vertex   -1.654482e+000 1.500000e+000 -1.597714e+000
      vertex   -1.975461e+000 1.500000e+000 -1.913127e+000
      vertex   -1.848827e+000 1.500000e+000 -2.035764e+000
    endloop
  endfacet
  facet normal 7.137907e-015 -1.000000e+000 -1.493287e-014
    outer loop
      vertex   -1.539000e+000 1.500000e+000 -1.709233e+000
      vertex   -1.848827e+000 1.500000e+000 -2.035764e+000
      vertex   -1.714597e+000 1.500000e+000 -2.150037e+000
    endloop
  endfacet
  facet normal 8.464416e-015 -1.000000e+000 -1.603572e-014
    outer loop
      vertex   -1.416021e+000 1.500000e+000 -1.812425e+000
      vertex   -1.714597e+000 1.500000e+000 -2.150037e+000
      vertex   -1.573321e+000 1.500000e+000 -2.255474e+000
    endloop
  endfacet
  facet normal 9.919816e-015 -1.000000e+000 -1.708513e-014
    outer loop
      vertex   -1.286144e+000 1.500000e+000 -1.906786e+000
      vertex   -1.573321e+000 1.500000e+000 -2.255474e+000
      vertex   -1.425580e+000 1.500000e+000 -2.351643e+000
    endloop
  endfacet
  facet normal 1.049677e-014 -1.000000e+000 -1.729749e-014
    outer loop
      vertex   -1.150000e+000 1.500000e+000 -1.991858e+000
      vertex   -1.425580e+000 1.500000e+000 -2.351643e+000
      vertex   -1.271980e+000 1.500000e+000 -2.438148e+000
    endloop
  endfacet
  facet normal 1.218562e-014 -1.000000e+000 -1.824208e-014
    outer loop
      vertex   -1.008254e+000 1.500000e+000 -2.067226e+000
      vertex   -1.271980e+000 1.500000e+000 -2.438148e+000
      vertex   -1.113154e+000 1.500000e+000 -2.514635e+000
    endloop
  endfacet
  facet normal 1.293616e-014 -1.000000e+000 -1.839505e-014
    outer loop
      vertex   -8.615952e-001 1.500000e+000 -2.132523e+000
      vertex   -1.113154e+000 1.500000e+000 -2.514635e+000
      vertex   -9.497539e-001 1.500000e+000 -2.580788e+000
    endloop
  endfacet
  facet normal 1.486305e-014 -1.000000e+000 -1.919190e-014
    outer loop
      vertex   -7.107391e-001 1.500000e+000 -2.187430e+000
      vertex   -9.497539e-001 1.500000e+000 -2.580788e+000
      vertex   -7.824509e-001 1.500000e+000 -2.636337e+000
    endloop
  endfacet
  facet normal 1.566274e-014 -1.000000e+000 -1.972327e-014
    outer loop
      vertex   -5.564204e-001 1.500000e+000 -2.231680e+000
      vertex   -7.824509e-001 1.500000e+000 -2.636337e+000
      vertex   -6.119326e-001 1.500000e+000 -2.681052e+000
    endloop
  endfacet
  facet normal 1.668849e-014 -1.000000e+000 -1.973571e-014
    outer loop
      vertex   -3.993908e-001 1.500000e+000 -2.265058e+000
      vertex   -6.119326e-001 1.500000e+000 -2.681052e+000
      vertex   -4.388997e-001 1.500000e+000 -2.714750e+000
    endloop
  endfacet
  facet normal 1.778153e-014 -1.000000e+000 -1.968958e-014
    outer loop
      vertex   -2.404155e-001 1.500000e+000 -2.287400e+000
      vertex   -4.388997e-001 1.500000e+000 -2.714750e+000
      vertex   -2.640633e-001 1.500000e+000 -2.737293e+000
    endloop
  endfacet
  facet normal 2.016720e-014 -1.000000e+000 -2.009066e-014
    outer loop
      vertex   -8.026884e-002 1.500000e+000 -2.298599e+000
      vertex   -2.640633e-001 1.500000e+000 -2.737293e+000
      vertex   -8.814184e-002 1.500000e+000 -2.748587e+000
    endloop
  endfacet
  facet normal 2.015339e-014 -1.000000e+000 -2.037210e-014
    outer loop
      vertex   8.026884e-002 1.500000e+000 -2.298599e+000
      vertex   -8.814184e-002 1.500000e+000 -2.748587e+000
      vertex   8.814184e-002 1.500000e+000 -2.748587e+000
    endloop
  endfacet
  facet normal 2.276206e-014 -1.000000e+000 -2.032646e-014
    outer loop
      vertex   2.640633e-001 1.500000e+000 -2.737293e+000
      vertex   8.026884e-002 1.500000e+000 -2.298599e+000
      vertex   8.814184e-002 1.500000e+000 -2.748587e+000
    endloop
  endfacet
  facet normal 2.223444e-014 -1.000000e+000 -2.054751e-014
    outer loop
      vertex   2.640633e-001 1.500000e+000 -2.737293e+000
      vertex   2.404155e-001 1.500000e+000 -2.287400e+000
      vertex   8.026884e-002 1.500000e+000 -2.298599e+000
    endloop
  endfacet
  facet normal 2.296458e-014 -1.000000e+000 -2.050913e-014
    outer loop
      vertex   2.640633e-001 1.500000e+000 -2.737293e+000
      vertex   4.388997e-001 1.500000e+000 -2.714750e+000
      vertex   2.404155e-001 1.500000e+000 -2.287400e+000
    endloop
  endfacet
  facet normal 2.378000e-014 -1.000000e+000 -2.013041e-014
    outer loop
      vertex   2.404155e-001 1.500000e+000 -2.287400e+000
      vertex   4.388997e-001 1.500000e+000 -2.714750e+000
      vertex   3.993908e-001 1.500000e+000 -2.265058e+000
    endloop
  endfacet
  facet normal 2.444110e-014 -1.000000e+000 -2.007233e-014
    outer loop
      vertex   3.993908e-001 1.500000e+000 -2.265058e+000
      vertex   4.388997e-001 1.500000e+000 -2.714750e+000
      vertex   6.119326e-001 1.500000e+000 -2.681052e+000
    endloop
  endfacet
  facet normal 2.595443e-014 -1.000000e+000 -1.952341e-014
    outer loop
      vertex   5.564204e-001 1.500000e+000 -2.231680e+000
      vertex   6.119326e-001 1.500000e+000 -2.681052e+000
      vertex   7.824509e-001 1.500000e+000 -2.636337e+000
    endloop
  endfacet
  facet normal 2.765160e-014 -1.000000e+000 -1.932517e-014
    outer loop
      vertex   7.107391e-001 1.500000e+000 -2.187430e+000
      vertex   7.824509e-001 1.500000e+000 -2.636337e+000
      vertex   9.497539e-001 1.500000e+000 -2.580788e+000
    endloop
  endfacet
  facet normal 2.816782e-014 -1.000000e+000 -1.922743e-014
    outer loop
      vertex   8.615952e-001 1.500000e+000 -2.132523e+000
      vertex   9.497539e-001 1.500000e+000 -2.580788e+000
      vertex   1.113154e+000 1.500000e+000 -2.514635e+000
    endloop
  endfacet
  facet normal 2.979536e-014 -1.000000e+000 -1.832492e-014
    outer loop
      vertex   1.008254e+000 1.500000e+000 -2.067226e+000
      vertex   1.113154e+000 1.500000e+000 -2.514635e+000
      vertex   1.271980e+000 1.500000e+000 -2.438148e+000
    endloop
  endfacet
  facet normal 3.040863e-014 -1.000000e+000 -1.805803e-014
    outer loop
      vertex   1.150000e+000 1.500000e+000 -1.991858e+000
      vertex   1.271980e+000 1.500000e+000 -2.438148e+000
      vertex   1.425580e+000 1.500000e+000 -2.351643e+000
    endloop
  endfacet
  facet normal 3.204725e-014 -1.000000e+000 -1.690855e-014
    outer loop
      vertex   1.286144e+000 1.500000e+000 -1.906786e+000
      vertex   1.425580e+000 1.500000e+000 -2.351643e+000
      vertex   1.573321e+000 1.500000e+000 -2.255474e+000
    endloop
  endfacet
  facet normal 3.271075e-014 -1.000000e+000 -1.645217e-014
    outer loop
      vertex   1.416021e+000 1.500000e+000 -1.812425e+000
      vertex   1.573321e+000 1.500000e+000 -2.255474e+000
      vertex   1.714597e+000 1.500000e+000 -2.150037e+000
    endloop
  endfacet
  facet normal 3.339683e-014 -1.000000e+000 -1.591235e-014
    outer loop
      vertex   1.539000e+000 1.500000e+000 -1.709233e+000
      vertex   1.714597e+000 1.500000e+000 -2.150037e+000
      vertex   1.848827e+000 1.500000e+000 -2.035764e+000
    endloop
  endfacet
  facet normal 3.497636e-014 -1.000000e+000 -1.438903e-014
    outer loop
      vertex   1.654482e+000 1.500000e+000 -1.597714e+000
      vertex   1.848827e+000 1.500000e+000 -2.035764e+000
      vertex   1.975461e+000 1.500000e+000 -1.913127e+000
    endloop
  endfacet
  facet normal 3.563886e-014 -1.000000e+000 -1.364971e-014
    outer loop
      vertex   1.761902e+000 1.500000e+000 -1.478412e+000
      vertex   1.975461e+000 1.500000e+000 -1.913127e+000
      vertex   2.093976e+000 1.500000e+000 -1.782628e+000
    endloop
  endfacet
  facet normal 3.628765e-014 -1.000000e+000 -1.282771e-014
    outer loop
      vertex   1.860739e+000 1.500000e+000 -1.351906e+000
      vertex   2.093976e+000 1.500000e+000 -1.782628e+000
      vertex   2.203887e+000 1.500000e+000 -1.644804e+000
    endloop
  endfacet
  facet normal 3.769654e-014 -1.000000e+000 -1.093788e-014
    outer loop
      vertex   1.950511e+000 1.500000e+000 -1.218814e+000
      vertex   2.203887e+000 1.500000e+000 -1.644804e+000
      vertex   2.304742e+000 1.500000e+000 -1.500221e+000
    endloop
  endfacet
  facet normal 3.749998e-014 -1.000000e+000 -1.094907e-014
    outer loop
      vertex   2.030779e+000 1.500000e+000 -1.079785e+000
      vertex   2.304742e+000 1.500000e+000 -1.500221e+000
      vertex   2.396126e+000 1.500000e+000 -1.349473e+000
    endloop
  endfacet
  facet normal 3.875986e-014 -1.000000e+000 -8.855436e-015
    outer loop
      vertex   2.101155e+000 1.500000e+000 -9.354943e-001
      vertex   2.396126e+000 1.500000e+000 -1.349473e+000
      vertex   2.477664e+000 1.500000e+000 -1.193180e+000
    endloop
  endfacet
  facet normal 3.946370e-014 -1.000000e+000 -7.827037e-015
    outer loop
      vertex   2.549021e+000 1.500000e+000 -1.031984e+000
      vertex   2.101155e+000 1.500000e+000 -9.354943e-001
      vertex   2.477664e+000 1.500000e+000 -1.193180e+000
    endloop
  endfacet
  facet normal 3.933318e-014 -1.000000e+000 -8.432864e-015
    outer loop
      vertex   2.549021e+000 1.500000e+000 -1.031984e+000
      vertex   2.161293e+000 1.500000e+000 -7.866463e-001
      vertex   2.101155e+000 1.500000e+000 -9.354943e-001
    endloop
  endfacet
  facet normal 3.967641e-014 -1.000000e+000 -7.890423e-015
    outer loop
      vertex   2.549021e+000 1.500000e+000 -1.031984e+000
      vertex   2.609903e+000 1.500000e+000 -8.665476e-001
      vertex   2.161293e+000 1.500000e+000 -7.866463e-001
    endloop
  endfacet
  facet normal 4.005866e-014 -1.000000e+000 -5.744298e-015
    outer loop
      vertex   2.161293e+000 1.500000e+000 -7.866463e-001
      vertex   2.609903e+000 1.500000e+000 -8.665476e-001
      vertex   2.210902e+000 1.500000e+000 -6.339659e-001
    endloop
  endfacet
  facet normal 4.026964e-014 -1.000000e+000 -5.382353e-015
    outer loop
      vertex   2.210902e+000 1.500000e+000 -6.339659e-001
      vertex   2.609903e+000 1.500000e+000 -8.665476e-001
      vertex   2.660061e+000 1.500000e+000 -6.975501e-001
    endloop
  endfacet
  facet normal 4.056394e-014 -1.000000e+000 -4.090536e-015
    outer loop
      vertex   2.249739e+000 1.500000e+000 -4.781969e-001
      vertex   2.660061e+000 1.500000e+000 -6.975501e-001
      vertex   2.699288e+000 1.500000e+000 -5.256862e-001
    endloop
  endfacet
  facet normal 4.069001e-014 -1.000000e+000 -4.026560e-015
    outer loop
      vertex   2.277617e+000 1.500000e+000 -3.200981e-001
      vertex   2.699288e+000 1.500000e+000 -5.256862e-001
      vertex   2.727423e+000 1.500000e+000 -3.516622e-001
    endloop
  endfacet
  facet normal 4.090965e-014 -1.000000e+000 -1.415636e-015
    outer loop
      vertex   2.294397e+000 1.500000e+000 -1.604399e-001
      vertex   2.727423e+000 1.500000e+000 -3.516622e-001
      vertex   2.744350e+000 1.500000e+000 -1.761931e-001
    endloop
  endfacet
  facet normal 4.095489e-014 -1.000000e+000 -1.313344e-015
    outer loop
      vertex   2.300000e+000 1.500000e+000 2.816688e-016
      vertex   2.744350e+000 1.500000e+000 -1.761931e-001
      vertex   2.750000e+000 1.500000e+000 3.367779e-016
    endloop
  endfacet
  facet normal 4.095489e-014 -1.000000e+000 1.313344e-015
    outer loop
      vertex   2.744350e+000 1.500000e+000 1.761931e-001
      vertex   2.300000e+000 1.500000e+000 2.816688e-016
      vertex   2.750000e+000 1.500000e+000 3.367779e-016
    endloop
  endfacet
  facet normal 4.090920e-014 -1.000000e+000 1.428581e-015
    outer loop
      vertex   2.744350e+000 1.500000e+000 1.761931e-001
      vertex   2.294397e+000 1.500000e+000 1.604399e-001
      vertex   2.300000e+000 1.500000e+000 2.816688e-016
    endloop
  endfacet
  facet normal 4.090965e-014 -1.000000e+000 1.415636e-015
    outer loop
      vertex   2.744350e+000 1.500000e+000 1.761931e-001
      vertex   2.727423e+000 1.500000e+000 3.516622e-001
      vertex   2.294397e+000 1.500000e+000 1.604399e-001
    endloop
  endfacet
  facet normal 4.086634e-014 -1.000000e+000 1.513726e-015
    outer loop
      vertex   2.294397e+000 1.500000e+000 1.604399e-001
      vertex   2.727423e+000 1.500000e+000 3.516622e-001
      vertex   2.277617e+000 1.500000e+000 3.200981e-001
    endloop
  endfacet
  facet normal 4.069001e-014 -1.000000e+000 4.026560e-015
    outer loop
      vertex   2.277617e+000 1.500000e+000 3.200981e-001
      vertex   2.727423e+000 1.500000e+000 3.516622e-001
      vertex   2.699288e+000 1.500000e+000 5.256862e-001
    endloop
  endfacet
  facet normal 4.056394e-014 -1.000000e+000 4.090536e-015
    outer loop
      vertex   2.249739e+000 1.500000e+000 4.781969e-001
      vertex   2.699288e+000 1.500000e+000 5.256862e-001
      vertex   2.660061e+000 1.500000e+000 6.975501e-001
    endloop
  endfacet
  facet normal 4.026964e-014 -1.000000e+000 5.382353e-015
    outer loop
      vertex   2.210902e+000 1.500000e+000 6.339659e-001
      vertex   2.660061e+000 1.500000e+000 6.975501e-001
      vertex   2.609903e+000 1.500000e+000 8.665476e-001
    endloop
  endfacet
  facet normal 3.967641e-014 -1.000000e+000 7.890423e-015
    outer loop
      vertex   2.161293e+000 1.500000e+000 7.866463e-001
      vertex   2.609903e+000 1.500000e+000 8.665476e-001
      vertex   2.549021e+000 1.500000e+000 1.031984e+000
    endloop
  endfacet
  facet normal 3.946370e-014 -1.000000e+000 7.827037e-015
    outer loop
      vertex   2.101155e+000 1.500000e+000 9.354943e-001
      vertex   2.549021e+000 1.500000e+000 1.031984e+000
      vertex   2.477664e+000 1.500000e+000 1.193180e+000
    endloop
  endfacet
  facet normal 3.875986e-014 -1.000000e+000 8.855436e-015
    outer loop
      vertex   2.396126e+000 1.500000e+000 1.349473e+000
      vertex   2.101155e+000 1.500000e+000 9.354943e-001
      vertex   2.477664e+000 1.500000e+000 1.193180e+000
    endloop
  endfacet
  facet normal 3.936232e-014 -1.000000e+000 8.426167e-015
    outer loop
      vertex   2.396126e+000 1.500000e+000 1.349473e+000
      vertex   2.030779e+000 1.500000e+000 1.079785e+000
      vertex   2.101155e+000 1.500000e+000 9.354943e-001
    endloop
  endfacet
  facet normal 3.749998e-014 -1.000000e+000 1.094907e-014
    outer loop
      vertex   2.396126e+000 1.500000e+000 1.349473e+000
      vertex   2.304742e+000 1.500000e+000 1.500221e+000
      vertex   2.030779e+000 1.500000e+000 1.079785e+000
    endloop
  endfacet
  facet normal 3.788906e-014 -1.000000e+000 1.069554e-014
    outer loop
      vertex   2.030779e+000 1.500000e+000 1.079785e+000
      vertex   2.304742e+000 1.500000e+000 1.500221e+000
      vertex   1.950511e+000 1.500000e+000 1.218814e+000
    endloop
  endfacet
  facet normal 3.769654e-014 -1.000000e+000 1.093788e-014
    outer loop
      vertex   1.950511e+000 1.500000e+000 1.218814e+000
      vertex   2.304742e+000 1.500000e+000 1.500221e+000
      vertex   2.203887e+000 1.500000e+000 1.644804e+000
    endloop
  endfacet
  facet normal 3.628765e-014 -1.000000e+000 1.282771e-014
    outer loop
      vertex   1.860739e+000 1.500000e+000 1.351906e+000
      vertex   2.203887e+000 1.500000e+000 1.644804e+000
      vertex   2.093976e+000 1.500000e+000 1.782628e+000
    endloop
  endfacet
  facet normal 3.563886e-014 -1.000000e+000 1.364971e-014
    outer loop
      vertex   1.761902e+000 1.500000e+000 1.478412e+000
      vertex   2.093976e+000 1.500000e+000 1.782628e+000
      vertex   1.975461e+000 1.500000e+000 1.913127e+000
    endloop
  endfacet
  facet normal 3.497636e-014 -1.000000e+000 1.438903e-014
    outer loop
      vertex   1.654482e+000 1.500000e+000 1.597714e+000
      vertex   1.975461e+000 1.500000e+000 1.913127e+000
      vertex   1.848827e+000 1.500000e+000 2.035764e+000
    endloop
  endfacet
  facet normal 3.339683e-014 -1.000000e+000 1.591235e-014
    outer loop
      vertex   1.539000e+000 1.500000e+000 1.709233e+000
      vertex   1.848827e+000 1.500000e+000 2.035764e+000
      vertex   1.714597e+000 1.500000e+000 2.150037e+000
    endloop
  endfacet
  facet normal 3.271075e-014 -1.000000e+000 1.645217e-014
    outer loop
      vertex   1.416021e+000 1.500000e+000 1.812425e+000
      vertex   1.714597e+000 1.500000e+000 2.150037e+000
      vertex   1.573321e+000 1.500000e+000 2.255474e+000
    endloop
  endfacet
  facet normal 3.204725e-014 -1.000000e+000 1.690855e-014
    outer loop
      vertex   1.286144e+000 1.500000e+000 1.906786e+000
      vertex   1.573321e+000 1.500000e+000 2.255474e+000
      vertex   1.425580e+000 1.500000e+000 2.351643e+000
    endloop
  endfacet
  facet normal 3.040863e-014 -1.000000e+000 1.805803e-014
    outer loop
      vertex   1.150000e+000 1.500000e+000 1.991858e+000
      vertex   1.425580e+000 1.500000e+000 2.351643e+000
      vertex   1.271980e+000 1.500000e+000 2.438148e+000
    endloop
  endfacet
  facet normal 2.979536e-014 -1.000000e+000 1.832492e-014
    outer loop
      vertex   1.008254e+000 1.500000e+000 2.067226e+000
      vertex   1.271980e+000 1.500000e+000 2.438148e+000
      vertex   1.113154e+000 1.500000e+000 2.514635e+000
    endloop
  endfacet
  facet normal 2.816782e-014 -1.000000e+000 1.922743e-014
    outer loop
      vertex   8.615952e-001 1.500000e+000 2.132523e+000
      vertex   1.113154e+000 1.500000e+000 2.514635e+000
      vertex   9.497539e-001 1.500000e+000 2.580788e+000
    endloop
  endfacet
  facet normal 2.765160e-014 -1.000000e+000 1.932517e-014
    outer loop
      vertex   7.107391e-001 1.500000e+000 2.187430e+000
      vertex   9.497539e-001 1.500000e+000 2.580788e+000
      vertex   7.824509e-001 1.500000e+000 2.636337e+000
    endloop
  endfacet
  facet normal 2.595443e-014 -1.000000e+000 1.952341e-014
    outer loop
      vertex   5.564204e-001 1.500000e+000 2.231680e+000
      vertex   7.824509e-001 1.500000e+000 2.636337e+000
      vertex   6.119326e-001 1.500000e+000 2.681052e+000
    endloop
  endfacet
  facet normal 2.444110e-014 -1.000000e+000 2.007233e-014
    outer loop
      vertex   3.993908e-001 1.500000e+000 2.265058e+000
      vertex   6.119326e-001 1.500000e+000 2.681052e+000
      vertex   4.388997e-001 1.500000e+000 2.714750e+000
    endloop
  endfacet
  facet normal 2.296458e-014 -1.000000e+000 2.050913e-014
    outer loop
      vertex   2.404155e-001 1.500000e+000 2.287400e+000
      vertex   4.388997e-001 1.500000e+000 2.714750e+000
      vertex   2.640633e-001 1.500000e+000 2.737293e+000
    endloop
  endfacet
  facet normal 2.276206e-014 -1.000000e+000 2.032646e-014
    outer loop
      vertex   8.026884e-002 1.500000e+000 2.298599e+000
      vertex   2.640633e-001 1.500000e+000 2.737293e+000
      vertex   8.814184e-002 1.500000e+000 2.748587e+000
    endloop
  endfacet
  facet normal 2.015339e-014 -1.000000e+000 2.037210e-014
    outer loop
      vertex   -8.814184e-002 1.500000e+000 2.748587e+000
      vertex   8.026884e-002 1.500000e+000 2.298599e+000
      vertex   8.814184e-002 1.500000e+000 2.748587e+000
    endloop
  endfacet
  facet normal 1.936383e-014 -1.000000e+000 2.007661e-014
    outer loop
      vertex   -8.814184e-002 1.500000e+000 2.748587e+000
      vertex   -8.026884e-002 1.500000e+000 2.298599e+000
      vertex   8.026884e-002 1.500000e+000 2.298599e+000
    endloop
  endfacet
  facet normal 2.016720e-014 -1.000000e+000 2.009066e-014
    outer loop
      vertex   -8.814184e-002 1.500000e+000 2.748587e+000
      vertex   -2.640633e-001 1.500000e+000 2.737293e+000
      vertex   -8.026884e-002 1.500000e+000 2.298599e+000
    endloop
  endfacet
  facet normal 1.941479e-014 -1.000000e+000 1.977543e-014
    outer loop
      vertex   -8.026884e-002 1.500000e+000 2.298599e+000
      vertex   -2.640633e-001 1.500000e+000 2.737293e+000
      vertex   -2.404155e-001 1.500000e+000 2.287400e+000
    endloop
  endfacet
  facet normal 1.778153e-014 -1.000000e+000 1.968958e-014
    outer loop
      vertex   -2.404155e-001 1.500000e+000 2.287400e+000
      vertex   -2.640633e-001 1.500000e+000 2.737293e+000
      vertex   -4.388997e-001 1.500000e+000 2.714750e+000
    endloop
  endfacet
  facet normal 1.668849e-014 -1.000000e+000 1.973571e-014
    outer loop
      vertex   -3.993908e-001 1.500000e+000 2.265058e+000
      vertex   -4.388997e-001 1.500000e+000 2.714750e+000
      vertex   -6.119326e-001 1.500000e+000 2.681052e+000
    endloop
  endfacet
  facet normal 1.566274e-014 -1.000000e+000 1.972327e-014
    outer loop
      vertex   -5.564204e-001 1.500000e+000 2.231680e+000
      vertex   -6.119326e-001 1.500000e+000 2.681052e+000
      vertex   -7.824509e-001 1.500000e+000 2.636337e+000
    endloop
  endfacet
  facet normal 1.486305e-014 -1.000000e+000 1.919190e-014
    outer loop
      vertex   -7.107391e-001 1.500000e+000 2.187430e+000
      vertex   -7.824509e-001 1.500000e+000 2.636337e+000
      vertex   -9.497539e-001 1.500000e+000 2.580788e+000
    endloop
  endfacet
  facet normal 1.293616e-014 -1.000000e+000 1.839505e-014
    outer loop
      vertex   -8.615952e-001 1.500000e+000 2.132523e+000
      vertex   -9.497539e-001 1.500000e+000 2.580788e+000
      vertex   -1.113154e+000 1.500000e+000 2.514635e+000
    endloop
  endfacet
  facet normal 1.218562e-014 -1.000000e+000 1.824208e-014
    outer loop
      vertex   -1.008254e+000 1.500000e+000 2.067226e+000
      vertex   -1.113154e+000 1.500000e+000 2.514635e+000
      vertex   -1.271980e+000 1.500000e+000 2.438148e+000
    endloop
  endfacet
  facet normal 1.049677e-014 -1.000000e+000 1.729749e-014
    outer loop
      vertex   -1.150000e+000 1.500000e+000 1.991858e+000
      vertex   -1.271980e+000 1.500000e+000 2.438148e+000
      vertex   -1.425580e+000 1.500000e+000 2.351643e+000
    endloop
  endfacet
  facet normal 9.919816e-015 -1.000000e+000 1.708513e-014
    outer loop
      vertex   -1.286144e+000 1.500000e+000 1.906786e+000
      vertex   -1.425580e+000 1.500000e+000 2.351643e+000
      vertex   -1.573321e+000 1.500000e+000 2.255474e+000
    endloop
  endfacet
  facet normal 8.464416e-015 -1.000000e+000 1.603572e-014
    outer loop
      vertex   -1.416021e+000 1.500000e+000 1.812425e+000
      vertex   -1.573321e+000 1.500000e+000 2.255474e+000
      vertex   -1.714597e+000 1.500000e+000 2.150037e+000
    endloop
  endfacet
  facet normal 7.137907e-015 -1.000000e+000 1.493287e-014
    outer loop
      vertex   -1.539000e+000 1.500000e+000 1.709233e+000
      vertex   -1.714597e+000 1.500000e+000 2.150037e+000
      vertex   -1.848827e+000 1.500000e+000 2.035764e+000
    endloop
  endfacet
  facet normal 6.820275e-015 -1.000000e+000 1.468443e-014
    outer loop
      vertex   -1.654482e+000 1.500000e+000 1.597714e+000
      vertex   -1.848827e+000 1.500000e+000 2.035764e+000
      vertex   -1.975461e+000 1.500000e+000 1.913127e+000
    endloop
  endfacet
  facet normal 5.709557e-015 -1.000000e+000 1.353129e-014
    outer loop
      vertex   -1.761902e+000 1.500000e+000 1.478412e+000
      vertex   -1.975461e+000 1.500000e+000 1.913127e+000
      vertex   -2.093976e+000 1.500000e+000 1.782628e+000
    endloop
  endfacet
  facet normal 4.716957e-015 -1.000000e+000 1.234907e-014
    outer loop
      vertex   -1.860739e+000 1.500000e+000 1.351906e+000
      vertex   -2.093976e+000 1.500000e+000 1.782628e+000
      vertex   -2.203887e+000 1.500000e+000 1.644804e+000
    endloop
  endfacet
  facet normal 4.623503e-015 -1.000000e+000 1.213243e-014
    outer loop
      vertex   -1.950511e+000 1.500000e+000 1.218814e+000
      vertex   -2.203887e+000 1.500000e+000 1.644804e+000
      vertex   -2.304742e+000 1.500000e+000 1.500221e+000
    endloop
  endfacet
  facet normal 3.070156e-015 -1.000000e+000 9.922494e-015
    outer loop
      vertex   -2.030779e+000 1.500000e+000 1.079785e+000
      vertex   -2.304742e+000 1.500000e+000 1.500221e+000
      vertex   -2.396126e+000 1.500000e+000 1.349473e+000
    endloop
  endfacet
  facet normal 2.718560e-015 -1.000000e+000 9.446187e-015
    outer loop
      vertex   -2.101155e+000 1.500000e+000 9.354943e-001
      vertex   -2.030779e+000 1.500000e+000 1.079785e+000
      vertex   -2.396126e+000 1.500000e+000 1.349473e+000
    endloop
  endfacet
  facet normal 1.257160e-015 -1.000000e+000 -5.388448e-015
    outer loop
      vertex   -2.249739e+000 1.500000e+000 -4.781969e-001
      vertex   -2.660061e+000 1.500000e+000 -6.975501e-001
      vertex   -2.210902e+000 1.500000e+000 -6.339659e-001
    endloop
  endfacet
  facet normal 1.692158e-015 -1.000000e+000 -6.721733e-015
    outer loop
      vertex   -2.210902e+000 1.500000e+000 -6.339659e-001
      vertex   -2.609903e+000 1.500000e+000 -8.665476e-001
      vertex   -2.161293e+000 1.500000e+000 -7.866463e-001
    endloop
  endfacet
  facet normal 1.934352e-015 -1.000000e+000 -6.677244e-015
    outer loop
      vertex   -2.161293e+000 1.500000e+000 -7.866463e-001
      vertex   -2.549021e+000 1.500000e+000 -1.031984e+000
      vertex   -2.101155e+000 1.500000e+000 -9.354943e-001
    endloop
  endfacet
  facet normal 4.437722e-015 -1.000000e+000 -1.202193e-014
    outer loop
      vertex   -1.950511e+000 1.500000e+000 -1.218814e+000
      vertex   -2.203887e+000 1.500000e+000 -1.644804e+000
      vertex   -1.860739e+000 1.500000e+000 -1.351906e+000
    endloop
  endfacet
  facet normal 4.537486e-015 -1.000000e+000 -1.225189e-014
    outer loop
      vertex   -1.860739e+000 1.500000e+000 -1.351906e+000
      vertex   -2.093976e+000 1.500000e+000 -1.782628e+000
      vertex   -1.761902e+000 1.500000e+000 -1.478412e+000
    endloop
  endfacet
  facet normal 5.666201e-015 -1.000000e+000 -1.350999e-014
    outer loop
      vertex   -1.761902e+000 1.500000e+000 -1.478412e+000
      vertex   -1.975461e+000 1.500000e+000 -1.913127e+000
      vertex   -1.654482e+000 1.500000e+000 -1.597714e+000
    endloop
  endfacet
  facet normal 6.925070e-015 -1.000000e+000 -1.473092e-014
    outer loop
      vertex   -1.654482e+000 1.500000e+000 -1.597714e+000
      vertex   -1.848827e+000 1.500000e+000 -2.035764e+000
      vertex   -1.539000e+000 1.500000e+000 -1.709233e+000
    endloop
  endfacet
  facet normal 7.282529e-015 -1.000000e+000 -1.499048e-014
    outer loop
      vertex   -1.539000e+000 1.500000e+000 -1.709233e+000
      vertex   -1.714597e+000 1.500000e+000 -2.150037e+000
      vertex   -1.416021e+000 1.500000e+000 -1.812425e+000
    endloop
  endfacet
  facet normal 8.782932e-015 -1.000000e+000 -1.614880e-014
    outer loop
      vertex   -1.416021e+000 1.500000e+000 -1.812425e+000
      vertex   -1.573321e+000 1.500000e+000 -2.255474e+000
      vertex   -1.286144e+000 1.500000e+000 -1.906786e+000
    endloop
  endfacet
  facet normal 1.042712e-014 -1.000000e+000 -1.724414e-014
    outer loop
      vertex   -1.286144e+000 1.500000e+000 -1.906786e+000
      vertex   -1.425580e+000 1.500000e+000 -2.351643e+000
      vertex   -1.150000e+000 1.500000e+000 -1.991858e+000
    endloop
  endfacet
  facet normal 1.108210e-014 -1.000000e+000 -1.745748e-014
    outer loop
      vertex   -1.150000e+000 1.500000e+000 -1.991858e+000
      vertex   -1.271980e+000 1.500000e+000 -2.438148e+000
      vertex   -1.008254e+000 1.500000e+000 -2.067226e+000
    endloop
  endfacet
  facet normal 1.299044e-014 -1.000000e+000 -1.843078e-014
    outer loop
      vertex   -1.008254e+000 1.500000e+000 -2.067226e+000
      vertex   -1.113154e+000 1.500000e+000 -2.514635e+000
      vertex   -8.615952e-001 1.500000e+000 -2.132523e+000
    endloop
  endfacet
  facet normal 1.384617e-014 -1.000000e+000 -1.857402e-014
    outer loop
      vertex   -8.615952e-001 1.500000e+000 -2.132523e+000
      vertex   -9.497539e-001 1.500000e+000 -2.580788e+000
      vertex   -7.107391e-001 1.500000e+000 -2.187430e+000
    endloop
  endfacet
  facet normal 1.465072e-014 -1.000000e+000 -1.915798e-014
    outer loop
      vertex   -7.107391e-001 1.500000e+000 -2.187430e+000
      vertex   -7.824509e-001 1.500000e+000 -2.636337e+000
      vertex   -5.564204e-001 1.500000e+000 -2.231680e+000
    endloop
  endfacet
  facet normal 1.698347e-014 -1.000000e+000 -1.988643e-014
    outer loop
      vertex   -5.564204e-001 1.500000e+000 -2.231680e+000
      vertex   -6.119326e-001 1.500000e+000 -2.681052e+000
      vertex   -3.993908e-001 1.500000e+000 -2.265058e+000
    endloop
  endfacet
  facet normal 1.815902e-014 -1.000000e+000 -1.986491e-014
    outer loop
      vertex   -3.993908e-001 1.500000e+000 -2.265058e+000
      vertex   -4.388997e-001 1.500000e+000 -2.714750e+000
      vertex   -2.404155e-001 1.500000e+000 -2.287400e+000
    endloop
  endfacet
  facet normal 1.941479e-014 -1.000000e+000 -1.977543e-014
    outer loop
      vertex   -2.404155e-001 1.500000e+000 -2.287400e+000
      vertex   -2.640633e-001 1.500000e+000 -2.737293e+000
      vertex   -8.026884e-002 1.500000e+000 -2.298599e+000
    endloop
  endfacet
  facet normal 1.936383e-014 -1.000000e+000 -2.007661e-014
    outer loop
      vertex   -8.026884e-002 1.500000e+000 -2.298599e+000
      vertex   -8.814184e-002 1.500000e+000 -2.748587e+000
      vertex   8.026884e-002 1.500000e+000 -2.298599e+000
    endloop
  endfacet
  facet normal 2.537549e-014 -1.000000e+000 -1.959492e-014
    outer loop
      vertex   3.993908e-001 1.500000e+000 -2.265058e+000
      vertex   6.119326e-001 1.500000e+000 -2.681052e+000
      vertex   5.564204e-001 1.500000e+000 -2.231680e+000
    endloop
  endfacet
  facet normal 2.577170e-014 -1.000000e+000 -1.962548e-014
    outer loop
      vertex   5.564204e-001 1.500000e+000 -2.231680e+000
      vertex   7.824509e-001 1.500000e+000 -2.636337e+000
      vertex   7.107391e-001 1.500000e+000 -2.187430e+000
    endloop
  endfacet
  facet normal 2.764238e-014 -1.000000e+000 -1.933077e-014
    outer loop
      vertex   7.107391e-001 1.500000e+000 -2.187430e+000
      vertex   9.497539e-001 1.500000e+000 -2.580788e+000
      vertex   8.615952e-001 1.500000e+000 -2.132523e+000
    endloop
  endfacet
  facet normal 2.939674e-014 -1.000000e+000 -1.841838e-014
    outer loop
      vertex   8.615952e-001 1.500000e+000 -2.132523e+000
      vertex   1.113154e+000 1.500000e+000 -2.514635e+000
      vertex   1.008254e+000 1.500000e+000 -2.067226e+000
    endloop
  endfacet
  facet normal 3.002219e-014 -1.000000e+000 -1.816365e-014
    outer loop
      vertex   1.008254e+000 1.500000e+000 -2.067226e+000
      vertex   1.271980e+000 1.500000e+000 -2.438148e+000
      vertex   1.150000e+000 1.500000e+000 -1.991858e+000
    endloop
  endfacet
  facet normal 3.181381e-014 -1.000000e+000 -1.698172e-014
    outer loop
      vertex   1.150000e+000 1.500000e+000 -1.991858e+000
      vertex   1.425580e+000 1.500000e+000 -2.351643e+000
      vertex   1.286144e+000 1.500000e+000 -1.906786e+000
    endloop
  endfacet
  facet normal 3.251851e-014 -1.000000e+000 -1.652042e-014
    outer loop
      vertex   1.286144e+000 1.500000e+000 -1.906786e+000
      vertex   1.573321e+000 1.500000e+000 -2.255474e+000
      vertex   1.416021e+000 1.500000e+000 -1.812425e+000
    endloop
  endfacet
  facet normal 3.325912e-014 -1.000000e+000 -1.596721e-014
    outer loop
      vertex   1.416021e+000 1.500000e+000 -1.812425e+000
      vertex   1.714597e+000 1.500000e+000 -2.150037e+000
      vertex   1.539000e+000 1.500000e+000 -1.709233e+000
    endloop
  endfacet
  facet normal 3.502503e-014 -1.000000e+000 -1.436744e-014
    outer loop
      vertex   1.539000e+000 1.500000e+000 -1.709233e+000
      vertex   1.848827e+000 1.500000e+000 -2.035764e+000
      vertex   1.654482e+000 1.500000e+000 -1.597714e+000
    endloop
  endfacet
  facet normal 3.576259e-014 -1.000000e+000 -1.358892e-014
    outer loop
      vertex   1.654482e+000 1.500000e+000 -1.597714e+000
      vertex   1.975461e+000 1.500000e+000 -1.913127e+000
      vertex   1.761902e+000 1.500000e+000 -1.478412e+000
    endloop
  endfacet
  facet normal 3.649453e-014 -1.000000e+000 -1.271569e-014
    outer loop
      vertex   1.761902e+000 1.500000e+000 -1.478412e+000
      vertex   2.093976e+000 1.500000e+000 -1.782628e+000
      vertex   1.860739e+000 1.500000e+000 -1.351906e+000
    endloop
  endfacet
  facet normal 3.811130e-014 -1.000000e+000 -1.069118e-014
    outer loop
      vertex   1.860739e+000 1.500000e+000 -1.351906e+000
      vertex   2.203887e+000 1.500000e+000 -1.644804e+000
      vertex   1.950511e+000 1.500000e+000 -1.218814e+000
    endloop
  endfacet
  facet normal 3.788906e-014 -1.000000e+000 -1.069554e-014
    outer loop
      vertex   1.950511e+000 1.500000e+000 -1.218814e+000
      vertex   2.304742e+000 1.500000e+000 -1.500221e+000
      vertex   2.030779e+000 1.500000e+000 -1.079785e+000
    endloop
  endfacet
  facet normal 3.936232e-014 -1.000000e+000 -8.426167e-015
    outer loop
      vertex   2.030779e+000 1.500000e+000 -1.079785e+000
      vertex   2.396126e+000 1.500000e+000 -1.349473e+000
      vertex   2.101155e+000 1.500000e+000 -9.354943e-001
    endloop
  endfacet
  facet normal 4.041238e-014 -1.000000e+000 -4.374044e-015
    outer loop
      vertex   2.210902e+000 1.500000e+000 -6.339659e-001
      vertex   2.660061e+000 1.500000e+000 -6.975501e-001
      vertex   2.249739e+000 1.500000e+000 -4.781969e-001
    endloop
  endfacet
  facet normal 4.053770e-014 -1.000000e+000 -4.338954e-015
    outer loop
      vertex   2.249739e+000 1.500000e+000 -4.781969e-001
      vertex   2.699288e+000 1.500000e+000 -5.256862e-001
      vertex   2.277617e+000 1.500000e+000 -3.200981e-001
    endloop
  endfacet
  facet normal 4.086634e-014 -1.000000e+000 -1.513726e-015
    outer loop
      vertex   2.277617e+000 1.500000e+000 -3.200981e-001
      vertex   2.727423e+000 1.500000e+000 -3.516622e-001
      vertex   2.294397e+000 1.500000e+000 -1.604399e-001
    endloop
  endfacet
  facet normal 4.090920e-014 -1.000000e+000 -1.428581e-015
    outer loop
      vertex   2.294397e+000 1.500000e+000 -1.604399e-001
      vertex   2.744350e+000 1.500000e+000 -1.761931e-001
      vertex   2.300000e+000 1.500000e+000 2.816688e-016
    endloop
  endfacet
  facet normal 4.053770e-014 -1.000000e+000 4.338954e-015
    outer loop
      vertex   2.277617e+000 1.500000e+000 3.200981e-001
      vertex   2.699288e+000 1.500000e+000 5.256862e-001
      vertex   2.249739e+000 1.500000e+000 4.781969e-001
    endloop
  endfacet
  facet normal 4.041238e-014 -1.000000e+000 4.374044e-015
    outer loop
      vertex   2.249739e+000 1.500000e+000 4.781969e-001
      vertex   2.660061e+000 1.500000e+000 6.975501e-001
      vertex   2.210902e+000 1.500000e+000 6.339659e-001
    endloop
  endfacet
  facet normal 4.005866e-014 -1.000000e+000 5.744298e-015
    outer loop
      vertex   2.210902e+000 1.500000e+000 6.339659e-001
      vertex   2.609903e+000 1.500000e+000 8.665476e-001
      vertex   2.161293e+000 1.500000e+000 7.866463e-001
    endloop
  endfacet
  facet normal 3.933318e-014 -1.000000e+000 8.432864e-015
    outer loop
      vertex   2.161293e+000 1.500000e+000 7.866463e-001
      vertex   2.549021e+000 1.500000e+000 1.031984e+000
      vertex   2.101155e+000 1.500000e+000 9.354943e-001
    endloop
  endfacet
  facet normal 3.811130e-014 -1.000000e+000 1.069118e-014
    outer loop
      vertex   1.950511e+000 1.500000e+000 1.218814e+000
      vertex   2.203887e+000 1.500000e+000 1.644804e+000
      vertex   1.860739e+000 1.500000e+000 1.351906e+000
    endloop
  endfacet
  facet normal 3.649453e-014 -1.000000e+000 1.271569e-014
    outer loop
      vertex   1.860739e+000 1.500000e+000 1.351906e+000
      vertex   2.093976e+000 1.500000e+000 1.782628e+000
      vertex   1.761902e+000 1.500000e+000 1.478412e+000
    endloop
  endfacet
  facet normal 3.576259e-014 -1.000000e+000 1.358892e-014
    outer loop
      vertex   1.761902e+000 1.500000e+000 1.478412e+000
      vertex   1.975461e+000 1.500000e+000 1.913127e+000
      vertex   1.654482e+000 1.500000e+000 1.597714e+000
    endloop
  endfacet
  facet normal 3.502503e-014 -1.000000e+000 1.436744e-014
    outer loop
      vertex   1.654482e+000 1.500000e+000 1.597714e+000
      vertex   1.848827e+000 1.500000e+000 2.035764e+000
      vertex   1.539000e+000 1.500000e+000 1.709233e+000
    endloop
  endfacet
  facet normal 3.325912e-014 -1.000000e+000 1.596721e-014
    outer loop
      vertex   1.539000e+000 1.500000e+000 1.709233e+000
      vertex   1.714597e+000 1.500000e+000 2.150037e+000
      vertex   1.416021e+000 1.500000e+000 1.812425e+000
    endloop
  endfacet
  facet normal 3.251851e-014 -1.000000e+000 1.652042e-014
    outer loop
      vertex   1.416021e+000 1.500000e+000 1.812425e+000
      vertex   1.573321e+000 1.500000e+000 2.255474e+000
      vertex   1.286144e+000 1.500000e+000 1.906786e+000
    endloop
  endfacet
  facet normal 3.181381e-014 -1.000000e+000 1.698172e-014
    outer loop
      vertex   1.286144e+000 1.500000e+000 1.906786e+000
      vertex   1.425580e+000 1.500000e+000 2.351643e+000
      vertex   1.150000e+000 1.500000e+000 1.991858e+000
    endloop
  endfacet
  facet normal 3.002219e-014 -1.000000e+000 1.816365e-014
    outer loop
      vertex   1.150000e+000 1.500000e+000 1.991858e+000
      vertex   1.271980e+000 1.500000e+000 2.438148e+000
      vertex   1.008254e+000 1.500000e+000 2.067226e+000
    endloop
  endfacet
  facet normal 2.939674e-014 -1.000000e+000 1.841838e-014
    outer loop
      vertex   1.008254e+000 1.500000e+000 2.067226e+000
      vertex   1.113154e+000 1.500000e+000 2.514635e+000
      vertex   8.615952e-001 1.500000e+000 2.132523e+000
    endloop
  endfacet
  facet normal 2.764238e-014 -1.000000e+000 1.933077e-014
    outer loop
      vertex   8.615952e-001 1.500000e+000 2.132523e+000
      vertex   9.497539e-001 1.500000e+000 2.580788e+000
      vertex   7.107391e-001 1.500000e+000 2.187430e+000
    endloop
  endfacet
  facet normal 2.577170e-014 -1.000000e+000 1.962548e-014
    outer loop
      vertex   7.107391e-001 1.500000e+000 2.187430e+000
      vertex   7.824509e-001 1.500000e+000 2.636337e+000
      vertex   5.564204e-001 1.500000e+000 2.231680e+000
    endloop
  endfacet
  facet normal 2.537549e-014 -1.000000e+000 1.959492e-014
    outer loop
      vertex   5.564204e-001 1.500000e+000 2.231680e+000
      vertex   6.119326e-001 1.500000e+000 2.681052e+000
      vertex   3.993908e-001 1.500000e+000 2.265058e+000
    endloop
  endfacet
  facet normal 2.378000e-014 -1.000000e+000 2.013041e-014
    outer loop
      vertex   3.993908e-001 1.500000e+000 2.265058e+000
      vertex   4.388997e-001 1.500000e+000 2.714750e+000
      vertex   2.404155e-001 1.500000e+000 2.287400e+000
    endloop
  endfacet
  facet normal 2.223444e-014 -1.000000e+000 2.054751e-014
    outer loop
      vertex   2.404155e-001 1.500000e+000 2.287400e+000
      vertex   2.640633e-001 1.500000e+000 2.737293e+000
      vertex   8.026884e-002 1.500000e+000 2.298599e+000
    endloop
  endfacet
  facet normal 1.815902e-014 -1.000000e+000 1.986491e-014
    outer loop
      vertex   -2.404155e-001 1.500000e+000 2.287400e+000
      vertex   -4.388997e-001 1.500000e+000 2.714750e+000
      vertex   -3.993908e-001 1.500000e+000 2.265058e+000
    endloop
  endfacet
  facet normal 1.698347e-014 -1.000000e+000 1.988643e-014
    outer loop
      vertex   -3.993908e-001 1.500000e+000 2.265058e+000
      vertex   -6.119326e-001 1.500000e+000 2.681052e+000
      vertex   -5.564204e-001 1.500000e+000 2.231680e+000
    endloop
  endfacet
  facet normal 1.465072e-014 -1.000000e+000 1.915798e-014
    outer loop
      vertex   -5.564204e-001 1.500000e+000 2.231680e+000
      vertex   -7.824509e-001 1.500000e+000 2.636337e+000
      vertex   -7.107391e-001 1.500000e+000 2.187430e+000
    endloop
  endfacet
  facet normal 1.384617e-014 -1.000000e+000 1.857402e-014
    outer loop
      vertex   -7.107391e-001 1.500000e+000 2.187430e+000
      vertex   -9.497539e-001 1.500000e+000 2.580788e+000
      vertex   -8.615952e-001 1.500000e+000 2.132523e+000
    endloop
  endfacet
  facet normal 1.299044e-014 -1.000000e+000 1.843078e-014
    outer loop
      vertex   -8.615952e-001 1.500000e+000 2.132523e+000
      vertex   -1.113154e+000 1.500000e+000 2.514635e+000
      vertex   -1.008254e+000 1.500000e+000 2.067226e+000
    endloop
  endfacet
  facet normal 1.108210e-014 -1.000000e+000 1.745748e-014
    outer loop
      vertex   -1.008254e+000 1.500000e+000 2.067226e+000
      vertex   -1.271980e+000 1.500000e+000 2.438148e+000
      vertex   -1.150000e+000 1.500000e+000 1.991858e+000
    endloop
  endfacet
  facet normal 1.042712e-014 -1.000000e+000 1.724414e-014
    outer loop
      vertex   -1.150000e+000 1.500000e+000 1.991858e+000
      vertex   -1.425580e+000 1.500000e+000 2.351643e+000
      vertex   -1.286144e+000 1.500000e+000 1.906786e+000
    endloop
  endfacet
  facet normal 8.782932e-015 -1.000000e+000 1.614880e-014
    outer loop
      vertex   -1.286144e+000 1.500000e+000 1.906786e+000
      vertex   -1.573321e+000 1.500000e+000 2.255474e+000
      vertex   -1.416021e+000 1.500000e+000 1.812425e+000
    endloop
  endfacet
  facet normal 7.282529e-015 -1.000000e+000 1.499048e-014
    outer loop
      vertex   -1.416021e+000 1.500000e+000 1.812425e+000
      vertex   -1.714597e+000 1.500000e+000 2.150037e+000
      vertex   -1.539000e+000 1.500000e+000 1.709233e+000
    endloop
  endfacet
  facet normal 6.925070e-015 -1.000000e+000 1.473092e-014
    outer loop
      vertex   -1.539000e+000 1.500000e+000 1.709233e+000
      vertex   -1.848827e+000 1.500000e+000 2.035764e+000
      vertex   -1.654482e+000 1.500000e+000 1.597714e+000
    endloop
  endfacet
  facet normal 5.666201e-015 -1.000000e+000 1.350999e-014
    outer loop
      vertex   -1.654482e+000 1.500000e+000 1.597714e+000
      vertex   -1.975461e+000 1.500000e+000 1.913127e+000
      vertex   -1.761902e+000 1.500000e+000 1.478412e+000
    endloop
  endfacet
  facet normal 4.537486e-015 -1.000000e+000 1.225189e-014
    outer loop
      vertex   -1.761902e+000 1.500000e+000 1.478412e+000
      vertex   -2.093976e+000 1.500000e+000 1.782628e+000
      vertex   -1.860739e+000 1.500000e+000 1.351906e+000
    endloop
  endfacet
  facet normal 4.437722e-015 -1.000000e+000 1.202193e-014
    outer loop
      vertex   -1.860739e+000 1.500000e+000 1.351906e+000
      vertex   -2.203887e+000 1.500000e+000 1.644804e+000
      vertex   -1.950511e+000 1.500000e+000 1.218814e+000
    endloop
  endfacet
  facet normal 2.650830e-015 -1.000000e+000 9.649255e-015
    outer loop
      vertex   -1.950511e+000 1.500000e+000 1.218814e+000
      vertex   -2.304742e+000 1.500000e+000 1.500221e+000
      vertex   -2.030779e+000 1.500000e+000 1.079785e+000
    endloop
  endfacet
  facet normal 1.586251e-015 -1.000000e+000 6.127109e-015
    outer loop
      vertex   -2.549021e+000 1.500000e+000 1.031984e+000
      vertex   -2.609903e+000 1.500000e+000 8.665476e-001
      vertex   -2.161293e+000 1.500000e+000 7.866463e-001
    endloop
  endfacet
  facet normal 1.366917e-015 -1.000000e+000 6.163771e-015
    outer loop
      vertex   -2.609903e+000 1.500000e+000 8.665476e-001
      vertex   -2.660061e+000 1.500000e+000 6.975501e-001
      vertex   -2.210902e+000 1.500000e+000 6.339659e-001
    endloop
  endfacet
  facet normal 1.015375e-015 -1.000000e+000 4.936165e-015
    outer loop
      vertex   -2.660061e+000 1.500000e+000 6.975501e-001
      vertex   -2.699288e+000 1.500000e+000 5.256862e-001
      vertex   -2.249739e+000 1.500000e+000 4.781969e-001
    endloop
  endfacet
  facet normal 5.896718e-016 -1.000000e+000 -2.747356e-015
    outer loop
      vertex   -2.294397e+000 1.500000e+000 -1.604399e-001
      vertex   -2.300000e+000 1.500000e+000 0.000000e+000
      vertex   -2.744350e+000 1.500000e+000 -1.761931e-001
    endloop
  endfacet
  facet normal -0.000000e+000 -1.000000e+000 -1.260234e-015
    outer loop
      vertex   -2.744350e+000 1.500000e+000 -1.761931e-001
      vertex   -2.300000e+000 1.500000e+000 0.000000e+000
      vertex   -2.750000e+000 1.500000e+000 0.000000e+000
    endloop
  endfacet
  facet normal 9.028285e-001 -4.288435e-001 -3.152746e-002
    outer loop
      vertex   -2.294397e+000 1.500000e+000 1.604399e-001
      vertex   -2.300000e+000 1.500000e+000 0.000000e+000
      vertex   -1.777500e+000 2.600000e+000 0.000000e+000
    endloop
  endfacet
  facet normal 9.024466e-001 -4.293028e-001 -3.590652e-002
    outer loop
      vertex   -1.771881e+000 2.600000e+000 1.412227e-001
      vertex   -2.294397e+000 1.500000e+000 1.604399e-001
      vertex   -1.777500e+000 2.600000e+000 0.000000e+000
    endloop
  endfacet
  facet normal 8.985942e-001 -4.284955e-001 -9.444606e-002
    outer loop
      vertex   -1.771881e+000 2.600000e+000 1.412227e-001
      vertex   -2.277617e+000 1.500000e+000 3.200981e-001
      vertex   -2.294397e+000 1.500000e+000 1.604399e-001
    endloop
  endfacet
  facet normal 8.965630e-001 -4.296798e-001 -1.074712e-001
    outer loop
      vertex   -1.771881e+000 2.600000e+000 1.412227e-001
      vertex   -1.755060e+000 2.600000e+000 2.815525e-001
      vertex   -2.277617e+000 1.500000e+000 3.200981e-001
    endloop
  endfacet
  facet normal 8.899270e-001 -4.282600e-001 -1.569181e-001
    outer loop
      vertex   -2.277617e+000 1.500000e+000 3.200981e-001
      vertex   -1.755060e+000 2.600000e+000 2.815525e-001
      vertex   -2.249739e+000 1.500000e+000 4.781969e-001
    endloop
  endfacet
  facet normal 8.850823e-001 -4.299111e-001 -1.783418e-001
    outer loop
      vertex   -2.249739e+000 1.500000e+000 4.781969e-001
      vertex   -1.755060e+000 2.600000e+000 2.815525e-001
      vertex   -1.727142e+000 2.600000e+000 4.201022e-001
    endloop
  endfacet
  facet normal 8.680758e-001 -4.299971e-001 -2.480867e-001
    outer loop
      vertex   -2.210902e+000 1.500000e+000 6.339659e-001
      vertex   -1.727142e+000 2.600000e+000 4.201022e-001
      vertex   -1.688305e+000 2.600000e+000 5.559960e-001
    endloop
  endfacet
  facet normal 8.456476e-001 -4.299376e-001 -3.162812e-001
    outer loop
      vertex   -2.161293e+000 1.500000e+000 7.866463e-001
      vertex   -1.688305e+000 2.600000e+000 5.559960e-001
      vertex   -1.638794e+000 2.600000e+000 6.883745e-001
    endloop
  endfacet
  facet normal 8.179342e-001 -4.297326e-001 -3.825095e-001
    outer loop
      vertex   -2.101155e+000 1.500000e+000 9.354943e-001
      vertex   -1.638794e+000 2.600000e+000 6.883745e-001
      vertex   -1.578922e+000 2.600000e+000 8.164009e-001
    endloop
  endfacet
  facet normal 7.851030e-001 -4.293822e-001 -4.463678e-001
    outer loop
      vertex   -2.030779e+000 1.500000e+000 1.079785e+000
      vertex   -1.578922e+000 2.600000e+000 8.164009e-001
      vertex   -1.509068e+000 2.600000e+000 9.392658e-001
    endloop
  endfacet
  facet normal 7.489053e-001 -4.289189e-001 -5.051430e-001
    outer loop
      vertex   -1.950511e+000 1.500000e+000 1.218814e+000
      vertex   -1.509068e+000 2.600000e+000 9.392658e-001
      vertex   -1.860739e+000 1.500000e+000 1.351906e+000
    endloop
  endfacet
  facet normal 7.823784e-001 -4.287719e-001 -4.517064e-001
    outer loop
      vertex   -1.950511e+000 1.500000e+000 1.218814e+000
      vertex   -2.030779e+000 1.500000e+000 1.079785e+000
      vertex   -1.509068e+000 2.600000e+000 9.392658e-001
    endloop
  endfacet
  facet normal 8.985942e-001 -4.284955e-001 9.444606e-002
    outer loop
      vertex   -2.277617e+000 1.500000e+000 -3.200981e-001
      vertex   -1.771881e+000 2.600000e+000 -1.412227e-001
      vertex   -2.294397e+000 1.500000e+000 -1.604399e-001
    endloop
  endfacet
  facet normal 8.965630e-001 -4.296798e-001 1.074712e-001
    outer loop
      vertex   -2.277617e+000 1.500000e+000 -3.200981e-001
      vertex   -1.755060e+000 2.600000e+000 -2.815525e-001
      vertex   -1.771881e+000 2.600000e+000 -1.412227e-001
    endloop
  endfacet
  facet normal 8.899270e-001 -4.282600e-001 1.569181e-001
    outer loop
      vertex   -2.277617e+000 1.500000e+000 -3.200981e-001
      vertex   -2.249739e+000 1.500000e+000 -4.781969e-001
      vertex   -1.755060e+000 2.600000e+000 -2.815525e-001
    endloop
  endfacet
  facet normal 8.850823e-001 -4.299111e-001 1.783418e-001
    outer loop
      vertex   -1.755060e+000 2.600000e+000 -2.815525e-001
      vertex   -2.249739e+000 1.500000e+000 -4.781969e-001
      vertex   -1.727142e+000 2.600000e+000 -4.201022e-001
    endloop
  endfacet
  facet normal 8.768696e-001 -4.281371e-001 2.186282e-001
    outer loop
      vertex   -1.727142e+000 2.600000e+000 -4.201022e-001
      vertex   -2.249739e+000 1.500000e+000 -4.781969e-001
      vertex   -2.210902e+000 1.500000e+000 -6.339659e-001
    endloop
  endfacet
  facet normal 8.594875e-001 -4.281268e-001 2.792644e-001
    outer loop
      vertex   -1.688305e+000 2.600000e+000 -5.559960e-001
      vertex   -2.210902e+000 1.500000e+000 -6.339659e-001
      vertex   -2.161293e+000 1.500000e+000 -7.866463e-001
    endloop
  endfacet
  facet normal 8.378683e-001 -4.282293e-001 3.385208e-001
    outer loop
      vertex   -1.638794e+000 2.600000e+000 -6.883745e-001
      vertex   -2.161293e+000 1.500000e+000 -7.866463e-001
      vertex   -2.101155e+000 1.500000e+000 -9.354943e-001
    endloop
  endfacet
  facet normal 8.121217e-001 -4.284443e-001 3.960982e-001
    outer loop
      vertex   -1.578922e+000 2.600000e+000 -8.164009e-001
      vertex   -2.101155e+000 1.500000e+000 -9.354943e-001
      vertex   -2.030779e+000 1.500000e+000 -1.079785e+000
    endloop
  endfacet
  facet normal 7.823784e-001 -4.287719e-001 4.517064e-001
    outer loop
      vertex   -1.509068e+000 2.600000e+000 -9.392658e-001
      vertex   -2.030779e+000 1.500000e+000 -1.079785e+000
      vertex   -1.950511e+000 1.500000e+000 -1.218814e+000
    endloop
  endfacet
  facet normal 7.489053e-001 -4.289189e-001 5.051430e-001
    outer loop
      vertex   -1.860739e+000 1.500000e+000 -1.351906e+000
      vertex   -1.509068e+000 2.600000e+000 -9.392658e-001
      vertex   -1.950511e+000 1.500000e+000 -1.218814e+000
    endloop
  endfacet
  facet normal 7.472215e-001 -4.292186e-001 5.073770e-001
    outer loop
      vertex   -1.860739e+000 1.500000e+000 -1.351906e+000
      vertex   -1.429673e+000 2.600000e+000 -1.056192e+000
      vertex   -1.509068e+000 2.600000e+000 -9.392658e-001
    endloop
  endfacet
  facet normal 7.119818e-001 -4.285504e-001 5.562611e-001
    outer loop
      vertex   -1.860739e+000 1.500000e+000 -1.351906e+000
      vertex   -1.761902e+000 1.500000e+000 -1.478412e+000
      vertex   -1.429673e+000 2.600000e+000 -1.056192e+000
    endloop
  endfacet
  facet normal 7.043986e-001 -4.296220e-001 5.650199e-001
    outer loop
      vertex   -1.429673e+000 2.600000e+000 -1.056192e+000
      vertex   -1.761902e+000 1.500000e+000 -1.478412e+000
      vertex   -1.341239e+000 2.600000e+000 -1.166441e+000
    endloop
  endfacet
  facet normal 6.715348e-001 -4.282944e-001 6.046527e-001
    outer loop
      vertex   -1.341239e+000 2.600000e+000 -1.166441e+000
      vertex   -1.761902e+000 1.500000e+000 -1.478412e+000
      vertex   -1.654482e+000 1.500000e+000 -1.597714e+000
    endloop
  endfacet
  facet normal 6.277678e-001 -4.281510e-001 6.500726e-001
    outer loop
      vertex   -1.244325e+000 2.600000e+000 -1.269316e+000
      vertex   -1.654482e+000 1.500000e+000 -1.597714e+000
      vertex   -1.539000e+000 1.500000e+000 -1.709233e+000
    endloop
  endfacet
  facet normal 5.809011e-001 -4.281203e-001 6.922910e-001
    outer loop
      vertex   -1.139544e+000 2.600000e+000 -1.364165e+000
      vertex   -1.539000e+000 1.500000e+000 -1.709233e+000
      vertex   -1.416021e+000 1.500000e+000 -1.812425e+000
    endloop
  endfacet
  facet normal 5.311715e-001 -4.282023e-001 7.310948e-001
    outer loop
      vertex   -1.027559e+000 2.600000e+000 -1.450390e+000
      vertex   -1.416021e+000 1.500000e+000 -1.812425e+000
      vertex   -1.286144e+000 1.500000e+000 -1.906786e+000
    endloop
  endfacet
  facet normal 4.788301e-001 -4.283969e-001 7.662884e-001
    outer loop
      vertex   -9.090766e-001 2.600000e+000 -1.527444e+000
      vertex   -1.286144e+000 1.500000e+000 -1.906786e+000
      vertex   -1.150000e+000 1.500000e+000 -1.991858e+000
    endloop
  endfacet
  facet normal 4.241417e-001 -4.287040e-001 7.976946e-001
    outer loop
      vertex   -7.848471e-001 2.600000e+000 -1.594842e+000
      vertex   -1.150000e+000 1.500000e+000 -1.991858e+000
      vertex   -1.008254e+000 1.500000e+000 -2.067226e+000
    endloop
  endfacet
  facet normal 3.674074e-001 -4.289979e-001 8.252106e-001
    outer loop
      vertex   -8.615952e-001 1.500000e+000 -2.132523e+000
      vertex   -7.848471e-001 2.600000e+000 -1.594842e+000
      vertex   -1.008254e+000 1.500000e+000 -2.067226e+000
    endloop
  endfacet
  facet normal 3.662879e-001 -4.291296e-001 8.256398e-001
    outer loop
      vertex   -8.615952e-001 1.500000e+000 -2.132523e+000
      vertex   -6.556556e-001 2.600000e+000 -1.652157e+000
      vertex   -7.848471e-001 2.600000e+000 -1.594842e+000
    endloop
  endfacet
  facet normal 3.090118e-001 -4.286091e-001 8.490029e-001
    outer loop
      vertex   -8.615952e-001 1.500000e+000 -2.132523e+000
      vertex   -7.107391e-001 1.500000e+000 -2.187430e+000
      vertex   -6.556556e-001 2.600000e+000 -1.652157e+000
    endloop
  endfacet
  facet normal 2.994650e-001 -4.295595e-001 8.519386e-001
    outer loop
      vertex   -6.556556e-001 2.600000e+000 -1.652157e+000
      vertex   -7.107391e-001 1.500000e+000 -2.187430e+000
      vertex   -5.223189e-001 2.600000e+000 -1.699026e+000
    endloop
  endfacet
  facet normal 2.490717e-001 -4.283326e-001 8.686164e-001
    outer loop
      vertex   -5.223189e-001 2.600000e+000 -1.699026e+000
      vertex   -7.107391e-001 1.500000e+000 -2.187430e+000
      vertex   -5.564204e-001 1.500000e+000 -2.231680e+000
    endloop
  endfacet
  facet normal 1.878895e-001 -4.281687e-001 8.839508e-001
    outer loop
      vertex   -3.856798e-001 2.600000e+000 -1.735153e+000
      vertex   -5.564204e-001 1.500000e+000 -2.231680e+000
      vertex   -3.993908e-001 1.500000e+000 -2.265058e+000
    endloop
  endfacet
  facet normal 1.257739e-001 -4.281175e-001 8.949281e-001
    outer loop
      vertex   -2.466024e-001 2.600000e+000 -1.760311e+000
      vertex   -3.993908e-001 1.500000e+000 -2.265058e+000
      vertex   -2.404155e-001 1.500000e+000 -2.287400e+000
    endloop
  endfacet
  facet normal 6.303850e-002 -4.281790e-001 9.014926e-001
    outer loop
      vertex   -1.059659e-001 2.600000e+000 -1.774339e+000
      vertex   -2.404155e-001 1.500000e+000 -2.287400e+000
      vertex   -8.026884e-002 1.500000e+000 -2.298599e+000
    endloop
  endfacet
  facet normal 8.294557e-015 -4.283531e-001 9.036114e-001
    outer loop
      vertex   3.534059e-002 2.600000e+000 -1.777149e+000
      vertex   -8.026884e-002 1.500000e+000 -2.298599e+000
      vertex   8.026884e-002 1.500000e+000 -2.298599e+000
    endloop
  endfacet
  facet normal -6.302326e-002 -4.286398e-001 9.012747e-001
    outer loop
      vertex   1.764236e-001 2.600000e+000 -1.768723e+000
      vertex   8.026884e-002 1.500000e+000 -2.298599e+000
      vertex   2.404155e-001 1.500000e+000 -2.287400e+000
    endloop
  endfacet
  facet normal -1.257131e-001 -4.290388e-001 8.944953e-001
    outer loop
      vertex   3.163913e-001 2.600000e+000 -1.749115e+000
      vertex   2.404155e-001 1.500000e+000 -2.287400e+000
      vertex   3.993908e-001 1.500000e+000 -2.265058e+000
    endloop
  endfacet
  facet normal -1.878400e-001 -4.286714e-001 8.837177e-001
    outer loop
      vertex   5.564204e-001 1.500000e+000 -2.231680e+000
      vertex   3.163913e-001 2.600000e+000 -1.749115e+000
      vertex   3.993908e-001 1.500000e+000 -2.265058e+000
    endloop
  endfacet
  facet normal -1.959472e-001 -4.294922e-001 8.815561e-001
    outer loop
      vertex   5.564204e-001 1.500000e+000 -2.231680e+000
      vertex   4.543586e-001 2.600000e+000 -1.718448e+000
      vertex   3.163913e-001 2.600000e+000 -1.749115e+000
    endloop
  endfacet
  facet normal -2.490663e-001 -4.283745e-001 8.685973e-001
    outer loop
      vertex   5.564204e-001 1.500000e+000 -2.231680e+000
      vertex   7.107391e-001 1.500000e+000 -2.187430e+000
      vertex   4.543586e-001 2.600000e+000 -1.718448e+000
    endloop
  endfacet
  facet normal -2.653241e-001 -4.298030e-001 8.630600e-001
    outer loop
      vertex   4.543586e-001 2.600000e+000 -1.718448e+000
      vertex   7.107391e-001 1.500000e+000 -2.187430e+000
      vertex   5.894533e-001 2.600000e+000 -1.676917e+000
    endloop
  endfacet
  facet normal -3.090797e-001 -4.281902e-001 8.491896e-001
    outer loop
      vertex   5.894533e-001 2.600000e+000 -1.676917e+000
      vertex   7.107391e-001 1.500000e+000 -2.187430e+000
      vertex   8.615952e-001 1.500000e+000 -2.132523e+000
    endloop
  endfacet
  facet normal -3.675771e-001 -4.281184e-001 8.255917e-001
    outer loop
      vertex   7.208213e-001 2.600000e+000 -1.624784e+000
      vertex   8.615952e-001 1.500000e+000 -2.132523e+000
      vertex   1.008254e+000 1.500000e+000 -2.067226e+000
    endloop
  endfacet
  facet normal -4.242630e-001 -4.281594e-001 7.979226e-001
    outer loop
      vertex   8.476320e-001 2.600000e+000 -1.562378e+000
      vertex   1.008254e+000 1.500000e+000 -2.067226e+000
      vertex   1.150000e+000 1.500000e+000 -1.991858e+000
    endloop
  endfacet
  facet normal -4.788512e-001 -4.283131e-001 7.663220e-001
    outer loop
      vertex   9.690837e-001 2.600000e+000 -1.490095e+000
      vertex   1.150000e+000 1.500000e+000 -1.991858e+000
      vertex   1.286144e+000 1.500000e+000 -1.906786e+000
    endloop
  endfacet
  facet normal -5.310664e-001 -4.285793e-001 7.309502e-001
    outer loop
      vertex   1.084409e+000 2.600000e+000 -1.408391e+000
      vertex   1.286144e+000 1.500000e+000 -1.906786e+000
      vertex   1.416021e+000 1.500000e+000 -1.812425e+000
    endloop
  endfacet
  facet normal -5.806458e-001 -4.289579e-001 6.919867e-001
    outer loop
      vertex   1.192877e+000 2.600000e+000 -1.317782e+000
      vertex   1.416021e+000 1.500000e+000 -1.812425e+000
      vertex   1.539000e+000 1.500000e+000 -1.709233e+000
    endloop
  endfacet
  facet normal -6.275746e-001 -4.287375e-001 6.498725e-001
    outer loop
      vertex   1.654482e+000 1.500000e+000 -1.597714e+000
      vertex   1.192877e+000 2.600000e+000 -1.317782e+000
      vertex   1.539000e+000 1.500000e+000 -1.709233e+000
    endloop
  endfacet
  facet normal -6.322114e-001 -4.294200e-001 6.449086e-001
    outer loop
      vertex   1.654482e+000 1.500000e+000 -1.597714e+000
      vertex   1.293805e+000 2.600000e+000 -1.218842e+000
      vertex   1.192877e+000 2.600000e+000 -1.317782e+000
    endloop
  endfacet
  facet normal -6.714905e-001 -4.284201e-001 6.046128e-001
    outer loop
      vertex   1.654482e+000 1.500000e+000 -1.597714e+000
      vertex   1.761902e+000 1.500000e+000 -1.478412e+000
      vertex   1.293805e+000 2.600000e+000 -1.218842e+000
    endloop
  endfacet
  facet normal -6.813299e-001 -4.297573e-001 5.925354e-001
    outer loop
      vertex   1.293805e+000 2.600000e+000 -1.218842e+000
      vertex   1.761902e+000 1.500000e+000 -1.478412e+000
      vertex   1.386552e+000 2.600000e+000 -1.112196e+000
    endloop
  endfacet
  facet normal -7.121070e-001 -4.282153e-001 5.563590e-001
    outer loop
      vertex   1.386552e+000 2.600000e+000 -1.112196e+000
      vertex   1.761902e+000 1.500000e+000 -1.478412e+000
      vertex   1.860739e+000 1.500000e+000 -1.351906e+000
    endloop
  endfacet
  facet normal -7.492182e-001 -4.281231e-001 5.053541e-001
    outer loop
      vertex   1.470533e+000 2.600000e+000 -9.985185e-001
      vertex   1.860739e+000 1.500000e+000 -1.351906e+000
      vertex   1.950511e+000 1.500000e+000 -1.218814e+000
    endloop
  endfacet
  facet normal -7.826364e-001 -4.281436e-001 4.518554e-001
    outer loop
      vertex   1.545217e+000 2.600000e+000 -8.785279e-001
      vertex   1.950511e+000 1.500000e+000 -1.218814e+000
      vertex   2.030779e+000 1.500000e+000 -1.079785e+000
    endloop
  endfacet
  facet normal -8.121931e-001 -4.282768e-001 3.961330e-001
    outer loop
      vertex   1.610131e+000 2.600000e+000 -7.529830e-001
      vertex   2.030779e+000 1.500000e+000 -1.079785e+000
      vertex   2.101155e+000 1.500000e+000 -9.354943e-001
    endloop
  endfacet
  facet normal -8.377394e-001 -4.285225e-001 3.384687e-001
    outer loop
      vertex   1.664866e+000 2.600000e+000 -6.226775e-001
      vertex   2.101155e+000 1.500000e+000 -9.354943e-001
      vertex   2.161293e+000 1.500000e+000 -7.866463e-001
    endloop
  endfacet
  facet normal -8.591475e-001 -4.288807e-001 2.791539e-001
    outer loop
      vertex   1.709075e+000 2.600000e+000 -4.884353e-001
      vertex   2.161293e+000 1.500000e+000 -7.866463e-001
      vertex   2.210902e+000 1.500000e+000 -6.339659e-001
    endloop
  endfacet
  facet normal -8.765613e-001 -4.288072e-001 2.185513e-001
    outer loop
      vertex   2.249739e+000 1.500000e+000 -4.781969e-001
      vertex   1.709075e+000 2.600000e+000 -4.884353e-001
      vertex   2.210902e+000 1.500000e+000 -6.339659e-001
    endloop
  endfacet
  facet normal -8.775549e-001 -4.293431e-001 2.134525e-001
    outer loop
      vertex   2.249739e+000 1.500000e+000 -4.781969e-001
      vertex   1.742479e+000 2.600000e+000 -3.511049e-001
      vertex   1.709075e+000 2.600000e+000 -4.884353e-001
    endloop
  endfacet
  facet normal -8.898292e-001 -4.284695e-001 1.569009e-001
    outer loop
      vertex   2.249739e+000 1.500000e+000 -4.781969e-001
      vertex   2.277617e+000 1.500000e+000 -3.200981e-001
      vertex   1.742479e+000 2.600000e+000 -3.511049e-001
    endloop
  endfacet
  facet normal -8.915688e-001 -4.297068e-001 1.430284e-001
    outer loop
      vertex   1.742479e+000 2.600000e+000 -3.511049e-001
      vertex   2.277617e+000 1.500000e+000 -3.200981e-001
      vertex   1.764866e+000 2.600000e+000 -2.115548e-001
    endloop
  endfacet
  facet normal -8.987127e-001 -4.282442e-001 9.445851e-002
    outer loop
      vertex   1.764866e+000 2.600000e+000 -2.115548e-001
      vertex   2.277617e+000 1.500000e+000 -3.200981e-001
      vertex   2.294397e+000 1.500000e+000 -1.604399e-001
    endloop
  endfacet
  facet normal -9.031659e-001 -4.281315e-001 3.153925e-002
    outer loop
      vertex   1.776095e+000 2.600000e+000 -7.066721e-002
      vertex   2.294397e+000 1.500000e+000 -1.604399e-001
      vertex   2.300000e+000 1.500000e+000 2.816688e-016
    endloop
  endfacet
  facet normal -9.031659e-001 -4.281315e-001 -3.153925e-002
    outer loop
      vertex   1.776095e+000 2.600000e+000 7.066721e-002
      vertex   2.300000e+000 1.500000e+000 2.816688e-016
      vertex   2.294397e+000 1.500000e+000 1.604399e-001
    endloop
  endfacet
  facet normal -8.987127e-001 -4.282442e-001 -9.445851e-002
    outer loop
      vertex   1.764866e+000 2.600000e+000 2.115548e-001
      vertex   2.294397e+000 1.500000e+000 1.604399e-001
      vertex   2.277617e+000 1.500000e+000 3.200981e-001
    endloop
  endfacet
  facet normal -8.898292e-001 -4.284695e-001 -1.569009e-001
    outer loop
      vertex   1.742479e+000 2.600000e+000 3.511049e-001
      vertex   2.277617e+000 1.500000e+000 3.200981e-001
      vertex   2.249739e+000 1.500000e+000 4.781969e-001
    endloop
  endfacet
  facet normal -8.765613e-001 -4.288072e-001 -2.185513e-001
    outer loop
      vertex   1.709075e+000 2.600000e+000 4.884353e-001
      vertex   2.249739e+000 1.500000e+000 4.781969e-001
      vertex   2.210902e+000 1.500000e+000 6.339659e-001
    endloop
  endfacet
  facet normal -8.591475e-001 -4.288807e-001 -2.791539e-001
    outer loop
      vertex   2.161293e+000 1.500000e+000 7.866463e-001
      vertex   1.709075e+000 2.600000e+000 4.884353e-001
      vertex   2.210902e+000 1.500000e+000 6.339659e-001
    endloop
  endfacet
  facet normal -8.578589e-001 -4.292613e-001 -2.825118e-001
    outer loop
      vertex   2.161293e+000 1.500000e+000 7.866463e-001
      vertex   1.664866e+000 2.600000e+000 6.226775e-001
      vertex   1.709075e+000 2.600000e+000 4.884353e-001
    endloop
  endfacet
  facet normal -8.377394e-001 -4.285225e-001 -3.384687e-001
    outer loop
      vertex   2.161293e+000 1.500000e+000 7.866463e-001
      vertex   2.101155e+000 1.500000e+000 9.354943e-001
      vertex   1.664866e+000 2.600000e+000 6.226775e-001
    endloop
  endfacet
  facet normal -8.325304e-001 -4.296515e-001 -3.497039e-001
    outer loop
      vertex   1.664866e+000 2.600000e+000 6.226775e-001
      vertex   2.101155e+000 1.500000e+000 9.354943e-001
      vertex   1.610131e+000 2.600000e+000 7.529830e-001
    endloop
  endfacet
  facet normal -8.121931e-001 -4.282768e-001 -3.961330e-001
    outer loop
      vertex   1.610131e+000 2.600000e+000 7.529830e-001
      vertex   2.101155e+000 1.500000e+000 9.354943e-001
      vertex   2.030779e+000 1.500000e+000 1.079785e+000
    endloop
  endfacet
  facet normal -7.826364e-001 -4.281436e-001 -4.518554e-001
    outer loop
      vertex   1.545217e+000 2.600000e+000 8.785279e-001
      vertex   2.030779e+000 1.500000e+000 1.079785e+000
      vertex   1.950511e+000 1.500000e+000 1.218814e+000
    endloop
  endfacet
  facet normal -7.492182e-001 -4.281231e-001 -5.053541e-001
    outer loop
      vertex   1.470533e+000 2.600000e+000 9.985185e-001
      vertex   1.950511e+000 1.500000e+000 1.218814e+000
      vertex   1.860739e+000 1.500000e+000 1.351906e+000
    endloop
  endfacet
  facet normal -7.121070e-001 -4.282153e-001 -5.563590e-001
    outer loop
      vertex   1.386552e+000 2.600000e+000 1.112196e+000
      vertex   1.860739e+000 1.500000e+000 1.351906e+000
      vertex   1.761902e+000 1.500000e+000 1.478412e+000
    endloop
  endfacet
  facet normal -6.714905e-001 -4.284201e-001 -6.046128e-001
    outer loop
      vertex   1.293805e+000 2.600000e+000 1.218842e+000
      vertex   1.761902e+000 1.500000e+000 1.478412e+000
      vertex   1.654482e+000 1.500000e+000 1.597714e+000
    endloop
  endfacet
  facet normal -6.275746e-001 -4.287375e-001 -6.498725e-001
    outer loop
      vertex   1.192877e+000 2.600000e+000 1.317782e+000
      vertex   1.654482e+000 1.500000e+000 1.597714e+000
      vertex   1.539000e+000 1.500000e+000 1.709233e+000
    endloop
  endfacet
  facet normal -5.806458e-001 -4.289579e-001 -6.919867e-001
    outer loop
      vertex   1.416021e+000 1.500000e+000 1.812425e+000
      vertex   1.192877e+000 2.600000e+000 1.317782e+000
      vertex   1.539000e+000 1.500000e+000 1.709233e+000
    endloop
  endfacet
  facet normal -5.790496e-001 -4.291747e-001 -6.931888e-001
    outer loop
      vertex   1.416021e+000 1.500000e+000 1.812425e+000
      vertex   1.084409e+000 2.600000e+000 1.408391e+000
      vertex   1.192877e+000 2.600000e+000 1.317782e+000
    endloop
  endfacet
  facet normal -5.310664e-001 -4.285793e-001 -7.309502e-001
    outer loop
      vertex   1.416021e+000 1.500000e+000 1.812425e+000
      vertex   1.286144e+000 1.500000e+000 1.906786e+000
      vertex   1.084409e+000 2.600000e+000 1.408391e+000
    endloop
  endfacet
  facet normal -5.220306e-001 -4.295914e-001 -7.368414e-001
    outer loop
      vertex   1.084409e+000 2.600000e+000 1.408391e+000
      vertex   1.286144e+000 1.500000e+000 1.906786e+000
      vertex   9.690837e-001 2.600000e+000 1.490095e+000
    endloop
  endfacet
  facet normal -4.788512e-001 -4.283131e-001 -7.663220e-001
    outer loop
      vertex   9.690837e-001 2.600000e+000 1.490095e+000
      vertex   1.286144e+000 1.500000e+000 1.906786e+000
      vertex   1.150000e+000 1.500000e+000 1.991858e+000
    endloop
  endfacet
  facet normal -4.242630e-001 -4.281594e-001 -7.979226e-001
    outer loop
      vertex   8.476320e-001 2.600000e+000 1.562378e+000
      vertex   1.150000e+000 1.500000e+000 1.991858e+000
      vertex   1.008254e+000 1.500000e+000 2.067226e+000
    endloop
  endfacet
  facet normal -3.675771e-001 -4.281184e-001 -8.255917e-001
    outer loop
      vertex   7.208213e-001 2.600000e+000 1.624784e+000
      vertex   1.008254e+000 1.500000e+000 2.067226e+000
      vertex   8.615952e-001 1.500000e+000 2.132523e+000
    endloop
  endfacet
  facet normal -3.090797e-001 -4.281902e-001 -8.491896e-001
    outer loop
      vertex   5.894533e-001 2.600000e+000 1.676917e+000
      vertex   8.615952e-001 1.500000e+000 2.132523e+000
      vertex   7.107391e-001 1.500000e+000 2.187430e+000
    endloop
  endfacet
  facet normal -2.490663e-001 -4.283745e-001 -8.685973e-001
    outer loop
      vertex   4.543586e-001 2.600000e+000 1.718448e+000
      vertex   7.107391e-001 1.500000e+000 2.187430e+000
      vertex   5.564204e-001 1.500000e+000 2.231680e+000
    endloop
  endfacet
  facet normal -1.878400e-001 -4.286714e-001 -8.837177e-001
    outer loop
      vertex   3.163913e-001 2.600000e+000 1.749115e+000
      vertex   5.564204e-001 1.500000e+000 2.231680e+000
      vertex   3.993908e-001 1.500000e+000 2.265058e+000
    endloop
  endfacet
  facet normal -1.257131e-001 -4.290388e-001 -8.944953e-001
    outer loop
      vertex   2.404155e-001 1.500000e+000 2.287400e+000
      vertex   3.163913e-001 2.600000e+000 1.749115e+000
      vertex   3.993908e-001 1.500000e+000 2.265058e+000
    endloop
  endfacet
  facet normal -1.253149e-001 -4.290832e-001 -8.945299e-001
    outer loop
      vertex   2.404155e-001 1.500000e+000 2.287400e+000
      vertex   1.764236e-001 2.600000e+000 1.768723e+000
      vertex   3.163913e-001 2.600000e+000 1.749115e+000
    endloop
  endfacet
  facet normal -6.302326e-002 -4.286398e-001 -9.012747e-001
    outer loop
      vertex   2.404155e-001 1.500000e+000 2.287400e+000
      vertex   8.026884e-002 1.500000e+000 2.298599e+000
      vertex   1.764236e-001 2.600000e+000 1.768723e+000
    endloop
  endfacet
  facet normal -5.383569e-002 -4.295265e-001 -9.014481e-001
    outer loop
      vertex   1.764236e-001 2.600000e+000 1.768723e+000
      vertex   8.026884e-002 1.500000e+000 2.298599e+000
      vertex   3.534059e-002 2.600000e+000 1.777149e+000
    endloop
  endfacet
  facet normal 8.294557e-015 -4.283531e-001 -9.036114e-001
    outer loop
      vertex   3.534059e-002 2.600000e+000 1.777149e+000
      vertex   8.026884e-002 1.500000e+000 2.298599e+000
      vertex   -8.026884e-002 1.500000e+000 2.298599e+000
    endloop
  endfacet
  facet normal 6.303850e-002 -4.281790e-001 -9.014926e-001
    outer loop
      vertex   -1.059659e-001 2.600000e+000 1.774339e+000
      vertex   -8.026884e-002 1.500000e+000 2.298599e+000
      vertex   -2.404155e-001 1.500000e+000 2.287400e+000
    endloop
  endfacet
  facet normal 1.257739e-001 -4.281175e-001 -8.949281e-001
    outer loop
      vertex   -2.466024e-001 2.600000e+000 1.760311e+000
      vertex   -2.404155e-001 1.500000e+000 2.287400e+000
      vertex   -3.993908e-001 1.500000e+000 2.265058e+000
    endloop
  endfacet
  facet normal 1.878895e-001 -4.281687e-001 -8.839508e-001
    outer loop
      vertex   -3.856798e-001 2.600000e+000 1.735153e+000
      vertex   -3.993908e-001 1.500000e+000 2.265058e+000
      vertex   -5.564204e-001 1.500000e+000 2.231680e+000
    endloop
  endfacet
  facet normal 2.490717e-001 -4.283326e-001 -8.686164e-001
    outer loop
      vertex   -5.223189e-001 2.600000e+000 1.699026e+000
      vertex   -5.564204e-001 1.500000e+000 2.231680e+000
      vertex   -7.107391e-001 1.500000e+000 2.187430e+000
    endloop
  endfacet
  facet normal 3.090118e-001 -4.286091e-001 -8.490029e-001
    outer loop
      vertex   -6.556556e-001 2.600000e+000 1.652157e+000
      vertex   -7.107391e-001 1.500000e+000 2.187430e+000
      vertex   -8.615952e-001 1.500000e+000 2.132523e+000
    endloop
  endfacet
  facet normal 3.674074e-001 -4.289979e-001 -8.252106e-001
    outer loop
      vertex   -7.848471e-001 2.600000e+000 1.594842e+000
      vertex   -8.615952e-001 1.500000e+000 2.132523e+000
      vertex   -1.008254e+000 1.500000e+000 2.067226e+000
    endloop
  endfacet
  facet normal 4.241417e-001 -4.287040e-001 -7.976946e-001
    outer loop
      vertex   -1.150000e+000 1.500000e+000 1.991858e+000
      vertex   -7.848471e-001 2.600000e+000 1.594842e+000
      vertex   -1.008254e+000 1.500000e+000 2.067226e+000
    endloop
  endfacet
  facet normal 4.306531e-001 -4.294567e-001 -7.937915e-001
    outer loop
      vertex   -1.150000e+000 1.500000e+000 1.991858e+000
      vertex   -9.090766e-001 2.600000e+000 1.527444e+000
      vertex   -7.848471e-001 2.600000e+000 1.594842e+000
    endloop
  endfacet
  facet normal 4.788301e-001 -4.283969e-001 -7.662884e-001
    outer loop
      vertex   -1.150000e+000 1.500000e+000 1.991858e+000
      vertex   -1.286144e+000 1.500000e+000 1.906786e+000
      vertex   -9.090766e-001 2.600000e+000 1.527444e+000
    endloop
  endfacet
  facet normal 4.922745e-001 -4.297807e-001 -7.569375e-001
    outer loop
      vertex   -9.090766e-001 2.600000e+000 1.527444e+000
      vertex   -1.286144e+000 1.500000e+000 1.906786e+000
      vertex   -1.027559e+000 2.600000e+000 1.450390e+000
    endloop
  endfacet
  facet normal 5.311715e-001 -4.282023e-001 -7.310948e-001
    outer loop
      vertex   -1.027559e+000 2.600000e+000 1.450390e+000
      vertex   -1.286144e+000 1.500000e+000 1.906786e+000
      vertex   -1.416021e+000 1.500000e+000 1.812425e+000
    endloop
  endfacet
  facet normal 5.809011e-001 -4.281203e-001 -6.922910e-001
    outer loop
      vertex   -1.139544e+000 2.600000e+000 1.364165e+000
      vertex   -1.416021e+000 1.500000e+000 1.812425e+000
      vertex   -1.539000e+000 1.500000e+000 1.709233e+000
    endloop
  endfacet
  facet normal 6.277678e-001 -4.281510e-001 -6.500726e-001
    outer loop
      vertex   -1.244325e+000 2.600000e+000 1.269316e+000
      vertex   -1.539000e+000 1.500000e+000 1.709233e+000
      vertex   -1.654482e+000 1.500000e+000 1.597714e+000
    endloop
  endfacet
  facet normal 6.715348e-001 -4.282944e-001 -6.046527e-001
    outer loop
      vertex   -1.341239e+000 2.600000e+000 1.166441e+000
      vertex   -1.654482e+000 1.500000e+000 1.597714e+000
      vertex   -1.761902e+000 1.500000e+000 1.478412e+000
    endloop
  endfacet
  facet normal 7.119818e-001 -4.285504e-001 -5.562611e-001
    outer loop
      vertex   -1.429673e+000 2.600000e+000 1.056192e+000
      vertex   -1.761902e+000 1.500000e+000 1.478412e+000
      vertex   -1.860739e+000 1.500000e+000 1.351906e+000
    endloop
  endfacet
  facet normal 7.472215e-001 -4.292186e-001 -5.073770e-001
    outer loop
      vertex   -1.509068e+000 2.600000e+000 9.392658e-001
      vertex   -1.429673e+000 2.600000e+000 1.056192e+000
      vertex   -1.860739e+000 1.500000e+000 1.351906e+000
    endloop
  endfacet
  facet normal 8.680758e-001 -4.299971e-001 2.480867e-001
    outer loop
      vertex   -1.727142e+000 2.600000e+000 -4.201022e-001
      vertex   -2.210902e+000 1.500000e+000 -6.339659e-001
      vertex   -1.688305e+000 2.600000e+000 -5.559960e-001
    endloop
  endfacet
  facet normal 8.456476e-001 -4.299376e-001 3.162812e-001
    outer loop
      vertex   -1.688305e+000 2.600000e+000 -5.559960e-001
      vertex   -2.161293e+000 1.500000e+000 -7.866463e-001
      vertex   -1.638794e+000 2.600000e+000 -6.883745e-001
    endloop
  endfacet
  facet normal 8.179342e-001 -4.297326e-001 3.825095e-001
    outer loop
      vertex   -1.638794e+000 2.600000e+000 -6.883745e-001
      vertex   -2.101155e+000 1.500000e+000 -9.354943e-001
      vertex   -1.578922e+000 2.600000e+000 -8.164009e-001
    endloop
  endfacet
  facet normal 7.851030e-001 -4.293822e-001 4.463678e-001
    outer loop
      vertex   -1.578922e+000 2.600000e+000 -8.164009e-001
      vertex   -2.030779e+000 1.500000e+000 -1.079785e+000
      vertex   -1.509068e+000 2.600000e+000 -9.392658e-001
    endloop
  endfacet
  facet normal 6.571917e-001 -4.298799e-001 6.191142e-001
    outer loop
      vertex   -1.341239e+000 2.600000e+000 -1.166441e+000
      vertex   -1.654482e+000 1.500000e+000 -1.597714e+000
      vertex   -1.244325e+000 2.600000e+000 -1.269316e+000
    endloop
  endfacet
  facet normal 6.058895e-001 -4.299922e-001 6.693314e-001
    outer loop
      vertex   -1.244325e+000 2.600000e+000 -1.269316e+000
      vertex   -1.539000e+000 1.500000e+000 -1.709233e+000
      vertex   -1.139544e+000 2.600000e+000 -1.364165e+000
    endloop
  endfacet
  facet normal 5.508053e-001 -4.299592e-001 7.153660e-001
    outer loop
      vertex   -1.139544e+000 2.600000e+000 -1.364165e+000
      vertex   -1.416021e+000 1.500000e+000 -1.812425e+000
      vertex   -1.027559e+000 2.600000e+000 -1.450390e+000
    endloop
  endfacet
  facet normal 4.922745e-001 -4.297807e-001 7.569375e-001
    outer loop
      vertex   -1.027559e+000 2.600000e+000 -1.450390e+000
      vertex   -1.286144e+000 1.500000e+000 -1.906786e+000
      vertex   -9.090766e-001 2.600000e+000 -1.527444e+000
    endloop
  endfacet
  facet normal 4.306531e-001 -4.294567e-001 7.937915e-001
    outer loop
      vertex   -9.090766e-001 2.600000e+000 -1.527444e+000
      vertex   -1.150000e+000 1.500000e+000 -1.991858e+000
      vertex   -7.848471e-001 2.600000e+000 -1.594842e+000
    endloop
  endfacet
  facet normal 2.307971e-001 -4.298438e-001 8.729072e-001
    outer loop
      vertex   -5.223189e-001 2.600000e+000 -1.699026e+000
      vertex   -5.564204e-001 1.500000e+000 -2.231680e+000
      vertex   -3.856798e-001 2.600000e+000 -1.735153e+000
    endloop
  endfacet
  facet normal 1.607031e-001 -4.299826e-001 8.884196e-001
    outer loop
      vertex   -3.856798e-001 2.600000e+000 -1.735153e+000
      vertex   -3.993908e-001 1.500000e+000 -2.265058e+000
      vertex   -2.466024e-001 2.600000e+000 -1.760311e+000
    endloop
  endfacet
  facet normal 8.961033e-002 -4.299760e-001 8.983822e-001
    outer loop
      vertex   -2.466024e-001 2.600000e+000 -1.760311e+000
      vertex   -2.404155e-001 1.500000e+000 -2.287400e+000
      vertex   -1.059659e-001 2.600000e+000 -1.774339e+000
    endloop
  endfacet
  facet normal 1.795188e-002 -4.298240e-001 9.027342e-001
    outer loop
      vertex   -1.059659e-001 2.600000e+000 -1.774339e+000
      vertex   -8.026884e-002 1.500000e+000 -2.298599e+000
      vertex   3.534059e-002 2.600000e+000 -1.777149e+000
    endloop
  endfacet
  facet normal -5.383569e-002 -4.295265e-001 9.014481e-001
    outer loop
      vertex   3.534059e-002 2.600000e+000 -1.777149e+000
      vertex   8.026884e-002 1.500000e+000 -2.298599e+000
      vertex   1.764236e-001 2.600000e+000 -1.768723e+000
    endloop
  endfacet
  facet normal -1.253149e-001 -4.290832e-001 8.945299e-001
    outer loop
      vertex   1.764236e-001 2.600000e+000 -1.768723e+000
      vertex   2.404155e-001 1.500000e+000 -2.287400e+000
      vertex   3.163913e-001 2.600000e+000 -1.749115e+000
    endloop
  endfacet
  facet normal -3.330266e-001 -4.299682e-001 8.391785e-001
    outer loop
      vertex   5.894533e-001 2.600000e+000 -1.676917e+000
      vertex   8.615952e-001 1.500000e+000 -2.132523e+000
      vertex   7.208213e-001 2.600000e+000 -1.624784e+000
    endloop
  endfacet
  facet normal -3.986425e-001 -4.299880e-001 8.100583e-001
    outer loop
      vertex   7.208213e-001 2.600000e+000 -1.624784e+000
      vertex   1.008254e+000 1.500000e+000 -2.067226e+000
      vertex   8.476320e-001 2.600000e+000 -1.562378e+000
    endloop
  endfacet
  facet normal -4.617722e-001 -4.298625e-001 7.758767e-001
    outer loop
      vertex   8.476320e-001 2.600000e+000 -1.562378e+000
      vertex   1.150000e+000 1.500000e+000 -1.991858e+000
      vertex   9.690837e-001 2.600000e+000 -1.490095e+000
    endloop
  endfacet
  facet normal -5.220306e-001 -4.295914e-001 7.368414e-001
    outer loop
      vertex   9.690837e-001 2.600000e+000 -1.490095e+000
      vertex   1.286144e+000 1.500000e+000 -1.906786e+000
      vertex   1.084409e+000 2.600000e+000 -1.408391e+000
    endloop
  endfacet
  facet normal -5.790496e-001 -4.291747e-001 6.931888e-001
    outer loop
      vertex   1.084409e+000 2.600000e+000 -1.408391e+000
      vertex   1.416021e+000 1.500000e+000 -1.812425e+000
      vertex   1.192877e+000 2.600000e+000 -1.317782e+000
    endloop
  endfacet
  facet normal -7.261798e-001 -4.299490e-001 5.364763e-001
    outer loop
      vertex   1.386552e+000 2.600000e+000 -1.112196e+000
      vertex   1.860739e+000 1.500000e+000 -1.351906e+000
      vertex   1.470533e+000 2.600000e+000 -9.985185e-001
    endloop
  endfacet
  facet normal -7.664886e-001 -4.299953e-001 4.770737e-001
    outer loop
      vertex   1.470533e+000 2.600000e+000 -9.985185e-001
      vertex   1.950511e+000 1.500000e+000 -1.218814e+000
      vertex   1.545217e+000 2.600000e+000 -8.785279e-001
    endloop
  endfacet
  facet normal -8.020111e-001 -4.298961e-001 4.146896e-001
    outer loop
      vertex   1.545217e+000 2.600000e+000 -8.785279e-001
      vertex   2.030779e+000 1.500000e+000 -1.079785e+000
      vertex   1.610131e+000 2.600000e+000 -7.529830e-001
    endloop
  endfacet
  facet normal -8.325304e-001 -4.296515e-001 3.497039e-001
    outer loop
      vertex   1.610131e+000 2.600000e+000 -7.529830e-001
      vertex   2.101155e+000 1.500000e+000 -9.354943e-001
      vertex   1.664866e+000 2.600000e+000 -6.226775e-001
    endloop
  endfacet
  facet normal -8.578589e-001 -4.292613e-001 2.825118e-001
    outer loop
      vertex   1.664866e+000 2.600000e+000 -6.226775e-001
      vertex   2.161293e+000 1.500000e+000 -7.866463e-001
      vertex   1.709075e+000 2.600000e+000 -4.884353e-001
    endloop
  endfacet
  facet normal -9.000105e-001 -4.299250e-001 7.173275e-002
    outer loop
      vertex   1.764866e+000 2.600000e+000 -2.115548e-001
      vertex   2.294397e+000 1.500000e+000 -1.604399e-001
      vertex   1.776095e+000 2.600000e+000 -7.066721e-002
    endloop
  endfacet
  facet normal -9.028300e-001 -4.299977e-001 0.000000e+000
    outer loop
      vertex   1.776095e+000 2.600000e+000 -7.066721e-002
      vertex   2.300000e+000 1.500000e+000 2.816688e-016
      vertex   1.776095e+000 2.600000e+000 7.066721e-002
    endloop
  endfacet
  facet normal -9.000105e-001 -4.299250e-001 -7.173275e-002
    outer loop
      vertex   1.776095e+000 2.600000e+000 7.066721e-002
      vertex   2.294397e+000 1.500000e+000 1.604399e-001
      vertex   1.764866e+000 2.600000e+000 2.115548e-001
    endloop
  endfacet
  facet normal -8.915688e-001 -4.297068e-001 -1.430284e-001
    outer loop
      vertex   1.764866e+000 2.600000e+000 2.115548e-001
      vertex   2.277617e+000 1.500000e+000 3.200981e-001
      vertex   1.742479e+000 2.600000e+000 3.511049e-001
    endloop
  endfacet
  facet normal -8.775549e-001 -4.293431e-001 -2.134525e-001
    outer loop
      vertex   1.742479e+000 2.600000e+000 3.511049e-001
      vertex   2.249739e+000 1.500000e+000 4.781969e-001
      vertex   1.709075e+000 2.600000e+000 4.884353e-001
    endloop
  endfacet
  facet normal -8.020111e-001 -4.298961e-001 -4.146896e-001
    outer loop
      vertex   1.610131e+000 2.600000e+000 7.529830e-001
      vertex   2.030779e+000 1.500000e+000 1.079785e+000
      vertex   1.545217e+000 2.600000e+000 8.785279e-001
    endloop
  endfacet
  facet normal -7.664886e-001 -4.299953e-001 -4.770737e-001
    outer loop
      vertex   1.545217e+000 2.600000e+000 8.785279e-001
      vertex   1.950511e+000 1.500000e+000 1.218814e+000
      vertex   1.470533e+000 2.600000e+000 9.985185e-001
    endloop
  endfacet
  facet normal -7.261798e-001 -4.299490e-001 -5.364763e-001
    outer loop
      vertex   1.470533e+000 2.600000e+000 9.985185e-001
      vertex   1.860739e+000 1.500000e+000 1.351906e+000
      vertex   1.386552e+000 2.600000e+000 1.112196e+000
    endloop
  endfacet
  facet normal -6.813299e-001 -4.297573e-001 -5.925354e-001
    outer loop
      vertex   1.386552e+000 2.600000e+000 1.112196e+000
      vertex   1.761902e+000 1.500000e+000 1.478412e+000
      vertex   1.293805e+000 2.600000e+000 1.218842e+000
    endloop
  endfacet
  facet normal -6.322114e-001 -4.294200e-001 -6.449086e-001
    outer loop
      vertex   1.293805e+000 2.600000e+000 1.218842e+000
      vertex   1.654482e+000 1.500000e+000 1.597714e+000
      vertex   1.192877e+000 2.600000e+000 1.317782e+000
    endloop
  endfacet
  facet normal -4.617722e-001 -4.298625e-001 -7.758767e-001
    outer loop
      vertex   9.690837e-001 2.600000e+000 1.490095e+000
      vertex   1.150000e+000 1.500000e+000 1.991858e+000
      vertex   8.476320e-001 2.600000e+000 1.562378e+000
    endloop
  endfacet
  facet normal -3.986425e-001 -4.299880e-001 -8.100583e-001
    outer loop
      vertex   8.476320e-001 2.600000e+000 1.562378e+000
      vertex   1.008254e+000 1.500000e+000 2.067226e+000
      vertex   7.208213e-001 2.600000e+000 1.624784e+000
    endloop
  endfacet
  facet normal -3.330266e-001 -4.299682e-001 -8.391785e-001
    outer loop
      vertex   7.208213e-001 2.600000e+000 1.624784e+000
      vertex   8.615952e-001 1.500000e+000 2.132523e+000
      vertex   5.894533e-001 2.600000e+000 1.676917e+000
    endloop
  endfacet
  facet normal -2.653241e-001 -4.298030e-001 -8.630600e-001
    outer loop
      vertex   5.894533e-001 2.600000e+000 1.676917e+000
      vertex   7.107391e-001 1.500000e+000 2.187430e+000
      vertex   4.543586e-001 2.600000e+000 1.718448e+000
    endloop
  endfacet
  facet normal -1.959472e-001 -4.294922e-001 -8.815561e-001
    outer loop
      vertex   4.543586e-001 2.600000e+000 1.718448e+000
      vertex   5.564204e-001 1.500000e+000 2.231680e+000
      vertex   3.163913e-001 2.600000e+000 1.749115e+000
    endloop
  endfacet
  facet normal 1.795188e-002 -4.298240e-001 -9.027342e-001
    outer loop
      vertex   3.534059e-002 2.600000e+000 1.777149e+000
      vertex   -8.026884e-002 1.500000e+000 2.298599e+000
      vertex   -1.059659e-001 2.600000e+000 1.774339e+000
    endloop
  endfacet
  facet normal 8.961033e-002 -4.299760e-001 -8.983822e-001
    outer loop
      vertex   -1.059659e-001 2.600000e+000 1.774339e+000
      vertex   -2.404155e-001 1.500000e+000 2.287400e+000
      vertex   -2.466024e-001 2.600000e+000 1.760311e+000
    endloop
  endfacet
  facet normal 1.607031e-001 -4.299826e-001 -8.884196e-001
    outer loop
      vertex   -2.466024e-001 2.600000e+000 1.760311e+000
      vertex   -3.993908e-001 1.500000e+000 2.265058e+000
      vertex   -3.856798e-001 2.600000e+000 1.735153e+000
    endloop
  endfacet
  facet normal 2.307971e-001 -4.298438e-001 -8.729072e-001
    outer loop
      vertex   -3.856798e-001 2.600000e+000 1.735153e+000
      vertex   -5.564204e-001 1.500000e+000 2.231680e+000
      vertex   -5.223189e-001 2.600000e+000 1.699026e+000
    endloop
  endfacet
  facet normal 2.994650e-001 -4.295595e-001 -8.519386e-001
    outer loop
      vertex   -5.223189e-001 2.600000e+000 1.699026e+000
      vertex   -7.107391e-001 1.500000e+000 2.187430e+000
      vertex   -6.556556e-001 2.600000e+000 1.652157e+000
    endloop
  endfacet
  facet normal 3.662879e-001 -4.291296e-001 -8.256398e-001
    outer loop
      vertex   -6.556556e-001 2.600000e+000 1.652157e+000
      vertex   -8.615952e-001 1.500000e+000 2.132523e+000
      vertex   -7.848471e-001 2.600000e+000 1.594842e+000
    endloop
  endfacet
  facet normal 5.508053e-001 -4.299592e-001 -7.153660e-001
    outer loop
      vertex   -1.027559e+000 2.600000e+000 1.450390e+000
      vertex   -1.416021e+000 1.500000e+000 1.812425e+000
      vertex   -1.139544e+000 2.600000e+000 1.364165e+000
    endloop
  endfacet
  facet normal 6.058895e-001 -4.299922e-001 -6.693314e-001
    outer loop
      vertex   -1.139544e+000 2.600000e+000 1.364165e+000
      vertex   -1.539000e+000 1.500000e+000 1.709233e+000
      vertex   -1.244325e+000 2.600000e+000 1.269316e+000
    endloop
  endfacet
  facet normal 6.571917e-001 -4.298799e-001 -6.191142e-001
    outer loop
      vertex   -1.244325e+000 2.600000e+000 1.269316e+000
      vertex   -1.654482e+000 1.500000e+000 1.597714e+000
      vertex   -1.341239e+000 2.600000e+000 1.166441e+000
    endloop
  endfacet
  facet normal 7.043986e-001 -4.296220e-001 -5.650199e-001
    outer loop
      vertex   -1.341239e+000 2.600000e+000 1.166441e+000
      vertex   -1.761902e+000 1.500000e+000 1.478412e+000
      vertex   -1.429673e+000 2.600000e+000 1.056192e+000
    endloop
  endfacet
  facet normal 8.121217e-001 -4.284443e-001 -3.960982e-001
    outer loop
      vertex   -2.030779e+000 1.500000e+000 1.079785e+000
      vertex   -2.101155e+000 1.500000e+000 9.354943e-001
      vertex   -1.578922e+000 2.600000e+000 8.164009e-001
    endloop
  endfacet
  facet normal 8.378683e-001 -4.282293e-001 -3.385208e-001
    outer loop
      vertex   -2.101155e+000 1.500000e+000 9.354943e-001
      vertex   -2.161293e+000 1.500000e+000 7.866463e-001
      vertex   -1.638794e+000 2.600000e+000 6.883745e-001
    endloop
  endfacet
  facet normal 8.594875e-001 -4.281268e-001 -2.792644e-001
    outer loop
      vertex   -2.161293e+000 1.500000e+000 7.866463e-001
      vertex   -2.210902e+000 1.500000e+000 6.339659e-001
      vertex   -1.688305e+000 2.600000e+000 5.559960e-001
    endloop
  endfacet
  facet normal 8.768696e-001 -4.281371e-001 -2.186282e-001
    outer loop
      vertex   -2.210902e+000 1.500000e+000 6.339659e-001
      vertex   -2.249739e+000 1.500000e+000 4.781969e-001
      vertex   -1.727142e+000 2.600000e+000 4.201022e-001
    endloop
  endfacet
  facet normal 9.024466e-001 -4.293028e-001 3.590652e-002
    outer loop
      vertex   -1.771881e+000 2.600000e+000 -1.412227e-001
      vertex   -1.777500e+000 2.600000e+000 0.000000e+000
      vertex   -2.294397e+000 1.500000e+000 -1.604399e-001
    endloop
  endfacet
  facet normal 9.028285e-001 -4.288435e-001 3.152746e-002
    outer loop
      vertex   -2.294397e+000 1.500000e+000 -1.604399e-001
      vertex   -1.777500e+000 2.600000e+000 0.000000e+000
      vertex   -2.300000e+000 1.500000e+000 0.000000e+000
    endloop
  endfacet
  facet normal -2.530621e-014 1.000000e+000 3.475366e-015
    outer loop
      vertex   -1.068079e+000 5.060000e+000 1.571371e+000
      vertex   -1.091181e+000 5.060000e+000 1.403150e+000
      vertex   -1.185232e+000 5.060000e+000 1.485000e+000
    endloop
  endfacet
  facet normal -2.585243e-014 1.000000e+000 3.550380e-015
    outer loop
      vertex   -1.068079e+000 5.060000e+000 1.571371e+000
      vertex   -9.768732e-001 5.060000e+000 1.485000e+000
      vertex   -1.091181e+000 5.060000e+000 1.403150e+000
    endloop
  endfacet
  facet normal -2.462107e-014 1.000000e+000 4.850663e-015
    outer loop
      vertex   -1.068079e+000 5.060000e+000 1.571371e+000
      vertex   -9.446574e-001 5.060000e+000 1.648521e+000
      vertex   -9.768732e-001 5.060000e+000 1.485000e+000
    endloop
  endfacet
  facet normal -2.303540e-014 1.000000e+000 4.538267e-015
    outer loop
      vertex   -9.768732e-001 5.060000e+000 1.485000e+000
      vertex   -9.446574e-001 5.060000e+000 1.648521e+000
      vertex   -8.156926e-001 5.060000e+000 1.715997e+000
    endloop
  endfacet
  facet normal -2.137080e-014 1.000000e+000 3.376773e-015
    outer loop
      vertex   -6.819409e-001 5.060000e+000 1.773403e+000
      vertex   -9.768732e-001 5.060000e+000 1.485000e+000
      vertex   -8.156926e-001 5.060000e+000 1.715997e+000
    endloop
  endfacet
  facet normal -2.002545e-014 1.000000e+000 2.000959e-015
    outer loop
      vertex   -6.819409e-001 5.060000e+000 1.773403e+000
      vertex   -5.441873e-001 5.060000e+000 1.820401e+000
      vertex   -9.768732e-001 5.060000e+000 1.485000e+000
    endloop
  endfacet
  facet normal -2.855754e-014 1.000000e+000 1.300782e-014
    outer loop
      vertex   -9.768732e-001 5.060000e+000 1.485000e+000
      vertex   -5.441873e-001 5.060000e+000 1.820401e+000
      vertex   -4.032402e-001 5.060000e+000 1.856717e+000
    endloop
  endfacet
  facet normal -1.801345e-014 1.000000e+000 -3.263798e-015
    outer loop
      vertex   -2.599267e-001 5.060000e+000 1.882137e+000
      vertex   -9.768732e-001 5.060000e+000 1.485000e+000
      vertex   -4.032402e-001 5.060000e+000 1.856717e+000
    endloop
  endfacet
  facet normal -1.808555e-014 1.000000e+000 -3.133632e-015
    outer loop
      vertex   -2.599267e-001 5.060000e+000 1.882137e+000
      vertex   -1.150879e-001 5.060000e+000 1.896511e+000
      vertex   -9.768732e-001 5.060000e+000 1.485000e+000
    endloop
  endfacet
  facet normal -2.465167e-014 1.000000e+000 1.061710e-014
    outer loop
      vertex   -9.768732e-001 5.060000e+000 1.485000e+000
      vertex   -1.150879e-001 5.060000e+000 1.896511e+000
      vertex   3.042633e-002 5.060000e+000 1.899756e+000
    endloop
  endfacet
  facet normal -1.813908e-014 1.000000e+000 3.578166e-015
    outer loop
      vertex   9.768732e-001 5.060000e+000 1.485000e+000
      vertex   3.042633e-002 5.060000e+000 1.899756e+000
      vertex   1.757620e-001 5.060000e+000 1.891853e+000
    endloop
  endfacet
  facet normal -1.794246e-014 1.000000e+000 3.965336e-015
    outer loop
      vertex   3.200662e-001 5.060000e+000 1.872847e+000
      vertex   9.768732e-001 5.060000e+000 1.485000e+000
      vertex   1.757620e-001 5.060000e+000 1.891853e+000
    endloop
  endfacet
  facet normal -2.752788e-014 1.000000e+000 -1.226727e-014
    outer loop
      vertex   3.200662e-001 5.060000e+000 1.872847e+000
      vertex   4.624921e-001 5.060000e+000 1.842851e+000
      vertex   9.768732e-001 5.060000e+000 1.485000e+000
    endloop
  endfacet
  facet normal -1.912812e-014 1.000000e+000 -1.933180e-016
    outer loop
      vertex   9.768732e-001 5.060000e+000 1.485000e+000
      vertex   4.624921e-001 5.060000e+000 1.842851e+000
      vertex   6.022040e-001 5.060000e+000 1.802041e+000
    endloop
  endfacet
  facet normal -2.005113e-014 1.000000e+000 -1.284104e-015
    outer loop
      vertex   7.383819e-001 5.060000e+000 1.750655e+000
      vertex   9.768732e-001 5.060000e+000 1.485000e+000
      vertex   6.022040e-001 5.060000e+000 1.802041e+000
    endloop
  endfacet
  facet normal -2.135948e-014 1.000000e+000 -2.458677e-015
    outer loop
      vertex   7.383819e-001 5.060000e+000 1.750655e+000
      vertex   8.702266e-001 5.060000e+000 1.688995e+000
      vertex   9.768732e-001 5.060000e+000 1.485000e+000
    endloop
  endfacet
  facet normal -2.285351e-014 1.000000e+000 -3.239741e-015
    outer loop
      vertex   9.768732e-001 5.060000e+000 1.485000e+000
      vertex   8.702266e-001 5.060000e+000 1.688995e+000
      vertex   9.969645e-001 5.060000e+000 1.617424e+000
    endloop
  endfacet
  facet normal -2.408831e-014 1.000000e+000 -3.052400e-015
    outer loop
      vertex   1.117852e+000 5.060000e+000 1.536362e+000
      vertex   9.768732e-001 5.060000e+000 1.485000e+000
      vertex   9.969645e-001 5.060000e+000 1.617424e+000
    endloop
  endfacet
  facet normal -2.456296e-014 1.000000e+000 -1.749559e-015
    outer loop
      vertex   1.117852e+000 5.060000e+000 1.536362e+000
      vertex   1.091181e+000 5.060000e+000 1.403150e+000
      vertex   9.768732e-001 5.060000e+000 1.485000e+000
    endloop
  endfacet
  facet normal -2.466809e-014 1.000000e+000 -1.728510e-015
    outer loop
      vertex   1.117852e+000 5.060000e+000 1.536362e+000
      vertex   1.232179e+000 5.060000e+000 1.446283e+000
      vertex   1.091181e+000 5.060000e+000 1.403150e+000
    endloop
  endfacet
  facet normal -2.508872e-014 1.000000e+000 -3.534855e-016
    outer loop
      vertex   1.091181e+000 5.060000e+000 1.403150e+000
      vertex   1.232179e+000 5.060000e+000 1.446283e+000
      vertex   1.198662e+000 5.060000e+000 1.312522e+000
    endloop
  endfacet
  facet normal -1.844418e-014 1.000000e+000 -2.018433e-015
    outer loop
      vertex   1.198662e+000 5.060000e+000 1.312522e+000
      vertex   1.232179e+000 5.060000e+000 1.446283e+000
      vertex   1.339276e+000 5.060000e+000 1.347717e+000
    endloop
  endfacet
  facet normal -2.562545e-014 1.000000e+000 1.141511e-015
    outer loop
      vertex   1.298645e+000 5.060000e+000 1.213683e+000
      vertex   1.339276e+000 5.060000e+000 1.347717e+000
      vertex   1.438513e+000 5.060000e+000 1.241242e+000
    endloop
  endfacet
  facet normal -2.496665e-014 1.000000e+000 -4.311709e-015
    outer loop
      vertex   1.390503e+000 5.060000e+000 1.107252e+000
      vertex   1.438513e+000 5.060000e+000 1.241242e+000
      vertex   1.529308e+000 5.060000e+000 1.127483e+000
    endloop
  endfacet
  facet normal -2.559083e-014 1.000000e+000 -2.637592e-015
    outer loop
      vertex   1.473663e+000 5.060000e+000 9.938933e-001
      vertex   1.529308e+000 5.060000e+000 1.127483e+000
      vertex   1.611129e+000 5.060000e+000 1.007107e+000
    endloop
  endfacet
  facet normal -1.941206e-014 1.000000e+000 -4.090668e-015
    outer loop
      vertex   1.547603e+000 5.060000e+000 8.743171e-001
      vertex   1.611129e+000 5.060000e+000 1.007107e+000
      vertex   1.683494e+000 5.060000e+000 8.808214e-001
    endloop
  endfacet
  facet normal -1.986983e-014 1.000000e+000 4.068020e-015
    outer loop
      vertex   1.611862e+000 5.060000e+000 7.492712e-001
      vertex   1.683494e+000 5.060000e+000 8.808214e-001
      vertex   1.745981e+000 5.060000e+000 7.493666e-001
    endloop
  endfacet
  facet normal -2.021399e-014 1.000000e+000 -1.235226e-015
    outer loop
      vertex   1.666037e+000 5.060000e+000 6.195379e-001
      vertex   1.745981e+000 5.060000e+000 7.493666e-001
      vertex   1.798221e+000 5.060000e+000 6.135143e-001
    endloop
  endfacet
  facet normal -2.045434e-014 1.000000e+000 2.544492e-016
    outer loop
      vertex   1.709789e+000 5.060000e+000 4.859289e-001
      vertex   1.798221e+000 5.060000e+000 6.135143e-001
      vertex   1.839909e+000 5.060000e+000 4.740616e-001
    endloop
  endfacet
  facet normal -2.058210e-014 1.000000e+000 1.774456e-015
    outer loop
      vertex   1.742845e+000 5.060000e+000 3.492799e-001
      vertex   1.839909e+000 5.060000e+000 4.740616e-001
      vertex   1.870800e+000 5.060000e+000 3.318269e-001
    endloop
  endfacet
  facet normal -2.173991e-014 1.000000e+000 -3.002323e-015
    outer loop
      vertex   1.764998e+000 5.060000e+000 2.104458e-001
      vertex   1.870800e+000 5.060000e+000 3.318269e-001
      vertex   1.890711e+000 5.060000e+000 1.876450e-001
    endloop
  endfacet
  facet normal -2.189013e-014 1.000000e+000 -1.328381e-015
    outer loop
      vertex   1.776109e+000 5.060000e+000 7.029519e-002
      vertex   1.890711e+000 5.060000e+000 1.876450e-001
      vertex   1.899528e+000 5.060000e+000 4.236186e-002
    endloop
  endfacet
  facet normal -2.190979e-014 1.000000e+000 3.509052e-016
    outer loop
      vertex   1.776109e+000 5.060000e+000 -7.029519e-002
      vertex   1.899528e+000 5.060000e+000 4.236186e-002
      vertex   1.897197e+000 5.060000e+000 -1.031699e-001
    endloop
  endfacet
  facet normal -2.179897e-014 1.000000e+000 2.025226e-015
    outer loop
      vertex   1.764998e+000 5.060000e+000 -2.104458e-001
      vertex   1.897197e+000 5.060000e+000 -1.031699e-001
      vertex   1.883733e+000 5.060000e+000 -2.480961e-001
    endloop
  endfacet
  facet normal -1.649046e-014 1.000000e+000 -3.372487e-015
    outer loop
      vertex   1.742845e+000 5.060000e+000 -3.492799e-001
      vertex   1.883733e+000 5.060000e+000 -2.480961e-001
      vertex   1.859214e+000 5.060000e+000 -3.915665e-001
    endloop
  endfacet
  facet normal -1.646902e-014 1.000000e+000 -2.158285e-015
    outer loop
      vertex   1.709789e+000 5.060000e+000 -4.859289e-001
      vertex   1.859214e+000 5.060000e+000 -3.915665e-001
      vertex   1.823784e+000 5.060000e+000 -5.327390e-001
    endloop
  endfacet
  facet normal -1.602562e-014 1.000000e+000 -1.078497e-015
    outer loop
      vertex   1.777652e+000 5.060000e+000 -6.707852e-001
      vertex   1.709789e+000 5.060000e+000 -4.859289e-001
      vertex   1.823784e+000 5.060000e+000 -5.327390e-001
    endloop
  endfacet
  facet normal -1.648814e-014 1.000000e+000 -1.248293e-015
    outer loop
      vertex   1.777652e+000 5.060000e+000 -6.707852e-001
      vertex   1.666037e+000 5.060000e+000 -6.195379e-001
      vertex   1.709789e+000 5.060000e+000 -4.859289e-001
    endloop
  endfacet
  facet normal -1.588047e-014 1.000000e+000 7.520526e-017
    outer loop
      vertex   1.777652e+000 5.060000e+000 -6.707852e-001
      vertex   1.721088e+000 5.060000e+000 -8.048949e-001
      vertex   1.666037e+000 5.060000e+000 -6.195379e-001
    endloop
  endfacet
  facet normal -1.628617e-014 1.000000e+000 -4.528871e-017
    outer loop
      vertex   1.666037e+000 5.060000e+000 -6.195379e-001
      vertex   1.721088e+000 5.060000e+000 -8.048949e-001
      vertex   1.611862e+000 5.060000e+000 -7.492712e-001
    endloop
  endfacet
  facet normal -1.565205e-014 1.000000e+000 1.199909e-015
    outer loop
      vertex   1.611862e+000 5.060000e+000 -7.492712e-001
      vertex   1.721088e+000 5.060000e+000 -8.048949e-001
      vertex   1.654424e+000 5.060000e+000 -9.342812e-001
    endloop
  endfacet
  facet normal -2.451084e-014 1.000000e+000 7.716289e-016
    outer loop
      vertex   1.547603e+000 5.060000e+000 -8.743171e-001
      vertex   1.654424e+000 5.060000e+000 -9.342812e-001
      vertex   1.578051e+000 5.060000e+000 -1.058185e+000
    endloop
  endfacet
  facet normal -2.404561e-014 1.000000e+000 2.402463e-015
    outer loop
      vertex   1.473663e+000 5.060000e+000 -9.938933e-001
      vertex   1.578051e+000 5.060000e+000 -1.058185e+000
      vertex   1.492417e+000 5.060000e+000 -1.175878e+000
    endloop
  endfacet
  facet normal -2.347424e-014 1.000000e+000 3.966088e-015
    outer loop
      vertex   1.390503e+000 5.060000e+000 -1.107252e+000
      vertex   1.492417e+000 5.060000e+000 -1.175878e+000
      vertex   1.398026e+000 5.060000e+000 -1.286672e+000
    endloop
  endfacet
  facet normal -2.645688e-014 1.000000e+000 4.826536e-016
    outer loop
      vertex   1.298645e+000 5.060000e+000 -1.213683e+000
      vertex   1.398026e+000 5.060000e+000 -1.286672e+000
      vertex   1.295430e+000 5.060000e+000 -1.389914e+000
    endloop
  endfacet
  facet normal -1.728076e-014 1.000000e+000 1.345597e-015
    outer loop
      vertex   1.198662e+000 5.060000e+000 -1.312522e+000
      vertex   1.295430e+000 5.060000e+000 -1.389914e+000
      vertex   1.185232e+000 5.060000e+000 -1.485000e+000
    endloop
  endfacet
  facet normal -2.530621e-014 1.000000e+000 3.475366e-015
    outer loop
      vertex   1.091181e+000 5.060000e+000 -1.403150e+000
      vertex   1.185232e+000 5.060000e+000 -1.485000e+000
      vertex   1.068079e+000 5.060000e+000 -1.571371e+000
    endloop
  endfacet
  facet normal -2.462107e-014 1.000000e+000 4.850663e-015
    outer loop
      vertex   9.768732e-001 5.060000e+000 -1.485000e+000
      vertex   1.068079e+000 5.060000e+000 -1.571371e+000
      vertex   9.446574e-001 5.060000e+000 -1.648521e+000
    endloop
  endfacet
  facet normal -2.303540e-014 1.000000e+000 4.538267e-015
    outer loop
      vertex   8.156926e-001 5.060000e+000 -1.715997e+000
      vertex   9.768732e-001 5.060000e+000 -1.485000e+000
      vertex   9.446574e-001 5.060000e+000 -1.648521e+000
    endloop
  endfacet
  facet normal -2.137080e-014 1.000000e+000 3.376773e-015
    outer loop
      vertex   8.156926e-001 5.060000e+000 -1.715997e+000
      vertex   6.819409e-001 5.060000e+000 -1.773403e+000
      vertex   9.768732e-001 5.060000e+000 -1.485000e+000
    endloop
  endfacet
  facet normal -2.002545e-014 1.000000e+000 2.000959e-015
    outer loop
      vertex   9.768732e-001 5.060000e+000 -1.485000e+000
      vertex   6.819409e-001 5.060000e+000 -1.773403e+000
      vertex   5.441873e-001 5.060000e+000 -1.820401e+000
    endloop
  endfacet
  facet normal -2.855754e-014 1.000000e+000 1.300782e-014
    outer loop
      vertex   4.032402e-001 5.060000e+000 -1.856717e+000
      vertex   9.768732e-001 5.060000e+000 -1.485000e+000
      vertex   5.441873e-001 5.060000e+000 -1.820401e+000
    endloop
  endfacet
  facet normal -1.801345e-014 1.000000e+000 -3.263798e-015
    outer loop
      vertex   4.032402e-001 5.060000e+000 -1.856717e+000
      vertex   2.599267e-001 5.060000e+000 -1.882137e+000
      vertex   9.768732e-001 5.060000e+000 -1.485000e+000
    endloop
  endfacet
  facet normal -1.808555e-014 1.000000e+000 -3.133632e-015
    outer loop
      vertex   9.768732e-001 5.060000e+000 -1.485000e+000
      vertex   2.599267e-001 5.060000e+000 -1.882137e+000
      vertex   1.150879e-001 5.060000e+000 -1.896511e+000
    endloop
  endfacet
  facet normal -2.465167e-014 1.000000e+000 1.061710e-014
    outer loop
      vertex   -3.042633e-002 5.060000e+000 -1.899756e+000
      vertex   9.768732e-001 5.060000e+000 -1.485000e+000
      vertex   1.150879e-001 5.060000e+000 -1.896511e+000
    endloop
  endfacet
  facet normal -2.000252e-014 1.000000e+000 -6.740709e-016
    outer loop
      vertex   -3.042633e-002 5.060000e+000 -1.899756e+000
      vertex   -9.768732e-001 5.060000e+000 -1.485000e+000
      vertex   9.768732e-001 5.060000e+000 -1.485000e+000
    endloop
  endfacet
  facet normal -1.813908e-014 1.000000e+000 3.578166e-015
    outer loop
      vertex   -3.042633e-002 5.060000e+000 -1.899756e+000
      vertex   -1.757620e-001 5.060000e+000 -1.891853e+000
      vertex   -9.768732e-001 5.060000e+000 -1.485000e+000
    endloop
  endfacet
  facet normal -1.794246e-014 1.000000e+000 3.965336e-015
    outer loop
      vertex   -9.768732e-001 5.060000e+000 -1.485000e+000
      vertex   -1.757620e-001 5.060000e+000 -1.891853e+000
      vertex   -3.200662e-001 5.060000e+000 -1.872847e+000
    endloop
  endfacet
  facet normal -2.752788e-014 1.000000e+000 -1.226727e-014
    outer loop
      vertex   -4.624921e-001 5.060000e+000 -1.842851e+000
      vertex   -9.768732e-001 5.060000e+000 -1.485000e+000
      vertex   -3.200662e-001 5.060000e+000 -1.872847e+000
    endloop
  endfacet
  facet normal -1.912812e-014 1.000000e+000 -1.933180e-016
    outer loop
      vertex   -4.624921e-001 5.060000e+000 -1.842851e+000
      vertex   -6.022040e-001 5.060000e+000 -1.802041e+000
      vertex   -9.768732e-001 5.060000e+000 -1.485000e+000
    endloop
  endfacet
  facet normal -2.005113e-014 1.000000e+000 -1.284104e-015
    outer loop
      vertex   -9.768732e-001 5.060000e+000 -1.485000e+000
      vertex   -6.022040e-001 5.060000e+000 -1.802041e+000
      vertex   -7.383819e-001 5.060000e+000 -1.750655e+000
    endloop
  endfacet
  facet normal -2.135948e-014 1.000000e+000 -2.458677e-015
    outer loop
      vertex   -8.702266e-001 5.060000e+000 -1.688995e+000
      vertex   -9.768732e-001 5.060000e+000 -1.485000e+000
      vertex   -7.383819e-001 5.060000e+000 -1.750655e+000
    endloop
  endfacet
  facet normal -2.285351e-014 1.000000e+000 -3.239741e-015
    outer loop
      vertex   -8.702266e-001 5.060000e+000 -1.688995e+000
      vertex   -9.969645e-001 5.060000e+000 -1.617424e+000
      vertex   -9.768732e-001 5.060000e+000 -1.485000e+000
    endloop
  endfacet
  facet normal -2.408831e-014 1.000000e+000 -3.052400e-015
    outer loop
      vertex   -9.768732e-001 5.060000e+000 -1.485000e+000
      vertex   -9.969645e-001 5.060000e+000 -1.617424e+000
      vertex   -1.117852e+000 5.060000e+000 -1.536362e+000
    endloop
  endfacet
  facet normal -2.466809e-014 1.000000e+000 -1.728510e-015
    outer loop
      vertex   -1.091181e+000 5.060000e+000 -1.403150e+000
      vertex   -1.117852e+000 5.060000e+000 -1.536362e+000
      vertex   -1.232179e+000 5.060000e+000 -1.446283e+000
    endloop
  endfacet
  facet normal -1.844418e-014 1.000000e+000 -2.018433e-015
    outer loop
      vertex   -1.198662e+000 5.060000e+000 -1.312522e+000
      vertex   -1.232179e+000 5.060000e+000 -1.446283e+000
      vertex   -1.339276e+000 5.060000e+000 -1.347717e+000
    endloop
  endfacet
  facet normal -2.562545e-014 1.000000e+000 1.141511e-015
    outer loop
      vertex   -1.298645e+000 5.060000e+000 -1.213683e+000
      vertex   -1.339276e+000 5.060000e+000 -1.347717e+000
      vertex   -1.438513e+000 5.060000e+000 -1.241242e+000
    endloop
  endfacet
  facet normal -2.496665e-014 1.000000e+000 -4.311709e-015
    outer loop
      vertex   -1.390503e+000 5.060000e+000 -1.107252e+000
      vertex   -1.438513e+000 5.060000e+000 -1.241242e+000
      vertex   -1.529308e+000 5.060000e+000 -1.127483e+000
    endloop
  endfacet
  facet normal -2.559083e-014 1.000000e+000 -2.637592e-015
    outer loop
      vertex   -1.473663e+000 5.060000e+000 -9.938933e-001
      vertex   -1.529308e+000 5.060000e+000 -1.127483e+000
      vertex   -1.611129e+000 5.060000e+000 -1.007107e+000
    endloop
  endfacet
  facet normal -1.941206e-014 1.000000e+000 -4.090668e-015
    outer loop
      vertex   -1.547603e+000 5.060000e+000 -8.743171e-001
      vertex   -1.611129e+000 5.060000e+000 -1.007107e+000
      vertex   -1.683494e+000 5.060000e+000 -8.808214e-001
    endloop
  endfacet
  facet normal -1.986983e-014 1.000000e+000 4.068020e-015
    outer loop
      vertex   -1.611862e+000 5.060000e+000 -7.492712e-001
      vertex   -1.683494e+000 5.060000e+000 -8.808214e-001
      vertex   -1.745981e+000 5.060000e+000 -7.493666e-001
    endloop
  endfacet
  facet normal -2.021399e-014 1.000000e+000 -1.235226e-015
    outer loop
      vertex   -1.666037e+000 5.060000e+000 -6.195379e-001
      vertex   -1.745981e+000 5.060000e+000 -7.493666e-001
      vertex   -1.798221e+000 5.060000e+000 -6.135143e-001
    endloop
  endfacet
  facet normal -2.045434e-014 1.000000e+000 2.544492e-016
    outer loop
      vertex   -1.709789e+000 5.060000e+000 -4.859289e-001
      vertex   -1.798221e+000 5.060000e+000 -6.135143e-001
      vertex   -1.839909e+000 5.060000e+000 -4.740616e-001
    endloop
  endfacet
  facet normal -2.058210e-014 1.000000e+000 1.774456e-015
    outer loop
      vertex   -1.742845e+000 5.060000e+000 -3.492799e-001
      vertex   -1.839909e+000 5.060000e+000 -4.740616e-001
      vertex   -1.870800e+000 5.060000e+000 -3.318269e-001
    endloop
  endfacet
  facet normal -2.173991e-014 1.000000e+000 -3.002323e-015
    outer loop
      vertex   -1.764998e+000 5.060000e+000 -2.104458e-001
      vertex   -1.870800e+000 5.060000e+000 -3.318269e-001
      vertex   -1.890711e+000 5.060000e+000 -1.876450e-001
    endloop
  endfacet
  facet normal -2.189013e-014 1.000000e+000 -1.328381e-015
    outer loop
      vertex   -1.776109e+000 5.060000e+000 -7.029519e-002
      vertex   -1.890711e+000 5.060000e+000 -1.876450e-001
      vertex   -1.899528e+000 5.060000e+000 -4.236186e-002
    endloop
  endfacet
  facet normal -2.190979e-014 1.000000e+000 3.509052e-016
    outer loop
      vertex   -1.776109e+000 5.060000e+000 7.029519e-002
      vertex   -1.899528e+000 5.060000e+000 -4.236186e-002
      vertex   -1.897197e+000 5.060000e+000 1.031699e-001
    endloop
  endfacet
  facet normal -2.179897e-014 1.000000e+000 2.025226e-015
    outer loop
      vertex   -1.764998e+000 5.060000e+000 2.104458e-001
      vertex   -1.897197e+000 5.060000e+000 1.031699e-001
      vertex   -1.883733e+000 5.060000e+000 2.480961e-001
    endloop
  endfacet
  facet normal -1.649046e-014 1.000000e+000 -3.372487e-015
    outer loop
      vertex   -1.742845e+000 5.060000e+000 3.492799e-001
      vertex   -1.883733e+000 5.060000e+000 2.480961e-001
      vertex   -1.859214e+000 5.060000e+000 3.915665e-001
    endloop
  endfacet
  facet normal -1.646902e-014 1.000000e+000 -2.158285e-015
    outer loop
      vertex   -1.709789e+000 5.060000e+000 4.859289e-001
      vertex   -1.859214e+000 5.060000e+000 3.915665e-001
      vertex   -1.823784e+000 5.060000e+000 5.327390e-001
    endloop
  endfacet
  facet normal -1.602562e-014 1.000000e+000 -1.078497e-015
    outer loop
      vertex   -1.777652e+000 5.060000e+000 6.707852e-001
      vertex   -1.709789e+000 5.060000e+000 4.859289e-001
      vertex   -1.823784e+000 5.060000e+000 5.327390e-001
    endloop
  endfacet
  facet normal -1.648814e-014 1.000000e+000 -1.248293e-015
    outer loop
      vertex   -1.777652e+000 5.060000e+000 6.707852e-001
      vertex   -1.666037e+000 5.060000e+000 6.195379e-001
      vertex   -1.709789e+000 5.060000e+000 4.859289e-001
    endloop
  endfacet
  facet normal -1.588047e-014 1.000000e+000 7.520526e-017
    outer loop
      vertex   -1.777652e+000 5.060000e+000 6.707852e-001
      vertex   -1.721088e+000 5.060000e+000 8.048949e-001
      vertex   -1.666037e+000 5.060000e+000 6.195379e-001
    endloop
  endfacet
  facet normal -1.628617e-014 1.000000e+000 -4.528871e-017
    outer loop
      vertex   -1.666037e+000 5.060000e+000 6.195379e-001
      vertex   -1.721088e+000 5.060000e+000 8.048949e-001
      vertex   -1.611862e+000 5.060000e+000 7.492712e-001
    endloop
  endfacet
  facet normal -1.565205e-014 1.000000e+000 1.199909e-015
    outer loop
      vertex   -1.611862e+000 5.060000e+000 7.492712e-001
      vertex   -1.721088e+000 5.060000e+000 8.048949e-001
      vertex   -1.654424e+000 5.060000e+000 9.342812e-001
    endloop
  endfacet
  facet normal -2.451084e-014 1.000000e+000 7.716289e-016
    outer loop
      vertex   -1.547603e+000 5.060000e+000 8.743171e-001
      vertex   -1.654424e+000 5.060000e+000 9.342812e-001
      vertex   -1.578051e+000 5.060000e+000 1.058185e+000
    endloop
  endfacet
  facet normal -2.404561e-014 1.000000e+000 2.402463e-015
    outer loop
      vertex   -1.473663e+000 5.060000e+000 9.938933e-001
      vertex   -1.578051e+000 5.060000e+000 1.058185e+000
      vertex   -1.492417e+000 5.060000e+000 1.175878e+000
    endloop
  endfacet
  facet normal -2.347424e-014 1.000000e+000 3.966088e-015
    outer loop
      vertex   -1.390503e+000 5.060000e+000 1.107252e+000
      vertex   -1.492417e+000 5.060000e+000 1.175878e+000
      vertex   -1.398026e+000 5.060000e+000 1.286672e+000
    endloop
  endfacet
  facet normal -2.645688e-014 1.000000e+000 4.826536e-016
    outer loop
      vertex   -1.298645e+000 5.060000e+000 1.213683e+000
      vertex   -1.398026e+000 5.060000e+000 1.286672e+000
      vertex   -1.295430e+000 5.060000e+000 1.389914e+000
    endloop
  endfacet
  facet normal -1.728076e-014 1.000000e+000 1.345597e-015
    outer loop
      vertex   -1.198662e+000 5.060000e+000 1.312522e+000
      vertex   -1.295430e+000 5.060000e+000 1.389914e+000
      vertex   -1.185232e+000 5.060000e+000 1.485000e+000
    endloop
  endfacet
  facet normal -2.653272e-014 1.000000e+000 2.066018e-015
    outer loop
      vertex   -1.091181e+000 5.060000e+000 1.403150e+000
      vertex   -1.198662e+000 5.060000e+000 1.312522e+000
      vertex   -1.185232e+000 5.060000e+000 1.485000e+000
    endloop
  endfacet
  facet normal -2.000252e-014 1.000000e+000 -6.740709e-016
    outer loop
      vertex   -9.768732e-001 5.060000e+000 1.485000e+000
      vertex   3.042633e-002 5.060000e+000 1.899756e+000
      vertex   9.768732e-001 5.060000e+000 1.485000e+000
    endloop
  endfacet
  facet normal -1.871043e-014 1.000000e+000 -9.546958e-016
    outer loop
      vertex   1.198662e+000 5.060000e+000 1.312522e+000
      vertex   1.339276e+000 5.060000e+000 1.347717e+000
      vertex   1.298645e+000 5.060000e+000 1.213683e+000
    endloop
  endfacet
  facet normal -2.451941e-014 1.000000e+000 -4.471955e-015
    outer loop
      vertex   1.298645e+000 5.060000e+000 1.213683e+000
      vertex   1.438513e+000 5.060000e+000 1.241242e+000
      vertex   1.390503e+000 5.060000e+000 1.107252e+000
    endloop
  endfacet
  facet normal -2.518608e-014 1.000000e+000 -2.806186e-015
    outer loop
      vertex   1.390503e+000 5.060000e+000 1.107252e+000
      vertex   1.529308e+000 5.060000e+000 1.127483e+000
      vertex   1.473663e+000 5.060000e+000 9.938933e-001
    endloop
  endfacet
  facet normal -2.574224e-014 1.000000e+000 -1.062372e-015
    outer loop
      vertex   1.473663e+000 5.060000e+000 9.938933e-001
      vertex   1.611129e+000 5.060000e+000 1.007107e+000
      vertex   1.547603e+000 5.060000e+000 8.743171e-001
    endloop
  endfacet
  facet normal -1.980076e-014 1.000000e+000 4.030410e-015
    outer loop
      vertex   1.547603e+000 5.060000e+000 8.743171e-001
      vertex   1.683494e+000 5.060000e+000 8.808214e-001
      vertex   1.611862e+000 5.060000e+000 7.492712e-001
    endloop
  endfacet
  facet normal -1.986591e-014 1.000000e+000 -1.449564e-015
    outer loop
      vertex   1.611862e+000 5.060000e+000 7.492712e-001
      vertex   1.745981e+000 5.060000e+000 7.493666e-001
      vertex   1.666037e+000 5.060000e+000 6.195379e-001
    endloop
  endfacet
  facet normal -2.015554e-014 1.000000e+000 4.734527e-017
    outer loop
      vertex   1.666037e+000 5.060000e+000 6.195379e-001
      vertex   1.798221e+000 5.060000e+000 6.135143e-001
      vertex   1.709789e+000 5.060000e+000 4.859289e-001
    endloop
  endfacet
  facet normal -2.033336e-014 1.000000e+000 1.580970e-015
    outer loop
      vertex   1.709789e+000 5.060000e+000 4.859289e-001
      vertex   1.839909e+000 5.060000e+000 4.740616e-001
      vertex   1.742845e+000 5.060000e+000 3.492799e-001
    endloop
  endfacet
  facet normal -2.128744e-014 1.000000e+000 -3.396710e-015
    outer loop
      vertex   1.742845e+000 5.060000e+000 3.492799e-001
      vertex   1.870800e+000 5.060000e+000 3.318269e-001
      vertex   1.764998e+000 5.060000e+000 2.104458e-001
    endloop
  endfacet
  facet normal -2.150459e-014 1.000000e+000 -1.704896e-015
    outer loop
      vertex   1.764998e+000 5.060000e+000 2.104458e-001
      vertex   1.890711e+000 5.060000e+000 1.876450e-001
      vertex   1.776109e+000 5.060000e+000 7.029519e-002
    endloop
  endfacet
  facet normal -2.158948e-014 1.000000e+000 0.000000e+000
    outer loop
      vertex   1.776109e+000 5.060000e+000 7.029519e-002
      vertex   1.899528e+000 5.060000e+000 4.236186e-002
      vertex   1.776109e+000 5.060000e+000 -7.029519e-002
    endloop
  endfacet
  facet normal -2.154139e-014 1.000000e+000 1.707814e-015
    outer loop
      vertex   1.776109e+000 5.060000e+000 -7.029519e-002
      vertex   1.897197e+000 5.060000e+000 -1.031699e-001
      vertex   1.764998e+000 5.060000e+000 -2.104458e-001
    endloop
  endfacet
  facet normal -2.136038e-014 1.000000e+000 3.408348e-015
    outer loop
      vertex   1.764998e+000 5.060000e+000 -2.104458e-001
      vertex   1.883733e+000 5.060000e+000 -2.480961e-001
      vertex   1.742845e+000 5.060000e+000 -3.492799e-001
    endloop
  endfacet
  facet normal -1.620256e-014 1.000000e+000 -2.580230e-015
    outer loop
      vertex   1.742845e+000 5.060000e+000 -3.492799e-001
      vertex   1.859214e+000 5.060000e+000 -3.915665e-001
      vertex   1.709789e+000 5.060000e+000 -4.859289e-001
    endloop
  endfacet
  facet normal -2.554845e-014 1.000000e+000 -1.076785e-015
    outer loop
      vertex   1.611862e+000 5.060000e+000 -7.492712e-001
      vertex   1.654424e+000 5.060000e+000 -9.342812e-001
      vertex   1.547603e+000 5.060000e+000 -8.743171e-001
    endloop
  endfacet
  facet normal -2.511126e-014 1.000000e+000 6.722007e-016
    outer loop
      vertex   1.547603e+000 5.060000e+000 -8.743171e-001
      vertex   1.578051e+000 5.060000e+000 -1.058185e+000
      vertex   1.473663e+000 5.060000e+000 -9.938933e-001
    endloop
  endfacet
  facet normal -2.456305e-014 1.000000e+000 2.349138e-015
    outer loop
      vertex   1.473663e+000 5.060000e+000 -9.938933e-001
      vertex   1.492417e+000 5.060000e+000 -1.175878e+000
      vertex   1.390503e+000 5.060000e+000 -1.107252e+000
    endloop
  endfacet
  facet normal -2.391203e-014 1.000000e+000 3.947733e-015
    outer loop
      vertex   1.390503e+000 5.060000e+000 -1.107252e+000
      vertex   1.398026e+000 5.060000e+000 -1.286672e+000
      vertex   1.298645e+000 5.060000e+000 -1.213683e+000
    endloop
  endfacet
  facet normal -1.809295e-014 1.000000e+000 3.300702e-016
    outer loop
      vertex   1.298645e+000 5.060000e+000 -1.213683e+000
      vertex   1.295430e+000 5.060000e+000 -1.389914e+000
      vertex   1.198662e+000 5.060000e+000 -1.312522e+000
    endloop
  endfacet
  facet normal -2.653272e-014 1.000000e+000 2.066018e-015
    outer loop
      vertex   1.198662e+000 5.060000e+000 -1.312522e+000
      vertex   1.185232e+000 5.060000e+000 -1.485000e+000
      vertex   1.091181e+000 5.060000e+000 -1.403150e+000
    endloop
  endfacet
  facet normal -2.585243e-014 1.000000e+000 3.550380e-015
    outer loop
      vertex   1.091181e+000 5.060000e+000 -1.403150e+000
      vertex   1.068079e+000 5.060000e+000 -1.571371e+000
      vertex   9.768732e-001 5.060000e+000 -1.485000e+000
    endloop
  endfacet
  facet normal -2.456296e-014 1.000000e+000 -1.749559e-015
    outer loop
      vertex   -9.768732e-001 5.060000e+000 -1.485000e+000
      vertex   -1.117852e+000 5.060000e+000 -1.536362e+000
      vertex   -1.091181e+000 5.060000e+000 -1.403150e+000
    endloop
  endfacet
  facet normal -2.508872e-014 1.000000e+000 -3.534855e-016
    outer loop
      vertex   -1.091181e+000 5.060000e+000 -1.403150e+000
      vertex   -1.232179e+000 5.060000e+000 -1.446283e+000
      vertex   -1.198662e+000 5.060000e+000 -1.312522e+000
    endloop
  endfacet
  facet normal -1.871043e-014 1.000000e+000 -9.546958e-016
    outer loop
      vertex   -1.198662e+000 5.060000e+000 -1.312522e+000
      vertex   -1.339276e+000 5.060000e+000 -1.347717e+000
      vertex   -1.298645e+000 5.060000e+000 -1.213683e+000
    endloop
  endfacet
  facet normal -2.451941e-014 1.000000e+000 -4.471955e-015
    outer loop
      vertex   -1.298645e+000 5.060000e+000 -1.213683e+000
      vertex   -1.438513e+000 5.060000e+000 -1.241242e+000
      vertex   -1.390503e+000 5.060000e+000 -1.107252e+000
    endloop
  endfacet
  facet normal -2.518608e-014 1.000000e+000 -2.806186e-015
    outer loop
      vertex   -1.390503e+000 5.060000e+000 -1.107252e+000
      vertex   -1.529308e+000 5.060000e+000 -1.127483e+000
      vertex   -1.473663e+000 5.060000e+000 -9.938933e-001
    endloop
  endfacet
  facet normal -2.574224e-014 1.000000e+000 -1.062372e-015
    outer loop
      vertex   -1.473663e+000 5.060000e+000 -9.938933e-001
      vertex   -1.611129e+000 5.060000e+000 -1.007107e+000
      vertex   -1.547603e+000 5.060000e+000 -8.743171e-001
    endloop
  endfacet
  facet normal -1.980076e-014 1.000000e+000 4.030410e-015
    outer loop
      vertex   -1.547603e+000 5.060000e+000 -8.743171e-001
      vertex   -1.683494e+000 5.060000e+000 -8.808214e-001
      vertex   -1.611862e+000 5.060000e+000 -7.492712e-001
    endloop
  endfacet
  facet normal -1.986591e-014 1.000000e+000 -1.449564e-015
    outer loop
      vertex   -1.611862e+000 5.060000e+000 -7.492712e-001
      vertex   -1.745981e+000 5.060000e+000 -7.493666e-001
      vertex   -1.666037e+000 5.060000e+000 -6.195379e-001
    endloop
  endfacet
  facet normal -2.015554e-014 1.000000e+000 4.734527e-017
    outer loop
      vertex   -1.666037e+000 5.060000e+000 -6.195379e-001
      vertex   -1.798221e+000 5.060000e+000 -6.135143e-001
      vertex   -1.709789e+000 5.060000e+000 -4.859289e-001
    endloop
  endfacet
  facet normal -2.033336e-014 1.000000e+000 1.580970e-015
    outer loop
      vertex   -1.709789e+000 5.060000e+000 -4.859289e-001
      vertex   -1.839909e+000 5.060000e+000 -4.740616e-001
      vertex   -1.742845e+000 5.060000e+000 -3.492799e-001
    endloop
  endfacet
  facet normal -2.128744e-014 1.000000e+000 -3.396710e-015
    outer loop
      vertex   -1.742845e+000 5.060000e+000 -3.492799e-001
      vertex   -1.870800e+000 5.060000e+000 -3.318269e-001
      vertex   -1.764998e+000 5.060000e+000 -2.104458e-001
    endloop
  endfacet
  facet normal -2.150459e-014 1.000000e+000 -1.704896e-015
    outer loop
      vertex   -1.764998e+000 5.060000e+000 -2.104458e-001
      vertex   -1.890711e+000 5.060000e+000 -1.876450e-001
      vertex   -1.776109e+000 5.060000e+000 -7.029519e-002
    endloop
  endfacet
  facet normal -2.158948e-014 1.000000e+000 0.000000e+000
    outer loop
      vertex   -1.776109e+000 5.060000e+000 -7.029519e-002
      vertex   -1.899528e+000 5.060000e+000 -4.236186e-002
      vertex   -1.776109e+000 5.060000e+000 7.029519e-002
    endloop
  endfacet
  facet normal -2.154139e-014 1.000000e+000 1.707814e-015
    outer loop
      vertex   -1.776109e+000 5.060000e+000 7.029519e-002
      vertex   -1.897197e+000 5.060000e+000 1.031699e-001
      vertex   -1.764998e+000 5.060000e+000 2.104458e-001
    endloop
  endfacet
  facet normal -2.136038e-014 1.000000e+000 3.408348e-015
    outer loop
      vertex   -1.764998e+000 5.060000e+000 2.104458e-001
      vertex   -1.883733e+000 5.060000e+000 2.480961e-001
      vertex   -1.742845e+000 5.060000e+000 3.492799e-001
    endloop
  endfacet
  facet normal -1.620256e-014 1.000000e+000 -2.580230e-015
    outer loop
      vertex   -1.742845e+000 5.060000e+000 3.492799e-001
      vertex   -1.859214e+000 5.060000e+000 3.915665e-001
      vertex   -1.709789e+000 5.060000e+000 4.859289e-001
    endloop
  endfacet
  facet normal -2.554845e-014 1.000000e+000 -1.076785e-015
    outer loop
      vertex   -1.611862e+000 5.060000e+000 7.492712e-001
      vertex   -1.654424e+000 5.060000e+000 9.342812e-001
      vertex   -1.547603e+000 5.060000e+000 8.743171e-001
    endloop
  endfacet
  facet normal -2.511126e-014 1.000000e+000 6.722007e-016
    outer loop
      vertex   -1.547603e+000 5.060000e+000 8.743171e-001
      vertex   -1.578051e+000 5.060000e+000 1.058185e+000
      vertex   -1.473663e+000 5.060000e+000 9.938933e-001
    endloop
  endfacet
  facet normal -2.456305e-014 1.000000e+000 2.349138e-015
    outer loop
      vertex   -1.473663e+000 5.060000e+000 9.938933e-001
      vertex   -1.492417e+000 5.060000e+000 1.175878e+000
      vertex   -1.390503e+000 5.060000e+000 1.107252e+000
    endloop
  endfacet
  facet normal -2.391203e-014 1.000000e+000 3.947733e-015
    outer loop
      vertex   -1.390503e+000 5.060000e+000 1.107252e+000
      vertex   -1.398026e+000 5.060000e+000 1.286672e+000
      vertex   -1.298645e+000 5.060000e+000 1.213683e+000
    endloop
  endfacet
  facet normal -1.809295e-014 1.000000e+000 3.300702e-016
    outer loop
      vertex   -1.298645e+000 5.060000e+000 1.213683e+000
      vertex   -1.295430e+000 5.060000e+000 1.389914e+000
      vertex   -1.198662e+000 5.060000e+000 1.312522e+000
    endloop
  endfacet
  facet normal 6.532842e-001 1.770180e-003 -7.571107e-001
    outer loop
      vertex   -1.295430e+000 5.060000e+000 1.389914e+000
      vertex   -1.264119e+000 5.710000e+000 1.418451e+000
      vertex   -1.185232e+000 5.060000e+000 1.485000e+000
    endloop
  endfacet
  facet normal 6.934314e-001 -1.770180e-003 -7.205205e-001
    outer loop
      vertex   -1.295430e+000 5.060000e+000 1.389914e+000
      vertex   -1.368991e+000 5.710000e+000 1.317522e+000
      vertex   -1.264119e+000 5.710000e+000 1.418451e+000
    endloop
  endfacet
  facet normal 7.093236e-001 1.770180e-003 -7.048808e-001
    outer loop
      vertex   -1.295430e+000 5.060000e+000 1.389914e+000
      vertex   -1.398026e+000 5.060000e+000 1.286672e+000
      vertex   -1.368991e+000 5.710000e+000 1.317522e+000
    endloop
  endfacet
  facet normal 7.465521e-001 -1.770180e-003 -6.653247e-001
    outer loop
      vertex   -1.368991e+000 5.710000e+000 1.317522e+000
      vertex   -1.398026e+000 5.060000e+000 1.286672e+000
      vertex   -1.465829e+000 5.710000e+000 1.208861e+000
    endloop
  endfacet
  facet normal 7.612004e-001 1.770180e-003 -6.485144e-001
    outer loop
      vertex   -1.465829e+000 5.710000e+000 1.208861e+000
      vertex   -1.398026e+000 5.060000e+000 1.286672e+000
      vertex   -1.492417e+000 5.060000e+000 1.175878e+000
    endloop
  endfacet
  facet normal 8.086101e-001 1.770180e-003 -5.883422e-001
    outer loop
      vertex   -1.554066e+000 5.710000e+000 1.093105e+000
      vertex   -1.492417e+000 5.060000e+000 1.175878e+000
      vertex   -1.578051e+000 5.060000e+000 1.058185e+000
    endloop
  endfacet
  facet normal 8.512747e-001 1.770180e-003 -5.247174e-001
    outer loop
      vertex   -1.633182e+000 5.710000e+000 9.709355e-001
      vertex   -1.578051e+000 5.060000e+000 1.058185e+000
      vertex   -1.654424e+000 5.060000e+000 9.342812e-001
    endloop
  endfacet
  facet normal 8.889436e-001 1.770180e-003 -4.580133e-001
    outer loop
      vertex   -1.702715e+000 5.710000e+000 8.430677e-001
      vertex   -1.654424e+000 5.060000e+000 9.342812e-001
      vertex   -1.721088e+000 5.060000e+000 8.048949e-001
    endloop
  endfacet
  facet normal 9.213958e-001 1.770180e-003 -3.886214e-001
    outer loop
      vertex   -1.762255e+000 5.710000e+000 7.102524e-001
      vertex   -1.721088e+000 5.060000e+000 8.048949e-001
      vertex   -1.777652e+000 5.060000e+000 6.707852e-001
    endloop
  endfacet
  facet normal 9.484409e-001 1.770180e-003 -3.169490e-001
    outer loop
      vertex   -1.811453e+000 5.710000e+000 5.732691e-001
      vertex   -1.777652e+000 5.060000e+000 6.707852e-001
      vertex   -1.823784e+000 5.060000e+000 5.327390e-001
    endloop
  endfacet
  facet normal 9.699202e-001 1.770180e-003 -2.434165e-001
    outer loop
      vertex   -1.850021e+000 5.710000e+000 4.329217e-001
      vertex   -1.823784e+000 5.060000e+000 5.327390e-001
      vertex   -1.859214e+000 5.060000e+000 3.915665e-001
    endloop
  endfacet
  facet normal 9.857076e-001 1.770180e-003 -1.684556e-001
    outer loop
      vertex   -1.877733e+000 5.710000e+000 2.900336e-001
      vertex   -1.859214e+000 5.060000e+000 3.915665e-001
      vertex   -1.883733e+000 5.060000e+000 2.480961e-001
    endloop
  endfacet
  facet normal 9.957105e-001 1.770180e-003 -9.250616e-002
    outer loop
      vertex   -1.894425e+000 5.710000e+000 1.454436e-001
      vertex   -1.883733e+000 5.060000e+000 2.480961e-001
      vertex   -1.897197e+000 5.060000e+000 1.031699e-001
    endloop
  endfacet
  facet normal 9.998702e-001 1.770180e-003 -1.601383e-002
    outer loop
      vertex   -1.900000e+000 5.710000e+000 0.000000e+000
      vertex   -1.897197e+000 5.060000e+000 1.031699e-001
      vertex   -1.899528e+000 5.060000e+000 -4.236186e-002
    endloop
  endfacet
  facet normal 9.981622e-001 1.770180e-003 6.057247e-002
    outer loop
      vertex   -1.894425e+000 5.710000e+000 -1.454436e-001
      vertex   -1.899528e+000 5.060000e+000 -4.236186e-002
      vertex   -1.890711e+000 5.060000e+000 -1.876450e-001
    endloop
  endfacet
  facet normal 9.905966e-001 1.770180e-003 1.368033e-001
    outer loop
      vertex   -1.877733e+000 5.710000e+000 -2.900336e-001
      vertex   -1.890711e+000 5.060000e+000 -1.876450e-001
      vertex   -1.870800e+000 5.060000e+000 -3.318269e-001
    endloop
  endfacet
  facet normal 9.772178e-001 1.770180e-003 2.122313e-001
    outer loop
      vertex   -1.850021e+000 5.710000e+000 -4.329217e-001
      vertex   -1.870800e+000 5.060000e+000 -3.318269e-001
      vertex   -1.839909e+000 5.060000e+000 -4.740616e-001
    endloop
  endfacet
  facet normal 9.581043e-001 1.770180e-003 2.864139e-001
    outer loop
      vertex   -1.811453e+000 5.710000e+000 -5.732691e-001
      vertex   -1.839909e+000 5.060000e+000 -4.740616e-001
      vertex   -1.798221e+000 5.060000e+000 -6.135143e-001
    endloop
  endfacet
  facet normal 9.333683e-001 1.770180e-003 3.589157e-001
    outer loop
      vertex   -1.762255e+000 5.710000e+000 -7.102524e-001
      vertex   -1.798221e+000 5.060000e+000 -6.135143e-001
      vertex   -1.745981e+000 5.060000e+000 -7.493666e-001
    endloop
  endfacet
  facet normal 9.031549e-001 1.770180e-003 4.293112e-001
    outer loop
      vertex   -1.702715e+000 5.710000e+000 -8.430677e-001
      vertex   -1.745981e+000 5.060000e+000 -7.493666e-001
      vertex   -1.683494e+000 5.060000e+000 -8.808214e-001
    endloop
  endfacet
  facet normal 8.676414e-001 1.770180e-003 4.971873e-001
    outer loop
      vertex   -1.633182e+000 5.710000e+000 -9.709355e-001
      vertex   -1.683494e+000 5.060000e+000 -8.808214e-001
      vertex   -1.611129e+000 5.060000e+000 -1.007107e+000
    endloop
  endfacet
  facet normal 8.270363e-001 1.770180e-003 5.621458e-001
    outer loop
      vertex   -1.554066e+000 5.710000e+000 -1.093105e+000
      vertex   -1.611129e+000 5.060000e+000 -1.007107e+000
      vertex   -1.529308e+000 5.060000e+000 -1.127483e+000
    endloop
  endfacet
  facet normal 7.815777e-001 1.770180e-003 6.238054e-001
    outer loop
      vertex   -1.465829e+000 5.710000e+000 -1.208861e+000
      vertex   -1.529308e+000 5.060000e+000 -1.127483e+000
      vertex   -1.438513e+000 5.060000e+000 -1.241242e+000
    endloop
  endfacet
  facet normal 7.315326e-001 1.770180e-003 6.818042e-001
    outer loop
      vertex   -1.368991e+000 5.710000e+000 -1.317522e+000
      vertex   -1.438513e+000 5.060000e+000 -1.241242e+000
      vertex   -1.339276e+000 5.060000e+000 -1.347717e+000
    endloop
  endfacet
  facet normal 6.771945e-001 1.770180e-003 7.358019e-001
    outer loop
      vertex   -1.264119e+000 5.710000e+000 -1.418451e+000
      vertex   -1.339276e+000 5.060000e+000 -1.347717e+000
      vertex   -1.232179e+000 5.060000e+000 -1.446283e+000
    endloop
  endfacet
  facet normal 6.188824e-001 1.770180e-003 7.854817e-001
    outer loop
      vertex   -1.151828e+000 5.710000e+000 -1.511056e+000
      vertex   -1.232179e+000 5.060000e+000 -1.446283e+000
      vertex   -1.117852e+000 5.060000e+000 -1.536362e+000
    endloop
  endfacet
  facet normal 5.569385e-001 1.770180e-003 8.305519e-001
    outer loop
      vertex   -1.032778e+000 5.710000e+000 -1.594794e+000
      vertex   -1.117852e+000 5.060000e+000 -1.536362e+000
      vertex   -9.969645e-001 5.060000e+000 -1.617424e+000
    endloop
  endfacet
  facet normal 4.917262e-001 1.770180e-003 8.707481e-001
    outer loop
      vertex   -9.076677e-001 5.710000e+000 -1.669173e+000
      vertex   -9.969645e-001 5.060000e+000 -1.617424e+000
      vertex   -8.702266e-001 5.060000e+000 -1.688995e+000
    endloop
  endfacet
  facet normal 4.236282e-001 1.770180e-003 9.058344e-001
    outer loop
      vertex   -7.772304e-001 5.710000e+000 -1.733757e+000
      vertex   -8.702266e-001 5.060000e+000 -1.688995e+000
      vertex   -7.383819e-001 5.060000e+000 -1.750655e+000
    endloop
  endfacet
  facet normal 3.530443e-001 1.770180e-003 9.356049e-001
    outer loop
      vertex   -6.422321e-001 5.710000e+000 -1.788166e+000
      vertex   -7.383819e-001 5.060000e+000 -1.750655e+000
      vertex   -6.022040e-001 5.060000e+000 -1.802041e+000
    endloop
  endfacet
  facet normal 2.803885e-001 1.770180e-003 9.598850e-001
    outer loop
      vertex   -5.034649e-001 5.710000e+000 -1.832082e+000
      vertex   -6.022040e-001 5.060000e+000 -1.802041e+000
      vertex   -4.624921e-001 5.060000e+000 -1.842851e+000
    endloop
  endfacet
  facet normal 2.060873e-001 1.770180e-003 9.785320e-001
    outer loop
      vertex   -3.617431e-001 5.710000e+000 -1.865246e+000
      vertex   -4.624921e-001 5.060000e+000 -1.842851e+000
      vertex   -3.200662e-001 5.060000e+000 -1.872847e+000
    endloop
  endfacet
  facet normal 1.305767e-001 1.770180e-003 9.914366e-001
    outer loop
      vertex   -2.178985e-001 5.710000e+000 -1.887464e+000
      vertex   -3.200662e-001 5.060000e+000 -1.872847e+000
      vertex   -1.757620e-001 5.060000e+000 -1.891853e+000
    endloop
  endfacet
  facet normal 5.429984e-002 1.770180e-003 9.985231e-001
    outer loop
      vertex   -7.277519e-002 5.710000e+000 -1.898606e+000
      vertex   -1.757620e-001 5.060000e+000 -1.891853e+000
      vertex   -3.042633e-002 5.060000e+000 -1.899756e+000
    endloop
  endfacet
  facet normal -2.229568e-002 1.770180e-003 9.997499e-001
    outer loop
      vertex   7.277519e-002 5.710000e+000 -1.898606e+000
      vertex   -3.042633e-002 5.060000e+000 -1.899756e+000
      vertex   1.150879e-001 5.060000e+000 -1.896511e+000
    endloop
  endfacet
  facet normal -9.876037e-002 1.770180e-003 9.951097e-001
    outer loop
      vertex   2.178985e-001 5.710000e+000 -1.887464e+000
      vertex   1.150879e-001 5.060000e+000 -1.896511e+000
      vertex   2.599267e-001 5.060000e+000 -1.882137e+000
    endloop
  endfacet
  facet normal -1.746455e-001 1.770180e-003 9.846298e-001
    outer loop
      vertex   3.617431e-001 5.710000e+000 -1.865246e+000
      vertex   2.599267e-001 5.060000e+000 -1.882137e+000
      vertex   4.032402e-001 5.060000e+000 -1.856717e+000
    endloop
  endfacet
  facet normal -2.495057e-001 1.770180e-003 9.683717e-001
    outer loop
      vertex   5.034649e-001 5.710000e+000 -1.832082e+000
      vertex   4.032402e-001 5.060000e+000 -1.856717e+000
      vertex   5.441873e-001 5.060000e+000 -1.820401e+000
    endloop
  endfacet
  facet normal -3.229017e-001 1.770180e-003 9.464308e-001
    outer loop
      vertex   6.422321e-001 5.710000e+000 -1.788166e+000
      vertex   5.441873e-001 5.060000e+000 -1.820401e+000
      vertex   6.819409e-001 5.060000e+000 -1.773403e+000
    endloop
  endfacet
  facet normal -3.944029e-001 1.770180e-003 9.189359e-001
    outer loop
      vertex   7.772304e-001 5.710000e+000 -1.733757e+000
      vertex   6.819409e-001 5.060000e+000 -1.773403e+000
      vertex   8.156926e-001 5.060000e+000 -1.715997e+000
    endloop
  endfacet
  facet normal -4.635895e-001 1.770180e-003 8.860483e-001
    outer loop
      vertex   9.076677e-001 5.710000e+000 -1.669173e+000
      vertex   8.156926e-001 5.060000e+000 -1.715997e+000
      vertex   9.446574e-001 5.060000e+000 -1.648521e+000
    endloop
  endfacet
  facet normal -5.300555e-001 1.770180e-003 8.479611e-001
    outer loop
      vertex   1.032778e+000 5.710000e+000 -1.594794e+000
      vertex   9.446574e-001 5.060000e+000 -1.648521e+000
      vertex   1.068079e+000 5.060000e+000 -1.571371e+000
    endloop
  endfacet
  facet normal -5.934110e-001 1.770180e-003 8.048976e-001
    outer loop
      vertex   1.151828e+000 5.710000e+000 -1.511056e+000
      vertex   1.068079e+000 5.060000e+000 -1.571371e+000
      vertex   1.185232e+000 5.060000e+000 -1.485000e+000
    endloop
  endfacet
  facet normal -6.532842e-001 1.770180e-003 7.571107e-001
    outer loop
      vertex   1.264119e+000 5.710000e+000 -1.418451e+000
      vertex   1.185232e+000 5.060000e+000 -1.485000e+000
      vertex   1.295430e+000 5.060000e+000 -1.389914e+000
    endloop
  endfacet
  facet normal -7.093236e-001 1.770180e-003 7.048808e-001
    outer loop
      vertex   1.368991e+000 5.710000e+000 -1.317522e+000
      vertex   1.295430e+000 5.060000e+000 -1.389914e+000
      vertex   1.398026e+000 5.060000e+000 -1.286672e+000
    endloop
  endfacet
  facet normal -7.612004e-001 1.770180e-003 6.485144e-001
    outer loop
      vertex   1.465829e+000 5.710000e+000 -1.208861e+000
      vertex   1.398026e+000 5.060000e+000 -1.286672e+000
      vertex   1.492417e+000 5.060000e+000 -1.175878e+000
    endloop
  endfacet
  facet normal -8.086101e-001 1.770180e-003 5.883422e-001
    outer loop
      vertex   1.554066e+000 5.710000e+000 -1.093105e+000
      vertex   1.492417e+000 5.060000e+000 -1.175878e+000
      vertex   1.578051e+000 5.060000e+000 -1.058185e+000
    endloop
  endfacet
  facet normal -8.512747e-001 1.770180e-003 5.247174e-001
    outer loop
      vertex   1.633182e+000 5.710000e+000 -9.709355e-001
      vertex   1.578051e+000 5.060000e+000 -1.058185e+000
      vertex   1.654424e+000 5.060000e+000 -9.342812e-001
    endloop
  endfacet
  facet normal -8.889436e-001 1.770180e-003 4.580133e-001
    outer loop
      vertex   1.702715e+000 5.710000e+000 -8.430677e-001
      vertex   1.654424e+000 5.060000e+000 -9.342812e-001
      vertex   1.721088e+000 5.060000e+000 -8.048949e-001
    endloop
  endfacet
  facet normal -9.213958e-001 1.770180e-003 3.886214e-001
    outer loop
      vertex   1.762255e+000 5.710000e+000 -7.102524e-001
      vertex   1.721088e+000 5.060000e+000 -8.048949e-001
      vertex   1.777652e+000 5.060000e+000 -6.707852e-001
    endloop
  endfacet
  facet normal -9.484409e-001 1.770180e-003 3.169490e-001
    outer loop
      vertex   1.811453e+000 5.710000e+000 -5.732691e-001
      vertex   1.777652e+000 5.060000e+000 -6.707852e-001
      vertex   1.823784e+000 5.060000e+000 -5.327390e-001
    endloop
  endfacet
  facet normal -9.699202e-001 1.770180e-003 2.434165e-001
    outer loop
      vertex   1.850021e+000 5.710000e+000 -4.329217e-001
      vertex   1.823784e+000 5.060000e+000 -5.327390e-001
      vertex   1.859214e+000 5.060000e+000 -3.915665e-001
    endloop
  endfacet
  facet normal -9.857076e-001 1.770180e-003 1.684556e-001
    outer loop
      vertex   1.877733e+000 5.710000e+000 -2.900336e-001
      vertex   1.859214e+000 5.060000e+000 -3.915665e-001
      vertex   1.883733e+000 5.060000e+000 -2.480961e-001
    endloop
  endfacet
  facet normal -9.957105e-001 1.770180e-003 9.250616e-002
    outer loop
      vertex   1.894425e+000 5.710000e+000 -1.454436e-001
      vertex   1.883733e+000 5.060000e+000 -2.480961e-001
      vertex   1.897197e+000 5.060000e+000 -1.031699e-001
    endloop
  endfacet
  facet normal -9.998702e-001 1.770180e-003 1.601383e-002
    outer loop
      vertex   1.900000e+000 5.710000e+000 -6.110866e-016
      vertex   1.897197e+000 5.060000e+000 -1.031699e-001
      vertex   1.899528e+000 5.060000e+000 4.236186e-002
    endloop
  endfacet
  facet normal -9.981622e-001 1.770180e-003 -6.057247e-002
    outer loop
      vertex   1.894425e+000 5.710000e+000 1.454436e-001
      vertex   1.899528e+000 5.060000e+000 4.236186e-002
      vertex   1.890711e+000 5.060000e+000 1.876450e-001
    endloop
  endfacet
  facet normal -9.905966e-001 1.770180e-003 -1.368033e-001
    outer loop
      vertex   1.877733e+000 5.710000e+000 2.900336e-001
      vertex   1.890711e+000 5.060000e+000 1.876450e-001
      vertex   1.870800e+000 5.060000e+000 3.318269e-001
    endloop
  endfacet
  facet normal -9.772178e-001 1.770180e-003 -2.122313e-001
    outer loop
      vertex   1.850021e+000 5.710000e+000 4.329217e-001
      vertex   1.870800e+000 5.060000e+000 3.318269e-001
      vertex   1.839909e+000 5.060000e+000 4.740616e-001
    endloop
  endfacet
  facet normal -9.581043e-001 1.770180e-003 -2.864139e-001
    outer loop
      vertex   1.811453e+000 5.710000e+000 5.732691e-001
      vertex   1.839909e+000 5.060000e+000 4.740616e-001
      vertex   1.798221e+000 5.060000e+000 6.135143e-001
    endloop
  endfacet
  facet normal -9.333683e-001 1.770180e-003 -3.589157e-001
    outer loop
      vertex   1.762255e+000 5.710000e+000 7.102524e-001
      vertex   1.798221e+000 5.060000e+000 6.135143e-001
      vertex   1.745981e+000 5.060000e+000 7.493666e-001
    endloop
  endfacet
  facet normal -9.031549e-001 1.770180e-003 -4.293112e-001
    outer loop
      vertex   1.702715e+000 5.710000e+000 8.430677e-001
      vertex   1.745981e+000 5.060000e+000 7.493666e-001
      vertex   1.683494e+000 5.060000e+000 8.808214e-001
    endloop
  endfacet
  facet normal -8.676414e-001 1.770180e-003 -4.971873e-001
    outer loop
      vertex   1.633182e+000 5.710000e+000 9.709355e-001
      vertex   1.683494e+000 5.060000e+000 8.808214e-001
      vertex   1.611129e+000 5.060000e+000 1.007107e+000
    endloop
  endfacet
  facet normal -8.270363e-001 1.770180e-003 -5.621458e-001
    outer loop
      vertex   1.554066e+000 5.710000e+000 1.093105e+000
      vertex   1.611129e+000 5.060000e+000 1.007107e+000
      vertex   1.529308e+000 5.060000e+000 1.127483e+000
    endloop
  endfacet
  facet normal -7.815777e-001 1.770180e-003 -6.238054e-001
    outer loop
      vertex   1.465829e+000 5.710000e+000 1.208861e+000
      vertex   1.529308e+000 5.060000e+000 1.127483e+000
      vertex   1.438513e+000 5.060000e+000 1.241242e+000
    endloop
  endfacet
  facet normal -7.315326e-001 1.770180e-003 -6.818042e-001
    outer loop
      vertex   1.368991e+000 5.710000e+000 1.317522e+000
      vertex   1.438513e+000 5.060000e+000 1.241242e+000
      vertex   1.339276e+000 5.060000e+000 1.347717e+000
    endloop
  endfacet
  facet normal -6.771945e-001 1.770180e-003 -7.358019e-001
    outer loop
      vertex   1.264119e+000 5.710000e+000 1.418451e+000
      vertex   1.339276e+000 5.060000e+000 1.347717e+000
      vertex   1.232179e+000 5.060000e+000 1.446283e+000
    endloop
  endfacet
  facet normal -6.188824e-001 1.770180e-003 -7.854817e-001
    outer loop
      vertex   1.151828e+000 5.710000e+000 1.511056e+000
      vertex   1.232179e+000 5.060000e+000 1.446283e+000
      vertex   1.117852e+000 5.060000e+000 1.536362e+000
    endloop
  endfacet
  facet normal -5.569385e-001 1.770180e-003 -8.305519e-001
    outer loop
      vertex   1.032778e+000 5.710000e+000 1.594794e+000
      vertex   1.117852e+000 5.060000e+000 1.536362e+000
      vertex   9.969645e-001 5.060000e+000 1.617424e+000
    endloop
  endfacet
  facet normal -4.917262e-001 1.770180e-003 -8.707481e-001
    outer loop
      vertex   9.076677e-001 5.710000e+000 1.669173e+000
      vertex   9.969645e-001 5.060000e+000 1.617424e+000
      vertex   8.702266e-001 5.060000e+000 1.688995e+000
    endloop
  endfacet
  facet normal -4.236282e-001 1.770180e-003 -9.058344e-001
    outer loop
      vertex   7.772304e-001 5.710000e+000 1.733757e+000
      vertex   8.702266e-001 5.060000e+000 1.688995e+000
      vertex   7.383819e-001 5.060000e+000 1.750655e+000
    endloop
  endfacet
  facet normal -3.530443e-001 1.770180e-003 -9.356049e-001
    outer loop
      vertex   6.422321e-001 5.710000e+000 1.788166e+000
      vertex   7.383819e-001 5.060000e+000 1.750655e+000
      vertex   6.022040e-001 5.060000e+000 1.802041e+000
    endloop
  endfacet
  facet normal -2.803885e-001 1.770180e-003 -9.598850e-001
    outer loop
      vertex   5.034649e-001 5.710000e+000 1.832082e+000
      vertex   6.022040e-001 5.060000e+000 1.802041e+000
      vertex   4.624921e-001 5.060000e+000 1.842851e+000
    endloop
  endfacet
  facet normal -2.060873e-001 1.770180e-003 -9.785320e-001
    outer loop
      vertex   3.617431e-001 5.710000e+000 1.865246e+000
      vertex   4.624921e-001 5.060000e+000 1.842851e+000
      vertex   3.200662e-001 5.060000e+000 1.872847e+000
    endloop
  endfacet
  facet normal -1.305767e-001 1.770180e-003 -9.914366e-001
    outer loop
      vertex   2.178985e-001 5.710000e+000 1.887464e+000
      vertex   3.200662e-001 5.060000e+000 1.872847e+000
      vertex   1.757620e-001 5.060000e+000 1.891853e+000
    endloop
  endfacet
  facet normal -5.429984e-002 1.770180e-003 -9.985231e-001
    outer loop
      vertex   7.277519e-002 5.710000e+000 1.898606e+000
      vertex   1.757620e-001 5.060000e+000 1.891853e+000
      vertex   3.042633e-002 5.060000e+000 1.899756e+000
    endloop
  endfacet
  facet normal 2.229568e-002 1.770180e-003 -9.997499e-001
    outer loop
      vertex   -7.277519e-002 5.710000e+000 1.898606e+000
      vertex   3.042633e-002 5.060000e+000 1.899756e+000
      vertex   -1.150879e-001 5.060000e+000 1.896511e+000
    endloop
  endfacet
  facet normal 9.876037e-002 1.770180e-003 -9.951097e-001
    outer loop
      vertex   -2.178985e-001 5.710000e+000 1.887464e+000
      vertex   -1.150879e-001 5.060000e+000 1.896511e+000
      vertex   -2.599267e-001 5.060000e+000 1.882137e+000
    endloop
  endfacet
  facet normal 1.746455e-001 1.770180e-003 -9.846298e-001
    outer loop
      vertex   -3.617431e-001 5.710000e+000 1.865246e+000
      vertex   -2.599267e-001 5.060000e+000 1.882137e+000
      vertex   -4.032402e-001 5.060000e+000 1.856717e+000
    endloop
  endfacet
  facet normal 2.495057e-001 1.770180e-003 -9.683717e-001
    outer loop
      vertex   -5.034649e-001 5.710000e+000 1.832082e+000
      vertex   -4.032402e-001 5.060000e+000 1.856717e+000
      vertex   -5.441873e-001 5.060000e+000 1.820401e+000
    endloop
  endfacet
  facet normal 3.229017e-001 1.770180e-003 -9.464308e-001
    outer loop
      vertex   -6.422321e-001 5.710000e+000 1.788166e+000
      vertex   -5.441873e-001 5.060000e+000 1.820401e+000
      vertex   -6.819409e-001 5.060000e+000 1.773403e+000
    endloop
  endfacet
  facet normal 3.944029e-001 1.770180e-003 -9.189359e-001
    outer loop
      vertex   -7.772304e-001 5.710000e+000 1.733757e+000
      vertex   -6.819409e-001 5.060000e+000 1.773403e+000
      vertex   -8.156926e-001 5.060000e+000 1.715997e+000
    endloop
  endfacet
  facet normal 4.635895e-001 1.770180e-003 -8.860483e-001
    outer loop
      vertex   -9.076677e-001 5.710000e+000 1.669173e+000
      vertex   -8.156926e-001 5.060000e+000 1.715997e+000
      vertex   -9.446574e-001 5.060000e+000 1.648521e+000
    endloop
  endfacet
  facet normal 5.300555e-001 1.770180e-003 -8.479611e-001
    outer loop
      vertex   -1.032778e+000 5.710000e+000 1.594794e+000
      vertex   -9.446574e-001 5.060000e+000 1.648521e+000
      vertex   -1.068079e+000 5.060000e+000 1.571371e+000
    endloop
  endfacet
  facet normal 5.934110e-001 1.770180e-003 -8.048976e-001
    outer loop
      vertex   -1.151828e+000 5.710000e+000 1.511056e+000
      vertex   -1.068079e+000 5.060000e+000 1.571371e+000
      vertex   -1.185232e+000 5.060000e+000 1.485000e+000
    endloop
  endfacet
  facet normal 6.362414e-001 -1.770180e-003 -7.714880e-001
    outer loop
      vertex   -1.264119e+000 5.710000e+000 1.418451e+000
      vertex   -1.151828e+000 5.710000e+000 1.511056e+000
      vertex   -1.185232e+000 5.060000e+000 1.485000e+000
    endloop
  endfacet
  facet normal 7.952916e-001 -1.770180e-003 -6.062245e-001
    outer loop
      vertex   -1.465829e+000 5.710000e+000 1.208861e+000
      vertex   -1.492417e+000 5.060000e+000 1.175878e+000
      vertex   -1.554066e+000 5.710000e+000 1.093105e+000
    endloop
  endfacet
  facet normal 8.393641e-001 -1.770180e-003 -5.435667e-001
    outer loop
      vertex   -1.554066e+000 5.710000e+000 1.093105e+000
      vertex   -1.578051e+000 5.060000e+000 1.058185e+000
      vertex   -1.633182e+000 5.710000e+000 9.709355e-001
    endloop
  endfacet
  facet normal 8.785109e-001 -1.770180e-003 -4.777191e-001
    outer loop
      vertex   -1.633182e+000 5.710000e+000 9.709355e-001
      vertex   -1.654424e+000 5.060000e+000 9.342812e-001
      vertex   -1.702715e+000 5.710000e+000 8.430677e-001
    endloop
  endfacet
  facet normal 9.125022e-001 -1.770180e-003 -4.090680e-001
    outer loop
      vertex   -1.702715e+000 5.710000e+000 8.430677e-001
      vertex   -1.721088e+000 5.060000e+000 8.048949e-001
      vertex   -1.762255e+000 5.710000e+000 7.102524e-001
    endloop
  endfacet
  facet normal 9.411386e-001 -1.770180e-003 -3.380163e-001
    outer loop
      vertex   -1.762255e+000 5.710000e+000 7.102524e-001
      vertex   -1.777652e+000 5.060000e+000 6.707852e-001
      vertex   -1.811453e+000 5.710000e+000 5.732691e-001
    endloop
  endfacet
  facet normal 9.642520e-001 -1.770180e-003 -2.649811e-001
    outer loop
      vertex   -1.811453e+000 5.710000e+000 5.732691e-001
      vertex   -1.823784e+000 5.060000e+000 5.327390e-001
      vertex   -1.850021e+000 5.710000e+000 4.329217e-001
    endloop
  endfacet
  facet normal 9.817068e-001 -1.770180e-003 -1.903908e-001
    outer loop
      vertex   -1.850021e+000 5.710000e+000 4.329217e-001
      vertex   -1.859214e+000 5.060000e+000 3.915665e-001
      vertex   -1.877733e+000 5.710000e+000 2.900336e-001
    endloop
  endfacet
  facet normal 9.934005e-001 -1.770180e-003 -1.146832e-001
    outer loop
      vertex   -1.877733e+000 5.710000e+000 2.900336e-001
      vertex   -1.883733e+000 5.060000e+000 2.480961e-001
      vertex   -1.894425e+000 5.710000e+000 1.454436e-001
    endloop
  endfacet
  facet normal 9.992646e-001 -1.770180e-003 -3.830267e-002
    outer loop
      vertex   -1.894425e+000 5.710000e+000 1.454436e-001
      vertex   -1.897197e+000 5.060000e+000 1.031699e-001
      vertex   -1.900000e+000 5.710000e+000 0.000000e+000
    endloop
  endfacet
  facet normal 9.992646e-001 -1.770180e-003 3.830267e-002
    outer loop
      vertex   -1.900000e+000 5.710000e+000 0.000000e+000
      vertex   -1.899528e+000 5.060000e+000 -4.236186e-002
      vertex   -1.894425e+000 5.710000e+000 -1.454436e-001
    endloop
  endfacet
  facet normal 9.934005e-001 -1.770180e-003 1.146832e-001
    outer loop
      vertex   -1.894425e+000 5.710000e+000 -1.454436e-001
      vertex   -1.890711e+000 5.060000e+000 -1.876450e-001
      vertex   -1.877733e+000 5.710000e+000 -2.900336e-001
    endloop
  endfacet
  facet normal 9.817068e-001 -1.770180e-003 1.903908e-001
    outer loop
      vertex   -1.877733e+000 5.710000e+000 -2.900336e-001
      vertex   -1.870800e+000 5.060000e+000 -3.318269e-001
      vertex   -1.850021e+000 5.710000e+000 -4.329217e-001
    endloop
  endfacet
  facet normal 9.642520e-001 -1.770180e-003 2.649811e-001
    outer loop
      vertex   -1.850021e+000 5.710000e+000 -4.329217e-001
      vertex   -1.839909e+000 5.060000e+000 -4.740616e-001
      vertex   -1.811453e+000 5.710000e+000 -5.732691e-001
    endloop
  endfacet
  facet normal 9.411386e-001 -1.770180e-003 3.380163e-001
    outer loop
      vertex   -1.811453e+000 5.710000e+000 -5.732691e-001
      vertex   -1.798221e+000 5.060000e+000 -6.135143e-001
      vertex   -1.762255e+000 5.710000e+000 -7.102524e-001
    endloop
  endfacet
  facet normal 9.125022e-001 -1.770180e-003 4.090680e-001
    outer loop
      vertex   -1.762255e+000 5.710000e+000 -7.102524e-001
      vertex   -1.745981e+000 5.060000e+000 -7.493666e-001
      vertex   -1.702715e+000 5.710000e+000 -8.430677e-001
    endloop
  endfacet
  facet normal 8.785109e-001 -1.770180e-003 4.777191e-001
    outer loop
      vertex   -1.702715e+000 5.710000e+000 -8.430677e-001
      vertex   -1.683494e+000 5.060000e+000 -8.808214e-001
      vertex   -1.633182e+000 5.710000e+000 -9.709355e-001
    endloop
  endfacet
  facet normal 8.393641e-001 -1.770180e-003 5.435667e-001
    outer loop
      vertex   -1.633182e+000 5.710000e+000 -9.709355e-001
      vertex   -1.611129e+000 5.060000e+000 -1.007107e+000
      vertex   -1.554066e+000 5.710000e+000 -1.093105e+000
    endloop
  endfacet
  facet normal 7.952916e-001 -1.770180e-003 6.062245e-001
    outer loop
      vertex   -1.554066e+000 5.710000e+000 -1.093105e+000
      vertex   -1.529308e+000 5.060000e+000 -1.127483e+000
      vertex   -1.465829e+000 5.710000e+000 -1.208861e+000
    endloop
  endfacet
  facet normal 7.465521e-001 -1.770180e-003 6.653247e-001
    outer loop
      vertex   -1.465829e+000 5.710000e+000 -1.208861e+000
      vertex   -1.438513e+000 5.060000e+000 -1.241242e+000
      vertex   -1.368991e+000 5.710000e+000 -1.317522e+000
    endloop
  endfacet
  facet normal 6.934314e-001 -1.770180e-003 7.205205e-001
    outer loop
      vertex   -1.368991e+000 5.710000e+000 -1.317522e+000
      vertex   -1.339276e+000 5.060000e+000 -1.347717e+000
      vertex   -1.264119e+000 5.710000e+000 -1.418451e+000
    endloop
  endfacet
  facet normal 6.362414e-001 -1.770180e-003 7.714880e-001
    outer loop
      vertex   -1.264119e+000 5.710000e+000 -1.418451e+000
      vertex   -1.232179e+000 5.060000e+000 -1.446283e+000
      vertex   -1.151828e+000 5.710000e+000 -1.511056e+000
    endloop
  endfacet
  facet normal 5.753178e-001 -1.770180e-003 8.179281e-001
    outer loop
      vertex   -1.151828e+000 5.710000e+000 -1.511056e+000
      vertex   -1.117852e+000 5.060000e+000 -1.536362e+000
      vertex   -1.032778e+000 5.710000e+000 -1.594794e+000
    endloop
  endfacet
  facet normal 5.110179e-001 -1.770180e-003 8.595683e-001
    outer loop
      vertex   -1.032778e+000 5.710000e+000 -1.594794e+000
      vertex   -9.969645e-001 5.060000e+000 -1.617424e+000
      vertex   -9.076677e-001 5.710000e+000 -1.669173e+000
    endloop
  endfacet
  facet normal 4.437191e-001 -1.770180e-003 8.961642e-001
    outer loop
      vertex   -9.076677e-001 5.710000e+000 -1.669173e+000
      vertex   -8.702266e-001 5.060000e+000 -1.688995e+000
      vertex   -7.772304e-001 5.710000e+000 -1.733757e+000
    endloop
  endfacet
  facet normal 3.738165e-001 -1.770180e-003 9.275010e-001
    outer loop
      vertex   -7.772304e-001 5.710000e+000 -1.733757e+000
      vertex   -7.383819e-001 5.060000e+000 -1.750655e+000
      vertex   -6.422321e-001 5.710000e+000 -1.788166e+000
    endloop
  endfacet
  facet normal 3.017201e-001 -1.770180e-003 9.533949e-001
    outer loop
      vertex   -6.422321e-001 5.710000e+000 -1.788166e+000
      vertex   -6.022040e-001 5.060000e+000 -1.802041e+000
      vertex   -5.034649e-001 5.710000e+000 -1.832082e+000
    endloop
  endfacet
  facet normal 2.278532e-001 -1.770180e-003 9.736939e-001
    outer loop
      vertex   -5.034649e-001 5.710000e+000 -1.832082e+000
      vertex   -4.624921e-001 5.060000e+000 -1.842851e+000
      vertex   -3.617431e-001 5.710000e+000 -1.865246e+000
    endloop
  endfacet
  facet normal 1.526490e-001 -1.770180e-003 9.882789e-001
    outer loop
      vertex   -3.617431e-001 5.710000e+000 -1.865246e+000
      vertex   -3.200662e-001 5.060000e+000 -1.872847e+000
      vertex   -2.178985e-001 5.710000e+000 -1.887464e+000
    endloop
  endfacet
  facet normal 7.654913e-002 -1.770180e-003 9.970642e-001
    outer loop
      vertex   -2.178985e-001 5.710000e+000 -1.887464e+000
      vertex   -1.757620e-001 5.060000e+000 -1.891853e+000
      vertex   -7.277519e-002 5.710000e+000 -1.898606e+000
    endloop
  endfacet
  facet normal 4.354782e-017 -1.770180e-003 9.999984e-001
    outer loop
      vertex   -7.277519e-002 5.710000e+000 -1.898606e+000
      vertex   -3.042633e-002 5.060000e+000 -1.899756e+000
      vertex   7.277519e-002 5.710000e+000 -1.898606e+000
    endloop
  endfacet
  facet normal -7.654913e-002 -1.770180e-003 9.970642e-001
    outer loop
      vertex   7.277519e-002 5.710000e+000 -1.898606e+000
      vertex   1.150879e-001 5.060000e+000 -1.896511e+000
      vertex   2.178985e-001 5.710000e+000 -1.887464e+000
    endloop
  endfacet
  facet normal -1.526490e-001 -1.770180e-003 9.882789e-001
    outer loop
      vertex   2.178985e-001 5.710000e+000 -1.887464e+000
      vertex   2.599267e-001 5.060000e+000 -1.882137e+000
      vertex   3.617431e-001 5.710000e+000 -1.865246e+000
    endloop
  endfacet
  facet normal -2.278532e-001 -1.770180e-003 9.736939e-001
    outer loop
      vertex   3.617431e-001 5.710000e+000 -1.865246e+000
      vertex   4.032402e-001 5.060000e+000 -1.856717e+000
      vertex   5.034649e-001 5.710000e+000 -1.832082e+000
    endloop
  endfacet
  facet normal -3.017201e-001 -1.770180e-003 9.533949e-001
    outer loop
      vertex   5.034649e-001 5.710000e+000 -1.832082e+000
      vertex   5.441873e-001 5.060000e+000 -1.820401e+000
      vertex   6.422321e-001 5.710000e+000 -1.788166e+000
    endloop
  endfacet
  facet normal -3.738165e-001 -1.770180e-003 9.275010e-001
    outer loop
      vertex   6.422321e-001 5.710000e+000 -1.788166e+000
      vertex   6.819409e-001 5.060000e+000 -1.773403e+000
      vertex   7.772304e-001 5.710000e+000 -1.733757e+000
    endloop
  endfacet
  facet normal -4.437191e-001 -1.770180e-003 8.961642e-001
    outer loop
      vertex   7.772304e-001 5.710000e+000 -1.733757e+000
      vertex   8.156926e-001 5.060000e+000 -1.715997e+000
      vertex   9.076677e-001 5.710000e+000 -1.669173e+000
    endloop
  endfacet
  facet normal -5.110179e-001 -1.770180e-003 8.595683e-001
    outer loop
      vertex   9.076677e-001 5.710000e+000 -1.669173e+000
      vertex   9.446574e-001 5.060000e+000 -1.648521e+000
      vertex   1.032778e+000 5.710000e+000 -1.594794e+000
    endloop
  endfacet
  facet normal -5.753178e-001 -1.770180e-003 8.179281e-001
    outer loop
      vertex   1.032778e+000 5.710000e+000 -1.594794e+000
      vertex   1.068079e+000 5.060000e+000 -1.571371e+000
      vertex   1.151828e+000 5.710000e+000 -1.511056e+000
    endloop
  endfacet
  facet normal -6.362414e-001 -1.770180e-003 7.714880e-001
    outer loop
      vertex   1.151828e+000 5.710000e+000 -1.511056e+000
      vertex   1.185232e+000 5.060000e+000 -1.485000e+000
      vertex   1.264119e+000 5.710000e+000 -1.418451e+000
    endloop
  endfacet
  facet normal -6.934314e-001 -1.770180e-003 7.205205e-001
    outer loop
      vertex   1.264119e+000 5.710000e+000 -1.418451e+000
      vertex   1.295430e+000 5.060000e+000 -1.389914e+000
      vertex   1.368991e+000 5.710000e+000 -1.317522e+000
    endloop
  endfacet
  facet normal -7.465521e-001 -1.770180e-003 6.653247e-001
    outer loop
      vertex   1.368991e+000 5.710000e+000 -1.317522e+000
      vertex   1.398026e+000 5.060000e+000 -1.286672e+000
      vertex   1.465829e+000 5.710000e+000 -1.208861e+000
    endloop
  endfacet
  facet normal -7.952916e-001 -1.770180e-003 6.062245e-001
    outer loop
      vertex   1.465829e+000 5.710000e+000 -1.208861e+000
      vertex   1.492417e+000 5.060000e+000 -1.175878e+000
      vertex   1.554066e+000 5.710000e+000 -1.093105e+000
    endloop
  endfacet
  facet normal -8.393641e-001 -1.770180e-003 5.435667e-001
    outer loop
      vertex   1.554066e+000 5.710000e+000 -1.093105e+000
      vertex   1.578051e+000 5.060000e+000 -1.058185e+000
      vertex   1.633182e+000 5.710000e+000 -9.709355e-001
    endloop
  endfacet
  facet normal -8.785109e-001 -1.770180e-003 4.777191e-001
    outer loop
      vertex   1.633182e+000 5.710000e+000 -9.709355e-001
      vertex   1.654424e+000 5.060000e+000 -9.342812e-001
      vertex   1.702715e+000 5.710000e+000 -8.430677e-001
    endloop
  endfacet
  facet normal -9.125022e-001 -1.770180e-003 4.090680e-001
    outer loop
      vertex   1.702715e+000 5.710000e+000 -8.430677e-001
      vertex   1.721088e+000 5.060000e+000 -8.048949e-001
      vertex   1.762255e+000 5.710000e+000 -7.102524e-001
    endloop
  endfacet
  facet normal -9.411386e-001 -1.770180e-003 3.380163e-001
    outer loop
      vertex   1.762255e+000 5.710000e+000 -7.102524e-001
      vertex   1.777652e+000 5.060000e+000 -6.707852e-001
      vertex   1.811453e+000 5.710000e+000 -5.732691e-001
    endloop
  endfacet
  facet normal -9.642520e-001 -1.770180e-003 2.649811e-001
    outer loop
      vertex   1.811453e+000 5.710000e+000 -5.732691e-001
      vertex   1.823784e+000 5.060000e+000 -5.327390e-001
      vertex   1.850021e+000 5.710000e+000 -4.329217e-001
    endloop
  endfacet
  facet normal -9.817068e-001 -1.770180e-003 1.903908e-001
    outer loop
      vertex   1.850021e+000 5.710000e+000 -4.329217e-001
      vertex   1.859214e+000 5.060000e+000 -3.915665e-001
      vertex   1.877733e+000 5.710000e+000 -2.900336e-001
    endloop
  endfacet
  facet normal -9.934005e-001 -1.770180e-003 1.146832e-001
    outer loop
      vertex   1.877733e+000 5.710000e+000 -2.900336e-001
      vertex   1.883733e+000 5.060000e+000 -2.480961e-001
      vertex   1.894425e+000 5.710000e+000 -1.454436e-001
    endloop
  endfacet
  facet normal -9.992646e-001 -1.770180e-003 3.830267e-002
    outer loop
      vertex   1.894425e+000 5.710000e+000 -1.454436e-001
      vertex   1.897197e+000 5.060000e+000 -1.031699e-001
      vertex   1.900000e+000 5.710000e+000 -6.110866e-016
    endloop
  endfacet
  facet normal -9.992646e-001 -1.770180e-003 -3.830267e-002
    outer loop
      vertex   1.900000e+000 5.710000e+000 -6.110866e-016
      vertex   1.899528e+000 5.060000e+000 4.236186e-002
      vertex   1.894425e+000 5.710000e+000 1.454436e-001
    endloop
  endfacet
  facet normal -9.934005e-001 -1.770180e-003 -1.146832e-001
    outer loop
      vertex   1.894425e+000 5.710000e+000 1.454436e-001
      vertex   1.890711e+000 5.060000e+000 1.876450e-001
      vertex   1.877733e+000 5.710000e+000 2.900336e-001
    endloop
  endfacet
  facet normal -9.817068e-001 -1.770180e-003 -1.903908e-001
    outer loop
      vertex   1.877733e+000 5.710000e+000 2.900336e-001
      vertex   1.870800e+000 5.060000e+000 3.318269e-001
      vertex   1.850021e+000 5.710000e+000 4.329217e-001
    endloop
  endfacet
  facet normal -9.642520e-001 -1.770180e-003 -2.649811e-001
    outer loop
      vertex   1.850021e+000 5.710000e+000 4.329217e-001
      vertex   1.839909e+000 5.060000e+000 4.740616e-001
      vertex   1.811453e+000 5.710000e+000 5.732691e-001
    endloop
  endfacet
  facet normal -9.411386e-001 -1.770180e-003 -3.380163e-001
    outer loop
      vertex   1.811453e+000 5.710000e+000 5.732691e-001
      vertex   1.798221e+000 5.060000e+000 6.135143e-001
      vertex   1.762255e+000 5.710000e+000 7.102524e-001
    endloop
  endfacet
  facet normal -9.125022e-001 -1.770180e-003 -4.090680e-001
    outer loop
      vertex   1.762255e+000 5.710000e+000 7.102524e-001
      vertex   1.745981e+000 5.060000e+000 7.493666e-001
      vertex   1.702715e+000 5.710000e+000 8.430677e-001
    endloop
  endfacet
  facet normal -8.785109e-001 -1.770180e-003 -4.777191e-001
    outer loop
      vertex   1.702715e+000 5.710000e+000 8.430677e-001
      vertex   1.683494e+000 5.060000e+000 8.808214e-001
      vertex   1.633182e+000 5.710000e+000 9.709355e-001
    endloop
  endfacet
  facet normal -8.393641e-001 -1.770180e-003 -5.435667e-001
    outer loop
      vertex   1.633182e+000 5.710000e+000 9.709355e-001
      vertex   1.611129e+000 5.060000e+000 1.007107e+000
      vertex   1.554066e+000 5.710000e+000 1.093105e+000
    endloop
  endfacet
  facet normal -7.952916e-001 -1.770180e-003 -6.062245e-001
    outer loop
      vertex   1.554066e+000 5.710000e+000 1.093105e+000
      vertex   1.529308e+000 5.060000e+000 1.127483e+000
      vertex   1.465829e+000 5.710000e+000 1.208861e+000
    endloop
  endfacet
  facet normal -7.465521e-001 -1.770180e-003 -6.653247e-001
    outer loop
      vertex   1.465829e+000 5.710000e+000 1.208861e+000
      vertex   1.438513e+000 5.060000e+000 1.241242e+000
      vertex   1.368991e+000 5.710000e+000 1.317522e+000
    endloop
  endfacet
  facet normal -6.934314e-001 -1.770180e-003 -7.205205e-001
    outer loop
      vertex   1.368991e+000 5.710000e+000 1.317522e+000
      vertex   1.339276e+000 5.060000e+000 1.347717e+000
      vertex   1.264119e+000 5.710000e+000 1.418451e+000
    endloop
  endfacet
  facet normal -6.362414e-001 -1.770180e-003 -7.714880e-001
    outer loop
      vertex   1.264119e+000 5.710000e+000 1.418451e+000
      vertex   1.232179e+000 5.060000e+000 1.446283e+000
      vertex   1.151828e+000 5.710000e+000 1.511056e+000
    endloop
  endfacet
  facet normal -5.753178e-001 -1.770180e-003 -8.179281e-001
    outer loop
      vertex   1.151828e+000 5.710000e+000 1.511056e+000
      vertex   1.117852e+000 5.060000e+000 1.536362e+000
      vertex   1.032778e+000 5.710000e+000 1.594794e+000
    endloop
  endfacet
  facet normal -5.110179e-001 -1.770180e-003 -8.595683e-001
    outer loop
      vertex   1.032778e+000 5.710000e+000 1.594794e+000
      vertex   9.969645e-001 5.060000e+000 1.617424e+000
      vertex   9.076677e-001 5.710000e+000 1.669173e+000
    endloop
  endfacet
  facet normal -4.437191e-001 -1.770180e-003 -8.961642e-001
    outer loop
      vertex   9.076677e-001 5.710000e+000 1.669173e+000
      vertex   8.702266e-001 5.060000e+000 1.688995e+000
      vertex   7.772304e-001 5.710000e+000 1.733757e+000
    endloop
  endfacet
  facet normal -3.738165e-001 -1.770180e-003 -9.275010e-001
    outer loop
      vertex   7.772304e-001 5.710000e+000 1.733757e+000
      vertex   7.383819e-001 5.060000e+000 1.750655e+000
      vertex   6.422321e-001 5.710000e+000 1.788166e+000
    endloop
  endfacet
  facet normal -3.017201e-001 -1.770180e-003 -9.533949e-001
    outer loop
      vertex   6.422321e-001 5.710000e+000 1.788166e+000
      vertex   6.022040e-001 5.060000e+000 1.802041e+000
      vertex   5.034649e-001 5.710000e+000 1.832082e+000
    endloop
  endfacet
  facet normal -2.278532e-001 -1.770180e-003 -9.736939e-001
    outer loop
      vertex   5.034649e-001 5.710000e+000 1.832082e+000
      vertex   4.624921e-001 5.060000e+000 1.842851e+000
      vertex   3.617431e-001 5.710000e+000 1.865246e+000
    endloop
  endfacet
  facet normal -1.526490e-001 -1.770180e-003 -9.882789e-001
    outer loop
      vertex   3.617431e-001 5.710000e+000 1.865246e+000
      vertex   3.200662e-001 5.060000e+000 1.872847e+000
      vertex   2.178985e-001 5.710000e+000 1.887464e+000
    endloop
  endfacet
  facet normal -7.654913e-002 -1.770180e-003 -9.970642e-001
    outer loop
      vertex   2.178985e-001 5.710000e+000 1.887464e+000
      vertex   1.757620e-001 5.060000e+000 1.891853e+000
      vertex   7.277519e-002 5.710000e+000 1.898606e+000
    endloop
  endfacet
  facet normal 4.354782e-017 -1.770180e-003 -9.999984e-001
    outer loop
      vertex   7.277519e-002 5.710000e+000 1.898606e+000
      vertex   3.042633e-002 5.060000e+000 1.899756e+000
      vertex   -7.277519e-002 5.710000e+000 1.898606e+000
    endloop
  endfacet
  facet normal 7.654913e-002 -1.770180e-003 -9.970642e-001
    outer loop
      vertex   -7.277519e-002 5.710000e+000 1.898606e+000
      vertex   -1.150879e-001 5.060000e+000 1.896511e+000
      vertex   -2.178985e-001 5.710000e+000 1.887464e+000
    endloop
  endfacet
  facet normal 1.526490e-001 -1.770180e-003 -9.882789e-001
    outer loop
      vertex   -2.178985e-001 5.710000e+000 1.887464e+000
      vertex   -2.599267e-001 5.060000e+000 1.882137e+000
      vertex   -3.617431e-001 5.710000e+000 1.865246e+000
    endloop
  endfacet
  facet normal 2.278532e-001 -1.770180e-003 -9.736939e-001
    outer loop
      vertex   -3.617431e-001 5.710000e+000 1.865246e+000
      vertex   -4.032402e-001 5.060000e+000 1.856717e+000
      vertex   -5.034649e-001 5.710000e+000 1.832082e+000
    endloop
  endfacet
  facet normal 3.017201e-001 -1.770180e-003 -9.533949e-001
    outer loop
      vertex   -5.034649e-001 5.710000e+000 1.832082e+000
      vertex   -5.441873e-001 5.060000e+000 1.820401e+000
      vertex   -6.422321e-001 5.710000e+000 1.788166e+000
    endloop
  endfacet
  facet normal 3.738165e-001 -1.770180e-003 -9.275010e-001
    outer loop
      vertex   -6.422321e-001 5.710000e+000 1.788166e+000
      vertex   -6.819409e-001 5.060000e+000 1.773403e+000
      vertex   -7.772304e-001 5.710000e+000 1.733757e+000
    endloop
  endfacet
  facet normal 4.437191e-001 -1.770180e-003 -8.961642e-001
    outer loop
      vertex   -7.772304e-001 5.710000e+000 1.733757e+000
      vertex   -8.156926e-001 5.060000e+000 1.715997e+000
      vertex   -9.076677e-001 5.710000e+000 1.669173e+000
    endloop
  endfacet
  facet normal 5.110179e-001 -1.770180e-003 -8.595683e-001
    outer loop
      vertex   -9.076677e-001 5.710000e+000 1.669173e+000
      vertex   -9.446574e-001 5.060000e+000 1.648521e+000
      vertex   -1.032778e+000 5.710000e+000 1.594794e+000
    endloop
  endfacet
  facet normal 5.753178e-001 -1.770180e-003 -8.179281e-001
    outer loop
      vertex   -1.032778e+000 5.710000e+000 1.594794e+000
      vertex   -1.068079e+000 5.060000e+000 1.571371e+000
      vertex   -1.151828e+000 5.710000e+000 1.511056e+000
    endloop
  endfacet
  facet normal 2.091766e-014 -1.000000e+000 2.082771e-014
    outer loop
      vertex   1.319348e+000 5.710000e+000 -1.222556e-001
      vertex   1.894425e+000 5.710000e+000 -1.454436e-001
      vertex   1.325000e+000 5.710000e+000 1.622657e-016
    endloop
  endfacet
  facet normal 1.998483e-014 -1.000000e+000 -2.307151e-015
    outer loop
      vertex   1.319348e+000 5.710000e+000 -1.222556e-001
      vertex   1.877733e+000 5.710000e+000 -2.900336e-001
      vertex   1.894425e+000 5.710000e+000 -1.454436e-001
    endloop
  endfacet
  facet normal 1.984623e-014 -1.000000e+000 -2.768431e-015
    outer loop
      vertex   1.319348e+000 5.710000e+000 -1.222556e-001
      vertex   1.302439e+000 5.710000e+000 -2.434681e-001
      vertex   1.877733e+000 5.710000e+000 -2.900336e-001
    endloop
  endfacet
  facet normal 2.025548e-014 -1.000000e+000 2.287587e-015
    outer loop
      vertex   1.877733e+000 5.710000e+000 -2.900336e-001
      vertex   1.302439e+000 5.710000e+000 -2.434681e-001
      vertex   1.850021e+000 5.710000e+000 -4.329217e-001
    endloop
  endfacet
  facet normal 1.977352e-014 -1.000000e+000 8.945677e-016
    outer loop
      vertex   1.850021e+000 5.710000e+000 -4.329217e-001
      vertex   1.302439e+000 5.710000e+000 -2.434681e-001
      vertex   1.811453e+000 5.710000e+000 -5.732691e-001
    endloop
  endfacet
  facet normal 1.897852e-014 -1.000000e+000 -3.324215e-016
    outer loop
      vertex   1.811453e+000 5.710000e+000 -5.732691e-001
      vertex   1.302439e+000 5.710000e+000 -2.434681e-001
      vertex   1.762255e+000 5.710000e+000 -7.102524e-001
    endloop
  endfacet
  facet normal 1.794027e-014 -1.000000e+000 -1.355170e-015
    outer loop
      vertex   1.762255e+000 5.710000e+000 -7.102524e-001
      vertex   1.302439e+000 5.710000e+000 -2.434681e-001
      vertex   1.702715e+000 5.710000e+000 -8.430677e-001
    endloop
  endfacet
  facet normal 2.247379e-014 -1.000000e+000 1.671275e-015
    outer loop
      vertex   1.702715e+000 5.710000e+000 -8.430677e-001
      vertex   1.302439e+000 5.710000e+000 -2.434681e-001
      vertex   1.633182e+000 5.710000e+000 -9.709355e-001
    endloop
  endfacet
  facet normal 2.319590e-014 -1.000000e+000 1.999579e-015
    outer loop
      vertex   1.633182e+000 5.710000e+000 -9.709355e-001
      vertex   1.302439e+000 5.710000e+000 -2.434681e-001
      vertex   1.274419e+000 5.710000e+000 -3.626035e-001
    endloop
  endfacet
  facet normal 2.090368e-014 -1.000000e+000 6.477481e-016
    outer loop
      vertex   1.235526e+000 5.710000e+000 -4.786452e-001
      vertex   1.633182e+000 5.710000e+000 -9.709355e-001
      vertex   1.274419e+000 5.710000e+000 -3.626035e-001
    endloop
  endfacet
  facet normal 1.934723e-014 -1.000000e+000 -6.095056e-016
    outer loop
      vertex   1.235526e+000 5.710000e+000 -4.786452e-001
      vertex   1.186091e+000 5.710000e+000 -5.906033e-001
      vertex   1.633182e+000 5.710000e+000 -9.709355e-001
    endloop
  endfacet
  facet normal 2.078455e-014 -1.000000e+000 1.080107e-015
    outer loop
      vertex   1.633182e+000 5.710000e+000 -9.709355e-001
      vertex   1.186091e+000 5.710000e+000 -5.906033e-001
      vertex   1.554066e+000 5.710000e+000 -1.093105e+000
    endloop
  endfacet
  facet normal 1.741056e-014 -1.000000e+000 -1.390617e-015
    outer loop
      vertex   1.554066e+000 5.710000e+000 -1.093105e+000
      vertex   1.186091e+000 5.710000e+000 -5.906033e-001
      vertex   1.126538e+000 5.710000e+000 -6.975226e-001
    endloop
  endfacet
  facet normal 2.140730e-014 -1.000000e+000 2.928879e-015
    outer loop
      vertex   1.057373e+000 5.710000e+000 -7.984909e-001
      vertex   1.554066e+000 5.710000e+000 -1.093105e+000
      vertex   1.126538e+000 5.710000e+000 -6.975226e-001
    endloop
  endfacet
  facet normal 1.981380e-014 -1.000000e+000 2.424007e-016
    outer loop
      vertex   1.057373e+000 5.710000e+000 -7.984909e-001
      vertex   1.465829e+000 5.710000e+000 -1.208861e+000
      vertex   1.554066e+000 5.710000e+000 -1.093105e+000
    endloop
  endfacet
  facet normal 2.100268e-014 -1.000000e+000 1.425733e-015
    outer loop
      vertex   1.057373e+000 5.710000e+000 -7.984909e-001
      vertex   9.791868e-001 5.710000e+000 -8.926467e-001
      vertex   1.465829e+000 5.710000e+000 -1.208861e+000
    endloop
  endfacet
  facet normal 1.944082e-014 -1.000000e+000 -9.779157e-016
    outer loop
      vertex   1.465829e+000 5.710000e+000 -1.208861e+000
      vertex   9.791868e-001 5.710000e+000 -8.926467e-001
      vertex   1.368991e+000 5.710000e+000 -1.317522e+000
    endloop
  endfacet
  facet normal 2.310939e-014 -1.000000e+000 2.387836e-015
    outer loop
      vertex   1.368991e+000 5.710000e+000 -1.317522e+000
      vertex   9.791868e-001 5.710000e+000 -8.926467e-001
      vertex   1.264119e+000 5.710000e+000 -1.418451e+000
    endloop
  endfacet
  facet normal 1.988556e-014 -1.000000e+000 6.408486e-016
    outer loop
      vertex   1.264119e+000 5.710000e+000 -1.418451e+000
      vertex   9.791868e-001 5.710000e+000 -8.926467e-001
      vertex   8.926467e-001 5.710000e+000 -9.791868e-001
    endloop
  endfacet
  facet normal 1.935443e-014 -1.000000e+000 -5.880352e-016
    outer loop
      vertex   1.151828e+000 5.710000e+000 -1.511056e+000
      vertex   8.926467e-001 5.710000e+000 -9.791868e-001
      vertex   7.984909e-001 5.710000e+000 -1.057373e+000
    endloop
  endfacet
  facet normal 1.790634e-014 -1.000000e+000 -4.571092e-016
    outer loop
      vertex   1.032778e+000 5.710000e+000 -1.594794e+000
      vertex   7.984909e-001 5.710000e+000 -1.057373e+000
      vertex   6.975226e-001 5.710000e+000 -1.126538e+000
    endloop
  endfacet
  facet normal 1.666581e-014 -1.000000e+000 -9.302101e-017
    outer loop
      vertex   9.076677e-001 5.710000e+000 -1.669173e+000
      vertex   6.975226e-001 5.710000e+000 -1.126538e+000
      vertex   5.906033e-001 5.710000e+000 -1.186091e+000
    endloop
  endfacet
  facet normal 2.255405e-014 -1.000000e+000 2.820445e-015
    outer loop
      vertex   7.772304e-001 5.710000e+000 -1.733757e+000
      vertex   5.906033e-001 5.710000e+000 -1.186091e+000
      vertex   4.786452e-001 5.710000e+000 -1.235526e+000
    endloop
  endfacet
  facet normal 2.235952e-014 -1.000000e+000 1.797169e-015
    outer loop
      vertex   6.422321e-001 5.710000e+000 -1.788166e+000
      vertex   4.786452e-001 5.710000e+000 -1.235526e+000
      vertex   3.626035e-001 5.710000e+000 -1.274419e+000
    endloop
  endfacet
  facet normal 2.472488e-014 -1.000000e+000 1.467276e-015
    outer loop
      vertex   5.034649e-001 5.710000e+000 -1.832082e+000
      vertex   3.626035e-001 5.710000e+000 -1.274419e+000
      vertex   3.617431e-001 5.710000e+000 -1.865246e+000
    endloop
  endfacet
  facet normal 1.918034e-014 -1.000000e+000 6.676945e-017
    outer loop
      vertex   5.034649e-001 5.710000e+000 -1.832082e+000
      vertex   6.422321e-001 5.710000e+000 -1.788166e+000
      vertex   3.626035e-001 5.710000e+000 -1.274419e+000
    endloop
  endfacet
  facet normal 1.717864e-014 -1.000000e+000 -1.648306e-015
    outer loop
      vertex   1.264119e+000 5.710000e+000 -1.418451e+000
      vertex   8.926467e-001 5.710000e+000 -9.791868e-001
      vertex   1.151828e+000 5.710000e+000 -1.511056e+000
    endloop
  endfacet
  facet normal 2.157747e-014 -1.000000e+000 1.143310e-015
    outer loop
      vertex   1.151828e+000 5.710000e+000 -1.511056e+000
      vertex   7.984909e-001 5.710000e+000 -1.057373e+000
      vertex   1.032778e+000 5.710000e+000 -1.594794e+000
    endloop
  endfacet
  facet normal 2.047559e-014 -1.000000e+000 1.382382e-015
    outer loop
      vertex   1.032778e+000 5.710000e+000 -1.594794e+000
      vertex   6.975226e-001 5.710000e+000 -1.126538e+000
      vertex   9.076677e-001 5.710000e+000 -1.669173e+000
    endloop
  endfacet
  facet normal 1.953980e-014 -1.000000e+000 1.793287e-015
    outer loop
      vertex   9.076677e-001 5.710000e+000 -1.669173e+000
      vertex   5.906033e-001 5.710000e+000 -1.186091e+000
      vertex   7.772304e-001 5.710000e+000 -1.733757e+000
    endloop
  endfacet
  facet normal 1.936989e-014 -1.000000e+000 9.122095e-016
    outer loop
      vertex   7.772304e-001 5.710000e+000 -1.733757e+000
      vertex   4.786452e-001 5.710000e+000 -1.235526e+000
      vertex   6.422321e-001 5.710000e+000 -1.788166e+000
    endloop
  endfacet
  facet normal 1.456183e-014 -1.000000e+000 1.482076e-015
    outer loop
      vertex   3.626035e-001 5.710000e+000 -1.274419e+000
      vertex   2.434681e-001 5.710000e+000 -1.302439e+000
      vertex   3.617431e-001 5.710000e+000 -1.865246e+000
    endloop
  endfacet
  facet normal 1.817742e-014 -1.000000e+000 2.241901e-015
    outer loop
      vertex   3.617431e-001 5.710000e+000 -1.865246e+000
      vertex   2.434681e-001 5.710000e+000 -1.302439e+000
      vertex   2.178985e-001 5.710000e+000 -1.887464e+000
    endloop
  endfacet
  facet normal 2.169103e-014 -1.000000e+000 2.088332e-015
    outer loop
      vertex   2.178985e-001 5.710000e+000 -1.887464e+000
      vertex   2.434681e-001 5.710000e+000 -1.302439e+000
      vertex   1.222556e-001 5.710000e+000 -1.319348e+000
    endloop
  endfacet
  facet normal 2.173887e-014 -1.000000e+000 1.209667e-015
    outer loop
      vertex   7.277519e-002 5.710000e+000 -1.898606e+000
      vertex   1.222556e-001 5.710000e+000 -1.319348e+000
      vertex   -1.184978e-013 5.710000e+000 -1.325000e+000
    endloop
  endfacet
  facet normal 2.188121e-014 -1.000000e+000 1.869099e-015
    outer loop
      vertex   -7.277519e-002 5.710000e+000 -1.898606e+000
      vertex   -1.184978e-013 5.710000e+000 -1.325000e+000
      vertex   -1.222556e-001 5.710000e+000 -1.319348e+000
    endloop
  endfacet
  facet normal 2.211719e-014 -1.000000e+000 9.666733e-016
    outer loop
      vertex   -2.178985e-001 5.710000e+000 -1.887464e+000
      vertex   -1.222556e-001 5.710000e+000 -1.319348e+000
      vertex   -2.434681e-001 5.710000e+000 -1.302439e+000
    endloop
  endfacet
  facet normal 1.526921e-014 -1.000000e+000 1.525515e-015
    outer loop
      vertex   -3.617431e-001 5.710000e+000 -1.865246e+000
      vertex   -2.434681e-001 5.710000e+000 -1.302439e+000
      vertex   -3.626035e-001 5.710000e+000 -1.274419e+000
    endloop
  endfacet
  facet normal 2.011380e-014 -1.000000e+000 2.882809e-015
    outer loop
      vertex   -5.034649e-001 5.710000e+000 -1.832082e+000
      vertex   -3.626035e-001 5.710000e+000 -1.274419e+000
      vertex   -6.422321e-001 5.710000e+000 -1.788166e+000
    endloop
  endfacet
  facet normal 2.542868e-014 -1.000000e+000 1.540309e-015
    outer loop
      vertex   -5.034649e-001 5.710000e+000 -1.832082e+000
      vertex   -3.617431e-001 5.710000e+000 -1.865246e+000
      vertex   -3.626035e-001 5.710000e+000 -1.274419e+000
    endloop
  endfacet
  facet normal 1.824470e-014 -1.000000e+000 1.508140e-015
    outer loop
      vertex   2.178985e-001 5.710000e+000 -1.887464e+000
      vertex   1.222556e-001 5.710000e+000 -1.319348e+000
      vertex   7.277519e-002 5.710000e+000 -1.898606e+000
    endloop
  endfacet
  facet normal 2.440882e-014 -1.000000e+000 1.548413e-015
    outer loop
      vertex   7.277519e-002 5.710000e+000 -1.898606e+000
      vertex   -1.184978e-013 5.710000e+000 -1.325000e+000
      vertex   -7.277519e-002 5.710000e+000 -1.898606e+000
    endloop
  endfacet
  facet normal 1.848170e-014 -1.000000e+000 1.578712e-015
    outer loop
      vertex   -7.277519e-002 5.710000e+000 -1.898606e+000
      vertex   -1.222556e-001 5.710000e+000 -1.319348e+000
      vertex   -2.178985e-001 5.710000e+000 -1.887464e+000
    endloop
  endfacet
  facet normal 1.864961e-014 -1.000000e+000 8.151163e-016
    outer loop
      vertex   -2.178985e-001 5.710000e+000 -1.887464e+000
      vertex   -2.434681e-001 5.710000e+000 -1.302439e+000
      vertex   -3.617431e-001 5.710000e+000 -1.865246e+000
    endloop
  endfacet
  facet normal 2.333961e-014 -1.000000e+000 1.127024e-015
    outer loop
      vertex   -3.626035e-001 5.710000e+000 -1.274419e+000
      vertex   -4.786452e-001 5.710000e+000 -1.235526e+000
      vertex   -6.422321e-001 5.710000e+000 -1.788166e+000
    endloop
  endfacet
  facet normal 2.052729e-014 -1.000000e+000 1.959497e-015
    outer loop
      vertex   -6.422321e-001 5.710000e+000 -1.788166e+000
      vertex   -4.786452e-001 5.710000e+000 -1.235526e+000
      vertex   -7.772304e-001 5.710000e+000 -1.733757e+000
    endloop
  endfacet
  facet normal 2.379889e-014 -1.000000e+000 -1.141982e-018
    outer loop
      vertex   -7.772304e-001 5.710000e+000 -1.733757e+000
      vertex   -4.786452e-001 5.710000e+000 -1.235526e+000
      vertex   -5.906033e-001 5.710000e+000 -1.186091e+000
    endloop
  endfacet
  facet normal 1.816565e-014 -1.000000e+000 2.785754e-015
    outer loop
      vertex   -9.076677e-001 5.710000e+000 -1.669173e+000
      vertex   -5.906033e-001 5.710000e+000 -1.186091e+000
      vertex   -6.975226e-001 5.710000e+000 -1.126538e+000
    endloop
  endfacet
  facet normal 1.964988e-014 -1.000000e+000 3.002354e-015
    outer loop
      vertex   -1.032778e+000 5.710000e+000 -1.594794e+000
      vertex   -6.975226e-001 5.710000e+000 -1.126538e+000
      vertex   -7.984909e-001 5.710000e+000 -1.057373e+000
    endloop
  endfacet
  facet normal 2.132885e-014 -1.000000e+000 2.965732e-015
    outer loop
      vertex   -1.151828e+000 5.710000e+000 -1.511056e+000
      vertex   -7.984909e-001 5.710000e+000 -1.057373e+000
      vertex   -8.926467e-001 5.710000e+000 -9.791868e-001
    endloop
  endfacet
  facet normal 2.207660e-014 -1.000000e+000 1.550193e-015
    outer loop
      vertex   -1.264119e+000 5.710000e+000 -1.418451e+000
      vertex   -8.926467e-001 5.710000e+000 -9.791868e-001
      vertex   -9.791868e-001 5.710000e+000 -8.926467e-001
    endloop
  endfacet
  facet normal 2.175243e-014 -1.000000e+000 3.038011e-015
    outer loop
      vertex   -1.368991e+000 5.710000e+000 -1.317522e+000
      vertex   -9.791868e-001 5.710000e+000 -8.926467e-001
      vertex   -1.465829e+000 5.710000e+000 -1.208861e+000
    endloop
  endfacet
  facet normal 2.524629e-014 -1.000000e+000 -1.674562e-016
    outer loop
      vertex   -1.368991e+000 5.710000e+000 -1.317522e+000
      vertex   -1.264119e+000 5.710000e+000 -1.418451e+000
      vertex   -9.791868e-001 5.710000e+000 -8.926467e-001
    endloop
  endfacet
  facet normal 2.091392e-014 -1.000000e+000 9.819646e-016
    outer loop
      vertex   -7.772304e-001 5.710000e+000 -1.733757e+000
      vertex   -5.906033e-001 5.710000e+000 -1.186091e+000
      vertex   -9.076677e-001 5.710000e+000 -1.669173e+000
    endloop
  endfacet
  facet normal 2.205753e-014 -1.000000e+000 1.278556e-015
    outer loop
      vertex   -9.076677e-001 5.710000e+000 -1.669173e+000
      vertex   -6.975226e-001 5.710000e+000 -1.126538e+000
      vertex   -1.032778e+000 5.710000e+000 -1.594794e+000
    endloop
  endfacet
  facet normal 2.335679e-014 -1.000000e+000 1.386336e-015
    outer loop
      vertex   -1.032778e+000 5.710000e+000 -1.594794e+000
      vertex   -7.984909e-001 5.710000e+000 -1.057373e+000
      vertex   -1.151828e+000 5.710000e+000 -1.511056e+000
    endloop
  endfacet
  facet normal 1.914339e-014 -1.000000e+000 4.030711e-015
    outer loop
      vertex   -1.151828e+000 5.710000e+000 -1.511056e+000
      vertex   -8.926467e-001 5.710000e+000 -9.791868e-001
      vertex   -1.264119e+000 5.710000e+000 -1.418451e+000
    endloop
  endfacet
  facet normal 2.337361e-014 -1.000000e+000 5.430630e-016
    outer loop
      vertex   -9.791868e-001 5.710000e+000 -8.926467e-001
      vertex   -1.057373e+000 5.710000e+000 -7.984909e-001
      vertex   -1.465829e+000 5.710000e+000 -1.208861e+000
    endloop
  endfacet
  facet normal 2.227663e-014 -1.000000e+000 1.634930e-015
    outer loop
      vertex   -1.465829e+000 5.710000e+000 -1.208861e+000
      vertex   -1.057373e+000 5.710000e+000 -7.984909e-001
      vertex   -1.554066e+000 5.710000e+000 -1.093105e+000
    endloop
  endfacet
  facet normal 2.395037e-014 -1.000000e+000 -1.186835e-015
    outer loop
      vertex   -1.554066e+000 5.710000e+000 -1.093105e+000
      vertex   -1.057373e+000 5.710000e+000 -7.984909e-001
      vertex   -1.126538e+000 5.710000e+000 -6.975226e-001
    endloop
  endfacet
  facet normal 2.096955e-014 -1.000000e+000 3.372964e-015
    outer loop
      vertex   -1.633182e+000 5.710000e+000 -9.709355e-001
      vertex   -1.126538e+000 5.710000e+000 -6.975226e-001
      vertex   -1.186091e+000 5.710000e+000 -5.906033e-001
    endloop
  endfacet
  facet normal 2.298583e-014 -1.000000e+000 2.216103e-015
    outer loop
      vertex   -1.702715e+000 5.710000e+000 -8.430677e-001
      vertex   -1.186091e+000 5.710000e+000 -5.906033e-001
      vertex   -1.235526e+000 5.710000e+000 -4.786452e-001
    endloop
  endfacet
  facet normal 2.284952e-014 -1.000000e+000 1.722717e-015
    outer loop
      vertex   -1.762255e+000 5.710000e+000 -7.102524e-001
      vertex   -1.235526e+000 5.710000e+000 -4.786452e-001
      vertex   -1.811453e+000 5.710000e+000 -5.732691e-001
    endloop
  endfacet
  facet normal 2.217616e-014 -1.000000e+000 3.254088e-015
    outer loop
      vertex   -1.762255e+000 5.710000e+000 -7.102524e-001
      vertex   -1.702715e+000 5.710000e+000 -8.430677e-001
      vertex   -1.235526e+000 5.710000e+000 -4.786452e-001
    endloop
  endfacet
  facet normal 2.270242e-014 -1.000000e+000 1.618915e-016
    outer loop
      vertex   -1.554066e+000 5.710000e+000 -1.093105e+000
      vertex   -1.126538e+000 5.710000e+000 -6.975226e-001
      vertex   -1.633182e+000 5.710000e+000 -9.709355e-001
    endloop
  endfacet
  facet normal 2.437918e-014 -1.000000e+000 -6.351558e-016
    outer loop
      vertex   -1.633182e+000 5.710000e+000 -9.709355e-001
      vertex   -1.186091e+000 5.710000e+000 -5.906033e-001
      vertex   -1.702715e+000 5.710000e+000 -8.430677e-001
    endloop
  endfacet
  facet normal 2.311710e-014 -1.000000e+000 9.411417e-017
    outer loop
      vertex   -1.235526e+000 5.710000e+000 -4.786452e-001
      vertex   -1.274419e+000 5.710000e+000 -3.626035e-001
      vertex   -1.811453e+000 5.710000e+000 -5.732691e-001
    endloop
  endfacet
  facet normal 2.314183e-014 -1.000000e+000 3.106184e-017
    outer loop
      vertex   -1.811453e+000 5.710000e+000 -5.732691e-001
      vertex   -1.274419e+000 5.710000e+000 -3.626035e-001
      vertex   -1.850021e+000 5.710000e+000 -4.329217e-001
    endloop
  endfacet
  facet normal 2.338449e-014 -1.000000e+000 -1.955224e-015
    outer loop
      vertex   -1.850021e+000 5.710000e+000 -4.329217e-001
      vertex   -1.274419e+000 5.710000e+000 -3.626035e-001
      vertex   -1.302439e+000 5.710000e+000 -2.434681e-001
    endloop
  endfacet
  facet normal 2.289950e-014 -1.000000e+000 3.194343e-015
    outer loop
      vertex   -1.877733e+000 5.710000e+000 -2.900336e-001
      vertex   -1.302439e+000 5.710000e+000 -2.434681e-001
      vertex   -1.319348e+000 5.710000e+000 -1.222556e-001
    endloop
  endfacet
  facet normal 2.312365e-014 -1.000000e+000 1.069071e-015
    outer loop
      vertex   -1.894425e+000 5.710000e+000 -1.454436e-001
      vertex   -1.319348e+000 5.710000e+000 -1.222556e-001
      vertex   -1.325000e+000 5.710000e+000 0.000000e+000
    endloop
  endfacet
  facet normal 2.316987e-014 -1.000000e+000 -8.881212e-016
    outer loop
      vertex   -1.900000e+000 5.710000e+000 0.000000e+000
      vertex   -1.325000e+000 5.710000e+000 0.000000e+000
      vertex   -1.894425e+000 5.710000e+000 1.454436e-001
    endloop
  endfacet
  facet normal 2.316987e-014 -1.000000e+000 8.881212e-016
    outer loop
      vertex   -1.900000e+000 5.710000e+000 0.000000e+000
      vertex   -1.894425e+000 5.710000e+000 -1.454436e-001
      vertex   -1.325000e+000 5.710000e+000 0.000000e+000
    endloop
  endfacet
  facet normal 2.329549e-014 -1.000000e+000 -1.698010e-015
    outer loop
      vertex   -1.850021e+000 5.710000e+000 -4.329217e-001
      vertex   -1.302439e+000 5.710000e+000 -2.434681e-001
      vertex   -1.877733e+000 5.710000e+000 -2.900336e-001
    endloop
  endfacet
  facet normal 2.305942e-014 -1.000000e+000 2.662098e-015
    outer loop
      vertex   -1.877733e+000 5.710000e+000 -2.900336e-001
      vertex   -1.319348e+000 5.710000e+000 -1.222556e-001
      vertex   -1.894425e+000 5.710000e+000 -1.454436e-001
    endloop
  endfacet
  facet normal 2.539981e-014 -1.000000e+000 -1.174304e-015
    outer loop
      vertex   -1.319348e+000 5.710000e+000 1.222556e-001
      vertex   -1.368991e+000 5.710000e+000 1.317522e+000
      vertex   -1.325000e+000 5.710000e+000 0.000000e+000
    endloop
  endfacet
  facet normal 1.231439e-014 -1.000000e+000 -1.717784e-015
    outer loop
      vertex   -1.319348e+000 5.710000e+000 1.222556e-001
      vertex   -1.302439e+000 5.710000e+000 2.434681e-001
      vertex   -1.368991e+000 5.710000e+000 1.317522e+000
    endloop
  endfacet
  facet normal 3.343651e-014 -1.000000e+000 -4.089920e-016
    outer loop
      vertex   -1.368991e+000 5.710000e+000 1.317522e+000
      vertex   -1.302439e+000 5.710000e+000 2.434681e-001
      vertex   -1.274419e+000 5.710000e+000 3.626035e-001
    endloop
  endfacet
  facet normal 2.619603e-014 -1.000000e+000 -1.126067e-015
    outer loop
      vertex   -1.235526e+000 5.710000e+000 4.786452e-001
      vertex   -1.368991e+000 5.710000e+000 1.317522e+000
      vertex   -1.274419e+000 5.710000e+000 3.626035e-001
    endloop
  endfacet
  facet normal 2.202137e-014 -1.000000e+000 -1.790255e-015
    outer loop
      vertex   -1.235526e+000 5.710000e+000 4.786452e-001
      vertex   -1.186091e+000 5.710000e+000 5.906033e-001
      vertex   -1.368991e+000 5.710000e+000 1.317522e+000
    endloop
  endfacet
  facet normal 1.933951e-014 -1.000000e+000 -2.465037e-015
    outer loop
      vertex   -1.368991e+000 5.710000e+000 1.317522e+000
      vertex   -1.186091e+000 5.710000e+000 5.906033e-001
      vertex   -1.126538e+000 5.710000e+000 6.975226e-001
    endloop
  endfacet
  facet normal 2.566845e-014 -1.000000e+000 9.921727e-018
    outer loop
      vertex   -1.057373e+000 5.710000e+000 7.984909e-001
      vertex   -1.368991e+000 5.710000e+000 1.317522e+000
      vertex   -1.126538e+000 5.710000e+000 6.975226e-001
    endloop
  endfacet
  facet normal 2.395008e-014 -1.000000e+000 -1.021759e-015
    outer loop
      vertex   -1.057373e+000 5.710000e+000 7.984909e-001
      vertex   -9.791868e-001 5.710000e+000 8.926467e-001
      vertex   -1.368991e+000 5.710000e+000 1.317522e+000
    endloop
  endfacet
  facet normal 2.524629e-014 -1.000000e+000 1.674562e-016
    outer loop
      vertex   -1.368991e+000 5.710000e+000 1.317522e+000
      vertex   -9.791868e-001 5.710000e+000 8.926467e-001
      vertex   -1.264119e+000 5.710000e+000 1.418451e+000
    endloop
  endfacet
  facet normal 2.207660e-014 -1.000000e+000 -1.550193e-015
    outer loop
      vertex   -1.264119e+000 5.710000e+000 1.418451e+000
      vertex   -9.791868e-001 5.710000e+000 8.926467e-001
      vertex   -8.926467e-001 5.710000e+000 9.791868e-001
    endloop
  endfacet
  facet normal 2.132885e-014 -1.000000e+000 -2.965732e-015
    outer loop
      vertex   -1.151828e+000 5.710000e+000 1.511056e+000
      vertex   -8.926467e-001 5.710000e+000 9.791868e-001
      vertex   -7.984909e-001 5.710000e+000 1.057373e+000
    endloop
  endfacet
  facet normal 1.964988e-014 -1.000000e+000 -3.002354e-015
    outer loop
      vertex   -1.032778e+000 5.710000e+000 1.594794e+000
      vertex   -7.984909e-001 5.710000e+000 1.057373e+000
      vertex   -6.975226e-001 5.710000e+000 1.126538e+000
    endloop
  endfacet
  facet normal 1.816565e-014 -1.000000e+000 -2.785754e-015
    outer loop
      vertex   -9.076677e-001 5.710000e+000 1.669173e+000
      vertex   -6.975226e-001 5.710000e+000 1.126538e+000
      vertex   -5.906033e-001 5.710000e+000 1.186091e+000
    endloop
  endfacet
  facet normal 2.379889e-014 -1.000000e+000 1.141982e-018
    outer loop
      vertex   -7.772304e-001 5.710000e+000 1.733757e+000
      vertex   -5.906033e-001 5.710000e+000 1.186091e+000
      vertex   -4.786452e-001 5.710000e+000 1.235526e+000
    endloop
  endfacet
  facet normal 2.333961e-014 -1.000000e+000 -1.127024e-015
    outer loop
      vertex   -6.422321e-001 5.710000e+000 1.788166e+000
      vertex   -4.786452e-001 5.710000e+000 1.235526e+000
      vertex   -3.626035e-001 5.710000e+000 1.274419e+000
    endloop
  endfacet
  facet normal 2.542868e-014 -1.000000e+000 -1.540309e-015
    outer loop
      vertex   -5.034649e-001 5.710000e+000 1.832082e+000
      vertex   -3.626035e-001 5.710000e+000 1.274419e+000
      vertex   -3.617431e-001 5.710000e+000 1.865246e+000
    endloop
  endfacet
  facet normal 2.011380e-014 -1.000000e+000 -2.882809e-015
    outer loop
      vertex   -5.034649e-001 5.710000e+000 1.832082e+000
      vertex   -6.422321e-001 5.710000e+000 1.788166e+000
      vertex   -3.626035e-001 5.710000e+000 1.274419e+000
    endloop
  endfacet
  facet normal 1.914339e-014 -1.000000e+000 -4.030711e-015
    outer loop
      vertex   -1.264119e+000 5.710000e+000 1.418451e+000
      vertex   -8.926467e-001 5.710000e+000 9.791868e-001
      vertex   -1.151828e+000 5.710000e+000 1.511056e+000
    endloop
  endfacet
  facet normal 2.335679e-014 -1.000000e+000 -1.386336e-015
    outer loop
      vertex   -1.151828e+000 5.710000e+000 1.511056e+000
      vertex   -7.984909e-001 5.710000e+000 1.057373e+000
      vertex   -1.032778e+000 5.710000e+000 1.594794e+000
    endloop
  endfacet
  facet normal 2.205753e-014 -1.000000e+000 -1.278556e-015
    outer loop
      vertex   -1.032778e+000 5.710000e+000 1.594794e+000
      vertex   -6.975226e-001 5.710000e+000 1.126538e+000
      vertex   -9.076677e-001 5.710000e+000 1.669173e+000
    endloop
  endfacet
  facet normal 2.091392e-014 -1.000000e+000 -9.819646e-016
    outer loop
      vertex   -9.076677e-001 5.710000e+000 1.669173e+000
      vertex   -5.906033e-001 5.710000e+000 1.186091e+000
      vertex   -7.772304e-001 5.710000e+000 1.733757e+000
    endloop
  endfacet
  facet normal 2.052729e-014 -1.000000e+000 -1.959497e-015
    outer loop
      vertex   -7.772304e-001 5.710000e+000 1.733757e+000
      vertex   -4.786452e-001 5.710000e+000 1.235526e+000
      vertex   -6.422321e-001 5.710000e+000 1.788166e+000
    endloop
  endfacet
  facet normal 1.526921e-014 -1.000000e+000 -1.525515e-015
    outer loop
      vertex   -3.626035e-001 5.710000e+000 1.274419e+000
      vertex   -2.434681e-001 5.710000e+000 1.302439e+000
      vertex   -3.617431e-001 5.710000e+000 1.865246e+000
    endloop
  endfacet
  facet normal 1.864961e-014 -1.000000e+000 -8.151163e-016
    outer loop
      vertex   -3.617431e-001 5.710000e+000 1.865246e+000
      vertex   -2.434681e-001 5.710000e+000 1.302439e+000
      vertex   -2.178985e-001 5.710000e+000 1.887464e+000
    endloop
  endfacet
  facet normal 2.211719e-014 -1.000000e+000 -9.666733e-016
    outer loop
      vertex   -2.178985e-001 5.710000e+000 1.887464e+000
      vertex   -2.434681e-001 5.710000e+000 1.302439e+000
      vertex   -1.222556e-001 5.710000e+000 1.319348e+000
    endloop
  endfacet
  facet normal 2.188121e-014 -1.000000e+000 -1.869099e-015
    outer loop
      vertex   -7.277519e-002 5.710000e+000 1.898606e+000
      vertex   -1.222556e-001 5.710000e+000 1.319348e+000
      vertex   -1.184978e-013 5.710000e+000 1.325000e+000
    endloop
  endfacet
  facet normal 2.173887e-014 -1.000000e+000 -1.209667e-015
    outer loop
      vertex   7.277519e-002 5.710000e+000 1.898606e+000
      vertex   -1.184978e-013 5.710000e+000 1.325000e+000
      vertex   1.222556e-001 5.710000e+000 1.319348e+000
    endloop
  endfacet
  facet normal 2.169103e-014 -1.000000e+000 -2.088332e-015
    outer loop
      vertex   2.178985e-001 5.710000e+000 1.887464e+000
      vertex   1.222556e-001 5.710000e+000 1.319348e+000
      vertex   2.434681e-001 5.710000e+000 1.302439e+000
    endloop
  endfacet
  facet normal 1.456183e-014 -1.000000e+000 -1.482076e-015
    outer loop
      vertex   3.617431e-001 5.710000e+000 1.865246e+000
      vertex   2.434681e-001 5.710000e+000 1.302439e+000
      vertex   3.626035e-001 5.710000e+000 1.274419e+000
    endloop
  endfacet
  facet normal 1.918034e-014 -1.000000e+000 -6.676945e-017
    outer loop
      vertex   5.034649e-001 5.710000e+000 1.832082e+000
      vertex   3.626035e-001 5.710000e+000 1.274419e+000
      vertex   6.422321e-001 5.710000e+000 1.788166e+000
    endloop
  endfacet
  facet normal 2.472488e-014 -1.000000e+000 -1.467276e-015
    outer loop
      vertex   5.034649e-001 5.710000e+000 1.832082e+000
      vertex   3.617431e-001 5.710000e+000 1.865246e+000
      vertex   3.626035e-001 5.710000e+000 1.274419e+000
    endloop
  endfacet
  facet normal 1.848170e-014 -1.000000e+000 -1.578712e-015
    outer loop
      vertex   -2.178985e-001 5.710000e+000 1.887464e+000
      vertex   -1.222556e-001 5.710000e+000 1.319348e+000
      vertex   -7.277519e-002 5.710000e+000 1.898606e+000
    endloop
  endfacet
  facet normal 2.440882e-014 -1.000000e+000 -1.548413e-015
    outer loop
      vertex   -7.277519e-002 5.710000e+000 1.898606e+000
      vertex   -1.184978e-013 5.710000e+000 1.325000e+000
      vertex   7.277519e-002 5.710000e+000 1.898606e+000
    endloop
  endfacet
  facet normal 1.824470e-014 -1.000000e+000 -1.508140e-015
    outer loop
      vertex   7.277519e-002 5.710000e+000 1.898606e+000
      vertex   1.222556e-001 5.710000e+000 1.319348e+000
      vertex   2.178985e-001 5.710000e+000 1.887464e+000
    endloop
  endfacet
  facet normal 1.817742e-014 -1.000000e+000 -2.241901e-015
    outer loop
      vertex   2.178985e-001 5.710000e+000 1.887464e+000
      vertex   2.434681e-001 5.710000e+000 1.302439e+000
      vertex   3.617431e-001 5.710000e+000 1.865246e+000
    endloop
  endfacet
  facet normal 2.235952e-014 -1.000000e+000 -1.797169e-015
    outer loop
      vertex   3.626035e-001 5.710000e+000 1.274419e+000
      vertex   4.786452e-001 5.710000e+000 1.235526e+000
      vertex   6.422321e-001 5.710000e+000 1.788166e+000
    endloop
  endfacet
  facet normal 1.936989e-014 -1.000000e+000 -9.122095e-016
    outer loop
      vertex   6.422321e-001 5.710000e+000 1.788166e+000
      vertex   4.786452e-001 5.710000e+000 1.235526e+000
      vertex   7.772304e-001 5.710000e+000 1.733757e+000
    endloop
  endfacet
  facet normal 2.255405e-014 -1.000000e+000 -2.820445e-015
    outer loop
      vertex   7.772304e-001 5.710000e+000 1.733757e+000
      vertex   4.786452e-001 5.710000e+000 1.235526e+000
      vertex   5.906033e-001 5.710000e+000 1.186091e+000
    endloop
  endfacet
  facet normal 1.666581e-014 -1.000000e+000 9.302101e-017
    outer loop
      vertex   9.076677e-001 5.710000e+000 1.669173e+000
      vertex   5.906033e-001 5.710000e+000 1.186091e+000
      vertex   6.975226e-001 5.710000e+000 1.126538e+000
    endloop
  endfacet
  facet normal 1.790634e-014 -1.000000e+000 4.571092e-016
    outer loop
      vertex   1.032778e+000 5.710000e+000 1.594794e+000
      vertex   6.975226e-001 5.710000e+000 1.126538e+000
      vertex   7.984909e-001 5.710000e+000 1.057373e+000
    endloop
  endfacet
  facet normal 1.935443e-014 -1.000000e+000 5.880352e-016
    outer loop
      vertex   1.151828e+000 5.710000e+000 1.511056e+000
      vertex   7.984909e-001 5.710000e+000 1.057373e+000
      vertex   8.926467e-001 5.710000e+000 9.791868e-001
    endloop
  endfacet
  facet normal 1.988556e-014 -1.000000e+000 -6.408486e-016
    outer loop
      vertex   1.264119e+000 5.710000e+000 1.418451e+000
      vertex   8.926467e-001 5.710000e+000 9.791868e-001
      vertex   9.791868e-001 5.710000e+000 8.926467e-001
    endloop
  endfacet
  facet normal 1.944082e-014 -1.000000e+000 9.779157e-016
    outer loop
      vertex   1.368991e+000 5.710000e+000 1.317522e+000
      vertex   9.791868e-001 5.710000e+000 8.926467e-001
      vertex   1.465829e+000 5.710000e+000 1.208861e+000
    endloop
  endfacet
  facet normal 2.310939e-014 -1.000000e+000 -2.387836e-015
    outer loop
      vertex   1.368991e+000 5.710000e+000 1.317522e+000
      vertex   1.264119e+000 5.710000e+000 1.418451e+000
      vertex   9.791868e-001 5.710000e+000 8.926467e-001
    endloop
  endfacet
  facet normal 1.953980e-014 -1.000000e+000 -1.793287e-015
    outer loop
      vertex   7.772304e-001 5.710000e+000 1.733757e+000
      vertex   5.906033e-001 5.710000e+000 1.186091e+000
      vertex   9.076677e-001 5.710000e+000 1.669173e+000
    endloop
  endfacet
  facet normal 2.047559e-014 -1.000000e+000 -1.382382e-015
    outer loop
      vertex   9.076677e-001 5.710000e+000 1.669173e+000
      vertex   6.975226e-001 5.710000e+000 1.126538e+000
      vertex   1.032778e+000 5.710000e+000 1.594794e+000
    endloop
  endfacet
  facet normal 2.157747e-014 -1.000000e+000 -1.143310e-015
    outer loop
      vertex   1.032778e+000 5.710000e+000 1.594794e+000
      vertex   7.984909e-001 5.710000e+000 1.057373e+000
      vertex   1.151828e+000 5.710000e+000 1.511056e+000
    endloop
  endfacet
  facet normal 1.717864e-014 -1.000000e+000 1.648306e-015
    outer loop
      vertex   1.151828e+000 5.710000e+000 1.511056e+000
      vertex   8.926467e-001 5.710000e+000 9.791868e-001
      vertex   1.264119e+000 5.710000e+000 1.418451e+000
    endloop
  endfacet
  facet normal 2.100268e-014 -1.000000e+000 -1.425733e-015
    outer loop
      vertex   9.791868e-001 5.710000e+000 8.926467e-001
      vertex   1.057373e+000 5.710000e+000 7.984909e-001
      vertex   1.465829e+000 5.710000e+000 1.208861e+000
    endloop
  endfacet
  facet normal 1.981380e-014 -1.000000e+000 -2.424007e-016
    outer loop
      vertex   1.465829e+000 5.710000e+000 1.208861e+000
      vertex   1.057373e+000 5.710000e+000 7.984909e-001
      vertex   1.554066e+000 5.710000e+000 1.093105e+000
    endloop
  endfacet
  facet normal 2.140730e-014 -1.000000e+000 -2.928879e-015
    outer loop
      vertex   1.554066e+000 5.710000e+000 1.093105e+000
      vertex   1.057373e+000 5.710000e+000 7.984909e-001
      vertex   1.126538e+000 5.710000e+000 6.975226e-001
    endloop
  endfacet
  facet normal 1.827375e-014 -1.000000e+000 1.871412e-015
    outer loop
      vertex   1.633182e+000 5.710000e+000 9.709355e-001
      vertex   1.126538e+000 5.710000e+000 6.975226e-001
      vertex   1.186091e+000 5.710000e+000 5.906033e-001
    endloop
  endfacet
  facet normal 2.015767e-014 -1.000000e+000 9.673503e-016
    outer loop
      vertex   1.702715e+000 5.710000e+000 8.430677e-001
      vertex   1.186091e+000 5.710000e+000 5.906033e-001
      vertex   1.235526e+000 5.710000e+000 4.786452e-001
    endloop
  endfacet
  facet normal 1.993704e-014 -1.000000e+000 6.766801e-016
    outer loop
      vertex   1.762255e+000 5.710000e+000 7.102524e-001
      vertex   1.235526e+000 5.710000e+000 4.786452e-001
      vertex   1.811453e+000 5.710000e+000 5.732691e-001
    endloop
  endfacet
  facet normal 1.935904e-014 -1.000000e+000 1.991192e-015
    outer loop
      vertex   1.762255e+000 5.710000e+000 7.102524e-001
      vertex   1.702715e+000 5.710000e+000 8.430677e-001
      vertex   1.235526e+000 5.710000e+000 4.786452e-001
    endloop
  endfacet
  facet normal 2.010428e-014 -1.000000e+000 -1.520643e-015
    outer loop
      vertex   1.554066e+000 5.710000e+000 1.093105e+000
      vertex   1.126538e+000 5.710000e+000 6.975226e-001
      vertex   1.633182e+000 5.710000e+000 9.709355e-001
    endloop
  endfacet
  facet normal 2.166266e-014 -1.000000e+000 -2.112353e-015
    outer loop
      vertex   1.633182e+000 5.710000e+000 9.709355e-001
      vertex   1.186091e+000 5.710000e+000 5.906033e-001
      vertex   1.702715e+000 5.710000e+000 8.430677e-001
    endloop
  endfacet
  facet normal 2.019374e-014 -1.000000e+000 -8.856973e-016
    outer loop
      vertex   1.235526e+000 5.710000e+000 4.786452e-001
      vertex   1.274419e+000 5.710000e+000 3.626035e-001
      vertex   1.811453e+000 5.710000e+000 5.732691e-001
    endloop
  endfacet
  facet normal 2.015599e-014 -1.000000e+000 -7.894626e-016
    outer loop
      vertex   1.811453e+000 5.710000e+000 5.732691e-001
      vertex   1.274419e+000 5.710000e+000 3.626035e-001
      vertex   1.850021e+000 5.710000e+000 4.329217e-001
    endloop
  endfacet
  facet normal 2.038460e-014 -1.000000e+000 -2.660791e-015
    outer loop
      vertex   1.850021e+000 5.710000e+000 4.329217e-001
      vertex   1.274419e+000 5.710000e+000 3.626035e-001
      vertex   1.302439e+000 5.710000e+000 2.434681e-001
    endloop
  endfacet
  facet normal 1.984623e-014 -1.000000e+000 2.768431e-015
    outer loop
      vertex   1.877733e+000 5.710000e+000 2.900336e-001
      vertex   1.302439e+000 5.710000e+000 2.434681e-001
      vertex   1.319348e+000 5.710000e+000 1.222556e-001
    endloop
  endfacet
  facet normal 2.091766e-014 -1.000000e+000 -2.082771e-014
    outer loop
      vertex   1.894425e+000 5.710000e+000 1.454436e-001
      vertex   1.319348e+000 5.710000e+000 1.222556e-001
      vertex   1.325000e+000 5.710000e+000 1.622657e-016
    endloop
  endfacet
  facet normal 1.544658e-014 -1.000000e+000 -5.920808e-016
    outer loop
      vertex   1.900000e+000 5.710000e+000 -6.110866e-016
      vertex   1.325000e+000 5.710000e+000 1.622657e-016
      vertex   1.894425e+000 5.710000e+000 -1.454436e-001
    endloop
  endfacet
  facet normal 1.544658e-014 -1.000000e+000 5.920808e-016
    outer loop
      vertex   1.900000e+000 5.710000e+000 -6.110866e-016
      vertex   1.894425e+000 5.710000e+000 1.454436e-001
      vertex   1.325000e+000 5.710000e+000 1.622657e-016
    endloop
  endfacet
  facet normal 2.025548e-014 -1.000000e+000 -2.287587e-015
    outer loop
      vertex   1.850021e+000 5.710000e+000 4.329217e-001
      vertex   1.302439e+000 5.710000e+000 2.434681e-001
      vertex   1.877733e+000 5.710000e+000 2.900336e-001
    endloop
  endfacet
  facet normal 1.998483e-014 -1.000000e+000 2.307151e-015
    outer loop
      vertex   1.877733e+000 5.710000e+000 2.900336e-001
      vertex   1.319348e+000 5.710000e+000 1.222556e-001
      vertex   1.894425e+000 5.710000e+000 1.454436e-001
    endloop
  endfacet
  facet normal 1.986842e-014 -1.000000e+000 -1.358993e-015
    outer loop
      vertex   -1.368991e+000 5.710000e+000 1.317522e+000
      vertex   -1.465829e+000 5.710000e+000 1.208861e+000
      vertex   -1.325000e+000 5.710000e+000 0.000000e+000
    endloop
  endfacet
  facet normal 2.164337e-014 -1.000000e+000 -1.152216e-015
    outer loop
      vertex   -1.325000e+000 5.710000e+000 0.000000e+000
      vertex   -1.465829e+000 5.710000e+000 1.208861e+000
      vertex   -1.554066e+000 5.710000e+000 1.093105e+000
    endloop
  endfacet
  facet normal 2.359887e-014 -1.000000e+000 -7.424302e-016
    outer loop
      vertex   -1.633182e+000 5.710000e+000 9.709355e-001
      vertex   -1.325000e+000 5.710000e+000 0.000000e+000
      vertex   -1.554066e+000 5.710000e+000 1.093105e+000
    endloop
  endfacet
  facet normal 2.569122e-014 -1.000000e+000 -7.830472e-017
    outer loop
      vertex   -1.633182e+000 5.710000e+000 9.709355e-001
      vertex   -1.702715e+000 5.710000e+000 8.430677e-001
      vertex   -1.325000e+000 5.710000e+000 0.000000e+000
    endloop
  endfacet
  facet normal 2.039001e-014 -1.000000e+000 -2.453371e-015
    outer loop
      vertex   -1.325000e+000 5.710000e+000 0.000000e+000
      vertex   -1.702715e+000 5.710000e+000 8.430677e-001
      vertex   -1.762255e+000 5.710000e+000 7.102524e-001
    endloop
  endfacet
  facet normal 2.204576e-014 -1.000000e+000 -1.434040e-015
    outer loop
      vertex   -1.811453e+000 5.710000e+000 5.732691e-001
      vertex   -1.325000e+000 5.710000e+000 0.000000e+000
      vertex   -1.762255e+000 5.710000e+000 7.102524e-001
    endloop
  endfacet
  facet normal 2.356279e-014 -1.000000e+000 -1.467444e-016
    outer loop
      vertex   -1.811453e+000 5.710000e+000 5.732691e-001
      vertex   -1.850021e+000 5.710000e+000 4.329217e-001
      vertex   -1.325000e+000 5.710000e+000 0.000000e+000
    endloop
  endfacet
  facet normal 2.483737e-014 -1.000000e+000 1.398981e-015
    outer loop
      vertex   -1.325000e+000 5.710000e+000 0.000000e+000
      vertex   -1.850021e+000 5.710000e+000 4.329217e-001
      vertex   -1.877733e+000 5.710000e+000 2.900336e-001
    endloop
  endfacet
  facet normal 2.272657e-014 -1.000000e+000 -2.623672e-015
    outer loop
      vertex   -1.894425e+000 5.710000e+000 1.454436e-001
      vertex   -1.325000e+000 5.710000e+000 0.000000e+000
      vertex   -1.877733e+000 5.710000e+000 2.900336e-001
    endloop
  endfacet
  facet normal -9.989330e-001 -2.005242e-014 4.618346e-002
    outer loop
      vertex   1.319348e+000 6.010000e+000 -1.222556e-001
      vertex   1.319348e+000 5.710000e+000 -1.222556e-001
      vertex   1.325000e+000 6.010000e+000 1.622657e-016
    endloop
  endfacet
  facet normal -9.904104e-001 -2.005646e-014 1.381564e-001
    outer loop
      vertex   1.319348e+000 6.010000e+000 -1.222556e-001
      vertex   1.302439e+000 5.710000e+000 -2.434681e-001
      vertex   1.319348e+000 5.710000e+000 -1.222556e-001
    endloop
  endfacet
  facet normal -9.904104e-001 -2.079385e-014 1.381564e-001
    outer loop
      vertex   1.319348e+000 6.010000e+000 -1.222556e-001
      vertex   1.302439e+000 6.010000e+000 -2.434681e-001
      vertex   1.302439e+000 5.710000e+000 -2.434681e-001
    endloop
  endfacet
  facet normal -9.734381e-001 -2.061851e-014 2.289505e-001
    outer loop
      vertex   1.302439e+000 5.710000e+000 -2.434681e-001
      vertex   1.302439e+000 6.010000e+000 -2.434681e-001
      vertex   1.274419e+000 5.710000e+000 -3.626035e-001
    endloop
  endfacet
  facet normal -9.734381e-001 -2.017458e-014 2.289505e-001
    outer loop
      vertex   1.274419e+000 5.710000e+000 -3.626035e-001
      vertex   1.302439e+000 6.010000e+000 -2.434681e-001
      vertex   1.274419e+000 6.010000e+000 -3.626035e-001
    endloop
  endfacet
  facet normal -9.481606e-001 -1.963124e-014 3.177914e-001
    outer loop
      vertex   1.235526e+000 5.710000e+000 -4.786452e-001
      vertex   1.274419e+000 6.010000e+000 -3.626035e-001
      vertex   1.235526e+000 6.010000e+000 -4.786452e-001
    endloop
  endfacet
  facet normal -9.147939e-001 -1.821382e-014 4.039210e-001
    outer loop
      vertex   1.186091e+000 5.710000e+000 -5.906033e-001
      vertex   1.235526e+000 6.010000e+000 -4.786452e-001
      vertex   1.186091e+000 6.010000e+000 -5.906033e-001
    endloop
  endfacet
  facet normal -8.736224e-001 -1.811933e-014 4.866045e-001
    outer loop
      vertex   1.126538e+000 5.710000e+000 -6.975226e-001
      vertex   1.186091e+000 6.010000e+000 -5.906033e-001
      vertex   1.126538e+000 6.010000e+000 -6.975226e-001
    endloop
  endfacet
  facet normal -8.249975e-001 -1.707989e-014 5.651364e-001
    outer loop
      vertex   1.057373e+000 5.710000e+000 -7.984909e-001
      vertex   1.126538e+000 6.010000e+000 -6.975226e-001
      vertex   1.057373e+000 6.010000e+000 -7.984909e-001
    endloop
  endfacet
  facet normal -7.693340e-001 -1.497738e-014 6.388468e-001
    outer loop
      vertex   9.791868e-001 5.710000e+000 -8.926467e-001
      vertex   1.057373e+000 6.010000e+000 -7.984909e-001
      vertex   9.791868e-001 6.010000e+000 -8.926467e-001
    endloop
  endfacet
  facet normal -7.071068e-001 -1.441042e-014 7.071068e-001
    outer loop
      vertex   8.926467e-001 5.710000e+000 -9.791868e-001
      vertex   9.791868e-001 6.010000e+000 -8.926467e-001
      vertex   8.926467e-001 6.010000e+000 -9.791868e-001
    endloop
  endfacet
  facet normal -6.388468e-001 -1.301662e-014 7.693340e-001
    outer loop
      vertex   7.984909e-001 5.710000e+000 -1.057373e+000
      vertex   8.926467e-001 6.010000e+000 -9.791868e-001
      vertex   7.984909e-001 6.010000e+000 -1.057373e+000
    endloop
  endfacet
  facet normal -5.651364e-001 -1.150471e-014 8.249975e-001
    outer loop
      vertex   6.975226e-001 5.710000e+000 -1.126538e+000
      vertex   7.984909e-001 6.010000e+000 -1.057373e+000
      vertex   6.975226e-001 6.010000e+000 -1.126538e+000
    endloop
  endfacet
  facet normal -4.866045e-001 -9.473077e-015 8.736224e-001
    outer loop
      vertex   5.906033e-001 5.710000e+000 -1.186091e+000
      vertex   6.975226e-001 6.010000e+000 -1.126538e+000
      vertex   5.906033e-001 6.010000e+000 -1.186091e+000
    endloop
  endfacet
  facet normal -4.039210e-001 -8.528131e-015 9.147939e-001
    outer loop
      vertex   4.786452e-001 5.710000e+000 -1.235526e+000
      vertex   5.906033e-001 6.010000e+000 -1.186091e+000
      vertex   4.786452e-001 6.010000e+000 -1.235526e+000
    endloop
  endfacet
  facet normal -3.177914e-001 -6.803606e-015 9.481606e-001
    outer loop
      vertex   3.626035e-001 5.710000e+000 -1.274419e+000
      vertex   4.786452e-001 6.010000e+000 -1.235526e+000
      vertex   3.626035e-001 6.010000e+000 -1.274419e+000
    endloop
  endfacet
  facet normal -2.289505e-001 -4.937339e-015 9.734381e-001
    outer loop
      vertex   2.434681e-001 5.710000e+000 -1.302439e+000
      vertex   3.626035e-001 6.010000e+000 -1.274419e+000
      vertex   2.434681e-001 6.010000e+000 -1.302439e+000
    endloop
  endfacet
  facet normal -1.381564e-001 -2.941142e-015 9.904104e-001
    outer loop
      vertex   1.222556e-001 5.710000e+000 -1.319348e+000
      vertex   2.434681e-001 6.010000e+000 -1.302439e+000
      vertex   1.222556e-001 6.010000e+000 -1.319348e+000
    endloop
  endfacet
  facet normal -4.618346e-002 -9.390394e-016 9.989330e-001
    outer loop
      vertex   -1.184978e-013 5.710000e+000 -1.325000e+000
      vertex   1.222556e-001 6.010000e+000 -1.319348e+000
      vertex   -1.246040e-013 6.010000e+000 -1.325000e+000
    endloop
  endfacet
  facet normal 4.618346e-002 1.632984e-015 9.989330e-001
    outer loop
      vertex   -1.222556e-001 5.710000e+000 -1.319348e+000
      vertex   -1.246040e-013 6.010000e+000 -1.325000e+000
      vertex   -1.222556e-001 6.010000e+000 -1.319348e+000
    endloop
  endfacet
  facet normal 1.381564e-001 2.409611e-015 9.904104e-001
    outer loop
      vertex   -2.434681e-001 5.710000e+000 -1.302439e+000
      vertex   -1.222556e-001 6.010000e+000 -1.319348e+000
      vertex   -2.434681e-001 6.010000e+000 -1.302439e+000
    endloop
  endfacet
  facet normal 2.289505e-001 4.653856e-015 9.734381e-001
    outer loop
      vertex   -3.626035e-001 5.710000e+000 -1.274419e+000
      vertex   -2.434681e-001 6.010000e+000 -1.302439e+000
      vertex   -3.626035e-001 6.010000e+000 -1.274419e+000
    endloop
  endfacet
  facet normal 3.177914e-001 6.236639e-015 9.481606e-001
    outer loop
      vertex   -4.786452e-001 5.710000e+000 -1.235526e+000
      vertex   -3.626035e-001 6.010000e+000 -1.274419e+000
      vertex   -4.786452e-001 6.010000e+000 -1.235526e+000
    endloop
  endfacet
  facet normal 4.039210e-001 8.150153e-015 9.147939e-001
    outer loop
      vertex   -5.906033e-001 5.710000e+000 -1.186091e+000
      vertex   -4.786452e-001 6.010000e+000 -1.235526e+000
      vertex   -5.906033e-001 6.010000e+000 -1.186091e+000
    endloop
  endfacet
  facet normal 4.866045e-001 9.898302e-015 8.736224e-001
    outer loop
      vertex   -6.975226e-001 5.710000e+000 -1.126538e+000
      vertex   -5.906033e-001 6.010000e+000 -1.186091e+000
      vertex   -6.975226e-001 6.010000e+000 -1.126538e+000
    endloop
  endfacet
  facet normal 5.651364e-001 1.150471e-014 8.249975e-001
    outer loop
      vertex   -7.984909e-001 5.710000e+000 -1.057373e+000
      vertex   -6.975226e-001 6.010000e+000 -1.126538e+000
      vertex   -7.984909e-001 6.010000e+000 -1.057373e+000
    endloop
  endfacet
  facet normal 6.388468e-001 1.320561e-014 7.693340e-001
    outer loop
      vertex   -8.926467e-001 5.710000e+000 -9.791868e-001
      vertex   -7.984909e-001 6.010000e+000 -1.057373e+000
      vertex   -8.926467e-001 6.010000e+000 -9.791868e-001
    endloop
  endfacet
  facet normal 7.071068e-001 1.438679e-014 7.071068e-001
    outer loop
      vertex   -9.791868e-001 5.710000e+000 -8.926467e-001
      vertex   -8.926467e-001 6.010000e+000 -9.791868e-001
      vertex   -9.791868e-001 6.010000e+000 -8.926467e-001
    endloop
  endfacet
  facet normal 7.693340e-001 1.594595e-014 6.388468e-001
    outer loop
      vertex   -1.057373e+000 5.710000e+000 -7.984909e-001
      vertex   -9.791868e-001 6.010000e+000 -8.926467e-001
      vertex   -1.057373e+000 6.010000e+000 -7.984909e-001
    endloop
  endfacet
  facet normal 8.249975e-001 1.733975e-014 5.651364e-001
    outer loop
      vertex   -1.126538e+000 5.710000e+000 -6.975226e-001
      vertex   -1.057373e+000 6.010000e+000 -7.984909e-001
      vertex   -1.126538e+000 6.010000e+000 -6.975226e-001
    endloop
  endfacet
  facet normal 8.736224e-001 1.809570e-014 4.866045e-001
    outer loop
      vertex   -1.186091e+000 5.710000e+000 -5.906033e-001
      vertex   -1.126538e+000 6.010000e+000 -6.975226e-001
      vertex   -1.186091e+000 6.010000e+000 -5.906033e-001
    endloop
  endfacet
  facet normal 9.147939e-001 1.896978e-014 4.039210e-001
    outer loop
      vertex   -1.235526e+000 5.710000e+000 -4.786452e-001
      vertex   -1.186091e+000 6.010000e+000 -5.906033e-001
      vertex   -1.235526e+000 6.010000e+000 -4.786452e-001
    endloop
  endfacet
  facet normal 9.481606e-001 1.965486e-014 3.177914e-001
    outer loop
      vertex   -1.274419e+000 5.710000e+000 -3.626035e-001
      vertex   -1.235526e+000 6.010000e+000 -4.786452e-001
      vertex   -1.274419e+000 6.010000e+000 -3.626035e-001
    endloop
  endfacet
  facet normal 9.734381e-001 2.017458e-014 2.289505e-001
    outer loop
      vertex   -1.302439e+000 5.710000e+000 -2.434681e-001
      vertex   -1.274419e+000 6.010000e+000 -3.626035e-001
      vertex   -1.302439e+000 6.010000e+000 -2.434681e-001
    endloop
  endfacet
  facet normal 9.904104e-001 2.005646e-014 1.381564e-001
    outer loop
      vertex   -1.319348e+000 5.710000e+000 -1.222556e-001
      vertex   -1.302439e+000 6.010000e+000 -2.434681e-001
      vertex   -1.319348e+000 6.010000e+000 -1.222556e-001
    endloop
  endfacet
  facet normal 9.989330e-001 2.070316e-014 4.618346e-002
    outer loop
      vertex   -1.325000e+000 5.710000e+000 0.000000e+000
      vertex   -1.319348e+000 6.010000e+000 -1.222556e-001
      vertex   -1.325000e+000 6.010000e+000 0.000000e+000
    endloop
  endfacet
  facet normal 9.989330e-001 2.135281e-014 -4.618346e-002
    outer loop
      vertex   -1.319348e+000 5.710000e+000 1.222556e-001
      vertex   -1.325000e+000 6.010000e+000 0.000000e+000
      vertex   -1.319348e+000 6.010000e+000 1.222556e-001
    endloop
  endfacet
  facet normal 9.904104e-001 2.051712e-014 -1.381564e-001
    outer loop
      vertex   -1.302439e+000 5.710000e+000 2.434681e-001
      vertex   -1.319348e+000 6.010000e+000 1.222556e-001
      vertex   -1.302439e+000 6.010000e+000 2.434681e-001
    endloop
  endfacet
  facet normal 9.734381e-001 2.017458e-014 -2.289505e-001
    outer loop
      vertex   -1.274419e+000 5.710000e+000 3.626035e-001
      vertex   -1.302439e+000 6.010000e+000 2.434681e-001
      vertex   -1.274419e+000 6.010000e+000 3.626035e-001
    endloop
  endfacet
  facet normal 9.481606e-001 1.982023e-014 -3.177914e-001
    outer loop
      vertex   -1.235526e+000 5.710000e+000 4.786452e-001
      vertex   -1.274419e+000 6.010000e+000 3.626035e-001
      vertex   -1.235526e+000 6.010000e+000 4.786452e-001
    endloop
  endfacet
  facet normal 9.147939e-001 1.896978e-014 -4.039210e-001
    outer loop
      vertex   -1.186091e+000 5.710000e+000 5.906033e-001
      vertex   -1.235526e+000 6.010000e+000 4.786452e-001
      vertex   -1.186091e+000 6.010000e+000 5.906033e-001
    endloop
  endfacet
  facet normal 8.736224e-001 1.802483e-014 -4.866045e-001
    outer loop
      vertex   -1.126538e+000 5.710000e+000 6.975226e-001
      vertex   -1.186091e+000 6.010000e+000 5.906033e-001
      vertex   -1.126538e+000 6.010000e+000 6.975226e-001
    endloop
  endfacet
  facet normal 8.249975e-001 1.707989e-014 -5.651364e-001
    outer loop
      vertex   -1.057373e+000 5.710000e+000 7.984909e-001
      vertex   -1.126538e+000 6.010000e+000 6.975226e-001
      vertex   -1.057373e+000 6.010000e+000 7.984909e-001
    endloop
  endfacet
  facet normal 7.693340e-001 1.563884e-014 -6.388468e-001
    outer loop
      vertex   -9.791868e-001 5.710000e+000 8.926467e-001
      vertex   -1.057373e+000 6.010000e+000 7.984909e-001
      vertex   -9.791868e-001 6.010000e+000 8.926467e-001
    endloop
  endfacet
  facet normal 7.071068e-001 1.438679e-014 -7.071068e-001
    outer loop
      vertex   -8.926467e-001 5.710000e+000 9.791868e-001
      vertex   -9.791868e-001 6.010000e+000 8.926467e-001
      vertex   -8.926467e-001 6.010000e+000 9.791868e-001
    endloop
  endfacet
  facet normal 6.388468e-001 1.299300e-014 -7.693340e-001
    outer loop
      vertex   -7.984909e-001 5.710000e+000 1.057373e+000
      vertex   -8.926467e-001 6.010000e+000 9.791868e-001
      vertex   -7.984909e-001 6.010000e+000 1.057373e+000
    endloop
  endfacet
  facet normal 5.651364e-001 1.150471e-014 -8.249975e-001
    outer loop
      vertex   -6.975226e-001 5.710000e+000 1.126538e+000
      vertex   -7.984909e-001 6.010000e+000 1.057373e+000
      vertex   -6.975226e-001 6.010000e+000 1.126538e+000
    endloop
  endfacet
  facet normal 4.866045e-001 1.015816e-014 -8.736224e-001
    outer loop
      vertex   -5.906033e-001 5.710000e+000 1.186091e+000
      vertex   -6.975226e-001 6.010000e+000 1.126538e+000
      vertex   -5.906033e-001 6.010000e+000 1.186091e+000
    endloop
  endfacet
  facet normal 4.039210e-001 8.528131e-015 -9.147939e-001
    outer loop
      vertex   -4.786452e-001 5.710000e+000 1.235526e+000
      vertex   -5.906033e-001 6.010000e+000 1.186091e+000
      vertex   -4.786452e-001 6.010000e+000 1.235526e+000
    endloop
  endfacet
  facet normal 3.177914e-001 6.472875e-015 -9.481606e-001
    outer loop
      vertex   -3.626035e-001 5.710000e+000 1.274419e+000
      vertex   -4.786452e-001 6.010000e+000 1.235526e+000
      vertex   -3.626035e-001 6.010000e+000 1.274419e+000
    endloop
  endfacet
  facet normal 2.289505e-001 5.338941e-015 -9.734381e-001
    outer loop
      vertex   -2.434681e-001 5.710000e+000 1.302439e+000
      vertex   -3.626035e-001 6.010000e+000 1.274419e+000
      vertex   -2.434681e-001 6.010000e+000 1.302439e+000
    endloop
  endfacet
  facet normal 1.381564e-001 2.220621e-015 -9.904104e-001
    outer loop
      vertex   -1.222556e-001 5.710000e+000 1.319348e+000
      vertex   -2.434681e-001 6.010000e+000 1.302439e+000
      vertex   -1.222556e-001 6.010000e+000 1.319348e+000
    endloop
  endfacet
  facet normal 4.618346e-002 9.419923e-016 -9.989330e-001
    outer loop
      vertex   -1.184978e-013 5.710000e+000 1.325000e+000
      vertex   -1.222556e-001 6.010000e+000 1.319348e+000
      vertex   -1.246040e-013 6.010000e+000 1.325000e+000
    endloop
  endfacet
  facet normal -4.618346e-002 -8.947451e-016 -9.989330e-001
    outer loop
      vertex   1.222556e-001 5.710000e+000 1.319348e+000
      vertex   -1.246040e-013 6.010000e+000 1.325000e+000
      vertex   1.222556e-001 6.010000e+000 1.319348e+000
    endloop
  endfacet
  facet normal -1.381564e-001 -2.350551e-015 -9.904104e-001
    outer loop
      vertex   2.434681e-001 5.710000e+000 1.302439e+000
      vertex   1.222556e-001 6.010000e+000 1.319348e+000
      vertex   2.434681e-001 6.010000e+000 1.302439e+000
    endloop
  endfacet
  facet normal -2.289505e-001 -4.205007e-015 -9.734381e-001
    outer loop
      vertex   3.626035e-001 5.710000e+000 1.274419e+000
      vertex   2.434681e-001 6.010000e+000 1.302439e+000
      vertex   3.626035e-001 6.010000e+000 1.274419e+000
    endloop
  endfacet
  facet normal -3.177914e-001 -6.236639e-015 -9.481606e-001
    outer loop
      vertex   4.786452e-001 5.710000e+000 1.235526e+000
      vertex   3.626035e-001 6.010000e+000 1.274419e+000
      vertex   4.786452e-001 6.010000e+000 1.235526e+000
    endloop
  endfacet
  facet normal -4.039210e-001 -8.433637e-015 -9.147939e-001
    outer loop
      vertex   5.906033e-001 5.710000e+000 1.186091e+000
      vertex   4.786452e-001 6.010000e+000 1.235526e+000
      vertex   5.906033e-001 6.010000e+000 1.186091e+000
    endloop
  endfacet
  facet normal -4.866045e-001 -9.898302e-015 -8.736224e-001
    outer loop
      vertex   6.975226e-001 5.710000e+000 1.126538e+000
      vertex   5.906033e-001 6.010000e+000 1.186091e+000
      vertex   6.975226e-001 6.010000e+000 1.126538e+000
    endloop
  endfacet
  facet normal -5.651364e-001 -1.150471e-014 -8.249975e-001
    outer loop
      vertex   7.984909e-001 5.710000e+000 1.057373e+000
      vertex   6.975226e-001 6.010000e+000 1.126538e+000
      vertex   7.984909e-001 6.010000e+000 1.057373e+000
    endloop
  endfacet
  facet normal -6.388468e-001 -1.280401e-014 -7.693340e-001
    outer loop
      vertex   8.926467e-001 5.710000e+000 9.791868e-001
      vertex   7.984909e-001 6.010000e+000 1.057373e+000
      vertex   8.926467e-001 6.010000e+000 9.791868e-001
    endloop
  endfacet
  facet normal -7.071068e-001 -1.490651e-014 -7.071068e-001
    outer loop
      vertex   9.791868e-001 5.710000e+000 8.926467e-001
      vertex   8.926467e-001 6.010000e+000 9.791868e-001
      vertex   9.791868e-001 6.010000e+000 8.926467e-001
    endloop
  endfacet
  facet normal -7.693340e-001 -1.592233e-014 -6.388468e-001
    outer loop
      vertex   1.057373e+000 5.710000e+000 7.984909e-001
      vertex   9.791868e-001 6.010000e+000 8.926467e-001
      vertex   1.057373e+000 6.010000e+000 7.984909e-001
    endloop
  endfacet
  facet normal -8.249975e-001 -1.710351e-014 -5.651364e-001
    outer loop
      vertex   1.126538e+000 5.710000e+000 6.975226e-001
      vertex   1.057373e+000 6.010000e+000 7.984909e-001
      vertex   1.126538e+000 6.010000e+000 6.975226e-001
    endloop
  endfacet
  facet normal -8.736224e-001 -1.866267e-014 -4.866045e-001
    outer loop
      vertex   1.186091e+000 5.710000e+000 5.906033e-001
      vertex   1.126538e+000 6.010000e+000 6.975226e-001
      vertex   1.186091e+000 6.010000e+000 5.906033e-001
    endloop
  endfacet
  facet normal -9.147939e-001 -1.894615e-014 -4.039210e-001
    outer loop
      vertex   1.235526e+000 5.710000e+000 4.786452e-001
      vertex   1.186091e+000 6.010000e+000 5.906033e-001
      vertex   1.235526e+000 6.010000e+000 4.786452e-001
    endloop
  endfacet
  facet normal -9.481606e-001 -1.965486e-014 -3.177914e-001
    outer loop
      vertex   1.274419e+000 5.710000e+000 3.626035e-001
      vertex   1.235526e+000 6.010000e+000 4.786452e-001
      vertex   1.274419e+000 6.010000e+000 3.626035e-001
    endloop
  endfacet
  facet normal -9.734381e-001 -1.972573e-014 -2.289505e-001
    outer loop
      vertex   1.302439e+000 5.710000e+000 2.434681e-001
      vertex   1.274419e+000 6.010000e+000 3.626035e-001
      vertex   1.302439e+000 6.010000e+000 2.434681e-001
    endloop
  endfacet
  facet normal -9.904104e-001 -2.098960e-014 -1.381564e-001
    outer loop
      vertex   1.319348e+000 5.710000e+000 1.222556e-001
      vertex   1.302439e+000 6.010000e+000 2.434681e-001
      vertex   1.319348e+000 6.010000e+000 1.222556e-001
    endloop
  endfacet
  facet normal -9.989330e-001 -2.070021e-014 -4.618346e-002
    outer loop
      vertex   1.325000e+000 5.710000e+000 1.622657e-016
      vertex   1.319348e+000 6.010000e+000 1.222556e-001
      vertex   1.325000e+000 6.010000e+000 1.622657e-016
    endloop
  endfacet
  facet normal -9.989330e-001 -2.070205e-014 4.618346e-002
    outer loop
      vertex   1.319348e+000 5.710000e+000 -1.222556e-001
      vertex   1.325000e+000 5.710000e+000 1.622657e-016
      vertex   1.325000e+000 6.010000e+000 1.622657e-016
    endloop
  endfacet
  facet normal -9.481606e-001 -1.964984e-014 3.177914e-001
    outer loop
      vertex   1.274419e+000 5.710000e+000 -3.626035e-001
      vertex   1.274419e+000 6.010000e+000 -3.626035e-001
      vertex   1.235526e+000 5.710000e+000 -4.786452e-001
    endloop
  endfacet
  facet normal -9.147939e-001 -1.895834e-014 4.039210e-001
    outer loop
      vertex   1.235526e+000 5.710000e+000 -4.786452e-001
      vertex   1.235526e+000 6.010000e+000 -4.786452e-001
      vertex   1.186091e+000 5.710000e+000 -5.906033e-001
    endloop
  endfacet
  facet normal -8.736224e-001 -1.753219e-014 4.866045e-001
    outer loop
      vertex   1.186091e+000 5.710000e+000 -5.906033e-001
      vertex   1.186091e+000 6.010000e+000 -5.906033e-001
      vertex   1.126538e+000 5.710000e+000 -6.975226e-001
    endloop
  endfacet
  facet normal -8.249975e-001 -1.709738e-014 5.651364e-001
    outer loop
      vertex   1.126538e+000 5.710000e+000 -6.975226e-001
      vertex   1.126538e+000 6.010000e+000 -6.975226e-001
      vertex   1.057373e+000 5.710000e+000 -7.984909e-001
    endloop
  endfacet
  facet normal -7.693340e-001 -1.594380e-014 6.388468e-001
    outer loop
      vertex   1.057373e+000 5.710000e+000 -7.984909e-001
      vertex   1.057373e+000 6.010000e+000 -7.984909e-001
      vertex   9.791868e-001 5.710000e+000 -8.926467e-001
    endloop
  endfacet
  facet normal -7.071068e-001 -1.386915e-014 7.071068e-001
    outer loop
      vertex   9.791868e-001 5.710000e+000 -8.926467e-001
      vertex   9.791868e-001 6.010000e+000 -8.926467e-001
      vertex   8.926467e-001 5.710000e+000 -9.791868e-001
    endloop
  endfacet
  facet normal -6.388468e-001 -1.319630e-014 7.693340e-001
    outer loop
      vertex   8.926467e-001 5.710000e+000 -9.791868e-001
      vertex   8.926467e-001 6.010000e+000 -9.791868e-001
      vertex   7.984909e-001 5.710000e+000 -1.057373e+000
    endloop
  endfacet
  facet normal -5.651364e-001 -1.150284e-014 8.249975e-001
    outer loop
      vertex   7.984909e-001 5.710000e+000 -1.057373e+000
      vertex   7.984909e-001 6.010000e+000 -1.057373e+000
      vertex   6.975226e-001 5.710000e+000 -1.126538e+000
    endloop
  endfacet
  facet normal -4.866045e-001 -9.904391e-015 8.736224e-001
    outer loop
      vertex   6.975226e-001 5.710000e+000 -1.126538e+000
      vertex   6.975226e-001 6.010000e+000 -1.126538e+000
      vertex   5.906033e-001 5.710000e+000 -1.186091e+000
    endloop
  endfacet
  facet normal -4.039210e-001 -8.001643e-015 9.147939e-001
    outer loop
      vertex   5.906033e-001 5.710000e+000 -1.186091e+000
      vertex   5.906033e-001 6.010000e+000 -1.186091e+000
      vertex   4.786452e-001 5.710000e+000 -1.235526e+000
    endloop
  endfacet
  facet normal -3.177914e-001 -6.703568e-015 9.481606e-001
    outer loop
      vertex   4.786452e-001 5.710000e+000 -1.235526e+000
      vertex   4.786452e-001 6.010000e+000 -1.235526e+000
      vertex   3.626035e-001 5.710000e+000 -1.274419e+000
    endloop
  endfacet
  facet normal -2.289505e-001 -5.126383e-015 9.734381e-001
    outer loop
      vertex   3.626035e-001 5.710000e+000 -1.274419e+000
      vertex   3.626035e-001 6.010000e+000 -1.274419e+000
      vertex   2.434681e-001 5.710000e+000 -1.302439e+000
    endloop
  endfacet
  facet normal -1.381564e-001 -3.276675e-015 9.904104e-001
    outer loop
      vertex   2.434681e-001 5.710000e+000 -1.302439e+000
      vertex   2.434681e-001 6.010000e+000 -1.302439e+000
      vertex   1.222556e-001 5.710000e+000 -1.319348e+000
    endloop
  endfacet
  facet normal -4.618346e-002 -9.848869e-016 9.989330e-001
    outer loop
      vertex   1.222556e-001 5.710000e+000 -1.319348e+000
      vertex   1.222556e-001 6.010000e+000 -1.319348e+000
      vertex   -1.184978e-013 5.710000e+000 -1.325000e+000
    endloop
  endfacet
  facet normal 4.618346e-002 9.400222e-016 9.989330e-001
    outer loop
      vertex   -1.184978e-013 5.710000e+000 -1.325000e+000
      vertex   -1.246040e-013 6.010000e+000 -1.325000e+000
      vertex   -1.222556e-001 5.710000e+000 -1.319348e+000
    endloop
  endfacet
  facet normal 1.381564e-001 3.404495e-015 9.904104e-001
    outer loop
      vertex   -1.222556e-001 5.710000e+000 -1.319348e+000
      vertex   -1.222556e-001 6.010000e+000 -1.319348e+000
      vertex   -2.434681e-001 5.710000e+000 -1.302439e+000
    endloop
  endfacet
  facet normal 2.289505e-001 3.982250e-015 9.734381e-001
    outer loop
      vertex   -2.434681e-001 5.710000e+000 -1.302439e+000
      vertex   -2.434681e-001 6.010000e+000 -1.302439e+000
      vertex   -3.626035e-001 5.710000e+000 -1.274419e+000
    endloop
  endfacet
  facet normal 3.177914e-001 6.468355e-015 9.481606e-001
    outer loop
      vertex   -3.626035e-001 5.710000e+000 -1.274419e+000
      vertex   -3.626035e-001 6.010000e+000 -1.274419e+000
      vertex   -4.786452e-001 5.710000e+000 -1.235526e+000
    endloop
  endfacet
  facet normal 4.039210e-001 7.922482e-015 9.147939e-001
    outer loop
      vertex   -4.786452e-001 5.710000e+000 -1.235526e+000
      vertex   -4.786452e-001 6.010000e+000 -1.235526e+000
      vertex   -5.906033e-001 5.710000e+000 -1.186091e+000
    endloop
  endfacet
  facet normal 4.866045e-001 9.650602e-015 8.736224e-001
    outer loop
      vertex   -5.906033e-001 5.710000e+000 -1.186091e+000
      vertex   -5.906033e-001 6.010000e+000 -1.186091e+000
      vertex   -6.975226e-001 5.710000e+000 -1.126538e+000
    endloop
  endfacet
  facet normal 5.651364e-001 1.150284e-014 8.249975e-001
    outer loop
      vertex   -6.975226e-001 5.710000e+000 -1.126538e+000
      vertex   -6.975226e-001 6.010000e+000 -1.126538e+000
      vertex   -7.984909e-001 5.710000e+000 -1.057373e+000
    endloop
  endfacet
  facet normal 6.388468e-001 1.300314e-014 7.693340e-001
    outer loop
      vertex   -7.984909e-001 5.710000e+000 -1.057373e+000
      vertex   -7.984909e-001 6.010000e+000 -1.057373e+000
      vertex   -8.926467e-001 5.710000e+000 -9.791868e-001
    endloop
  endfacet
  facet normal 7.071068e-001 1.439251e-014 7.071068e-001
    outer loop
      vertex   -8.926467e-001 5.710000e+000 -9.791868e-001
      vertex   -8.926467e-001 6.010000e+000 -9.791868e-001
      vertex   -9.791868e-001 5.710000e+000 -8.926467e-001
    endloop
  endfacet
  facet normal 7.693340e-001 1.565909e-014 6.388468e-001
    outer loop
      vertex   -9.791868e-001 5.710000e+000 -8.926467e-001
      vertex   -9.791868e-001 6.010000e+000 -8.926467e-001
      vertex   -1.057373e+000 5.710000e+000 -7.984909e-001
    endloop
  endfacet
  facet normal 8.249975e-001 1.709738e-014 5.651364e-001
    outer loop
      vertex   -1.057373e+000 5.710000e+000 -7.984909e-001
      vertex   -1.057373e+000 6.010000e+000 -7.984909e-001
      vertex   -1.126538e+000 5.710000e+000 -6.975226e-001
    endloop
  endfacet
  facet normal 8.736224e-001 1.817880e-014 4.866045e-001
    outer loop
      vertex   -1.126538e+000 5.710000e+000 -6.975226e-001
      vertex   -1.126538e+000 6.010000e+000 -6.975226e-001
      vertex   -1.186091e+000 5.710000e+000 -5.906033e-001
    endloop
  endfacet
  facet normal 9.147939e-001 1.895834e-014 4.039210e-001
    outer loop
      vertex   -1.186091e+000 5.710000e+000 -5.906033e-001
      vertex   -1.186091e+000 6.010000e+000 -5.906033e-001
      vertex   -1.235526e+000 5.710000e+000 -4.786452e-001
    endloop
  endfacet
  facet normal 9.481606e-001 1.947729e-014 3.177914e-001
    outer loop
      vertex   -1.235526e+000 5.710000e+000 -4.786452e-001
      vertex   -1.235526e+000 6.010000e+000 -4.786452e-001
      vertex   -1.274419e+000 5.710000e+000 -3.626035e-001
    endloop
  endfacet
  facet normal 9.734381e-001 2.017369e-014 2.289505e-001
    outer loop
      vertex   -1.274419e+000 5.710000e+000 -3.626035e-001
      vertex   -1.274419e+000 6.010000e+000 -3.626035e-001
      vertex   -1.302439e+000 5.710000e+000 -2.434681e-001
    endloop
  endfacet
  facet normal 9.904104e-001 2.052543e-014 1.381564e-001
    outer loop
      vertex   -1.302439e+000 5.710000e+000 -2.434681e-001
      vertex   -1.302439e+000 6.010000e+000 -2.434681e-001
      vertex   -1.319348e+000 5.710000e+000 -1.222556e-001
    endloop
  endfacet
  facet normal 9.989330e-001 2.005028e-014 4.618346e-002
    outer loop
      vertex   -1.319348e+000 5.710000e+000 -1.222556e-001
      vertex   -1.319348e+000 6.010000e+000 -1.222556e-001
      vertex   -1.325000e+000 5.710000e+000 0.000000e+000
    endloop
  endfacet
  facet normal 9.989330e-001 2.070205e-014 -4.618346e-002
    outer loop
      vertex   -1.325000e+000 5.710000e+000 0.000000e+000
      vertex   -1.325000e+000 6.010000e+000 0.000000e+000
      vertex   -1.319348e+000 5.710000e+000 1.222556e-001
    endloop
  endfacet
  facet normal 9.904104e-001 2.099645e-014 -1.381564e-001
    outer loop
      vertex   -1.319348e+000 5.710000e+000 1.222556e-001
      vertex   -1.319348e+000 6.010000e+000 1.222556e-001
      vertex   -1.302439e+000 5.710000e+000 2.434681e-001
    endloop
  endfacet
  facet normal 9.734381e-001 2.017369e-014 -2.289505e-001
    outer loop
      vertex   -1.302439e+000 5.710000e+000 2.434681e-001
      vertex   -1.302439e+000 6.010000e+000 2.434681e-001
      vertex   -1.274419e+000 5.710000e+000 3.626035e-001
    endloop
  endfacet
  facet normal 9.481606e-001 1.964984e-014 -3.177914e-001
    outer loop
      vertex   -1.274419e+000 5.710000e+000 3.626035e-001
      vertex   -1.274419e+000 6.010000e+000 3.626035e-001
      vertex   -1.235526e+000 5.710000e+000 4.786452e-001
    endloop
  endfacet
  facet normal 9.147939e-001 1.896276e-014 -4.039210e-001
    outer loop
      vertex   -1.235526e+000 5.710000e+000 4.786452e-001
      vertex   -1.235526e+000 6.010000e+000 4.786452e-001
      vertex   -1.186091e+000 5.710000e+000 5.906033e-001
    endloop
  endfacet
  facet normal 8.736224e-001 1.810509e-014 -4.866045e-001
    outer loop
      vertex   -1.186091e+000 5.710000e+000 5.906033e-001
      vertex   -1.186091e+000 6.010000e+000 5.906033e-001
      vertex   -1.126538e+000 5.710000e+000 6.975226e-001
    endloop
  endfacet
  facet normal 8.249975e-001 1.687143e-014 -5.651364e-001
    outer loop
      vertex   -1.126538e+000 5.710000e+000 6.975226e-001
      vertex   -1.126538e+000 6.010000e+000 6.975226e-001
      vertex   -1.057373e+000 5.710000e+000 7.984909e-001
    endloop
  endfacet
  facet normal 7.693340e-001 1.594380e-014 -6.388468e-001
    outer loop
      vertex   -1.057373e+000 5.710000e+000 7.984909e-001
      vertex   -1.057373e+000 6.010000e+000 7.984909e-001
      vertex   -9.791868e-001 5.710000e+000 8.926467e-001
    endloop
  endfacet
  facet normal 7.071068e-001 1.439251e-014 -7.071068e-001
    outer loop
      vertex   -9.791868e-001 5.710000e+000 8.926467e-001
      vertex   -9.791868e-001 6.010000e+000 8.926467e-001
      vertex   -8.926467e-001 5.710000e+000 9.791868e-001
    endloop
  endfacet
  facet normal 6.388468e-001 1.280998e-014 -7.693340e-001
    outer loop
      vertex   -8.926467e-001 5.710000e+000 9.791868e-001
      vertex   -8.926467e-001 6.010000e+000 9.791868e-001
      vertex   -7.984909e-001 5.710000e+000 1.057373e+000
    endloop
  endfacet
  facet normal 5.651364e-001 1.150284e-014 -8.249975e-001
    outer loop
      vertex   -7.984909e-001 5.710000e+000 1.057373e+000
      vertex   -7.984909e-001 6.010000e+000 1.057373e+000
      vertex   -6.975226e-001 5.710000e+000 1.126538e+000
    endloop
  endfacet
  facet normal 4.866045e-001 9.904391e-015 -8.736224e-001
    outer loop
      vertex   -6.975226e-001 5.710000e+000 1.126538e+000
      vertex   -6.975226e-001 6.010000e+000 1.126538e+000
      vertex   -5.906033e-001 5.710000e+000 1.186091e+000
    endloop
  endfacet
  facet normal 4.039210e-001 8.291765e-015 -9.147939e-001
    outer loop
      vertex   -5.906033e-001 5.710000e+000 1.186091e+000
      vertex   -5.906033e-001 6.010000e+000 1.186091e+000
      vertex   -4.786452e-001 5.710000e+000 1.235526e+000
    endloop
  endfacet
  facet normal 3.177914e-001 6.703568e-015 -9.481606e-001
    outer loop
      vertex   -4.786452e-001 5.710000e+000 1.235526e+000
      vertex   -4.786452e-001 6.010000e+000 1.235526e+000
      vertex   -3.626035e-001 5.710000e+000 1.274419e+000
    endloop
  endfacet
  facet normal 2.289505e-001 4.660080e-015 -9.734381e-001
    outer loop
      vertex   -3.626035e-001 5.710000e+000 1.274419e+000
      vertex   -3.626035e-001 6.010000e+000 1.274419e+000
      vertex   -2.434681e-001 5.710000e+000 1.302439e+000
    endloop
  endfacet
  facet normal 1.381564e-001 3.221072e-015 -9.904104e-001
    outer loop
      vertex   -2.434681e-001 5.710000e+000 1.302439e+000
      vertex   -2.434681e-001 6.010000e+000 1.302439e+000
      vertex   -1.222556e-001 5.710000e+000 1.319348e+000
    endloop
  endfacet
  facet normal 4.618346e-002 2.476644e-016 -9.989330e-001
    outer loop
      vertex   -1.222556e-001 5.710000e+000 1.319348e+000
      vertex   -1.222556e-001 6.010000e+000 1.319348e+000
      vertex   -1.184978e-013 5.710000e+000 1.325000e+000
    endloop
  endfacet
  facet normal -4.618346e-002 -9.400222e-016 -9.989330e-001
    outer loop
      vertex   -1.184978e-013 5.710000e+000 1.325000e+000
      vertex   -1.246040e-013 6.010000e+000 1.325000e+000
      vertex   1.222556e-001 5.710000e+000 1.319348e+000
    endloop
  endfacet
  facet normal -1.381564e-001 -2.677835e-015 -9.904104e-001
    outer loop
      vertex   1.222556e-001 5.710000e+000 1.319348e+000
      vertex   1.222556e-001 6.010000e+000 1.319348e+000
      vertex   2.434681e-001 5.710000e+000 1.302439e+000
    endloop
  endfacet
  facet normal -2.289505e-001 -4.384417e-015 -9.734381e-001
    outer loop
      vertex   2.434681e-001 5.710000e+000 1.302439e+000
      vertex   2.434681e-001 6.010000e+000 1.302439e+000
      vertex   3.626035e-001 5.710000e+000 1.274419e+000
    endloop
  endfacet
  facet normal -3.177914e-001 -6.119394e-015 -9.481606e-001
    outer loop
      vertex   3.626035e-001 5.710000e+000 1.274419e+000
      vertex   3.626035e-001 6.010000e+000 1.274419e+000
      vertex   4.786452e-001 5.710000e+000 1.235526e+000
    endloop
  endfacet
  facet normal -4.039210e-001 -7.922482e-015 -9.147939e-001
    outer loop
      vertex   4.786452e-001 5.710000e+000 1.235526e+000
      vertex   4.786452e-001 6.010000e+000 1.235526e+000
      vertex   5.906033e-001 5.710000e+000 1.186091e+000
    endloop
  endfacet
  facet normal -4.866045e-001 -1.033826e-014 -8.736224e-001
    outer loop
      vertex   5.906033e-001 5.710000e+000 1.186091e+000
      vertex   5.906033e-001 6.010000e+000 1.186091e+000
      vertex   6.975226e-001 5.710000e+000 1.126538e+000
    endloop
  endfacet
  facet normal -5.651364e-001 -1.150284e-014 -8.249975e-001
    outer loop
      vertex   6.975226e-001 5.710000e+000 1.126538e+000
      vertex   6.975226e-001 6.010000e+000 1.126538e+000
      vertex   7.984909e-001 5.710000e+000 1.057373e+000
    endloop
  endfacet
  facet normal -6.388468e-001 -1.300314e-014 -7.693340e-001
    outer loop
      vertex   7.984909e-001 5.710000e+000 1.057373e+000
      vertex   7.984909e-001 6.010000e+000 1.057373e+000
      vertex   8.926467e-001 5.710000e+000 9.791868e-001
    endloop
  endfacet
  facet normal -7.071068e-001 -1.439251e-014 -7.071068e-001
    outer loop
      vertex   8.926467e-001 5.710000e+000 9.791868e-001
      vertex   8.926467e-001 6.010000e+000 9.791868e-001
      vertex   9.791868e-001 5.710000e+000 8.926467e-001
    endloop
  endfacet
  facet normal -7.693340e-001 -1.632509e-014 -6.388468e-001
    outer loop
      vertex   9.791868e-001 5.710000e+000 8.926467e-001
      vertex   9.791868e-001 6.010000e+000 8.926467e-001
      vertex   1.057373e+000 5.710000e+000 7.984909e-001
    endloop
  endfacet
  facet normal -8.249975e-001 -1.709738e-014 -5.651364e-001
    outer loop
      vertex   1.057373e+000 5.710000e+000 7.984909e-001
      vertex   1.057373e+000 6.010000e+000 7.984909e-001
      vertex   1.126538e+000 5.710000e+000 6.975226e-001
    endloop
  endfacet
  facet normal -8.736224e-001 -1.810509e-014 -4.866045e-001
    outer loop
      vertex   1.126538e+000 5.710000e+000 6.975226e-001
      vertex   1.126538e+000 6.010000e+000 6.975226e-001
      vertex   1.186091e+000 5.710000e+000 5.906033e-001
    endloop
  endfacet
  facet normal -9.147939e-001 -1.971458e-014 -4.039210e-001
    outer loop
      vertex   1.186091e+000 5.710000e+000 5.906033e-001
      vertex   1.186091e+000 6.010000e+000 5.906033e-001
      vertex   1.235526e+000 5.710000e+000 4.786452e-001
    endloop
  endfacet
  facet normal -9.481606e-001 -1.964984e-014 -3.177914e-001
    outer loop
      vertex   1.235526e+000 5.710000e+000 4.786452e-001
      vertex   1.235526e+000 6.010000e+000 4.786452e-001
      vertex   1.274419e+000 5.710000e+000 3.626035e-001
    endloop
  endfacet
  facet normal -9.734381e-001 -2.017369e-014 -2.289505e-001
    outer loop
      vertex   1.274419e+000 5.710000e+000 3.626035e-001
      vertex   1.274419e+000 6.010000e+000 3.626035e-001
      vertex   1.302439e+000 5.710000e+000 2.434681e-001
    endloop
  endfacet
  facet normal -9.904104e-001 -2.025700e-014 -1.381564e-001
    outer loop
      vertex   1.302439e+000 5.710000e+000 2.434681e-001
      vertex   1.302439e+000 6.010000e+000 2.434681e-001
      vertex   1.319348e+000 5.710000e+000 1.222556e-001
    endloop
  endfacet
  facet normal -9.989330e-001 -2.135168e-014 -4.618346e-002
    outer loop
      vertex   1.319348e+000 5.710000e+000 1.222556e-001
      vertex   1.319348e+000 6.010000e+000 1.222556e-001
      vertex   1.325000e+000 5.710000e+000 1.622657e-016
    endloop
  endfacet
  facet normal 5.639186e-001 1.158081e-014 8.258304e-001
    outer loop
      vertex   -9.768732e-001 5.060000e+000 -1.485000e+000
      vertex   -1.027559e+000 2.600000e+000 -1.450390e+000
      vertex   -9.768732e-001 3.660000e+000 -1.485000e+000
    endloop
  endfacet
  facet normal 5.821865e-001 -5.561277e-004 8.130551e-001
    outer loop
      vertex   -9.768732e-001 5.060000e+000 -1.485000e+000
      vertex   -1.091181e+000 5.060000e+000 -1.403150e+000
      vertex   -1.027559e+000 2.600000e+000 -1.450390e+000
    endloop
  endfacet
  facet normal 6.100750e-001 5.628738e-004 7.923434e-001
    outer loop
      vertex   -1.027559e+000 2.600000e+000 -1.450390e+000
      vertex   -1.091181e+000 5.060000e+000 -1.403150e+000
      vertex   -1.139544e+000 2.600000e+000 -1.364165e+000
    endloop
  endfacet
  facet normal 6.446232e-001 -5.575859e-004 7.645002e-001
    outer loop
      vertex   -1.139544e+000 2.600000e+000 -1.364165e+000
      vertex   -1.091181e+000 5.060000e+000 -1.403150e+000
      vertex   -1.198662e+000 5.060000e+000 -1.312522e+000
    endloop
  endfacet
  facet normal 7.030273e-001 -5.589173e-004 7.111626e-001
    outer loop
      vertex   -1.244325e+000 2.600000e+000 -1.269316e+000
      vertex   -1.198662e+000 5.060000e+000 -1.312522e+000
      vertex   -1.298645e+000 5.060000e+000 -1.213683e+000
    endloop
  endfacet
  facet normal 7.570333e-001 -5.601219e-004 6.533761e-001
    outer loop
      vertex   -1.341239e+000 2.600000e+000 -1.166441e+000
      vertex   -1.298645e+000 5.060000e+000 -1.213683e+000
      vertex   -1.390503e+000 5.060000e+000 -1.107252e+000
    endloop
  endfacet
  facet normal 8.063033e-001 -5.611998e-004 5.915021e-001
    outer loop
      vertex   -1.429673e+000 2.600000e+000 -1.056192e+000
      vertex   -1.390503e+000 5.060000e+000 -1.107252e+000
      vertex   -1.473663e+000 5.060000e+000 -9.938933e-001
    endloop
  endfacet
  facet normal 8.505291e-001 -5.621508e-004 5.259277e-001
    outer loop
      vertex   -1.509068e+000 2.600000e+000 -9.392658e-001
      vertex   -1.473663e+000 5.060000e+000 -9.938933e-001
      vertex   -1.547603e+000 5.060000e+000 -8.743171e-001
    endloop
  endfacet
  facet normal 8.894341e-001 -5.629750e-004 4.570631e-001
    outer loop
      vertex   -1.578922e+000 2.600000e+000 -8.164009e-001
      vertex   -1.547603e+000 5.060000e+000 -8.743171e-001
      vertex   -1.611862e+000 5.060000e+000 -7.492712e-001
    endloop
  endfacet
  facet normal 9.227749e-001 -5.636724e-004 3.853391e-001
    outer loop
      vertex   -1.638794e+000 2.600000e+000 -6.883745e-001
      vertex   -1.611862e+000 5.060000e+000 -7.492712e-001
      vertex   -1.666037e+000 5.060000e+000 -6.195379e-001
    endloop
  endfacet
  facet normal 9.503428e-001 -5.642430e-004 3.112045e-001
    outer loop
      vertex   -1.688305e+000 2.600000e+000 -5.559960e-001
      vertex   -1.666037e+000 5.060000e+000 -6.195379e-001
      vertex   -1.709789e+000 5.060000e+000 -4.859289e-001
    endloop
  endfacet
  facet normal 9.719654e-001 -5.646868e-004 2.351231e-001
    outer loop
      vertex   -1.727142e+000 2.600000e+000 -4.201022e-001
      vertex   -1.709789e+000 5.060000e+000 -4.859289e-001
      vertex   -1.742845e+000 5.060000e+000 -3.492799e-001
    endloop
  endfacet
  facet normal 9.875075e-001 -5.650039e-004 1.575707e-001
    outer loop
      vertex   -1.755060e+000 2.600000e+000 -2.815525e-001
      vertex   -1.742845e+000 5.060000e+000 -3.492799e-001
      vertex   -1.764998e+000 5.060000e+000 -2.104458e-001
    endloop
  endfacet
  facet normal 9.968719e-001 -5.651941e-004 7.903256e-002
    outer loop
      vertex   -1.771881e+000 2.600000e+000 -1.412227e-001
      vertex   -1.764998e+000 5.060000e+000 -2.104458e-001
      vertex   -1.776109e+000 5.060000e+000 -7.029519e-002
    endloop
  endfacet
  facet normal 9.999998e-001 -5.652575e-004 0.000000e+000
    outer loop
      vertex   -1.777500e+000 2.600000e+000 0.000000e+000
      vertex   -1.776109e+000 5.060000e+000 -7.029519e-002
      vertex   -1.776109e+000 5.060000e+000 7.029519e-002
    endloop
  endfacet
  facet normal 9.968719e-001 -5.651941e-004 -7.903256e-002
    outer loop
      vertex   -1.771881e+000 2.600000e+000 1.412227e-001
      vertex   -1.776109e+000 5.060000e+000 7.029519e-002
      vertex   -1.764998e+000 5.060000e+000 2.104458e-001
    endloop
  endfacet
  facet normal 9.875075e-001 -5.650039e-004 -1.575707e-001
    outer loop
      vertex   -1.755060e+000 2.600000e+000 2.815525e-001
      vertex   -1.764998e+000 5.060000e+000 2.104458e-001
      vertex   -1.742845e+000 5.060000e+000 3.492799e-001
    endloop
  endfacet
  facet normal 9.719654e-001 -5.646868e-004 -2.351231e-001
    outer loop
      vertex   -1.727142e+000 2.600000e+000 4.201022e-001
      vertex   -1.742845e+000 5.060000e+000 3.492799e-001
      vertex   -1.709789e+000 5.060000e+000 4.859289e-001
    endloop
  endfacet
  facet normal 9.503428e-001 -5.642430e-004 -3.112045e-001
    outer loop
      vertex   -1.688305e+000 2.600000e+000 5.559960e-001
      vertex   -1.709789e+000 5.060000e+000 4.859289e-001
      vertex   -1.666037e+000 5.060000e+000 6.195379e-001
    endloop
  endfacet
  facet normal 9.227749e-001 -5.636724e-004 -3.853391e-001
    outer loop
      vertex   -1.638794e+000 2.600000e+000 6.883745e-001
      vertex   -1.666037e+000 5.060000e+000 6.195379e-001
      vertex   -1.611862e+000 5.060000e+000 7.492712e-001
    endloop
  endfacet
  facet normal 8.894341e-001 -5.629750e-004 -4.570631e-001
    outer loop
      vertex   -1.578922e+000 2.600000e+000 8.164009e-001
      vertex   -1.611862e+000 5.060000e+000 7.492712e-001
      vertex   -1.547603e+000 5.060000e+000 8.743171e-001
    endloop
  endfacet
  facet normal 8.505291e-001 -5.621508e-004 -5.259277e-001
    outer loop
      vertex   -1.509068e+000 2.600000e+000 9.392658e-001
      vertex   -1.547603e+000 5.060000e+000 8.743171e-001
      vertex   -1.473663e+000 5.060000e+000 9.938933e-001
    endloop
  endfacet
  facet normal 8.063033e-001 -5.611998e-004 -5.915021e-001
    outer loop
      vertex   -1.429673e+000 2.600000e+000 1.056192e+000
      vertex   -1.473663e+000 5.060000e+000 9.938933e-001
      vertex   -1.390503e+000 5.060000e+000 1.107252e+000
    endloop
  endfacet
  facet normal 7.570333e-001 -5.601219e-004 -6.533761e-001
    outer loop
      vertex   -1.341239e+000 2.600000e+000 1.166441e+000
      vertex   -1.390503e+000 5.060000e+000 1.107252e+000
      vertex   -1.298645e+000 5.060000e+000 1.213683e+000
    endloop
  endfacet
  facet normal 7.030273e-001 -5.589173e-004 -7.111626e-001
    outer loop
      vertex   -1.244325e+000 2.600000e+000 1.269316e+000
      vertex   -1.298645e+000 5.060000e+000 1.213683e+000
      vertex   -1.198662e+000 5.060000e+000 1.312522e+000
    endloop
  endfacet
  facet normal 6.446232e-001 -5.575859e-004 -7.645002e-001
    outer loop
      vertex   -1.139544e+000 2.600000e+000 1.364165e+000
      vertex   -1.198662e+000 5.060000e+000 1.312522e+000
      vertex   -1.091181e+000 5.060000e+000 1.403150e+000
    endloop
  endfacet
  facet normal 5.821865e-001 -5.561277e-004 -8.130551e-001
    outer loop
      vertex   -1.027559e+000 2.600000e+000 1.450390e+000
      vertex   -1.091181e+000 5.060000e+000 1.403150e+000
      vertex   -9.768732e-001 5.060000e+000 1.485000e+000
    endloop
  endfacet
  facet normal 5.639186e-001 1.157828e-014 -8.258304e-001
    outer loop
      vertex   -9.768732e-001 3.660000e+000 1.485000e+000
      vertex   -1.027559e+000 2.600000e+000 1.450390e+000
      vertex   -9.768732e-001 5.060000e+000 1.485000e+000
    endloop
  endfacet
  facet normal 5.451943e-001 1.302760e-003 -8.383087e-001
    outer loop
      vertex   -9.768732e-001 3.660000e+000 1.485000e+000
      vertex   -9.090766e-001 2.600000e+000 1.527444e+000
      vertex   -1.027559e+000 2.600000e+000 1.450390e+000
    endloop
  endfacet
  facet normal 5.167641e-001 -1.229087e-003 -8.561270e-001
    outer loop
      vertex   -9.768732e-001 3.660000e+000 1.485000e+000
      vertex   -8.588425e-001 3.660000e+000 1.556244e+000
      vertex   -9.090766e-001 2.600000e+000 1.527444e+000
    endloop
  endfacet
  facet normal 4.768671e-001 1.282414e-003 -8.789745e-001
    outer loop
      vertex   -9.090766e-001 2.600000e+000 1.527444e+000
      vertex   -8.588425e-001 3.660000e+000 1.556244e+000
      vertex   -7.848471e-001 2.600000e+000 1.594842e+000
    endloop
  endfacet
  facet normal 4.488571e-001 -1.205543e-003 -8.936027e-001
    outer loop
      vertex   -7.848471e-001 2.600000e+000 1.594842e+000
      vertex   -8.588425e-001 3.660000e+000 1.556244e+000
      vertex   -7.356452e-001 3.660000e+000 1.618126e+000
    endloop
  endfacet
  facet normal 3.782499e-001 -1.175603e-003 -9.257028e-001
    outer loop
      vertex   -6.556556e-001 2.600000e+000 1.652157e+000
      vertex   -7.356452e-001 3.660000e+000 1.618126e+000
      vertex   -6.080225e-001 3.660000e+000 1.670274e+000
    endloop
  endfacet
  facet normal 3.053672e-001 -1.139269e-003 -9.522340e-001
    outer loop
      vertex   -5.223189e-001 2.600000e+000 1.699026e+000
      vertex   -6.080225e-001 3.660000e+000 1.670274e+000
      vertex   -4.767419e-001 3.660000e+000 1.712374e+000
    endloop
  endfacet
  facet normal 2.306474e-001 -1.096539e-003 -9.730368e-001
    outer loop
      vertex   -3.856798e-001 2.600000e+000 1.735153e+000
      vertex   -4.767419e-001 3.660000e+000 1.712374e+000
      vertex   -3.425934e-001 3.660000e+000 1.744172e+000
    endloop
  endfacet
  facet normal 1.545402e-001 -1.047414e-003 -9.879860e-001
    outer loop
      vertex   -2.466024e-001 2.600000e+000 1.760311e+000
      vertex   -3.425934e-001 3.660000e+000 1.744172e+000
      vertex   -2.063839e-001 3.660000e+000 1.765478e+000
    endloop
  endfacet
  facet normal 7.750321e-002 -9.918948e-004 -9.969916e-001
    outer loop
      vertex   -1.059659e-001 2.600000e+000 1.774339e+000
      vertex   -2.063839e-001 3.660000e+000 1.765478e+000
      vertex   -6.893287e-002 3.660000e+000 1.776163e+000
    endloop
  endfacet
  facet normal 1.797376e-017 -9.299807e-004 -9.999996e-001
    outer loop
      vertex   3.534059e-002 2.600000e+000 1.777149e+000
      vertex   -6.893287e-002 3.660000e+000 1.776163e+000
      vertex   6.893287e-002 3.660000e+000 1.776163e+000
    endloop
  endfacet
  facet normal -7.750322e-002 -8.616723e-004 -9.969917e-001
    outer loop
      vertex   1.764236e-001 2.600000e+000 1.768723e+000
      vertex   6.893287e-002 3.660000e+000 1.776163e+000
      vertex   2.063839e-001 3.660000e+000 1.765478e+000
    endloop
  endfacet
  facet normal -1.545402e-001 -7.869699e-004 -9.879862e-001
    outer loop
      vertex   3.163913e-001 2.600000e+000 1.749115e+000
      vertex   2.063839e-001 3.660000e+000 1.765478e+000
      vertex   3.425934e-001 3.660000e+000 1.744172e+000
    endloop
  endfacet
  facet normal -2.306475e-001 -7.058736e-004 -9.730371e-001
    outer loop
      vertex   4.543586e-001 2.600000e+000 1.718448e+000
      vertex   3.425934e-001 3.660000e+000 1.744172e+000
      vertex   4.767419e-001 3.660000e+000 1.712374e+000
    endloop
  endfacet
  facet normal -3.053673e-001 -6.183839e-004 -9.522344e-001
    outer loop
      vertex   5.894533e-001 2.600000e+000 1.676917e+000
      vertex   4.767419e-001 3.660000e+000 1.712374e+000
      vertex   6.080225e-001 3.660000e+000 1.670274e+000
    endloop
  endfacet
  facet normal -3.782501e-001 -5.245010e-004 -9.257033e-001
    outer loop
      vertex   7.208213e-001 2.600000e+000 1.624784e+000
      vertex   6.080225e-001 3.660000e+000 1.670274e+000
      vertex   7.356452e-001 3.660000e+000 1.618126e+000
    endloop
  endfacet
  facet normal -4.488574e-001 -4.242253e-004 -8.936033e-001
    outer loop
      vertex   8.476320e-001 2.600000e+000 1.562378e+000
      vertex   7.356452e-001 3.660000e+000 1.618126e+000
      vertex   8.588425e-001 3.660000e+000 1.556244e+000
    endloop
  endfacet
  facet normal -5.167644e-001 -3.175572e-004 -8.561276e-001
    outer loop
      vertex   9.690837e-001 2.600000e+000 1.490095e+000
      vertex   8.588425e-001 3.660000e+000 1.556244e+000
      vertex   9.768732e-001 3.660000e+000 1.485000e+000
    endloop
  endfacet
  facet normal -5.811017e-001 -1.339226e-004 -8.138309e-001
    outer loop
      vertex   1.084409e+000 2.600000e+000 1.408391e+000
      vertex   9.768732e-001 3.660000e+000 1.485000e+000
      vertex   1.091181e+000 5.060000e+000 1.403150e+000
    endloop
  endfacet
  facet normal -6.446233e-001 -1.187069e-004 -7.645003e-001
    outer loop
      vertex   1.192877e+000 2.600000e+000 1.317782e+000
      vertex   1.091181e+000 5.060000e+000 1.403150e+000
      vertex   1.198662e+000 5.060000e+000 1.312522e+000
    endloop
  endfacet
  facet normal -7.030274e-001 -1.080034e-004 -7.111627e-001
    outer loop
      vertex   1.293805e+000 2.600000e+000 1.218842e+000
      vertex   1.198662e+000 5.060000e+000 1.312522e+000
      vertex   1.298645e+000 5.060000e+000 1.213683e+000
    endloop
  endfacet
  facet normal -7.570334e-001 -9.717317e-005 -6.533762e-001
    outer loop
      vertex   1.386552e+000 2.600000e+000 1.112196e+000
      vertex   1.298645e+000 5.060000e+000 1.213683e+000
      vertex   1.390503e+000 5.060000e+000 1.107252e+000
    endloop
  endfacet
  facet normal -8.063034e-001 -8.621621e-005 -5.915022e-001
    outer loop
      vertex   1.470533e+000 2.600000e+000 9.985185e-001
      vertex   1.390503e+000 5.060000e+000 1.107252e+000
      vertex   1.473663e+000 5.060000e+000 9.938933e-001
    endloop
  endfacet
  facet normal -8.505293e-001 -7.513253e-005 -5.259277e-001
    outer loop
      vertex   1.545217e+000 2.600000e+000 8.785279e-001
      vertex   1.473663e+000 5.060000e+000 9.938933e-001
      vertex   1.547603e+000 5.060000e+000 8.743171e-001
    endloop
  endfacet
  facet normal -8.894342e-001 -6.392214e-005 -4.570631e-001
    outer loop
      vertex   1.610131e+000 2.600000e+000 7.529830e-001
      vertex   1.547603e+000 5.060000e+000 8.743171e-001
      vertex   1.611862e+000 5.060000e+000 7.492712e-001
    endloop
  endfacet
  facet normal -9.227750e-001 -5.258503e-005 -3.853392e-001
    outer loop
      vertex   1.664866e+000 2.600000e+000 6.226775e-001
      vertex   1.611862e+000 5.060000e+000 7.492712e-001
      vertex   1.666037e+000 5.060000e+000 6.195379e-001
    endloop
  endfacet
  facet normal -9.503429e-001 -4.112121e-005 -3.112046e-001
    outer loop
      vertex   1.709075e+000 2.600000e+000 4.884353e-001
      vertex   1.666037e+000 5.060000e+000 6.195379e-001
      vertex   1.709789e+000 5.060000e+000 4.859289e-001
    endloop
  endfacet
  facet normal -9.719656e-001 -2.953068e-005 -2.351231e-001
    outer loop
      vertex   1.742479e+000 2.600000e+000 3.511049e-001
      vertex   1.709789e+000 5.060000e+000 4.859289e-001
      vertex   1.742845e+000 5.060000e+000 3.492799e-001
    endloop
  endfacet
  facet normal -9.875077e-001 -1.781344e-005 -1.575707e-001
    outer loop
      vertex   1.764866e+000 2.600000e+000 2.115548e-001
      vertex   1.742845e+000 5.060000e+000 3.492799e-001
      vertex   1.764998e+000 5.060000e+000 2.104458e-001
    endloop
  endfacet
  facet normal -9.968720e-001 -5.969488e-006 -7.903257e-002
    outer loop
      vertex   1.776095e+000 2.600000e+000 7.066721e-002
      vertex   1.764998e+000 5.060000e+000 2.104458e-001
      vertex   1.776109e+000 5.060000e+000 7.029519e-002
    endloop
  endfacet
  facet normal -1.000000e+000 6.001164e-006 0.000000e+000
    outer loop
      vertex   1.776109e+000 5.060000e+000 -7.029519e-002
      vertex   1.776095e+000 2.600000e+000 7.066721e-002
      vertex   1.776109e+000 5.060000e+000 7.029519e-002
    endloop
  endfacet
  facet normal -1.000000e+000 6.001164e-006 0.000000e+000
    outer loop
      vertex   1.776109e+000 5.060000e+000 -7.029519e-002
      vertex   1.776095e+000 2.600000e+000 -7.066721e-002
      vertex   1.776095e+000 2.600000e+000 7.066721e-002
    endloop
  endfacet
  facet normal -9.968720e-001 -5.969488e-006 7.903257e-002
    outer loop
      vertex   1.776109e+000 5.060000e+000 -7.029519e-002
      vertex   1.764998e+000 5.060000e+000 -2.104458e-001
      vertex   1.776095e+000 2.600000e+000 -7.066721e-002
    endloop
  endfacet
  facet normal -9.968388e-001 1.790846e-005 7.945017e-002
    outer loop
      vertex   1.776095e+000 2.600000e+000 -7.066721e-002
      vertex   1.764998e+000 5.060000e+000 -2.104458e-001
      vertex   1.764866e+000 2.600000e+000 -2.115548e-001
    endloop
  endfacet
  facet normal -9.875077e-001 -1.781344e-005 1.575707e-001
    outer loop
      vertex   1.764866e+000 2.600000e+000 -2.115548e-001
      vertex   1.764998e+000 5.060000e+000 -2.104458e-001
      vertex   1.742845e+000 5.060000e+000 -3.492799e-001
    endloop
  endfacet
  facet normal -9.719656e-001 -2.953068e-005 2.351231e-001
    outer loop
      vertex   1.742479e+000 2.600000e+000 -3.511049e-001
      vertex   1.742845e+000 5.060000e+000 -3.492799e-001
      vertex   1.709789e+000 5.060000e+000 -4.859289e-001
    endloop
  endfacet
  facet normal -9.503429e-001 -4.112121e-005 3.112046e-001
    outer loop
      vertex   1.709075e+000 2.600000e+000 -4.884353e-001
      vertex   1.709789e+000 5.060000e+000 -4.859289e-001
      vertex   1.666037e+000 5.060000e+000 -6.195379e-001
    endloop
  endfacet
  facet normal -9.227750e-001 -5.258503e-005 3.853392e-001
    outer loop
      vertex   1.664866e+000 2.600000e+000 -6.226775e-001
      vertex   1.666037e+000 5.060000e+000 -6.195379e-001
      vertex   1.611862e+000 5.060000e+000 -7.492712e-001
    endloop
  endfacet
  facet normal -8.894342e-001 -6.392214e-005 4.570631e-001
    outer loop
      vertex   1.610131e+000 2.600000e+000 -7.529830e-001
      vertex   1.611862e+000 5.060000e+000 -7.492712e-001
      vertex   1.547603e+000 5.060000e+000 -8.743171e-001
    endloop
  endfacet
  facet normal -8.505293e-001 -7.513253e-005 5.259277e-001
    outer loop
      vertex   1.545217e+000 2.600000e+000 -8.785279e-001
      vertex   1.547603e+000 5.060000e+000 -8.743171e-001
      vertex   1.473663e+000 5.060000e+000 -9.938933e-001
    endloop
  endfacet
  facet normal -8.063034e-001 -8.621621e-005 5.915022e-001
    outer loop
      vertex   1.470533e+000 2.600000e+000 -9.985185e-001
      vertex   1.473663e+000 5.060000e+000 -9.938933e-001
      vertex   1.390503e+000 5.060000e+000 -1.107252e+000
    endloop
  endfacet
  facet normal -7.570334e-001 -9.717317e-005 6.533762e-001
    outer loop
      vertex   1.386552e+000 2.600000e+000 -1.112196e+000
      vertex   1.390503e+000 5.060000e+000 -1.107252e+000
      vertex   1.298645e+000 5.060000e+000 -1.213683e+000
    endloop
  endfacet
  facet normal -7.030274e-001 -1.080034e-004 7.111627e-001
    outer loop
      vertex   1.293805e+000 2.600000e+000 -1.218842e+000
      vertex   1.298645e+000 5.060000e+000 -1.213683e+000
      vertex   1.198662e+000 5.060000e+000 -1.312522e+000
    endloop
  endfacet
  facet normal -6.446233e-001 -1.187069e-004 7.645003e-001
    outer loop
      vertex   1.192877e+000 2.600000e+000 -1.317782e+000
      vertex   1.198662e+000 5.060000e+000 -1.312522e+000
      vertex   1.091181e+000 5.060000e+000 -1.403150e+000
    endloop
  endfacet
  facet normal -5.821866e-001 -1.292837e-004 8.130552e-001
    outer loop
      vertex   1.084409e+000 2.600000e+000 -1.408391e+000
      vertex   1.091181e+000 5.060000e+000 -1.403150e+000
      vertex   9.768732e-001 5.060000e+000 -1.485000e+000
    endloop
  endfacet
  facet normal -5.802264e-001 -1.210620e-014 8.144552e-001
    outer loop
      vertex   9.768732e-001 3.660000e+000 -1.485000e+000
      vertex   1.084409e+000 2.600000e+000 -1.408391e+000
      vertex   9.768732e-001 5.060000e+000 -1.485000e+000
    endloop
  endfacet
  facet normal -5.780920e-001 3.261258e-004 8.159715e-001
    outer loop
      vertex   9.768732e-001 3.660000e+000 -1.485000e+000
      vertex   9.690837e-001 2.600000e+000 -1.490095e+000
      vertex   1.084409e+000 2.600000e+000 -1.408391e+000
    endloop
  endfacet
  facet normal -5.167644e-001 -3.175572e-004 8.561276e-001
    outer loop
      vertex   9.768732e-001 3.660000e+000 -1.485000e+000
      vertex   8.588425e-001 3.660000e+000 -1.556244e+000
      vertex   9.690837e-001 2.600000e+000 -1.490095e+000
    endloop
  endfacet
  facet normal -5.114354e-001 4.359899e-004 8.593216e-001
    outer loop
      vertex   9.690837e-001 2.600000e+000 -1.490095e+000
      vertex   8.588425e-001 3.660000e+000 -1.556244e+000
      vertex   8.476320e-001 2.600000e+000 -1.562378e+000
    endloop
  endfacet
  facet normal -4.488574e-001 -4.242253e-004 8.936033e-001
    outer loop
      vertex   8.476320e-001 2.600000e+000 -1.562378e+000
      vertex   8.588425e-001 3.660000e+000 -1.556244e+000
      vertex   7.356452e-001 3.660000e+000 -1.618126e+000
    endloop
  endfacet
  facet normal -3.782501e-001 -5.245010e-004 9.257033e-001
    outer loop
      vertex   7.208213e-001 2.600000e+000 -1.624784e+000
      vertex   7.356452e-001 3.660000e+000 -1.618126e+000
      vertex   6.080225e-001 3.660000e+000 -1.670274e+000
    endloop
  endfacet
  facet normal -3.053673e-001 -6.183839e-004 9.522344e-001
    outer loop
      vertex   5.894533e-001 2.600000e+000 -1.676917e+000
      vertex   6.080225e-001 3.660000e+000 -1.670274e+000
      vertex   4.767419e-001 3.660000e+000 -1.712374e+000
    endloop
  endfacet
  facet normal -2.306475e-001 -7.058736e-004 9.730371e-001
    outer loop
      vertex   4.543586e-001 2.600000e+000 -1.718448e+000
      vertex   4.767419e-001 3.660000e+000 -1.712374e+000
      vertex   3.425934e-001 3.660000e+000 -1.744172e+000
    endloop
  endfacet
  facet normal -1.545402e-001 -7.869699e-004 9.879862e-001
    outer loop
      vertex   3.163913e-001 2.600000e+000 -1.749115e+000
      vertex   3.425934e-001 3.660000e+000 -1.744172e+000
      vertex   2.063839e-001 3.660000e+000 -1.765478e+000
    endloop
  endfacet
  facet normal -7.750322e-002 -8.616723e-004 9.969917e-001
    outer loop
      vertex   1.764236e-001 2.600000e+000 -1.768723e+000
      vertex   2.063839e-001 3.660000e+000 -1.765478e+000
      vertex   6.893287e-002 3.660000e+000 -1.776163e+000
    endloop
  endfacet
  facet normal 1.797376e-017 -9.299807e-004 9.999996e-001
    outer loop
      vertex   3.534059e-002 2.600000e+000 -1.777149e+000
      vertex   6.893287e-002 3.660000e+000 -1.776163e+000
      vertex   -6.893287e-002 3.660000e+000 -1.776163e+000
    endloop
  endfacet
  facet normal 7.750321e-002 -9.918948e-004 9.969916e-001
    outer loop
      vertex   -1.059659e-001 2.600000e+000 -1.774339e+000
      vertex   -6.893287e-002 3.660000e+000 -1.776163e+000
      vertex   -2.063839e-001 3.660000e+000 -1.765478e+000
    endloop
  endfacet
  facet normal 1.545402e-001 -1.047414e-003 9.879860e-001
    outer loop
      vertex   -2.466024e-001 2.600000e+000 -1.760311e+000
      vertex   -2.063839e-001 3.660000e+000 -1.765478e+000
      vertex   -3.425934e-001 3.660000e+000 -1.744172e+000
    endloop
  endfacet
  facet normal 2.306474e-001 -1.096539e-003 9.730368e-001
    outer loop
      vertex   -3.856798e-001 2.600000e+000 -1.735153e+000
      vertex   -3.425934e-001 3.660000e+000 -1.744172e+000
      vertex   -4.767419e-001 3.660000e+000 -1.712374e+000
    endloop
  endfacet
  facet normal 3.053672e-001 -1.139269e-003 9.522340e-001
    outer loop
      vertex   -5.223189e-001 2.600000e+000 -1.699026e+000
      vertex   -4.767419e-001 3.660000e+000 -1.712374e+000
      vertex   -6.080225e-001 3.660000e+000 -1.670274e+000
    endloop
  endfacet
  facet normal 3.782499e-001 -1.175603e-003 9.257028e-001
    outer loop
      vertex   -6.556556e-001 2.600000e+000 -1.652157e+000
      vertex   -6.080225e-001 3.660000e+000 -1.670274e+000
      vertex   -7.356452e-001 3.660000e+000 -1.618126e+000
    endloop
  endfacet
  facet normal 4.488571e-001 -1.205543e-003 8.936027e-001
    outer loop
      vertex   -7.848471e-001 2.600000e+000 -1.594842e+000
      vertex   -7.356452e-001 3.660000e+000 -1.618126e+000
      vertex   -8.588425e-001 3.660000e+000 -1.556244e+000
    endloop
  endfacet
  facet normal 5.167641e-001 -1.229087e-003 8.561270e-001
    outer loop
      vertex   -9.090766e-001 2.600000e+000 -1.527444e+000
      vertex   -8.588425e-001 3.660000e+000 -1.556244e+000
      vertex   -9.768732e-001 3.660000e+000 -1.485000e+000
    endloop
  endfacet
  facet normal 5.451943e-001 1.302760e-003 8.383087e-001
    outer loop
      vertex   -1.027559e+000 2.600000e+000 -1.450390e+000
      vertex   -9.090766e-001 2.600000e+000 -1.527444e+000
      vertex   -9.768732e-001 3.660000e+000 -1.485000e+000
    endloop
  endfacet
  facet normal 6.710983e-001 5.642686e-004 7.413681e-001
    outer loop
      vertex   -1.139544e+000 2.600000e+000 -1.364165e+000
      vertex   -1.198662e+000 5.060000e+000 -1.312522e+000
      vertex   -1.244325e+000 2.600000e+000 -1.269316e+000
    endloop
  endfacet
  facet normal 7.278787e-001 5.655366e-004 6.857057e-001
    outer loop
      vertex   -1.244325e+000 2.600000e+000 -1.269316e+000
      vertex   -1.298645e+000 5.060000e+000 -1.213683e+000
      vertex   -1.341239e+000 2.600000e+000 -1.166441e+000
    endloop
  endfacet
  facet normal 7.800572e-001 5.666779e-004 6.257080e-001
    outer loop
      vertex   -1.341239e+000 2.600000e+000 -1.166441e+000
      vertex   -1.390503e+000 5.060000e+000 -1.107252e+000
      vertex   -1.429673e+000 2.600000e+000 -1.056192e+000
    endloop
  endfacet
  facet normal 8.273039e-001 5.676923e-004 5.617543e-001
    outer loop
      vertex   -1.429673e+000 2.600000e+000 -1.056192e+000
      vertex   -1.473663e+000 5.060000e+000 -9.938933e-001
      vertex   -1.509068e+000 2.600000e+000 -9.392658e-001
    endloop
  endfacet
  facet normal 8.693201e-001 5.685799e-004 4.942491e-001
    outer loop
      vertex   -1.509068e+000 2.600000e+000 -9.392658e-001
      vertex   -1.547603e+000 5.060000e+000 -8.743171e-001
      vertex   -1.578922e+000 2.600000e+000 -8.164009e-001
    endloop
  endfacet
  facet normal 9.058402e-001 5.693407e-004 4.236191e-001
    outer loop
      vertex   -1.578922e+000 2.600000e+000 -8.164009e-001
      vertex   -1.611862e+000 5.060000e+000 -7.492712e-001
      vertex   -1.638794e+000 2.600000e+000 -6.883745e-001
    endloop
  endfacet
  facet normal 9.366333e-001 5.699747e-004 3.503108e-001
    outer loop
      vertex   -1.638794e+000 2.600000e+000 -6.883745e-001
      vertex   -1.666037e+000 5.060000e+000 -6.195379e-001
      vertex   -1.688305e+000 2.600000e+000 -5.559960e-001
    endloop
  endfacet
  facet normal 9.615047e-001 5.704820e-004 2.747877e-001
    outer loop
      vertex   -1.688305e+000 2.600000e+000 -5.559960e-001
      vertex   -1.709789e+000 5.060000e+000 -4.859289e-001
      vertex   -1.727142e+000 2.600000e+000 -4.201022e-001
    endloop
  endfacet
  facet normal 9.802972e-001 5.708624e-004 1.975274e-001
    outer loop
      vertex   -1.727142e+000 2.600000e+000 -4.201022e-001
      vertex   -1.742845e+000 5.060000e+000 -3.492799e-001
      vertex   -1.755060e+000 2.600000e+000 -2.815525e-001
    endloop
  endfacet
  facet normal 9.928919e-001 5.711160e-004 1.190182e-001
    outer loop
      vertex   -1.755060e+000 2.600000e+000 -2.815525e-001
      vertex   -1.764998e+000 5.060000e+000 -2.104458e-001
      vertex   -1.771881e+000 2.600000e+000 -1.412227e-001
    endloop
  endfacet
  facet normal 9.992092e-001 5.712428e-004 3.975651e-002
    outer loop
      vertex   -1.771881e+000 2.600000e+000 -1.412227e-001
      vertex   -1.776109e+000 5.060000e+000 -7.029519e-002
      vertex   -1.777500e+000 2.600000e+000 0.000000e+000
    endloop
  endfacet
  facet normal 9.992092e-001 5.712428e-004 -3.975651e-002
    outer loop
      vertex   -1.777500e+000 2.600000e+000 0.000000e+000
      vertex   -1.776109e+000 5.060000e+000 7.029519e-002
      vertex   -1.771881e+000 2.600000e+000 1.412227e-001
    endloop
  endfacet
  facet normal 9.928919e-001 5.711160e-004 -1.190182e-001
    outer loop
      vertex   -1.771881e+000 2.600000e+000 1.412227e-001
      vertex   -1.764998e+000 5.060000e+000 2.104458e-001
      vertex   -1.755060e+000 2.600000e+000 2.815525e-001
    endloop
  endfacet
  facet normal 9.802972e-001 5.708624e-004 -1.975274e-001
    outer loop
      vertex   -1.755060e+000 2.600000e+000 2.815525e-001
      vertex   -1.742845e+000 5.060000e+000 3.492799e-001
      vertex   -1.727142e+000 2.600000e+000 4.201022e-001
    endloop
  endfacet
  facet normal 9.615047e-001 5.704820e-004 -2.747877e-001
    outer loop
      vertex   -1.727142e+000 2.600000e+000 4.201022e-001
      vertex   -1.709789e+000 5.060000e+000 4.859289e-001
      vertex   -1.688305e+000 2.600000e+000 5.559960e-001
    endloop
  endfacet
  facet normal 9.366333e-001 5.699747e-004 -3.503108e-001
    outer loop
      vertex   -1.688305e+000 2.600000e+000 5.559960e-001
      vertex   -1.666037e+000 5.060000e+000 6.195379e-001
      vertex   -1.638794e+000 2.600000e+000 6.883745e-001
    endloop
  endfacet
  facet normal 9.058402e-001 5.693407e-004 -4.236191e-001
    outer loop
      vertex   -1.638794e+000 2.600000e+000 6.883745e-001
      vertex   -1.611862e+000 5.060000e+000 7.492712e-001
      vertex   -1.578922e+000 2.600000e+000 8.164009e-001
    endloop
  endfacet
  facet normal 8.693201e-001 5.685799e-004 -4.942491e-001
    outer loop
      vertex   -1.578922e+000 2.600000e+000 8.164009e-001
      vertex   -1.547603e+000 5.060000e+000 8.743171e-001
      vertex   -1.509068e+000 2.600000e+000 9.392658e-001
    endloop
  endfacet
  facet normal 8.273039e-001 5.676923e-004 -5.617543e-001
    outer loop
      vertex   -1.509068e+000 2.600000e+000 9.392658e-001
      vertex   -1.473663e+000 5.060000e+000 9.938933e-001
      vertex   -1.429673e+000 2.600000e+000 1.056192e+000
    endloop
  endfacet
  facet normal 7.800572e-001 5.666779e-004 -6.257080e-001
    outer loop
      vertex   -1.429673e+000 2.600000e+000 1.056192e+000
      vertex   -1.390503e+000 5.060000e+000 1.107252e+000
      vertex   -1.341239e+000 2.600000e+000 1.166441e+000
    endloop
  endfacet
  facet normal 7.278787e-001 5.655366e-004 -6.857057e-001
    outer loop
      vertex   -1.341239e+000 2.600000e+000 1.166441e+000
      vertex   -1.298645e+000 5.060000e+000 1.213683e+000
      vertex   -1.244325e+000 2.600000e+000 1.269316e+000
    endloop
  endfacet
  facet normal 6.710983e-001 5.642686e-004 -7.413681e-001
    outer loop
      vertex   -1.244325e+000 2.600000e+000 1.269316e+000
      vertex   -1.198662e+000 5.060000e+000 1.312522e+000
      vertex   -1.139544e+000 2.600000e+000 1.364165e+000
    endloop
  endfacet
  facet normal 6.100750e-001 5.628738e-004 -7.923434e-001
    outer loop
      vertex   -1.139544e+000 2.600000e+000 1.364165e+000
      vertex   -1.091181e+000 5.060000e+000 1.403150e+000
      vertex   -1.027559e+000 2.600000e+000 1.450390e+000
    endloop
  endfacet
  facet normal 4.055250e-001 1.255672e-003 -9.140831e-001
    outer loop
      vertex   -7.848471e-001 2.600000e+000 1.594842e+000
      vertex   -7.356452e-001 3.660000e+000 1.618126e+000
      vertex   -6.556556e-001 2.600000e+000 1.652157e+000
    endloop
  endfacet
  facet normal 3.316190e-001 1.222535e-003 -9.434126e-001
    outer loop
      vertex   -6.556556e-001 2.600000e+000 1.652157e+000
      vertex   -6.080225e-001 3.660000e+000 1.670274e+000
      vertex   -5.223189e-001 2.600000e+000 1.699026e+000
    endloop
  endfacet
  facet normal 2.556165e-001 1.183003e-003 -9.667775e-001
    outer loop
      vertex   -5.223189e-001 2.600000e+000 1.699026e+000
      vertex   -4.767419e-001 3.660000e+000 1.712374e+000
      vertex   -3.856798e-001 2.600000e+000 1.735153e+000
    endloop
  endfacet
  facet normal 1.779978e-001 1.137075e-003 -9.840302e-001
    outer loop
      vertex   -3.856798e-001 2.600000e+000 1.735153e+000
      vertex   -3.425934e-001 3.660000e+000 1.744172e+000
      vertex   -2.466024e-001 2.600000e+000 1.760311e+000
    endloop
  endfacet
  facet normal 9.925374e-002 1.084753e-003 -9.950616e-001
    outer loop
      vertex   -2.466024e-001 2.600000e+000 1.760311e+000
      vertex   -2.063839e-001 3.660000e+000 1.765478e+000
      vertex   -1.059659e-001 2.600000e+000 1.774339e+000
    endloop
  endfacet
  facet normal 1.988218e-002 1.026037e-003 -9.998018e-001
    outer loop
      vertex   -1.059659e-001 2.600000e+000 1.774339e+000
      vertex   -6.893287e-002 3.660000e+000 1.776163e+000
      vertex   3.534059e-002 2.600000e+000 1.777149e+000
    endloop
  endfacet
  facet normal -5.961510e-002 9.609254e-004 -9.982210e-001
    outer loop
      vertex   3.534059e-002 2.600000e+000 1.777149e+000
      vertex   6.893287e-002 3.660000e+000 1.776163e+000
      vertex   1.764236e-001 2.600000e+000 1.768723e+000
    endloop
  endfacet
  facet normal -1.387355e-001 8.894199e-004 -9.903291e-001
    outer loop
      vertex   1.764236e-001 2.600000e+000 1.768723e+000
      vertex   2.063839e-001 3.660000e+000 1.765478e+000
      vertex   3.163913e-001 2.600000e+000 1.749115e+000
    endloop
  endfacet
  facet normal -2.169787e-001 8.115205e-004 -9.761760e-001
    outer loop
      vertex   3.163913e-001 2.600000e+000 1.749115e+000
      vertex   3.425934e-001 3.660000e+000 1.744172e+000
      vertex   4.543586e-001 2.600000e+000 1.718448e+000
    endloop
  endfacet
  facet normal -2.938502e-001 7.272275e-004 -9.558512e-001
    outer loop
      vertex   4.543586e-001 2.600000e+000 1.718448e+000
      vertex   4.767419e-001 3.660000e+000 1.712374e+000
      vertex   5.894533e-001 2.600000e+000 1.676917e+000
    endloop
  endfacet
  facet normal -3.688638e-001 6.365412e-004 -9.294832e-001
    outer loop
      vertex   5.894533e-001 2.600000e+000 1.676917e+000
      vertex   6.080225e-001 3.660000e+000 1.670274e+000
      vertex   7.208213e-001 2.600000e+000 1.624784e+000
    endloop
  endfacet
  facet normal -4.415454e-001 5.394618e-004 -8.972387e-001
    outer loop
      vertex   7.208213e-001 2.600000e+000 1.624784e+000
      vertex   7.356452e-001 3.660000e+000 1.618126e+000
      vertex   8.476320e-001 2.600000e+000 1.562378e+000
    endloop
  endfacet
  facet normal -5.114354e-001 4.359899e-004 -8.593216e-001
    outer loop
      vertex   8.476320e-001 2.600000e+000 1.562378e+000
      vertex   8.588425e-001 3.660000e+000 1.556244e+000
      vertex   9.690837e-001 2.600000e+000 1.490095e+000
    endloop
  endfacet
  facet normal -5.821866e-001 -1.219800e-014 -8.130552e-001
    outer loop
      vertex   9.768732e-001 3.660000e+000 1.485000e+000
      vertex   9.768732e-001 5.060000e+000 1.485000e+000
      vertex   1.091181e+000 5.060000e+000 1.403150e+000
    endloop
  endfacet
  facet normal -6.410936e-001 1.300123e-004 -7.674627e-001
    outer loop
      vertex   1.084409e+000 2.600000e+000 1.408391e+000
      vertex   1.091181e+000 5.060000e+000 1.403150e+000
      vertex   1.192877e+000 2.600000e+000 1.317782e+000
    endloop
  endfacet
  facet normal -7.000421e-001 1.193722e-004 -7.141016e-001
    outer loop
      vertex   1.192877e+000 2.600000e+000 1.317782e+000
      vertex   1.198662e+000 5.060000e+000 1.312522e+000
      vertex   1.293805e+000 2.600000e+000 1.218842e+000
    endloop
  endfacet
  facet normal -7.545646e-001 1.086053e-004 -6.562257e-001
    outer loop
      vertex   1.293805e+000 2.600000e+000 1.218842e+000
      vertex   1.298645e+000 5.060000e+000 1.213683e+000
      vertex   1.386552e+000 2.600000e+000 1.112196e+000
    endloop
  endfacet
  facet normal -8.043166e-001 9.771169e-005 -5.942010e-001
    outer loop
      vertex   1.386552e+000 2.600000e+000 1.112196e+000
      vertex   1.390503e+000 5.060000e+000 1.107252e+000
      vertex   1.470533e+000 2.600000e+000 9.985185e-001
    endloop
  endfacet
  facet normal -8.489834e-001 8.669137e-005 -5.284196e-001
    outer loop
      vertex   1.470533e+000 2.600000e+000 9.985185e-001
      vertex   1.473663e+000 5.060000e+000 9.938933e-001
      vertex   1.545217e+000 2.600000e+000 8.785279e-001
    endloop
  endfacet
  facet normal -8.882826e-001 7.554434e-005 -4.592973e-001
    outer loop
      vertex   1.545217e+000 2.600000e+000 8.785279e-001
      vertex   1.547603e+000 5.060000e+000 8.743171e-001
      vertex   1.610131e+000 2.600000e+000 7.529830e-001
    endloop
  endfacet
  facet normal -9.219659e-001 6.427059e-005 -3.872712e-001
    outer loop
      vertex   1.610131e+000 2.600000e+000 7.529830e-001
      vertex   1.611862e+000 5.060000e+000 7.492712e-001
      vertex   1.664866e+000 2.600000e+000 6.226775e-001
    endloop
  endfacet
  facet normal -9.498201e-001 5.287012e-005 -3.127966e-001
    outer loop
      vertex   1.664866e+000 2.600000e+000 6.226775e-001
      vertex   1.666037e+000 5.060000e+000 6.195379e-001
      vertex   1.709075e+000 2.600000e+000 4.884353e-001
    endloop
  endfacet
  facet normal -9.716693e-001 4.134295e-005 -2.363444e-001
    outer loop
      vertex   1.709075e+000 2.600000e+000 4.884353e-001
      vertex   1.709789e+000 5.060000e+000 4.859289e-001
      vertex   1.742479e+000 2.600000e+000 3.511049e-001
    endloop
  endfacet
  facet normal -9.873753e-001 2.968906e-005 -1.583980e-001
    outer loop
      vertex   1.742479e+000 2.600000e+000 3.511049e-001
      vertex   1.742845e+000 5.060000e+000 3.492799e-001
      vertex   1.764866e+000 2.600000e+000 2.115548e-001
    endloop
  endfacet
  facet normal -9.968388e-001 1.790846e-005 -7.945017e-002
    outer loop
      vertex   1.764866e+000 2.600000e+000 2.115548e-001
      vertex   1.764998e+000 5.060000e+000 2.104458e-001
      vertex   1.776095e+000 2.600000e+000 7.066721e-002
    endloop
  endfacet
  facet normal -9.873753e-001 2.968906e-005 1.583980e-001
    outer loop
      vertex   1.764866e+000 2.600000e+000 -2.115548e-001
      vertex   1.742845e+000 5.060000e+000 -3.492799e-001
      vertex   1.742479e+000 2.600000e+000 -3.511049e-001
    endloop
  endfacet
  facet normal -9.716693e-001 4.134295e-005 2.363444e-001
    outer loop
      vertex   1.742479e+000 2.600000e+000 -3.511049e-001
      vertex   1.709789e+000 5.060000e+000 -4.859289e-001
      vertex   1.709075e+000 2.600000e+000 -4.884353e-001
    endloop
  endfacet
  facet normal -9.498201e-001 5.287012e-005 3.127966e-001
    outer loop
      vertex   1.709075e+000 2.600000e+000 -4.884353e-001
      vertex   1.666037e+000 5.060000e+000 -6.195379e-001
      vertex   1.664866e+000 2.600000e+000 -6.226775e-001
    endloop
  endfacet
  facet normal -9.219659e-001 6.427059e-005 3.872712e-001
    outer loop
      vertex   1.664866e+000 2.600000e+000 -6.226775e-001
      vertex   1.611862e+000 5.060000e+000 -7.492712e-001
      vertex   1.610131e+000 2.600000e+000 -7.529830e-001
    endloop
  endfacet
  facet normal -8.882826e-001 7.554434e-005 4.592973e-001
    outer loop
      vertex   1.610131e+000 2.600000e+000 -7.529830e-001
      vertex   1.547603e+000 5.060000e+000 -8.743171e-001
      vertex   1.545217e+000 2.600000e+000 -8.785279e-001
    endloop
  endfacet
  facet normal -8.489834e-001 8.669137e-005 5.284196e-001
    outer loop
      vertex   1.545217e+000 2.600000e+000 -8.785279e-001
      vertex   1.473663e+000 5.060000e+000 -9.938933e-001
      vertex   1.470533e+000 2.600000e+000 -9.985185e-001
    endloop
  endfacet
  facet normal -8.043166e-001 9.771169e-005 5.942010e-001
    outer loop
      vertex   1.470533e+000 2.600000e+000 -9.985185e-001
      vertex   1.390503e+000 5.060000e+000 -1.107252e+000
      vertex   1.386552e+000 2.600000e+000 -1.112196e+000
    endloop
  endfacet
  facet normal -7.545646e-001 1.086053e-004 6.562257e-001
    outer loop
      vertex   1.386552e+000 2.600000e+000 -1.112196e+000
      vertex   1.298645e+000 5.060000e+000 -1.213683e+000
      vertex   1.293805e+000 2.600000e+000 -1.218842e+000
    endloop
  endfacet
  facet normal -7.000421e-001 1.193722e-004 7.141016e-001
    outer loop
      vertex   1.293805e+000 2.600000e+000 -1.218842e+000
      vertex   1.198662e+000 5.060000e+000 -1.312522e+000
      vertex   1.192877e+000 2.600000e+000 -1.317782e+000
    endloop
  endfacet
  facet normal -6.410936e-001 1.300123e-004 7.674627e-001
    outer loop
      vertex   1.192877e+000 2.600000e+000 -1.317782e+000
      vertex   1.091181e+000 5.060000e+000 -1.403150e+000
      vertex   1.084409e+000 2.600000e+000 -1.408391e+000
    endloop
  endfacet
  facet normal -4.415454e-001 5.394618e-004 8.972387e-001
    outer loop
      vertex   8.476320e-001 2.600000e+000 -1.562378e+000
      vertex   7.356452e-001 3.660000e+000 -1.618126e+000
      vertex   7.208213e-001 2.600000e+000 -1.624784e+000
    endloop
  endfacet
  facet normal -3.688638e-001 6.365412e-004 9.294832e-001
    outer loop
      vertex   7.208213e-001 2.600000e+000 -1.624784e+000
      vertex   6.080225e-001 3.660000e+000 -1.670274e+000
      vertex   5.894533e-001 2.600000e+000 -1.676917e+000
    endloop
  endfacet
  facet normal -2.938502e-001 7.272275e-004 9.558512e-001
    outer loop
      vertex   5.894533e-001 2.600000e+000 -1.676917e+000
      vertex   4.767419e-001 3.660000e+000 -1.712374e+000
      vertex   4.543586e-001 2.600000e+000 -1.718448e+000
    endloop
  endfacet
  facet normal -2.169787e-001 8.115205e-004 9.761760e-001
    outer loop
      vertex   4.543586e-001 2.600000e+000 -1.718448e+000
      vertex   3.425934e-001 3.660000e+000 -1.744172e+000
      vertex   3.163913e-001 2.600000e+000 -1.749115e+000
    endloop
  endfacet
  facet normal -1.387355e-001 8.894199e-004 9.903291e-001
    outer loop
      vertex   3.163913e-001 2.600000e+000 -1.749115e+000
      vertex   2.063839e-001 3.660000e+000 -1.765478e+000
      vertex   1.764236e-001 2.600000e+000 -1.768723e+000
    endloop
  endfacet
  facet normal -5.961510e-002 9.609254e-004 9.982210e-001
    outer loop
      vertex   1.764236e-001 2.600000e+000 -1.768723e+000
      vertex   6.893287e-002 3.660000e+000 -1.776163e+000
      vertex   3.534059e-002 2.600000e+000 -1.777149e+000
    endloop
  endfacet
  facet normal 1.988218e-002 1.026037e-003 9.998018e-001
    outer loop
      vertex   3.534059e-002 2.600000e+000 -1.777149e+000
      vertex   -6.893287e-002 3.660000e+000 -1.776163e+000
      vertex   -1.059659e-001 2.600000e+000 -1.774339e+000
    endloop
  endfacet
  facet normal 9.925374e-002 1.084753e-003 9.950616e-001
    outer loop
      vertex   -1.059659e-001 2.600000e+000 -1.774339e+000
      vertex   -2.063839e-001 3.660000e+000 -1.765478e+000
      vertex   -2.466024e-001 2.600000e+000 -1.760311e+000
    endloop
  endfacet
  facet normal 1.779978e-001 1.137075e-003 9.840302e-001
    outer loop
      vertex   -2.466024e-001 2.600000e+000 -1.760311e+000
      vertex   -3.425934e-001 3.660000e+000 -1.744172e+000
      vertex   -3.856798e-001 2.600000e+000 -1.735153e+000
    endloop
  endfacet
  facet normal 2.556165e-001 1.183003e-003 9.667775e-001
    outer loop
      vertex   -3.856798e-001 2.600000e+000 -1.735153e+000
      vertex   -4.767419e-001 3.660000e+000 -1.712374e+000
      vertex   -5.223189e-001 2.600000e+000 -1.699026e+000
    endloop
  endfacet
  facet normal 3.316190e-001 1.222535e-003 9.434126e-001
    outer loop
      vertex   -5.223189e-001 2.600000e+000 -1.699026e+000
      vertex   -6.080225e-001 3.660000e+000 -1.670274e+000
      vertex   -6.556556e-001 2.600000e+000 -1.652157e+000
    endloop
  endfacet
  facet normal 4.055250e-001 1.255672e-003 9.140831e-001
    outer loop
      vertex   -6.556556e-001 2.600000e+000 -1.652157e+000
      vertex   -7.356452e-001 3.660000e+000 -1.618126e+000
      vertex   -7.848471e-001 2.600000e+000 -1.594842e+000
    endloop
  endfacet
  facet normal 4.768671e-001 1.282414e-003 8.789745e-001
    outer loop
      vertex   -7.848471e-001 2.600000e+000 -1.594842e+000
      vertex   -8.588425e-001 3.660000e+000 -1.556244e+000
      vertex   -9.090766e-001 2.600000e+000 -1.527444e+000
    endloop
  endfacet
  facet normal -5.780920e-001 3.261258e-004 -8.159715e-001
    outer loop
      vertex   1.084409e+000 2.600000e+000 1.408391e+000
      vertex   9.690837e-001 2.600000e+000 1.490095e+000
      vertex   9.768732e-001 3.660000e+000 1.485000e+000
    endloop
  endfacet
  facet normal -3.172465e-030 1.586033e-016 -1.000000e+000
    outer loop
      vertex   -9.768732e-001 5.060000e+000 1.485000e+000
      vertex   9.768732e-001 5.060000e+000 1.485000e+000
      vertex   -9.768732e-001 3.660000e+000 1.485000e+000
    endloop
  endfacet
  facet normal -3.352719e-030 1.586033e-016 -1.000000e+000
    outer loop
      vertex   -9.768732e-001 3.660000e+000 1.485000e+000
      vertex   9.768732e-001 5.060000e+000 1.485000e+000
      vertex   9.768732e-001 3.660000e+000 1.485000e+000
    endloop
  endfacet
  facet normal 2.113903e-014 -1.000000e+000 -8.612236e-015
    outer loop
      vertex   9.768732e-001 3.660000e+000 1.485000e+000
      vertex   8.588425e-001 3.660000e+000 1.556244e+000
      vertex   -9.768732e-001 3.660000e+000 1.485000e+000
    endloop
  endfacet
  facet normal 2.068315e-014 -1.000000e+000 3.134145e-015
    outer loop
      vertex   -9.768732e-001 3.660000e+000 1.485000e+000
      vertex   8.588425e-001 3.660000e+000 1.556244e+000
      vertex   -8.588425e-001 3.660000e+000 1.556244e+000
    endloop
  endfacet
  facet normal 2.068315e-014 -1.000000e+000 -1.881438e-015
    outer loop
      vertex   -8.588425e-001 3.660000e+000 1.556244e+000
      vertex   8.588425e-001 3.660000e+000 1.556244e+000
      vertex   7.356452e-001 3.660000e+000 1.618126e+000
    endloop
  endfacet
  facet normal 2.052488e-014 -1.000000e+000 -8.647044e-016
    outer loop
      vertex   -7.356452e-001 3.660000e+000 1.618126e+000
      vertex   7.356452e-001 3.660000e+000 1.618126e+000
      vertex   6.080225e-001 3.660000e+000 1.670274e+000
    endloop
  endfacet
  facet normal 2.047029e-014 -1.000000e+000 5.419400e-016
    outer loop
      vertex   4.767419e-001 3.660000e+000 1.712374e+000
      vertex   -7.356452e-001 3.660000e+000 1.618126e+000
      vertex   6.080225e-001 3.660000e+000 1.670274e+000
    endloop
  endfacet
  facet normal 2.035194e-014 -1.000000e+000 2.064464e-015
    outer loop
      vertex   4.767419e-001 3.660000e+000 1.712374e+000
      vertex   3.425934e-001 3.660000e+000 1.744172e+000
      vertex   -7.356452e-001 3.660000e+000 1.618126e+000
    endloop
  endfacet
  facet normal 2.015221e-014 -1.000000e+000 3.772996e-015
    outer loop
      vertex   -7.356452e-001 3.660000e+000 1.618126e+000
      vertex   3.425934e-001 3.660000e+000 1.744172e+000
      vertex   2.063839e-001 3.660000e+000 1.765478e+000
    endloop
  endfacet
  facet normal 2.199413e-014 -1.000000e+000 -8.002557e-015
    outer loop
      vertex   6.893287e-002 3.660000e+000 1.776163e+000
      vertex   -7.356452e-001 3.660000e+000 1.618126e+000
      vertex   2.063839e-001 3.660000e+000 1.765478e+000
    endloop
  endfacet
  facet normal 1.932703e-014 -1.000000e+000 5.575893e-015
    outer loop
      vertex   6.893287e-002 3.660000e+000 1.776163e+000
      vertex   -6.893287e-002 3.660000e+000 1.776163e+000
      vertex   -7.356452e-001 3.660000e+000 1.618126e+000
    endloop
  endfacet
  facet normal 2.357634e-014 -1.000000e+000 -1.235075e-014
    outer loop
      vertex   -7.356452e-001 3.660000e+000 1.618126e+000
      vertex   -6.893287e-002 3.660000e+000 1.776163e+000
      vertex   -2.063839e-001 3.660000e+000 1.765478e+000
    endloop
  endfacet
  facet normal 1.882383e-014 -1.000000e+000 4.719448e-015
    outer loop
      vertex   -3.425934e-001 3.660000e+000 1.744172e+000
      vertex   -7.356452e-001 3.660000e+000 1.618126e+000
      vertex   -2.063839e-001 3.660000e+000 1.765478e+000
    endloop
  endfacet
  facet normal 1.851735e-014 -1.000000e+000 5.675140e-015
    outer loop
      vertex   -3.425934e-001 3.660000e+000 1.744172e+000
      vertex   -4.767419e-001 3.660000e+000 1.712374e+000
      vertex   -7.356452e-001 3.660000e+000 1.618126e+000
    endloop
  endfacet
  facet normal 1.817482e-014 -1.000000e+000 6.616098e-015
    outer loop
      vertex   -7.356452e-001 3.660000e+000 1.618126e+000
      vertex   -4.767419e-001 3.660000e+000 1.712374e+000
      vertex   -6.080225e-001 3.660000e+000 1.670274e+000
    endloop
  endfacet
  facet normal 2.052488e-014 -1.000000e+000 2.196520e-015
    outer loop
      vertex   -8.588425e-001 3.660000e+000 1.556244e+000
      vertex   7.356452e-001 3.660000e+000 1.618126e+000
      vertex   -7.356452e-001 3.660000e+000 1.618126e+000
    endloop
  endfacet
  facet normal -3.244567e-030 1.586033e-016 1.000000e+000
    outer loop
      vertex   -9.768732e-001 3.660000e+000 -1.485000e+000
      vertex   9.768732e-001 3.660000e+000 -1.485000e+000
      vertex   -9.768732e-001 5.060000e+000 -1.485000e+000
    endloop
  endfacet
  facet normal -3.172465e-030 1.586033e-016 1.000000e+000
    outer loop
      vertex   -9.768732e-001 5.060000e+000 -1.485000e+000
      vertex   9.768732e-001 3.660000e+000 -1.485000e+000
      vertex   9.768732e-001 5.060000e+000 -1.485000e+000
    endloop
  endfacet
  facet normal 2.045712e-014 -1.000000e+000 8.958086e-015
    outer loop
      vertex   -9.768732e-001 3.660000e+000 -1.485000e+000
      vertex   -8.588425e-001 3.660000e+000 -1.556244e+000
      vertex   9.768732e-001 3.660000e+000 -1.485000e+000
    endloop
  endfacet
  facet normal 2.068315e-014 -1.000000e+000 3.134145e-015
    outer loop
      vertex   9.768732e-001 3.660000e+000 -1.485000e+000
      vertex   -8.588425e-001 3.660000e+000 -1.556244e+000
      vertex   8.588425e-001 3.660000e+000 -1.556244e+000
    endloop
  endfacet
  facet normal 2.068315e-014 -1.000000e+000 -1.881438e-015
    outer loop
      vertex   8.588425e-001 3.660000e+000 -1.556244e+000
      vertex   -8.588425e-001 3.660000e+000 -1.556244e+000
      vertex   -7.356452e-001 3.660000e+000 -1.618126e+000
    endloop
  endfacet
  facet normal 2.052488e-014 -1.000000e+000 -8.647044e-016
    outer loop
      vertex   7.356452e-001 3.660000e+000 -1.618126e+000
      vertex   -7.356452e-001 3.660000e+000 -1.618126e+000
      vertex   -6.080225e-001 3.660000e+000 -1.670274e+000
    endloop
  endfacet
  facet normal 2.047029e-014 -1.000000e+000 5.419400e-016
    outer loop
      vertex   -4.767419e-001 3.660000e+000 -1.712374e+000
      vertex   7.356452e-001 3.660000e+000 -1.618126e+000
      vertex   -6.080225e-001 3.660000e+000 -1.670274e+000
    endloop
  endfacet
  facet normal 2.035194e-014 -1.000000e+000 2.064464e-015
    outer loop
      vertex   -4.767419e-001 3.660000e+000 -1.712374e+000
      vertex   -3.425934e-001 3.660000e+000 -1.744172e+000
      vertex   7.356452e-001 3.660000e+000 -1.618126e+000
    endloop
  endfacet
  facet normal 2.015221e-014 -1.000000e+000 3.772996e-015
    outer loop
      vertex   7.356452e-001 3.660000e+000 -1.618126e+000
      vertex   -3.425934e-001 3.660000e+000 -1.744172e+000
      vertex   -2.063839e-001 3.660000e+000 -1.765478e+000
    endloop
  endfacet
  facet normal 2.199413e-014 -1.000000e+000 -8.002557e-015
    outer loop
      vertex   -6.893287e-002 3.660000e+000 -1.776163e+000
      vertex   7.356452e-001 3.660000e+000 -1.618126e+000
      vertex   -2.063839e-001 3.660000e+000 -1.765478e+000
    endloop
  endfacet
  facet normal 1.932703e-014 -1.000000e+000 5.575893e-015
    outer loop
      vertex   -6.893287e-002 3.660000e+000 -1.776163e+000
      vertex   6.893287e-002 3.660000e+000 -1.776163e+000
      vertex   7.356452e-001 3.660000e+000 -1.618126e+000
    endloop
  endfacet
  facet normal 2.357634e-014 -1.000000e+000 -1.235075e-014
    outer loop
      vertex   7.356452e-001 3.660000e+000 -1.618126e+000
      vertex   6.893287e-002 3.660000e+000 -1.776163e+000
      vertex   2.063839e-001 3.660000e+000 -1.765478e+000
    endloop
  endfacet
  facet normal 1.882383e-014 -1.000000e+000 4.719448e-015
    outer loop
      vertex   3.425934e-001 3.660000e+000 -1.744172e+000
      vertex   7.356452e-001 3.660000e+000 -1.618126e+000
      vertex   2.063839e-001 3.660000e+000 -1.765478e+000
    endloop
  endfacet
  facet normal 1.851735e-014 -1.000000e+000 5.675140e-015
    outer loop
      vertex   3.425934e-001 3.660000e+000 -1.744172e+000
      vertex   4.767419e-001 3.660000e+000 -1.712374e+000
      vertex   7.356452e-001 3.660000e+000 -1.618126e+000
    endloop
  endfacet
  facet normal 1.817482e-014 -1.000000e+000 6.616098e-015
    outer loop
      vertex   7.356452e-001 3.660000e+000 -1.618126e+000
      vertex   4.767419e-001 3.660000e+000 -1.712374e+000
      vertex   6.080225e-001 3.660000e+000 -1.670274e+000
    endloop
  endfacet
  facet normal 2.052488e-014 -1.000000e+000 2.196520e-015
    outer loop
      vertex   8.588425e-001 3.660000e+000 -1.556244e+000
      vertex   -7.356452e-001 3.660000e+000 -1.618126e+000
      vertex   7.356452e-001 3.660000e+000 -1.618126e+000
    endloop
  endfacet
endsolid