solid ascii
  facet normal 7.063213e-001 -7.073333e-001 -2.810309e-002
    outer loop
      vertex   -1.774373e+000 1.600000e+000 1.414213e-001
      vertex   -1.874347e+000 1.500000e+000 1.456858e-001
      vertex   -1.780000e+000 1.600000e+000 2.179871e-016
    endloop
  endfacet
  facet normal 7.030540e-001 -7.063727e-001 -8.217522e-002
    outer loop
      vertex   -1.774373e+000 1.600000e+000 1.414213e-001
      vertex   -1.857421e+000 1.500000e+000 2.904953e-001
      vertex   -1.874347e+000 1.500000e+000 1.456858e-001
    endloop
  endfacet
  facet normal 7.013790e-001 -7.078129e-001 -8.407445e-002
    outer loop
      vertex   -1.774373e+000 1.600000e+000 1.414213e-001
      vertex   -1.757528e+000 1.600000e+000 2.819485e-001
      vertex   -1.857421e+000 1.500000e+000 2.904953e-001
    endloop
  endfacet
  facet normal 6.950070e-001 -7.059280e-001 -1.364949e-001
    outer loop
      vertex   -1.857421e+000 1.500000e+000 2.904953e-001
      vertex   -1.757528e+000 1.600000e+000 2.819485e-001
      vertex   -1.829324e+000 1.500000e+000 4.335578e-001
    endloop
  endfacet
  facet normal 6.920367e-001 -7.082660e-001 -1.394436e-001
    outer loop
      vertex   -1.829324e+000 1.500000e+000 4.335578e-001
      vertex   -1.757528e+000 1.600000e+000 2.819485e-001
      vertex   -1.729571e+000 1.600000e+000 4.206931e-001
    endloop
  endfacet
  facet normal 6.783583e-001 -7.086927e-001 -1.938675e-001
    outer loop
      vertex   -1.790226e+000 1.500000e+000 5.740129e-001
      vertex   -1.729571e+000 1.600000e+000 4.206931e-001
      vertex   -1.690680e+000 1.600000e+000 5.567780e-001
    endloop
  endfacet
  facet normal 6.604340e-001 -7.090933e-001 -2.470093e-001
    outer loop
      vertex   -1.740361e+000 1.500000e+000 7.110157e-001
      vertex   -1.690680e+000 1.600000e+000 5.567780e-001
      vertex   -1.641099e+000 1.600000e+000 6.893427e-001
    endloop
  endfacet
  facet normal 6.383799e-001 -7.094679e-001 -2.985404e-001
    outer loop
      vertex   -1.680029e+000 1.500000e+000 8.437425e-001
      vertex   -1.641099e+000 1.600000e+000 6.893427e-001
      vertex   -1.581143e+000 1.600000e+000 8.175492e-001
    endloop
  endfacet
  facet normal 6.123376e-001 -7.098165e-001 -3.481425e-001
    outer loop
      vertex   -1.609594e+000 1.500000e+000 9.713948e-001
      vertex   -1.581143e+000 1.600000e+000 8.175492e-001
      vertex   -1.511190e+000 1.600000e+000 9.405868e-001
    endloop
  endfacet
  facet normal 5.824726e-001 -7.101393e-001 -3.955095e-001
    outer loop
      vertex   -1.529478e+000 1.500000e+000 1.093205e+000
      vertex   -1.511190e+000 1.600000e+000 9.405868e-001
      vertex   -1.431683e+000 1.600000e+000 1.057678e+000
    endloop
  endfacet
  facet normal 5.489742e-001 -7.104364e-001 -4.403492e-001
    outer loop
      vertex   -1.440164e+000 1.500000e+000 1.208441e+000
      vertex   -1.431683e+000 1.600000e+000 1.057678e+000
      vertex   -1.343125e+000 1.600000e+000 1.168082e+000
    endloop
  endfacet
  facet normal 5.120534e-001 -7.107079e-001 -4.823852e-001
    outer loop
      vertex   -1.342188e+000 1.500000e+000 1.316409e+000
      vertex   -1.343125e+000 1.600000e+000 1.168082e+000
      vertex   -1.246075e+000 1.600000e+000 1.271101e+000
    endloop
  endfacet
  facet normal 4.719423e-001 -7.109539e-001 -5.213588e-001
    outer loop
      vertex   -1.236140e+000 1.500000e+000 1.416459e+000
      vertex   -1.246075e+000 1.600000e+000 1.271101e+000
      vertex   -1.141147e+000 1.600000e+000 1.366084e+000
    endloop
  endfacet
  facet normal 4.288924e-001 -7.111744e-001 -5.570299e-001
    outer loop
      vertex   -1.122658e+000 1.500000e+000 1.507992e+000
      vertex   -1.141147e+000 1.600000e+000 1.366084e+000
      vertex   -1.029004e+000 1.600000e+000 1.452429e+000
    endloop
  endfacet
  facet normal 3.831728e-001 -7.113696e-001 -5.891791e-001
    outer loop
      vertex   -1.002424e+000 1.500000e+000 1.590454e+000
      vertex   -1.029004e+000 1.600000e+000 1.452429e+000
      vertex   -9.103552e-001 1.600000e+000 1.529593e+000
    endloop
  endfacet
  facet normal 3.350691e-001 -7.115394e-001 -6.176086e-001
    outer loop
      vertex   -8.761618e-001 1.500000e+000 1.663352e+000
      vertex   -9.103552e-001 1.600000e+000 1.529593e+000
      vertex   -7.859510e-001 1.600000e+000 1.597085e+000
    endloop
  endfacet
  facet normal 2.848814e-001 -7.116840e-001 -6.421437e-001
    outer loop
      vertex   -7.446300e-001 1.500000e+000 1.726246e+000
      vertex   -7.859510e-001 1.600000e+000 1.597085e+000
      vertex   -6.565778e-001 1.600000e+000 1.654480e+000
    endloop
  endfacet
  facet normal 2.329224e-001 -7.118033e-001 -6.626335e-001
    outer loop
      vertex   -6.086198e-001 1.500000e+000 1.778759e+000
      vertex   -6.565778e-001 1.600000e+000 1.654480e+000
      vertex   -5.230535e-001 1.600000e+000 1.701416e+000
    endloop
  endfacet
  facet normal 1.795153e-001 -7.118975e-001 -6.789523e-001
    outer loop
      vertex   -4.689494e-001 1.500000e+000 1.820573e+000
      vertex   -5.230535e-001 1.600000e+000 1.701416e+000
      vertex   -3.862223e-001 1.600000e+000 1.737594e+000
    endloop
  endfacet
  facet normal 1.249925e-001 -7.119666e-001 -6.909996e-001
    outer loop
      vertex   -3.264586e-001 1.500000e+000 1.851439e+000
      vertex   -3.862223e-001 1.600000e+000 1.737594e+000
      vertex   -2.469492e-001 1.600000e+000 1.762786e+000
    endloop
  endfacet
  facet normal 6.969292e-002 -7.120105e-001 -6.987016e-001
    outer loop
      vertex   -1.820044e-001 1.500000e+000 1.871169e+000
      vertex   -2.469492e-001 1.600000e+000 1.762786e+000
      vertex   -1.061149e-001 1.600000e+000 1.776834e+000
    endloop
  endfacet
  facet normal 1.396027e-002 -7.120293e-001 -7.020109e-001
    outer loop
      vertex   -3.645570e-002 1.500000e+000 1.879647e+000
      vertex   -1.061149e-001 1.600000e+000 1.776834e+000
      vertex   3.539029e-002 1.600000e+000 1.779648e+000
    endloop
  endfacet
  facet normal -4.185912e-002 -7.120230e-001 -7.009073e-001
    outer loop
      vertex   1.093123e-001 1.500000e+000 1.876819e+000
      vertex   3.539029e-002 1.600000e+000 1.779648e+000
      vertex   1.766718e-001 1.600000e+000 1.771211e+000
    endloop
  endfacet
  facet normal -9.741841e-002 -7.119917e-001 -6.953974e-001
    outer loop
      vertex   2.544228e-001 1.500000e+000 1.862705e+000
      vertex   1.766718e-001 1.600000e+000 1.771211e+000
      vertex   3.168363e-001 1.600000e+000 1.751575e+000
    endloop
  endfacet
  facet normal -1.523723e-001 -7.119352e-001 -6.855151e-001
    outer loop
      vertex   3.980033e-001 1.500000e+000 1.837388e+000
      vertex   3.168363e-001 1.600000e+000 1.751575e+000
      vertex   4.549976e-001 1.600000e+000 1.720865e+000
    endloop
  endfacet
  facet normal -2.063793e-001 -7.118536e-001 -6.713212e-001
    outer loop
      vertex   5.391901e-001 1.500000e+000 1.801020e+000
      vertex   4.549976e-001 1.600000e+000 1.720865e+000
      vertex   5.902823e-001 1.600000e+000 1.679276e+000
    endloop
  endfacet
  facet normal -2.591033e-001 -7.117468e-001 -6.529027e-001
    outer loop
      vertex   6.771341e-001 1.500000e+000 1.753821e+000
      vertex   5.902823e-001 1.600000e+000 1.679276e+000
      vertex   7.218351e-001 1.600000e+000 1.627069e+000
    endloop
  endfacet
  facet normal -3.102165e-001 -7.116148e-001 -6.303729e-001
    outer loop
      vertex   8.110058e-001 1.500000e+000 1.696075e+000
      vertex   7.218351e-001 1.600000e+000 1.627069e+000
      vertex   8.488242e-001 1.600000e+000 1.564576e+000
    endloop
  endfacet
  facet normal -3.594005e-001 -7.114576e-001 -6.038703e-001
    outer loop
      vertex   9.400000e-001 1.500000e+000 1.628128e+000
      vertex   8.488242e-001 1.600000e+000 1.564576e+000
      vertex   9.704467e-001 1.600000e+000 1.492191e+000
    endloop
  endfacet
  facet normal -4.063488e-001 -7.112752e-001 -5.735576e-001
    outer loop
      vertex   1.063341e+000 1.500000e+000 1.550389e+000
      vertex   9.704467e-001 1.600000e+000 1.492191e+000
      vertex   1.085934e+000 1.600000e+000 1.410372e+000
    endloop
  endfacet
  facet normal -4.507683e-001 -7.110673e-001 -5.396214e-001
    outer loop
      vertex   1.180287e+000 1.500000e+000 1.463326e+000
      vertex   1.085934e+000 1.600000e+000 1.410372e+000
      vertex   1.194555e+000 1.600000e+000 1.319636e+000
    endloop
  endfacet
  facet normal -4.923814e-001 -7.108341e-001 -5.022703e-001
    outer loop
      vertex   1.290134e+000 1.500000e+000 1.367462e+000
      vertex   1.194555e+000 1.600000e+000 1.319636e+000
      vertex   1.295624e+000 1.600000e+000 1.220556e+000
    endloop
  endfacet
  facet normal -5.309276e-001 -7.105754e-001 -4.617343e-001
    outer loop
      vertex   1.392223e+000 1.500000e+000 1.263375e+000
      vertex   1.295624e+000 1.600000e+000 1.220556e+000
      vertex   1.388502e+000 1.600000e+000 1.113760e+000
    endloop
  endfacet
  facet normal -5.661649e-001 -7.102911e-001 -4.182629e-001
    outer loop
      vertex   1.485938e+000 1.500000e+000 1.151689e+000
      vertex   1.388502e+000 1.600000e+000 1.113760e+000
      vertex   1.472601e+000 1.600000e+000 9.999229e-001
    endloop
  endfacet
  facet normal -5.978716e-001 -7.099812e-001 -3.721240e-001
    outer loop
      vertex   1.570717e+000 1.500000e+000 1.033077e+000
      vertex   1.472601e+000 1.600000e+000 9.999229e-001
      vertex   1.547390e+000 1.600000e+000 8.797636e-001
    endloop
  endfacet
  facet normal -6.258475e-001 -7.096454e-001 -3.236020e-001
    outer loop
      vertex   1.646049e+000 1.500000e+000 9.082517e-001
      vertex   1.547390e+000 1.600000e+000 8.797636e-001
      vertex   1.612396e+000 1.600000e+000 7.540421e-001
    endloop
  endfacet
  facet normal -6.499149e-001 -7.092839e-001 -2.729963e-001
    outer loop
      vertex   1.711482e+000 1.500000e+000 7.779642e-001
      vertex   1.612396e+000 1.600000e+000 7.540421e-001
      vertex   1.667208e+000 1.600000e+000 6.235533e-001
    endloop
  endfacet
  facet normal -6.699202e-001 -7.088963e-001 -2.206194e-001
    outer loop
      vertex   1.766622e+000 1.500000e+000 6.429979e-001
      vertex   1.667208e+000 1.600000e+000 6.235533e-001
      vertex   1.711479e+000 1.600000e+000 4.891222e-001
    endloop
  endfacet
  facet normal -6.857345e-001 -7.084826e-001 -1.667949e-001
    outer loop
      vertex   1.811137e+000 1.500000e+000 5.041645e-001
      vertex   1.711479e+000 1.600000e+000 4.891222e-001
      vertex   1.744929e+000 1.600000e+000 3.515988e-001
    endloop
  endfacet
  facet normal -6.972545e-001 -7.080427e-001 -1.118559e-001
    outer loop
      vertex   1.844760e+000 1.500000e+000 3.622990e-001
      vertex   1.744929e+000 1.600000e+000 3.515988e-001
      vertex   1.767348e+000 1.600000e+000 2.118524e-001
    endloop
  endfacet
  facet normal -7.044031e-001 -7.075764e-001 -5.614242e-002
    outer loop
      vertex   1.867288e+000 1.500000e+000 2.182547e-001
      vertex   1.767348e+000 1.600000e+000 2.118524e-001
      vertex   1.778593e+000 1.600000e+000 7.076660e-002
    endloop
  endfacet
  facet normal -7.071300e-001 -7.070835e-001 -0.000000e+000
    outer loop
      vertex   1.878586e+000 1.500000e+000 7.289770e-002
      vertex   1.778593e+000 1.600000e+000 7.076660e-002
      vertex   1.778593e+000 1.600000e+000 -7.076660e-002
    endloop
  endfacet
  facet normal -7.054816e-001 -7.066038e-001 5.483437e-002
    outer loop
      vertex   1.878586e+000 1.500000e+000 -7.289770e-002
      vertex   1.778593e+000 1.600000e+000 -7.076660e-002
      vertex   1.867288e+000 1.500000e+000 -2.182547e-001
    endloop
  endfacet
  facet normal -7.071300e-001 -7.070835e-001 0.000000e+000
    outer loop
      vertex   1.878586e+000 1.500000e+000 -7.289770e-002
      vertex   1.878586e+000 1.500000e+000 7.289770e-002
      vertex   1.778593e+000 1.600000e+000 -7.076660e-002
    endloop
  endfacet
  facet normal 6.827438e-001 -7.055070e-001 -1.900547e-001
    outer loop
      vertex   -1.829324e+000 1.500000e+000 4.335578e-001
      vertex   -1.729571e+000 1.600000e+000 4.206931e-001
      vertex   -1.790226e+000 1.500000e+000 5.740129e-001
    endloop
  endfacet
  facet normal 6.663344e-001 -7.051097e-001 -2.425259e-001
    outer loop
      vertex   -1.790226e+000 1.500000e+000 5.740129e-001
      vertex   -1.690680e+000 1.600000e+000 5.567780e-001
      vertex   -1.740361e+000 1.500000e+000 7.110157e-001
    endloop
  endfacet
  facet normal 6.458747e-001 -7.047362e-001 -2.935861e-001
    outer loop
      vertex   -1.740361e+000 1.500000e+000 7.110157e-001
      vertex   -1.641099e+000 1.600000e+000 6.893427e-001
      vertex   -1.680029e+000 1.500000e+000 8.437425e-001
    endloop
  endfacet
  facet normal 6.214857e-001 -7.043866e-001 -3.429213e-001
    outer loop
      vertex   -1.680029e+000 1.500000e+000 8.437425e-001
      vertex   -1.581143e+000 1.600000e+000 8.175492e-001
      vertex   -1.609594e+000 1.500000e+000 9.713948e-001
    endloop
  endfacet
  facet normal 5.933128e-001 -7.040612e-001 -3.902279e-001
    outer loop
      vertex   -1.609594e+000 1.500000e+000 9.713948e-001
      vertex   -1.511190e+000 1.600000e+000 9.405868e-001
      vertex   -1.529478e+000 1.500000e+000 1.093205e+000
    endloop
  endfacet
  facet normal 5.615249e-001 -7.037598e-001 -4.352147e-001
    outer loop
      vertex   -1.529478e+000 1.500000e+000 1.093205e+000
      vertex   -1.431683e+000 1.600000e+000 1.057678e+000
      vertex   -1.440164e+000 1.500000e+000 1.208441e+000
    endloop
  endfacet
  facet normal 5.263137e-001 -7.034828e-001 -4.776042e-001
    outer loop
      vertex   -1.440164e+000 1.500000e+000 1.208441e+000
      vertex   -1.343125e+000 1.600000e+000 1.168082e+000
      vertex   -1.342188e+000 1.500000e+000 1.316409e+000
    endloop
  endfacet
  facet normal 4.878920e-001 -7.032301e-001 -5.171353e-001
    outer loop
      vertex   -1.342188e+000 1.500000e+000 1.316409e+000
      vertex   -1.246075e+000 1.600000e+000 1.271101e+000
      vertex   -1.236140e+000 1.500000e+000 1.416459e+000
    endloop
  endfacet
  facet normal 4.464925e-001 -7.030018e-001 -5.535638e-001
    outer loop
      vertex   -1.236140e+000 1.500000e+000 1.416459e+000
      vertex   -1.141147e+000 1.600000e+000 1.366084e+000
      vertex   -1.122658e+000 1.500000e+000 1.507992e+000
    endloop
  endfacet
  facet normal 4.023668e-001 -7.027980e-001 -5.866651e-001
    outer loop
      vertex   -1.122658e+000 1.500000e+000 1.507992e+000
      vertex   -1.029004e+000 1.600000e+000 1.452429e+000
      vertex   -1.002424e+000 1.500000e+000 1.590454e+000
    endloop
  endfacet
  facet normal 3.557832e-001 -7.026188e-001 -6.162347e-001
    outer loop
      vertex   -1.002424e+000 1.500000e+000 1.590454e+000
      vertex   -9.103552e-001 1.600000e+000 1.529593e+000
      vertex   -8.761618e-001 1.500000e+000 1.663352e+000
    endloop
  endfacet
  facet normal 3.070257e-001 -7.024641e-001 -6.420898e-001
    outer loop
      vertex   -8.761618e-001 1.500000e+000 1.663352e+000
      vertex   -7.859510e-001 1.600000e+000 1.597085e+000
      vertex   -7.446300e-001 1.500000e+000 1.726246e+000
    endloop
  endfacet
  facet normal 2.563916e-001 -7.023342e-001 -6.640708e-001
    outer loop
      vertex   -7.446300e-001 1.500000e+000 1.726246e+000
      vertex   -6.565778e-001 1.600000e+000 1.654480e+000
      vertex   -6.086198e-001 1.500000e+000 1.778759e+000
    endloop
  endfacet
  facet normal 2.041899e-001 -7.022289e-001 -6.820418e-001
    outer loop
      vertex   -6.086198e-001 1.500000e+000 1.778759e+000
      vertex   -5.230535e-001 1.600000e+000 1.701416e+000
      vertex   -4.689494e-001 1.500000e+000 1.820573e+000
    endloop
  endfacet
  facet normal 1.507396e-001 -7.021484e-001 -6.958916e-001
    outer loop
      vertex   -4.689494e-001 1.500000e+000 1.820573e+000
      vertex   -3.862223e-001 1.600000e+000 1.737594e+000
      vertex   -3.264586e-001 1.500000e+000 1.851439e+000
    endloop
  endfacet
  facet normal 9.636747e-002 -7.020926e-001 -7.055347e-001
    outer loop
      vertex   -3.264586e-001 1.500000e+000 1.851439e+000
      vertex   -2.469492e-001 1.600000e+000 1.762786e+000
      vertex   -1.820044e-001 1.500000e+000 1.871169e+000
    endloop
  endfacet
  facet normal 4.140587e-002 -7.020617e-001 -7.109114e-001
    outer loop
      vertex   -1.820044e-001 1.500000e+000 1.871169e+000
      vertex   -1.061149e-001 1.600000e+000 1.776834e+000
      vertex   -3.645570e-002 1.500000e+000 1.879647e+000
    endloop
  endfacet
  facet normal -1.380900e-002 -7.020555e-001 -7.119884e-001
    outer loop
      vertex   -3.645570e-002 1.500000e+000 1.879647e+000
      vertex   3.539029e-002 1.600000e+000 1.779648e+000
      vertex   1.093123e-001 1.500000e+000 1.876819e+000
    endloop
  endfacet
  facet normal -6.893940e-002 -7.020741e-001 -7.087590e-001
    outer loop
      vertex   1.093123e-001 1.500000e+000 1.876819e+000
      vertex   1.766718e-001 1.600000e+000 1.771211e+000
      vertex   2.544228e-001 1.500000e+000 1.862705e+000
    endloop
  endfacet
  facet normal -1.236481e-001 -7.021174e-001 -7.012434e-001
    outer loop
      vertex   2.544228e-001 1.500000e+000 1.862705e+000
      vertex   3.168363e-001 1.600000e+000 1.751575e+000
      vertex   3.980033e-001 1.500000e+000 1.837388e+000
    endloop
  endfacet
  facet normal -1.776006e-001 -7.021856e-001 -6.894878e-001
    outer loop
      vertex   3.980033e-001 1.500000e+000 1.837388e+000
      vertex   4.549976e-001 1.600000e+000 1.720865e+000
      vertex   5.391901e-001 1.500000e+000 1.801020e+000
    endloop
  endfacet
  facet normal -2.304670e-001 -7.022785e-001 -6.735651e-001
    outer loop
      vertex   5.391901e-001 1.500000e+000 1.801020e+000
      vertex   5.902823e-001 1.600000e+000 1.679276e+000
      vertex   6.771341e-001 1.500000e+000 1.753821e+000
    endloop
  endfacet
  facet normal -2.819242e-001 -7.023961e-001 -6.535736e-001
    outer loop
      vertex   6.771341e-001 1.500000e+000 1.753821e+000
      vertex   7.218351e-001 1.600000e+000 1.627069e+000
      vertex   8.110058e-001 1.500000e+000 1.696075e+000
    endloop
  endfacet
  facet normal -3.316579e-001 -7.025384e-001 -6.296371e-001
    outer loop
      vertex   8.110058e-001 1.500000e+000 1.696075e+000
      vertex   8.488242e-001 1.600000e+000 1.564576e+000
      vertex   9.400000e-001 1.500000e+000 1.628128e+000
    endloop
  endfacet
  facet normal -3.793648e-001 -7.027053e-001 -6.019033e-001
    outer loop
      vertex   9.400000e-001 1.500000e+000 1.628128e+000
      vertex   9.704467e-001 1.600000e+000 1.492191e+000
      vertex   1.063341e+000 1.500000e+000 1.550389e+000
    endloop
  endfacet
  facet normal -4.247540e-001 -7.028968e-001 -5.705437e-001
    outer loop
      vertex   1.063341e+000 1.500000e+000 1.550389e+000
      vertex   1.085934e+000 1.600000e+000 1.410372e+000
      vertex   1.180287e+000 1.500000e+000 1.463326e+000
    endloop
  endfacet
  facet normal -4.675491e-001 -7.031129e-001 -5.357519e-001
    outer loop
      vertex   1.180287e+000 1.500000e+000 1.463326e+000
      vertex   1.194555e+000 1.600000e+000 1.319636e+000
      vertex   1.290134e+000 1.500000e+000 1.367462e+000
    endloop
  endfacet
  facet normal -5.074901e-001 -7.033534e-001 -4.977427e-001
    outer loop
      vertex   1.290134e+000 1.500000e+000 1.367462e+000
      vertex   1.295624e+000 1.600000e+000 1.220556e+000
      vertex   1.392223e+000 1.500000e+000 1.263375e+000
    endloop
  endfacet
  facet normal -5.443344e-001 -7.036183e-001 -4.567508e-001
    outer loop
      vertex   1.392223e+000 1.500000e+000 1.263375e+000
      vertex   1.388502e+000 1.600000e+000 1.113760e+000
      vertex   1.485938e+000 1.500000e+000 1.151689e+000
    endloop
  endfacet
  facet normal -5.778593e-001 -7.039075e-001 -4.130290e-001
    outer loop
      vertex   1.485938e+000 1.500000e+000 1.151689e+000
      vertex   1.472601e+000 1.600000e+000 9.999229e-001
      vertex   1.570717e+000 1.500000e+000 1.033077e+000
    endloop
  endfacet
  facet normal -6.078622e-001 -7.042209e-001 -3.668467e-001
    outer loop
      vertex   1.570717e+000 1.500000e+000 1.033077e+000
      vertex   1.547390e+000 1.600000e+000 8.797636e-001
      vertex   1.646049e+000 1.500000e+000 9.082517e-001
    endloop
  endfacet
  facet normal -6.341628e-001 -7.045584e-001 -3.184885e-001
    outer loop
      vertex   1.646049e+000 1.500000e+000 9.082517e-001
      vertex   1.612396e+000 1.600000e+000 7.540421e-001
      vertex   1.711482e+000 1.500000e+000 7.779642e-001
    endloop
  endfacet
  facet normal -6.566039e-001 -7.049199e-001 -2.682522e-001
    outer loop
      vertex   1.711482e+000 1.500000e+000 7.779642e-001
      vertex   1.667208e+000 1.600000e+000 6.235533e-001
      vertex   1.766622e+000 1.500000e+000 6.429979e-001
    endloop
  endfacet
  facet normal -6.750520e-001 -7.053054e-001 -2.164467e-001
    outer loop
      vertex   1.766622e+000 1.500000e+000 6.429979e-001
      vertex   1.711479e+000 1.600000e+000 4.891222e-001
      vertex   1.811137e+000 1.500000e+000 5.041645e-001
    endloop
  endfacet
  facet normal -6.893987e-001 -7.057146e-001 -1.633905e-001
    outer loop
      vertex   1.811137e+000 1.500000e+000 5.041645e-001
      vertex   1.744929e+000 1.600000e+000 3.515988e-001
      vertex   1.844760e+000 1.500000e+000 3.622990e-001
    endloop
  endfacet
  facet normal -6.995609e-001 -7.061474e-001 -1.094093e-001
    outer loop
      vertex   1.844760e+000 1.500000e+000 3.622990e-001
      vertex   1.767348e+000 1.600000e+000 2.118524e-001
      vertex   1.867288e+000 1.500000e+000 2.182547e-001
    endloop
  endfacet
  facet normal -7.054816e-001 -7.066038e-001 -5.483437e-002
    outer loop
      vertex   1.867288e+000 1.500000e+000 2.182547e-001
      vertex   1.778593e+000 1.600000e+000 7.076660e-002
      vertex   1.878586e+000 1.500000e+000 7.289770e-002
    endloop
  endfacet
  facet normal -7.044031e-001 -7.075764e-001 5.614242e-002
    outer loop
      vertex   1.778593e+000 1.600000e+000 -7.076660e-002
      vertex   1.767348e+000 1.600000e+000 -2.118524e-001
      vertex   1.867288e+000 1.500000e+000 -2.182547e-001
    endloop
  endfacet
  facet normal -6.995609e-001 -7.061474e-001 1.094093e-001
    outer loop
      vertex   1.867288e+000 1.500000e+000 -2.182547e-001
      vertex   1.767348e+000 1.600000e+000 -2.118524e-001
      vertex   1.844760e+000 1.500000e+000 -3.622990e-001
    endloop
  endfacet
  facet normal -6.972545e-001 -7.080427e-001 1.118559e-001
    outer loop
      vertex   1.844760e+000 1.500000e+000 -3.622990e-001
      vertex   1.767348e+000 1.600000e+000 -2.118524e-001
      vertex   1.744929e+000 1.600000e+000 -3.515988e-001
    endloop
  endfacet
  facet normal -6.857345e-001 -7.084826e-001 1.667949e-001
    outer loop
      vertex   1.811137e+000 1.500000e+000 -5.041645e-001
      vertex   1.744929e+000 1.600000e+000 -3.515988e-001
      vertex   1.711479e+000 1.600000e+000 -4.891222e-001
    endloop
  endfacet
  facet normal -6.699202e-001 -7.088963e-001 2.206194e-001
    outer loop
      vertex   1.766622e+000 1.500000e+000 -6.429979e-001
      vertex   1.711479e+000 1.600000e+000 -4.891222e-001
      vertex   1.667208e+000 1.600000e+000 -6.235533e-001
    endloop
  endfacet
  facet normal -6.499149e-001 -7.092839e-001 2.729963e-001
    outer loop
      vertex   1.711482e+000 1.500000e+000 -7.779642e-001
      vertex   1.667208e+000 1.600000e+000 -6.235533e-001
      vertex   1.612396e+000 1.600000e+000 -7.540421e-001
    endloop
  endfacet
  facet normal -6.258475e-001 -7.096454e-001 3.236020e-001
    outer loop
      vertex   1.646049e+000 1.500000e+000 -9.082517e-001
      vertex   1.612396e+000 1.600000e+000 -7.540421e-001
      vertex   1.547390e+000 1.600000e+000 -8.797636e-001
    endloop
  endfacet
  facet normal -5.978716e-001 -7.099812e-001 3.721240e-001
    outer loop
      vertex   1.570717e+000 1.500000e+000 -1.033077e+000
      vertex   1.547390e+000 1.600000e+000 -8.797636e-001
      vertex   1.472601e+000 1.600000e+000 -9.999229e-001
    endloop
  endfacet
  facet normal -5.661649e-001 -7.102911e-001 4.182629e-001
    outer loop
      vertex   1.485938e+000 1.500000e+000 -1.151689e+000
      vertex   1.472601e+000 1.600000e+000 -9.999229e-001
      vertex   1.388502e+000 1.600000e+000 -1.113760e+000
    endloop
  endfacet
  facet normal -5.309276e-001 -7.105754e-001 4.617343e-001
    outer loop
      vertex   1.392223e+000 1.500000e+000 -1.263375e+000
      vertex   1.388502e+000 1.600000e+000 -1.113760e+000
      vertex   1.295624e+000 1.600000e+000 -1.220556e+000
    endloop
  endfacet
  facet normal -4.923814e-001 -7.108341e-001 5.022703e-001
    outer loop
      vertex   1.290134e+000 1.500000e+000 -1.367462e+000
      vertex   1.295624e+000 1.600000e+000 -1.220556e+000
      vertex   1.194555e+000 1.600000e+000 -1.319636e+000
    endloop
  endfacet
  facet normal -4.507683e-001 -7.110673e-001 5.396214e-001
    outer loop
      vertex   1.180287e+000 1.500000e+000 -1.463326e+000
      vertex   1.194555e+000 1.600000e+000 -1.319636e+000
      vertex   1.085934e+000 1.600000e+000 -1.410372e+000
    endloop
  endfacet
  facet normal -4.063488e-001 -7.112752e-001 5.735576e-001
    outer loop
      vertex   1.063341e+000 1.500000e+000 -1.550389e+000
      vertex   1.085934e+000 1.600000e+000 -1.410372e+000
      vertex   9.704467e-001 1.600000e+000 -1.492191e+000
    endloop
  endfacet
  facet normal -3.594005e-001 -7.114576e-001 6.038703e-001
    outer loop
      vertex   9.400000e-001 1.500000e+000 -1.628128e+000
      vertex   9.704467e-001 1.600000e+000 -1.492191e+000
      vertex   8.488242e-001 1.600000e+000 -1.564576e+000
    endloop
  endfacet
  facet normal -3.102165e-001 -7.116148e-001 6.303729e-001
    outer loop
      vertex   8.110058e-001 1.500000e+000 -1.696075e+000
      vertex   8.488242e-001 1.600000e+000 -1.564576e+000
      vertex   7.218351e-001 1.600000e+000 -1.627069e+000
    endloop
  endfacet
  facet normal -2.591033e-001 -7.117468e-001 6.529027e-001
    outer loop
      vertex   6.771341e-001 1.500000e+000 -1.753821e+000
      vertex   7.218351e-001 1.600000e+000 -1.627069e+000
      vertex   5.902823e-001 1.600000e+000 -1.679276e+000
    endloop
  endfacet
  facet normal -2.063793e-001 -7.118536e-001 6.713212e-001
    outer loop
      vertex   5.391901e-001 1.500000e+000 -1.801020e+000
      vertex   5.902823e-001 1.600000e+000 -1.679276e+000
      vertex   4.549976e-001 1.600000e+000 -1.720865e+000
    endloop
  endfacet
  facet normal -1.523723e-001 -7.119352e-001 6.855151e-001
    outer loop
      vertex   3.980033e-001 1.500000e+000 -1.837388e+000
      vertex   4.549976e-001 1.600000e+000 -1.720865e+000
      vertex   3.168363e-001 1.600000e+000 -1.751575e+000
    endloop
  endfacet
  facet normal -9.741841e-002 -7.119917e-001 6.953974e-001
    outer loop
      vertex   2.544228e-001 1.500000e+000 -1.862705e+000
      vertex   3.168363e-001 1.600000e+000 -1.751575e+000
      vertex   1.766718e-001 1.600000e+000 -1.771211e+000
    endloop
  endfacet
  facet normal -4.185912e-002 -7.120230e-001 7.009073e-001
    outer loop
      vertex   1.093123e-001 1.500000e+000 -1.876819e+000
      vertex   1.766718e-001 1.600000e+000 -1.771211e+000
      vertex   3.539029e-002 1.600000e+000 -1.779648e+000
    endloop
  endfacet
  facet normal 1.396027e-002 -7.120293e-001 7.020109e-001
    outer loop
      vertex   -3.645570e-002 1.500000e+000 -1.879647e+000
      vertex   3.539029e-002 1.600000e+000 -1.779648e+000
      vertex   -1.061149e-001 1.600000e+000 -1.776834e+000
    endloop
  endfacet
  facet normal 6.969292e-002 -7.120105e-001 6.987016e-001
    outer loop
      vertex   -1.820044e-001 1.500000e+000 -1.871169e+000
      vertex   -1.061149e-001 1.600000e+000 -1.776834e+000
      vertex   -2.469492e-001 1.600000e+000 -1.762786e+000
    endloop
  endfacet
  facet normal 1.249925e-001 -7.119666e-001 6.909996e-001
    outer loop
      vertex   -3.264586e-001 1.500000e+000 -1.851439e+000
      vertex   -2.469492e-001 1.600000e+000 -1.762786e+000
      vertex   -3.862223e-001 1.600000e+000 -1.737594e+000
    endloop
  endfacet
  facet normal 1.795153e-001 -7.118975e-001 6.789523e-001
    outer loop
      vertex   -4.689494e-001 1.500000e+000 -1.820573e+000
      vertex   -3.862223e-001 1.600000e+000 -1.737594e+000
      vertex   -5.230535e-001 1.600000e+000 -1.701416e+000
    endloop
  endfacet
  facet normal 2.329224e-001 -7.118033e-001 6.626335e-001
    outer loop
      vertex   -6.086198e-001 1.500000e+000 -1.778759e+000
      vertex   -5.230535e-001 1.600000e+000 -1.701416e+000
      vertex   -6.565778e-001 1.600000e+000 -1.654480e+000
    endloop
  endfacet
  facet normal 2.848814e-001 -7.116840e-001 6.421437e-001
    outer loop
      vertex   -7.446300e-001 1.500000e+000 -1.726246e+000
      vertex   -6.565778e-001 1.600000e+000 -1.654480e+000
      vertex   -7.859510e-001 1.600000e+000 -1.597085e+000
    endloop
  endfacet
  facet normal 3.350691e-001 -7.115394e-001 6.176086e-001
    outer loop
      vertex   -8.761618e-001 1.500000e+000 -1.663352e+000
      vertex   -7.859510e-001 1.600000e+000 -1.597085e+000
      vertex   -9.103552e-001 1.600000e+000 -1.529593e+000
    endloop
  endfacet
  facet normal 3.831728e-001 -7.113696e-001 5.891791e-001
    outer loop
      vertex   -1.002424e+000 1.500000e+000 -1.590454e+000
      vertex   -9.103552e-001 1.600000e+000 -1.529593e+000
      vertex   -1.029004e+000 1.600000e+000 -1.452429e+000
    endloop
  endfacet
  facet normal 4.288924e-001 -7.111744e-001 5.570299e-001
    outer loop
      vertex   -1.122658e+000 1.500000e+000 -1.507992e+000
      vertex   -1.029004e+000 1.600000e+000 -1.452429e+000
      vertex   -1.141147e+000 1.600000e+000 -1.366084e+000
    endloop
  endfacet
  facet normal 4.719423e-001 -7.109539e-001 5.213588e-001
    outer loop
      vertex   -1.236140e+000 1.500000e+000 -1.416459e+000
      vertex   -1.141147e+000 1.600000e+000 -1.366084e+000
      vertex   -1.246075e+000 1.600000e+000 -1.271101e+000
    endloop
  endfacet
  facet normal 5.120534e-001 -7.107079e-001 4.823852e-001
    outer loop
      vertex   -1.342188e+000 1.500000e+000 -1.316409e+000
      vertex   -1.246075e+000 1.600000e+000 -1.271101e+000
      vertex   -1.343125e+000 1.600000e+000 -1.168082e+000
    endloop
  endfacet
  facet normal 5.489742e-001 -7.104364e-001 4.403492e-001
    outer loop
      vertex   -1.440164e+000 1.500000e+000 -1.208441e+000
      vertex   -1.343125e+000 1.600000e+000 -1.168082e+000
      vertex   -1.431683e+000 1.600000e+000 -1.057678e+000
    endloop
  endfacet
  facet normal 5.824726e-001 -7.101393e-001 3.955095e-001
    outer loop
      vertex   -1.529478e+000 1.500000e+000 -1.093205e+000
      vertex   -1.431683e+000 1.600000e+000 -1.057678e+000
      vertex   -1.511190e+000 1.600000e+000 -9.405868e-001
    endloop
  endfacet
  facet normal 6.123376e-001 -7.098165e-001 3.481425e-001
    outer loop
      vertex   -1.609594e+000 1.500000e+000 -9.713948e-001
      vertex   -1.511190e+000 1.600000e+000 -9.405868e-001
      vertex   -1.581143e+000 1.600000e+000 -8.175492e-001
    endloop
  endfacet
  facet normal 6.383799e-001 -7.094679e-001 2.985404e-001
    outer loop
      vertex   -1.680029e+000 1.500000e+000 -8.437425e-001
      vertex   -1.581143e+000 1.600000e+000 -8.175492e-001
      vertex   -1.641099e+000 1.600000e+000 -6.893427e-001
    endloop
  endfacet
  facet normal 6.604340e-001 -7.090933e-001 2.470093e-001
    outer loop
      vertex   -1.740361e+000 1.500000e+000 -7.110157e-001
      vertex   -1.641099e+000 1.600000e+000 -6.893427e-001
      vertex   -1.690680e+000 1.600000e+000 -5.567780e-001
    endloop
  endfacet
  facet normal 6.783583e-001 -7.086927e-001 1.938675e-001
    outer loop
      vertex   -1.790226e+000 1.500000e+000 -5.740129e-001
      vertex   -1.690680e+000 1.600000e+000 -5.567780e-001
      vertex   -1.729571e+000 1.600000e+000 -4.206931e-001
    endloop
  endfacet
  facet normal 6.920367e-001 -7.082660e-001 1.394436e-001
    outer loop
      vertex   -1.829324e+000 1.500000e+000 -4.335578e-001
      vertex   -1.729571e+000 1.600000e+000 -4.206931e-001
      vertex   -1.757528e+000 1.600000e+000 -2.819485e-001
    endloop
  endfacet
  facet normal 7.013790e-001 -7.078129e-001 8.407445e-002
    outer loop
      vertex   -1.857421e+000 1.500000e+000 -2.904953e-001
      vertex   -1.757528e+000 1.600000e+000 -2.819485e-001
      vertex   -1.774373e+000 1.600000e+000 -1.414213e-001
    endloop
  endfacet
  facet normal 7.063213e-001 -7.073333e-001 2.810309e-002
    outer loop
      vertex   -1.874347e+000 1.500000e+000 -1.456858e-001
      vertex   -1.774373e+000 1.600000e+000 -1.414213e-001
      vertex   -1.780000e+000 1.600000e+000 2.179871e-016
    endloop
  endfacet
  facet normal 7.068407e-001 -7.068407e-001 -2.742864e-002
    outer loop
      vertex   -1.880000e+000 1.500000e+000 -2.302336e-016
      vertex   -1.780000e+000 1.600000e+000 2.179871e-016
      vertex   -1.874347e+000 1.500000e+000 1.456858e-001
    endloop
  endfacet
  facet normal 7.068407e-001 -7.068407e-001 2.742864e-002
    outer loop
      vertex   -1.880000e+000 1.500000e+000 -2.302336e-016
      vertex   -1.874347e+000 1.500000e+000 -1.456858e-001
      vertex   -1.780000e+000 1.600000e+000 2.179871e-016
    endloop
  endfacet
  facet normal -6.893987e-001 -7.057146e-001 1.633905e-001
    outer loop
      vertex   1.844760e+000 1.500000e+000 -3.622990e-001
      vertex   1.744929e+000 1.600000e+000 -3.515988e-001
      vertex   1.811137e+000 1.500000e+000 -5.041645e-001
    endloop
  endfacet
  facet normal -6.750520e-001 -7.053054e-001 2.164467e-001
    outer loop
      vertex   1.811137e+000 1.500000e+000 -5.041645e-001
      vertex   1.711479e+000 1.600000e+000 -4.891222e-001
      vertex   1.766622e+000 1.500000e+000 -6.429979e-001
    endloop
  endfacet
  facet normal -6.566039e-001 -7.049199e-001 2.682522e-001
    outer loop
      vertex   1.766622e+000 1.500000e+000 -6.429979e-001
      vertex   1.667208e+000 1.600000e+000 -6.235533e-001
      vertex   1.711482e+000 1.500000e+000 -7.779642e-001
    endloop
  endfacet
  facet normal -6.341628e-001 -7.045584e-001 3.184885e-001
    outer loop
      vertex   1.711482e+000 1.500000e+000 -7.779642e-001
      vertex   1.612396e+000 1.600000e+000 -7.540421e-001
      vertex   1.646049e+000 1.500000e+000 -9.082517e-001
    endloop
  endfacet
  facet normal -6.078622e-001 -7.042209e-001 3.668467e-001
    outer loop
      vertex   1.646049e+000 1.500000e+000 -9.082517e-001
      vertex   1.547390e+000 1.600000e+000 -8.797636e-001
      vertex   1.570717e+000 1.500000e+000 -1.033077e+000
    endloop
  endfacet
  facet normal -5.778593e-001 -7.039075e-001 4.130290e-001
    outer loop
      vertex   1.570717e+000 1.500000e+000 -1.033077e+000
      vertex   1.472601e+000 1.600000e+000 -9.999229e-001
      vertex   1.485938e+000 1.500000e+000 -1.151689e+000
    endloop
  endfacet
  facet normal -5.443344e-001 -7.036183e-001 4.567508e-001
    outer loop
      vertex   1.485938e+000 1.500000e+000 -1.151689e+000
      vertex   1.388502e+000 1.600000e+000 -1.113760e+000
      vertex   1.392223e+000 1.500000e+000 -1.263375e+000
    endloop
  endfacet
  facet normal -5.074901e-001 -7.033534e-001 4.977427e-001
    outer loop
      vertex   1.392223e+000 1.500000e+000 -1.263375e+000
      vertex   1.295624e+000 1.600000e+000 -1.220556e+000
      vertex   1.290134e+000 1.500000e+000 -1.367462e+000
    endloop
  endfacet
  facet normal -4.675491e-001 -7.031129e-001 5.357519e-001
    outer loop
      vertex   1.290134e+000 1.500000e+000 -1.367462e+000
      vertex   1.194555e+000 1.600000e+000 -1.319636e+000
      vertex   1.180287e+000 1.500000e+000 -1.463326e+000
    endloop
  endfacet
  facet normal -4.247540e-001 -7.028968e-001 5.705437e-001
    outer loop
      vertex   1.180287e+000 1.500000e+000 -1.463326e+000
      vertex   1.085934e+000 1.600000e+000 -1.410372e+000
      vertex   1.063341e+000 1.500000e+000 -1.550389e+000
    endloop
  endfacet
  facet normal -3.793648e-001 -7.027053e-001 6.019033e-001
    outer loop
      vertex   1.063341e+000 1.500000e+000 -1.550389e+000
      vertex   9.704467e-001 1.600000e+000 -1.492191e+000
      vertex   9.400000e-001 1.500000e+000 -1.628128e+000
    endloop
  endfacet
  facet normal -3.316579e-001 -7.025384e-001 6.296371e-001
    outer loop
      vertex   9.400000e-001 1.500000e+000 -1.628128e+000
      vertex   8.488242e-001 1.600000e+000 -1.564576e+000
      vertex   8.110058e-001 1.500000e+000 -1.696075e+000
    endloop
  endfacet
  facet normal -2.819242e-001 -7.023961e-001 6.535736e-001
    outer loop
      vertex   8.110058e-001 1.500000e+000 -1.696075e+000
      vertex   7.218351e-001 1.600000e+000 -1.627069e+000
      vertex   6.771341e-001 1.500000e+000 -1.753821e+000
    endloop
  endfacet
  facet normal -2.304670e-001 -7.022785e-001 6.735651e-001
    outer loop
      vertex   6.771341e-001 1.500000e+000 -1.753821e+000
      vertex   5.902823e-001 1.600000e+000 -1.679276e+000
      vertex   5.391901e-001 1.500000e+000 -1.801020e+000
    endloop
  endfacet
  facet normal -1.776006e-001 -7.021856e-001 6.894878e-001
    outer loop
      vertex   5.391901e-001 1.500000e+000 -1.801020e+000
      vertex   4.549976e-001 1.600000e+000 -1.720865e+000
      vertex   3.980033e-001 1.500000e+000 -1.837388e+000
    endloop
  endfacet
  facet normal -1.236481e-001 -7.021174e-001 7.012434e-001
    outer loop
      vertex   3.980033e-001 1.500000e+000 -1.837388e+000
      vertex   3.168363e-001 1.600000e+000 -1.751575e+000
      vertex   2.544228e-001 1.500000e+000 -1.862705e+000
    endloop
  endfacet
  facet normal -6.893940e-002 -7.020741e-001 7.087590e-001
    outer loop
      vertex   2.544228e-001 1.500000e+000 -1.862705e+000
      vertex   1.766718e-001 1.600000e+000 -1.771211e+000
      vertex   1.093123e-001 1.500000e+000 -1.876819e+000
    endloop
  endfacet
  facet normal -1.380900e-002 -7.020555e-001 7.119884e-001
    outer loop
      vertex   1.093123e-001 1.500000e+000 -1.876819e+000
      vertex   3.539029e-002 1.600000e+000 -1.779648e+000
      vertex   -3.645570e-002 1.500000e+000 -1.879647e+000
    endloop
  endfacet
  facet normal 4.140587e-002 -7.020617e-001 7.109114e-001
    outer loop
      vertex   -3.645570e-002 1.500000e+000 -1.879647e+000
      vertex   -1.061149e-001 1.600000e+000 -1.776834e+000
      vertex   -1.820044e-001 1.500000e+000 -1.871169e+000
    endloop
  endfacet
  facet normal 9.636747e-002 -7.020926e-001 7.055347e-001
    outer loop
      vertex   -1.820044e-001 1.500000e+000 -1.871169e+000
      vertex   -2.469492e-001 1.600000e+000 -1.762786e+000
      vertex   -3.264586e-001 1.500000e+000 -1.851439e+000
    endloop
  endfacet
  facet normal 1.507396e-001 -7.021484e-001 6.958916e-001
    outer loop
      vertex   -3.264586e-001 1.500000e+000 -1.851439e+000
      vertex   -3.862223e-001 1.600000e+000 -1.737594e+000
      vertex   -4.689494e-001 1.500000e+000 -1.820573e+000
    endloop
  endfacet
  facet normal 2.041899e-001 -7.022289e-001 6.820418e-001
    outer loop
      vertex   -4.689494e-001 1.500000e+000 -1.820573e+000
      vertex   -5.230535e-001 1.600000e+000 -1.701416e+000
      vertex   -6.086198e-001 1.500000e+000 -1.778759e+000
    endloop
  endfacet
  facet normal 2.563916e-001 -7.023342e-001 6.640708e-001
    outer loop
      vertex   -6.086198e-001 1.500000e+000 -1.778759e+000
      vertex   -6.565778e-001 1.600000e+000 -1.654480e+000
      vertex   -7.446300e-001 1.500000e+000 -1.726246e+000
    endloop
  endfacet
  facet normal 3.070257e-001 -7.024641e-001 6.420898e-001
    outer loop
      vertex   -7.446300e-001 1.500000e+000 -1.726246e+000
      vertex   -7.859510e-001 1.600000e+000 -1.597085e+000
      vertex   -8.761618e-001 1.500000e+000 -1.663352e+000
    endloop
  endfacet
  facet normal 3.557832e-001 -7.026188e-001 6.162347e-001
    outer loop
      vertex   -8.761618e-001 1.500000e+000 -1.663352e+000
      vertex   -9.103552e-001 1.600000e+000 -1.529593e+000
      vertex   -1.002424e+000 1.500000e+000 -1.590454e+000
    endloop
  endfacet
  facet normal 4.023668e-001 -7.027980e-001 5.866651e-001
    outer loop
      vertex   -1.002424e+000 1.500000e+000 -1.590454e+000
      vertex   -1.029004e+000 1.600000e+000 -1.452429e+000
      vertex   -1.122658e+000 1.500000e+000 -1.507992e+000
    endloop
  endfacet
  facet normal 4.464925e-001 -7.030018e-001 5.535638e-001
    outer loop
      vertex   -1.122658e+000 1.500000e+000 -1.507992e+000
      vertex   -1.141147e+000 1.600000e+000 -1.366084e+000
      vertex   -1.236140e+000 1.500000e+000 -1.416459e+000
    endloop
  endfacet
  facet normal 4.878920e-001 -7.032301e-001 5.171353e-001
    outer loop
      vertex   -1.236140e+000 1.500000e+000 -1.416459e+000
      vertex   -1.246075e+000 1.600000e+000 -1.271101e+000
      vertex   -1.342188e+000 1.500000e+000 -1.316409e+000
    endloop
  endfacet
  facet normal 5.263137e-001 -7.034828e-001 4.776042e-001
    outer loop
      vertex   -1.342188e+000 1.500000e+000 -1.316409e+000
      vertex   -1.343125e+000 1.600000e+000 -1.168082e+000
      vertex   -1.440164e+000 1.500000e+000 -1.208441e+000
    endloop
  endfacet
  facet normal 5.615249e-001 -7.037598e-001 4.352147e-001
    outer loop
      vertex   -1.440164e+000 1.500000e+000 -1.208441e+000
      vertex   -1.431683e+000 1.600000e+000 -1.057678e+000
      vertex   -1.529478e+000 1.500000e+000 -1.093205e+000
    endloop
  endfacet
  facet normal 5.933128e-001 -7.040612e-001 3.902279e-001
    outer loop
      vertex   -1.529478e+000 1.500000e+000 -1.093205e+000
      vertex   -1.511190e+000 1.600000e+000 -9.405868e-001
      vertex   -1.609594e+000 1.500000e+000 -9.713948e-001
    endloop
  endfacet
  facet normal 6.214857e-001 -7.043866e-001 3.429213e-001
    outer loop
      vertex   -1.609594e+000 1.500000e+000 -9.713948e-001
      vertex   -1.581143e+000 1.600000e+000 -8.175492e-001
      vertex   -1.680029e+000 1.500000e+000 -8.437425e-001
    endloop
  endfacet
  facet normal 6.458747e-001 -7.047362e-001 2.935861e-001
    outer loop
      vertex   -1.680029e+000 1.500000e+000 -8.437425e-001
      vertex   -1.641099e+000 1.600000e+000 -6.893427e-001
      vertex   -1.740361e+000 1.500000e+000 -7.110157e-001
    endloop
  endfacet
  facet normal 6.663344e-001 -7.051097e-001 2.425259e-001
    outer loop
      vertex   -1.740361e+000 1.500000e+000 -7.110157e-001
      vertex   -1.690680e+000 1.600000e+000 -5.567780e-001
      vertex   -1.790226e+000 1.500000e+000 -5.740129e-001
    endloop
  endfacet
  facet normal 6.827438e-001 -7.055070e-001 1.900547e-001
    outer loop
      vertex   -1.790226e+000 1.500000e+000 -5.740129e-001
      vertex   -1.729571e+000 1.600000e+000 -4.206931e-001
      vertex   -1.829324e+000 1.500000e+000 -4.335578e-001
    endloop
  endfacet
  facet normal 6.950070e-001 -7.059280e-001 1.364949e-001
    outer loop
      vertex   -1.829324e+000 1.500000e+000 -4.335578e-001
      vertex   -1.757528e+000 1.600000e+000 -2.819485e-001
      vertex   -1.857421e+000 1.500000e+000 -2.904953e-001
    endloop
  endfacet
  facet normal 7.030540e-001 -7.063727e-001 8.217522e-002
    outer loop
      vertex   -1.857421e+000 1.500000e+000 -2.904953e-001
      vertex   -1.774373e+000 1.600000e+000 -1.414213e-001
      vertex   -1.874347e+000 1.500000e+000 -1.456858e-001
    endloop
  endfacet
  facet normal 5.689636e-001 3.428964e-015 8.223627e-001
    outer loop
      vertex   -9.963810e-001 5.060000e+000 -1.475000e+000
      vertex   -1.029004e+000 1.600000e+000 -1.452429e+000
      vertex   -9.963810e-001 3.760000e+000 -1.475000e+000
    endloop
  endfacet
  facet normal 5.917028e-001 -3.201174e-004 8.061561e-001
    outer loop
      vertex   -9.963810e-001 5.060000e+000 -1.475000e+000
      vertex   -1.108474e+000 5.060000e+000 -1.392726e+000
      vertex   -1.029004e+000 1.600000e+000 -1.452429e+000
    endloop
  endfacet
  facet normal 6.100751e-001 3.402028e-004 7.923435e-001
    outer loop
      vertex   -1.029004e+000 1.600000e+000 -1.452429e+000
      vertex   -1.108474e+000 5.060000e+000 -1.392726e+000
      vertex   -1.141147e+000 1.600000e+000 -1.366084e+000
    endloop
  endfacet
  facet normal 6.528229e-001 -3.316865e-004 7.575105e-001
    outer loop
      vertex   -1.141147e+000 1.600000e+000 -1.366084e+000
      vertex   -1.108474e+000 5.060000e+000 -1.392726e+000
      vertex   -1.213802e+000 5.060000e+000 -1.301954e+000
    endloop
  endfacet
  facet normal 7.099594e-001 -3.422496e-004 7.042425e-001
    outer loop
      vertex   -1.246075e+000 1.600000e+000 -1.271101e+000
      vertex   -1.213802e+000 5.060000e+000 -1.301954e+000
      vertex   -1.311725e+000 5.060000e+000 -1.203237e+000
    endloop
  endfacet
  facet normal 7.627637e-001 -3.518068e-004 6.466772e-001
    outer loop
      vertex   -1.343125e+000 1.600000e+000 -1.168082e+000
      vertex   -1.311725e+000 5.060000e+000 -1.203237e+000
      vertex   -1.401642e+000 5.060000e+000 -1.097178e+000
    endloop
  endfacet
  facet normal 8.109136e-001 -3.603580e-004 5.851658e-001
    outer loop
      vertex   -1.431683e+000 1.600000e+000 -1.057678e+000
      vertex   -1.401642e+000 5.060000e+000 -1.097178e+000
      vertex   -1.483007e+000 5.060000e+000 -9.844233e-001
    endloop
  endfacet
  facet normal 8.541152e-001 -3.679032e-004 5.200837e-001
    outer loop
      vertex   -1.511190e+000 1.600000e+000 -9.405868e-001
      vertex   -1.483007e+000 5.060000e+000 -9.844233e-001
      vertex   -1.555323e+000 5.060000e+000 -8.656621e-001
    endloop
  endfacet
  facet normal 8.921050e-001 -3.744424e-004 4.518280e-001
    outer loop
      vertex   -1.581143e+000 1.600000e+000 -8.175492e-001
      vertex   -1.555323e+000 5.060000e+000 -8.656621e-001
      vertex   -1.618148e+000 5.060000e+000 -7.416185e-001
    endloop
  endfacet
  facet normal 9.246511e-001 -3.799756e-004 3.808153e-001
    outer loop
      vertex   -1.641099e+000 1.600000e+000 -6.893427e-001
      vertex   -1.618148e+000 5.060000e+000 -7.416185e-001
      vertex   -1.671099e+000 5.060000e+000 -6.130495e-001
    endloop
  endfacet
  facet normal 9.515549e-001 -3.845028e-004 3.074787e-001
    outer loop
      vertex   -1.690680e+000 1.600000e+000 -5.567780e-001
      vertex   -1.671099e+000 5.060000e+000 -6.130495e-001
      vertex   -1.713852e+000 5.060000e+000 -4.807396e-001
    endloop
  endfacet
  facet normal 9.726522e-001 -3.880239e-004 2.322660e-001
    outer loop
      vertex   -1.729571e+000 1.600000e+000 -4.206931e-001
      vertex   -1.713852e+000 5.060000e+000 -4.807396e-001
      vertex   -1.746148e+000 5.060000e+000 -3.454963e-001
    endloop
  endfacet
  facet normal 9.878144e-001 -3.905390e-004 1.556359e-001
    outer loop
      vertex   -1.757528e+000 1.600000e+000 -2.819485e-001
      vertex   -1.746148e+000 5.060000e+000 -3.454963e-001
      vertex   -1.767788e+000 5.060000e+000 -2.081447e-001
    endloop
  endfacet
  facet normal 9.969489e-001 -3.920481e-004 7.805609e-002
    outer loop
      vertex   -1.774373e+000 1.600000e+000 -1.414213e-001
      vertex   -1.767788e+000 5.060000e+000 -2.081447e-001
      vertex   -1.778642e+000 5.060000e+000 -6.952297e-002
    endloop
  endfacet
  facet normal 9.999999e-001 -3.925511e-004 -4.790746e-015
    outer loop
      vertex   -1.780000e+000 1.600000e+000 2.179871e-016
      vertex   -1.778642e+000 5.060000e+000 -6.952297e-002
      vertex   -1.778642e+000 5.060000e+000 6.952297e-002
    endloop
  endfacet
  facet normal 9.969489e-001 -3.920481e-004 -7.805609e-002
    outer loop
      vertex   -1.774373e+000 1.600000e+000 1.414213e-001
      vertex   -1.778642e+000 5.060000e+000 6.952297e-002
      vertex   -1.767788e+000 5.060000e+000 2.081447e-001
    endloop
  endfacet
  facet normal 9.878144e-001 -3.905390e-004 -1.556359e-001
    outer loop
      vertex   -1.757528e+000 1.600000e+000 2.819485e-001
      vertex   -1.767788e+000 5.060000e+000 2.081447e-001
      vertex   -1.746148e+000 5.060000e+000 3.454963e-001
    endloop
  endfacet
  facet normal 9.726522e-001 -3.880239e-004 -2.322660e-001
    outer loop
      vertex   -1.729571e+000 1.600000e+000 4.206931e-001
      vertex   -1.746148e+000 5.060000e+000 3.454963e-001
      vertex   -1.713852e+000 5.060000e+000 4.807396e-001
    endloop
  endfacet
  facet normal 9.515549e-001 -3.845028e-004 -3.074787e-001
    outer loop
      vertex   -1.690680e+000 1.600000e+000 5.567780e-001
      vertex   -1.713852e+000 5.060000e+000 4.807396e-001
      vertex   -1.671099e+000 5.060000e+000 6.130495e-001
    endloop
  endfacet
  facet normal 9.246511e-001 -3.799756e-004 -3.808153e-001
    outer loop
      vertex   -1.641099e+000 1.600000e+000 6.893427e-001
      vertex   -1.671099e+000 5.060000e+000 6.130495e-001
      vertex   -1.618148e+000 5.060000e+000 7.416185e-001
    endloop
  endfacet
  facet normal 8.921050e-001 -3.744424e-004 -4.518280e-001
    outer loop
      vertex   -1.581143e+000 1.600000e+000 8.175492e-001
      vertex   -1.618148e+000 5.060000e+000 7.416185e-001
      vertex   -1.555323e+000 5.060000e+000 8.656621e-001
    endloop
  endfacet
  facet normal 8.541152e-001 -3.679032e-004 -5.200837e-001
    outer loop
      vertex   -1.511190e+000 1.600000e+000 9.405868e-001
      vertex   -1.555323e+000 5.060000e+000 8.656621e-001
      vertex   -1.483007e+000 5.060000e+000 9.844233e-001
    endloop
  endfacet
  facet normal 8.109136e-001 -3.603580e-004 -5.851658e-001
    outer loop
      vertex   -1.431683e+000 1.600000e+000 1.057678e+000
      vertex   -1.483007e+000 5.060000e+000 9.844233e-001
      vertex   -1.401642e+000 5.060000e+000 1.097178e+000
    endloop
  endfacet
  facet normal 7.627637e-001 -3.518068e-004 -6.466772e-001
    outer loop
      vertex   -1.343125e+000 1.600000e+000 1.168082e+000
      vertex   -1.401642e+000 5.060000e+000 1.097178e+000
      vertex   -1.311725e+000 5.060000e+000 1.203237e+000
    endloop
  endfacet
  facet normal 7.099594e-001 -3.422496e-004 -7.042425e-001
    outer loop
      vertex   -1.246075e+000 1.600000e+000 1.271101e+000
      vertex   -1.311725e+000 5.060000e+000 1.203237e+000
      vertex   -1.213802e+000 5.060000e+000 1.301954e+000
    endloop
  endfacet
  facet normal 6.528229e-001 -3.316865e-004 -7.575105e-001
    outer loop
      vertex   -1.141147e+000 1.600000e+000 1.366084e+000
      vertex   -1.213802e+000 5.060000e+000 1.301954e+000
      vertex   -1.108474e+000 5.060000e+000 1.392726e+000
    endloop
  endfacet
  facet normal 5.917028e-001 -3.201174e-004 -8.061561e-001
    outer loop
      vertex   -1.029004e+000 1.600000e+000 1.452429e+000
      vertex   -1.108474e+000 5.060000e+000 1.392726e+000
      vertex   -9.963810e-001 5.060000e+000 1.475000e+000
    endloop
  endfacet
  facet normal 5.689636e-001 -4.782890e-015 -8.223627e-001
    outer loop
      vertex   -9.963810e-001 3.760000e+000 1.475000e+000
      vertex   -1.029004e+000 1.600000e+000 1.452429e+000
      vertex   -9.963810e-001 5.060000e+000 1.475000e+000
    endloop
  endfacet
  facet normal 5.451947e-001 5.256169e-004 -8.383093e-001
    outer loop
      vertex   -9.963810e-001 3.760000e+000 1.475000e+000
      vertex   -9.103552e-001 1.600000e+000 1.529593e+000
      vertex   -1.029004e+000 1.600000e+000 1.452429e+000
    endloop
  endfacet
  facet normal 5.336608e-001 -1.205028e-004 -8.456986e-001
    outer loop
      vertex   -9.963810e-001 3.760000e+000 1.475000e+000
      vertex   -9.027254e-001 3.700892e+000 1.534108e+000
      vertex   -9.103552e-001 1.600000e+000 1.529593e+000
    endloop
  endfacet
  facet normal 4.801517e-001 1.414959e-004 -8.771855e-001
    outer loop
      vertex   -9.103552e-001 1.600000e+000 1.529593e+000
      vertex   -9.027254e-001 3.700892e+000 1.534108e+000
      vertex   -8.055753e-001 3.647723e+000 1.587277e+000
    endloop
  endfacet
  facet normal 4.245074e-001 -2.685170e-004 -9.054244e-001
    outer loop
      vertex   -7.859510e-001 1.600000e+000 1.597085e+000
      vertex   -8.055753e-001 3.647723e+000 1.587277e+000
      vertex   -7.053068e-001 3.600698e+000 1.634302e+000
    endloop
  endfacet
  facet normal 3.673371e-001 -4.338347e-004 -9.300878e-001
    outer loop
      vertex   -6.565778e-001 1.600000e+000 1.654480e+000
      vertex   -7.053068e-001 3.600698e+000 1.634302e+000
      vertex   -6.023081e-001 3.560000e+000 1.675000e+000
    endloop
  endfacet
  facet normal 3.020433e-001 -6.344497e-004 -9.532940e-001
    outer loop
      vertex   -5.230535e-001 1.600000e+000 1.701416e+000
      vertex   -6.023081e-001 3.560000e+000 1.675000e+000
      vertex   -4.721755e-001 3.560000e+000 1.716231e+000
    endloop
  endfacet
  facet normal 2.281007e-001 -6.088048e-004 -9.736374e-001
    outer loop
      vertex   -3.862223e-001 1.600000e+000 1.737594e+000
      vertex   -4.721755e-001 3.560000e+000 1.716231e+000
      vertex   -3.392659e-001 3.560000e+000 1.747369e+000
    endloop
  endfacet
  facet normal 1.528166e-001 -5.759119e-004 -9.882544e-001
    outer loop
      vertex   -2.469492e-001 1.600000e+000 1.762786e+000
      vertex   -3.392659e-001 3.560000e+000 1.747369e+000
      vertex   -2.043610e-001 3.560000e+000 1.768230e+000
    endloop
  endfacet
  facet normal 7.663363e-002 -5.357714e-004 -9.970592e-001
    outer loop
      vertex   -1.061149e-001 1.600000e+000 1.776834e+000
      vertex   -2.043610e-001 3.560000e+000 1.768230e+000
      vertex   -6.825414e-002 3.560000e+000 1.778691e+000
    endloop
  endfacet
  facet normal 1.629779e-015 -4.883834e-004 -9.999999e-001
    outer loop
      vertex   3.539029e-002 1.600000e+000 1.779648e+000
      vertex   -6.825414e-002 3.560000e+000 1.778691e+000
      vertex   6.825414e-002 3.560000e+000 1.778691e+000
    endloop
  endfacet
  facet normal -7.663364e-002 -4.337485e-004 -9.970592e-001
    outer loop
      vertex   1.766718e-001 1.600000e+000 1.771211e+000
      vertex   6.825414e-002 3.560000e+000 1.778691e+000
      vertex   2.043610e-001 3.560000e+000 1.768230e+000
    endloop
  endfacet
  facet normal -1.528166e-001 -3.718670e-004 -9.882545e-001
    outer loop
      vertex   3.168363e-001 1.600000e+000 1.751575e+000
      vertex   2.043610e-001 3.560000e+000 1.768230e+000
      vertex   3.392659e-001 3.560000e+000 1.747369e+000
    endloop
  endfacet
  facet normal -2.281007e-001 -3.027395e-004 -9.736375e-001
    outer loop
      vertex   4.549976e-001 1.600000e+000 1.720865e+000
      vertex   3.392659e-001 3.560000e+000 1.747369e+000
      vertex   4.721755e-001 3.560000e+000 1.716231e+000
    endloop
  endfacet
  facet normal -3.020434e-001 -2.263665e-004 -9.532942e-001
    outer loop
      vertex   5.902823e-001 1.600000e+000 1.679276e+000
      vertex   4.721755e-001 3.560000e+000 1.716231e+000
      vertex   6.023081e-001 3.560000e+000 1.675000e+000
    endloop
  endfacet
  facet normal -3.675628e-001 2.264520e-004 -9.299987e-001
    outer loop
      vertex   7.053068e-001 3.600698e+000 1.634302e+000
      vertex   5.902823e-001 1.600000e+000 1.679276e+000
      vertex   6.023081e-001 3.560000e+000 1.675000e+000
    endloop
  endfacet
  facet normal -3.688639e-001 3.128388e-004 -9.294834e-001
    outer loop
      vertex   7.053068e-001 3.600698e+000 1.634302e+000
      vertex   7.218351e-001 1.600000e+000 1.627069e+000
      vertex   5.902823e-001 1.600000e+000 1.679276e+000
    endloop
  endfacet
  facet normal -4.245207e-001 -2.339505e-004 -9.054182e-001
    outer loop
      vertex   7.053068e-001 3.600698e+000 1.634302e+000
      vertex   8.055753e-001 3.647723e+000 1.587277e+000
      vertex   7.218351e-001 1.600000e+000 1.627069e+000
    endloop
  endfacet
  facet normal -4.415454e-001 6.212128e-004 -8.972387e-001
    outer loop
      vertex   7.218351e-001 1.600000e+000 1.627069e+000
      vertex   8.055753e-001 3.647723e+000 1.587277e+000
      vertex   8.488242e-001 1.600000e+000 1.564576e+000
    endloop
  endfacet
  facet normal -4.799193e-001 -4.101640e-004 -8.773125e-001
    outer loop
      vertex   8.488242e-001 1.600000e+000 1.564576e+000
      vertex   8.055753e-001 3.647723e+000 1.587277e+000
      vertex   9.027254e-001 3.700892e+000 1.534108e+000
    endloop
  endfacet
  facet normal -5.335685e-001 -3.247608e-004 -8.457568e-001
    outer loop
      vertex   9.704467e-001 1.600000e+000 1.492191e+000
      vertex   9.027254e-001 3.700892e+000 1.534108e+000
      vertex   9.963810e-001 3.760000e+000 1.475000e+000
    endloop
  endfacet
  facet normal -5.896043e-001 -2.781549e-004 -8.076922e-001
    outer loop
      vertex   1.085934e+000 1.600000e+000 1.410372e+000
      vertex   9.963810e-001 3.760000e+000 1.475000e+000
      vertex   1.108474e+000 5.060000e+000 1.392726e+000
    endloop
  endfacet
  facet normal -6.528229e-001 -2.396129e-004 -7.575105e-001
    outer loop
      vertex   1.194555e+000 1.600000e+000 1.319636e+000
      vertex   1.108474e+000 5.060000e+000 1.392726e+000
      vertex   1.213802e+000 5.060000e+000 1.301954e+000
    endloop
  endfacet
  facet normal -7.099594e-001 -2.215692e-004 -7.042426e-001
    outer loop
      vertex   1.295624e+000 1.600000e+000 1.220556e+000
      vertex   1.213802e+000 5.060000e+000 1.301954e+000
      vertex   1.311725e+000 5.060000e+000 1.203237e+000
    endloop
  endfacet
  facet normal -7.627637e-001 -2.025198e-004 -6.466772e-001
    outer loop
      vertex   1.388502e+000 1.600000e+000 1.113760e+000
      vertex   1.311725e+000 5.060000e+000 1.203237e+000
      vertex   1.401642e+000 5.060000e+000 1.097178e+000
    endloop
  endfacet
  facet normal -8.109136e-001 -1.824647e-004 -5.851659e-001
    outer loop
      vertex   1.472601e+000 1.600000e+000 9.999229e-001
      vertex   1.401642e+000 5.060000e+000 1.097178e+000
      vertex   1.483007e+000 5.060000e+000 9.844233e-001
    endloop
  endfacet
  facet normal -8.541153e-001 -1.614040e-004 -5.200837e-001
    outer loop
      vertex   1.547390e+000 1.600000e+000 8.797636e-001
      vertex   1.483007e+000 5.060000e+000 9.844233e-001
      vertex   1.555323e+000 5.060000e+000 8.656621e-001
    endloop
  endfacet
  facet normal -8.921050e-001 -1.393377e-004 -4.518281e-001
    outer loop
      vertex   1.612396e+000 1.600000e+000 7.540421e-001
      vertex   1.555323e+000 5.060000e+000 8.656621e-001
      vertex   1.618148e+000 5.060000e+000 7.416185e-001
    endloop
  endfacet
  facet normal -9.246511e-001 -1.162658e-004 -3.808153e-001
    outer loop
      vertex   1.667208e+000 1.600000e+000 6.235533e-001
      vertex   1.618148e+000 5.060000e+000 7.416185e-001
      vertex   1.671099e+000 5.060000e+000 6.130495e-001
    endloop
  endfacet
  facet normal -9.515549e-001 -9.218847e-005 -3.074788e-001
    outer loop
      vertex   1.711479e+000 1.600000e+000 4.891222e-001
      vertex   1.671099e+000 5.060000e+000 6.130495e-001
      vertex   1.713852e+000 5.060000e+000 4.807396e-001
    endloop
  endfacet
  facet normal -9.726523e-001 -6.710564e-005 -2.322660e-001
    outer loop
      vertex   1.744929e+000 1.600000e+000 3.515988e-001
      vertex   1.713852e+000 5.060000e+000 4.807396e-001
      vertex   1.746148e+000 5.060000e+000 3.454963e-001
    endloop
  endfacet
  facet normal -9.878145e-001 -4.101740e-005 -1.556359e-001
    outer loop
      vertex   1.767348e+000 1.600000e+000 2.118524e-001
      vertex   1.746148e+000 5.060000e+000 3.454963e-001
      vertex   1.767788e+000 5.060000e+000 2.081447e-001
    endloop
  endfacet
  facet normal -9.969490e-001 -1.392379e-005 -7.805609e-002
    outer loop
      vertex   1.778593e+000 1.600000e+000 7.076660e-002
      vertex   1.767788e+000 5.060000e+000 2.081447e-001
      vertex   1.778642e+000 5.060000e+000 6.952297e-002
    endloop
  endfacet
  facet normal -1.000000e+000 1.417511e-005 -4.790748e-015
    outer loop
      vertex   1.778642e+000 5.060000e+000 -6.952297e-002
      vertex   1.778593e+000 1.600000e+000 7.076660e-002
      vertex   1.778642e+000 5.060000e+000 6.952297e-002
    endloop
  endfacet
  facet normal -1.000000e+000 1.417511e-005 0.000000e+000
    outer loop
      vertex   1.778642e+000 5.060000e+000 -6.952297e-002
      vertex   1.778593e+000 1.600000e+000 -7.076660e-002
      vertex   1.778593e+000 1.600000e+000 7.076660e-002
    endloop
  endfacet
  facet normal -9.969490e-001 -1.392379e-005 7.805609e-002
    outer loop
      vertex   1.778642e+000 5.060000e+000 -6.952297e-002
      vertex   1.767788e+000 5.060000e+000 -2.081447e-001
      vertex   1.778593e+000 1.600000e+000 -7.076660e-002
    endloop
  endfacet
  facet normal -9.968388e-001 4.177138e-005 7.945017e-002
    outer loop
      vertex   1.778593e+000 1.600000e+000 -7.076660e-002
      vertex   1.767788e+000 5.060000e+000 -2.081447e-001
      vertex   1.767348e+000 1.600000e+000 -2.118524e-001
    endloop
  endfacet
  facet normal -9.878145e-001 -4.101740e-005 1.556359e-001
    outer loop
      vertex   1.767348e+000 1.600000e+000 -2.118524e-001
      vertex   1.767788e+000 5.060000e+000 -2.081447e-001
      vertex   1.746148e+000 5.060000e+000 -3.454963e-001
    endloop
  endfacet
  facet normal -9.726523e-001 -6.710564e-005 2.322660e-001
    outer loop
      vertex   1.744929e+000 1.600000e+000 -3.515988e-001
      vertex   1.746148e+000 5.060000e+000 -3.454963e-001
      vertex   1.713852e+000 5.060000e+000 -4.807396e-001
    endloop
  endfacet
  facet normal -9.515549e-001 -9.218847e-005 3.074788e-001
    outer loop
      vertex   1.711479e+000 1.600000e+000 -4.891222e-001
      vertex   1.713852e+000 5.060000e+000 -4.807396e-001
      vertex   1.671099e+000 5.060000e+000 -6.130495e-001
    endloop
  endfacet
  facet normal -9.246511e-001 -1.162658e-004 3.808153e-001
    outer loop
      vertex   1.667208e+000 1.600000e+000 -6.235533e-001
      vertex   1.671099e+000 5.060000e+000 -6.130495e-001
      vertex   1.618148e+000 5.060000e+000 -7.416185e-001
    endloop
  endfacet
  facet normal -8.921050e-001 -1.393377e-004 4.518281e-001
    outer loop
      vertex   1.612396e+000 1.600000e+000 -7.540421e-001
      vertex   1.618148e+000 5.060000e+000 -7.416185e-001
      vertex   1.555323e+000 5.060000e+000 -8.656621e-001
    endloop
  endfacet
  facet normal -8.541153e-001 -1.614040e-004 5.200837e-001
    outer loop
      vertex   1.547390e+000 1.600000e+000 -8.797636e-001
      vertex   1.555323e+000 5.060000e+000 -8.656621e-001
      vertex   1.483007e+000 5.060000e+000 -9.844233e-001
    endloop
  endfacet
  facet normal -8.109136e-001 -1.824647e-004 5.851659e-001
    outer loop
      vertex   1.472601e+000 1.600000e+000 -9.999229e-001
      vertex   1.483007e+000 5.060000e+000 -9.844233e-001
      vertex   1.401642e+000 5.060000e+000 -1.097178e+000
    endloop
  endfacet
  facet normal -7.627637e-001 -2.025198e-004 6.466772e-001
    outer loop
      vertex   1.388502e+000 1.600000e+000 -1.113760e+000
      vertex   1.401642e+000 5.060000e+000 -1.097178e+000
      vertex   1.311725e+000 5.060000e+000 -1.203237e+000
    endloop
  endfacet
  facet normal -7.099594e-001 -2.215692e-004 7.042426e-001
    outer loop
      vertex   1.295624e+000 1.600000e+000 -1.220556e+000
      vertex   1.311725e+000 5.060000e+000 -1.203237e+000
      vertex   1.213802e+000 5.060000e+000 -1.301954e+000
    endloop
  endfacet
  facet normal -6.528229e-001 -2.396129e-004 7.575105e-001
    outer loop
      vertex   1.194555e+000 1.600000e+000 -1.319636e+000
      vertex   1.213802e+000 5.060000e+000 -1.301954e+000
      vertex   1.108474e+000 5.060000e+000 -1.392726e+000
    endloop
  endfacet
  facet normal -5.917028e-001 -2.566509e-004 8.061562e-001
    outer loop
      vertex   1.085934e+000 1.600000e+000 -1.410372e+000
      vertex   1.108474e+000 5.060000e+000 -1.392726e+000
      vertex   9.963810e-001 5.060000e+000 -1.475000e+000
    endloop
  endfacet
  facet normal -5.852015e-001 -3.497978e-015 8.108879e-001
    outer loop
      vertex   9.963810e-001 3.760000e+000 -1.475000e+000
      vertex   1.085934e+000 1.600000e+000 -1.410372e+000
      vertex   9.963810e-001 5.060000e+000 -1.475000e+000
    endloop
  endfacet
  facet normal -5.780919e-001 4.468650e-004 8.159715e-001
    outer loop
      vertex   9.963810e-001 3.760000e+000 -1.475000e+000
      vertex   9.704467e-001 1.600000e+000 -1.492191e+000
      vertex   1.085934e+000 1.600000e+000 -1.410372e+000
    endloop
  endfacet
  facet normal -5.335685e-001 -3.247608e-004 8.457568e-001
    outer loop
      vertex   9.963810e-001 3.760000e+000 -1.475000e+000
      vertex   9.027254e-001 3.700892e+000 -1.534108e+000
      vertex   9.704467e-001 1.600000e+000 -1.492191e+000
    endloop
  endfacet
  facet normal -5.114354e-001 6.593360e-004 8.593215e-001
    outer loop
      vertex   9.704467e-001 1.600000e+000 -1.492191e+000
      vertex   9.027254e-001 3.700892e+000 -1.534108e+000
      vertex   8.488242e-001 1.600000e+000 -1.564576e+000
    endloop
  endfacet
  facet normal -4.799193e-001 -4.101640e-004 8.773125e-001
    outer loop
      vertex   8.488242e-001 1.600000e+000 -1.564576e+000
      vertex   9.027254e-001 3.700892e+000 -1.534108e+000
      vertex   8.055753e-001 3.647723e+000 -1.587277e+000
    endloop
  endfacet
  facet normal -4.245207e-001 -2.339505e-004 9.054182e-001
    outer loop
      vertex   7.218351e-001 1.600000e+000 -1.627069e+000
      vertex   8.055753e-001 3.647723e+000 -1.587277e+000
      vertex   7.053068e-001 3.600698e+000 -1.634302e+000
    endloop
  endfacet
  facet normal -3.675628e-001 2.264520e-004 9.299987e-001
    outer loop
      vertex   5.902823e-001 1.600000e+000 -1.679276e+000
      vertex   7.053068e-001 3.600698e+000 -1.634302e+000
      vertex   6.023081e-001 3.560000e+000 -1.675000e+000
    endloop
  endfacet
  facet normal -3.020434e-001 -2.263665e-004 9.532942e-001
    outer loop
      vertex   4.721755e-001 3.560000e+000 -1.716231e+000
      vertex   5.902823e-001 1.600000e+000 -1.679276e+000
      vertex   6.023081e-001 3.560000e+000 -1.675000e+000
    endloop
  endfacet
  facet normal -2.938503e-001 3.155547e-004 9.558514e-001
    outer loop
      vertex   4.721755e-001 3.560000e+000 -1.716231e+000
      vertex   4.549976e-001 1.600000e+000 -1.720865e+000
      vertex   5.902823e-001 1.600000e+000 -1.679276e+000
    endloop
  endfacet
  facet normal -2.281007e-001 -3.027395e-004 9.736375e-001
    outer loop
      vertex   4.721755e-001 3.560000e+000 -1.716231e+000
      vertex   3.392659e-001 3.560000e+000 -1.747369e+000
      vertex   4.549976e-001 1.600000e+000 -1.720865e+000
    endloop
  endfacet
  facet normal -2.169788e-001 3.883051e-004 9.761762e-001
    outer loop
      vertex   4.549976e-001 1.600000e+000 -1.720865e+000
      vertex   3.392659e-001 3.560000e+000 -1.747369e+000
      vertex   3.168363e-001 1.600000e+000 -1.751575e+000
    endloop
  endfacet
  facet normal -1.528166e-001 -3.718670e-004 9.882545e-001
    outer loop
      vertex   3.168363e-001 1.600000e+000 -1.751575e+000
      vertex   3.392659e-001 3.560000e+000 -1.747369e+000
      vertex   2.043610e-001 3.560000e+000 -1.768230e+000
    endloop
  endfacet
  facet normal -7.663364e-002 -4.337485e-004 9.970592e-001
    outer loop
      vertex   1.766718e-001 1.600000e+000 -1.771211e+000
      vertex   2.043610e-001 3.560000e+000 -1.768230e+000
      vertex   6.825414e-002 3.560000e+000 -1.778691e+000
    endloop
  endfacet
  facet normal 3.177621e-018 -4.883834e-004 9.999999e-001
    outer loop
      vertex   3.539029e-002 1.600000e+000 -1.779648e+000
      vertex   6.825414e-002 3.560000e+000 -1.778691e+000
      vertex   -6.825414e-002 3.560000e+000 -1.778691e+000
    endloop
  endfacet
  facet normal 7.663363e-002 -5.357714e-004 9.970592e-001
    outer loop
      vertex   -1.061149e-001 1.600000e+000 -1.776834e+000
      vertex   -6.825414e-002 3.560000e+000 -1.778691e+000
      vertex   -2.043610e-001 3.560000e+000 -1.768230e+000
    endloop
  endfacet
  facet normal 1.528166e-001 -5.759119e-004 9.882544e-001
    outer loop
      vertex   -2.469492e-001 1.600000e+000 -1.762786e+000
      vertex   -2.043610e-001 3.560000e+000 -1.768230e+000
      vertex   -3.392659e-001 3.560000e+000 -1.747369e+000
    endloop
  endfacet
  facet normal 2.281007e-001 -6.088048e-004 9.736374e-001
    outer loop
      vertex   -3.862223e-001 1.600000e+000 -1.737594e+000
      vertex   -3.392659e-001 3.560000e+000 -1.747369e+000
      vertex   -4.721755e-001 3.560000e+000 -1.716231e+000
    endloop
  endfacet
  facet normal 3.020433e-001 -6.344497e-004 9.532940e-001
    outer loop
      vertex   -5.230535e-001 1.600000e+000 -1.701416e+000
      vertex   -4.721755e-001 3.560000e+000 -1.716231e+000
      vertex   -6.023081e-001 3.560000e+000 -1.675000e+000
    endloop
  endfacet
  facet normal 3.673371e-001 -4.338347e-004 9.300878e-001
    outer loop
      vertex   -6.565778e-001 1.600000e+000 -1.654480e+000
      vertex   -6.023081e-001 3.560000e+000 -1.675000e+000
      vertex   -7.053068e-001 3.600698e+000 -1.634302e+000
    endloop
  endfacet
  facet normal 4.245074e-001 -2.685170e-004 9.054244e-001
    outer loop
      vertex   -7.859510e-001 1.600000e+000 -1.597085e+000
      vertex   -7.053068e-001 3.600698e+000 -1.634302e+000
      vertex   -8.055753e-001 3.647723e+000 -1.587277e+000
    endloop
  endfacet
  facet normal 4.801517e-001 1.414959e-004 8.771855e-001
    outer loop
      vertex   -9.103552e-001 1.600000e+000 -1.529593e+000
      vertex   -8.055753e-001 3.647723e+000 -1.587277e+000
      vertex   -9.027254e-001 3.700892e+000 -1.534108e+000
    endloop
  endfacet
  facet normal 5.336608e-001 -1.205028e-004 8.456986e-001
    outer loop
      vertex   -9.963810e-001 3.760000e+000 -1.475000e+000
      vertex   -9.103552e-001 1.600000e+000 -1.529593e+000
      vertex   -9.027254e-001 3.700892e+000 -1.534108e+000
    endloop
  endfacet
  facet normal 5.451947e-001 5.256169e-004 8.383093e-001
    outer loop
      vertex   -9.963810e-001 3.760000e+000 -1.475000e+000
      vertex   -1.029004e+000 1.600000e+000 -1.452429e+000
      vertex   -9.103552e-001 1.600000e+000 -1.529593e+000
    endloop
  endfacet
  facet normal 6.710984e-001 3.512689e-004 7.413682e-001
    outer loop
      vertex   -1.141147e+000 1.600000e+000 -1.366084e+000
      vertex   -1.213802e+000 5.060000e+000 -1.301954e+000
      vertex   -1.246075e+000 1.600000e+000 -1.271101e+000
    endloop
  endfacet
  facet normal 7.278788e-001 3.613290e-004 6.857058e-001
    outer loop
      vertex   -1.246075e+000 1.600000e+000 -1.271101e+000
      vertex   -1.311725e+000 5.060000e+000 -1.203237e+000
      vertex   -1.343125e+000 1.600000e+000 -1.168082e+000
    endloop
  endfacet
  facet normal 7.800573e-001 3.703832e-004 6.257080e-001
    outer loop
      vertex   -1.343125e+000 1.600000e+000 -1.168082e+000
      vertex   -1.401642e+000 5.060000e+000 -1.097178e+000
      vertex   -1.431683e+000 1.600000e+000 -1.057678e+000
    endloop
  endfacet
  facet normal 8.273040e-001 3.784314e-004 5.617544e-001
    outer loop
      vertex   -1.431683e+000 1.600000e+000 -1.057678e+000
      vertex   -1.483007e+000 5.060000e+000 -9.844233e-001
      vertex   -1.511190e+000 1.600000e+000 -9.405868e-001
    endloop
  endfacet
  facet normal 8.693202e-001 3.854736e-004 4.942492e-001
    outer loop
      vertex   -1.511190e+000 1.600000e+000 -9.405868e-001
      vertex   -1.555323e+000 5.060000e+000 -8.656621e-001
      vertex   -1.581143e+000 1.600000e+000 -8.175492e-001
    endloop
  endfacet
  facet normal 9.058403e-001 3.915099e-004 4.236191e-001
    outer loop
      vertex   -1.581143e+000 1.600000e+000 -8.175492e-001
      vertex   -1.618148e+000 5.060000e+000 -7.416185e-001
      vertex   -1.641099e+000 1.600000e+000 -6.893427e-001
    endloop
  endfacet
  facet normal 9.366334e-001 3.965401e-004 3.503108e-001
    outer loop
      vertex   -1.641099e+000 1.600000e+000 -6.893427e-001
      vertex   -1.671099e+000 5.060000e+000 -6.130495e-001
      vertex   -1.690680e+000 1.600000e+000 -5.567780e-001
    endloop
  endfacet
  facet normal 9.615048e-001 4.005642e-004 2.747877e-001
    outer loop
      vertex   -1.690680e+000 1.600000e+000 -5.567780e-001
      vertex   -1.713852e+000 5.060000e+000 -4.807396e-001
      vertex   -1.729571e+000 1.600000e+000 -4.206931e-001
    endloop
  endfacet
  facet normal 9.802973e-001 4.035824e-004 1.975274e-001
    outer loop
      vertex   -1.729571e+000 1.600000e+000 -4.206931e-001
      vertex   -1.746148e+000 5.060000e+000 -3.454963e-001
      vertex   -1.757528e+000 1.600000e+000 -2.819485e-001
    endloop
  endfacet
  facet normal 9.928920e-001 4.055944e-004 1.190182e-001
    outer loop
      vertex   -1.757528e+000 1.600000e+000 -2.819485e-001
      vertex   -1.767788e+000 5.060000e+000 -2.081447e-001
      vertex   -1.774373e+000 1.600000e+000 -1.414213e-001
    endloop
  endfacet
  facet normal 9.992093e-001 4.066005e-004 3.975651e-002
    outer loop
      vertex   -1.774373e+000 1.600000e+000 -1.414213e-001
      vertex   -1.778642e+000 5.060000e+000 -6.952297e-002
      vertex   -1.780000e+000 1.600000e+000 2.179871e-016
    endloop
  endfacet
  facet normal 9.992093e-001 4.066005e-004 -3.975651e-002
    outer loop
      vertex   -1.780000e+000 1.600000e+000 2.179871e-016
      vertex   -1.778642e+000 5.060000e+000 6.952297e-002
      vertex   -1.774373e+000 1.600000e+000 1.414213e-001
    endloop
  endfacet
  facet normal 9.928920e-001 4.055944e-004 -1.190182e-001
    outer loop
      vertex   -1.774373e+000 1.600000e+000 1.414213e-001
      vertex   -1.767788e+000 5.060000e+000 2.081447e-001
      vertex   -1.757528e+000 1.600000e+000 2.819485e-001
    endloop
  endfacet
  facet normal 9.802973e-001 4.035824e-004 -1.975274e-001
    outer loop
      vertex   -1.757528e+000 1.600000e+000 2.819485e-001
      vertex   -1.746148e+000 5.060000e+000 3.454963e-001
      vertex   -1.729571e+000 1.600000e+000 4.206931e-001
    endloop
  endfacet
  facet normal 9.615048e-001 4.005642e-004 -2.747877e-001
    outer loop
      vertex   -1.729571e+000 1.600000e+000 4.206931e-001
      vertex   -1.713852e+000 5.060000e+000 4.807396e-001
      vertex   -1.690680e+000 1.600000e+000 5.567780e-001
    endloop
  endfacet
  facet normal 9.366334e-001 3.965401e-004 -3.503108e-001
    outer loop
      vertex   -1.690680e+000 1.600000e+000 5.567780e-001
      vertex   -1.671099e+000 5.060000e+000 6.130495e-001
      vertex   -1.641099e+000 1.600000e+000 6.893427e-001
    endloop
  endfacet
  facet normal 9.058403e-001 3.915099e-004 -4.236191e-001
    outer loop
      vertex   -1.641099e+000 1.600000e+000 6.893427e-001
      vertex   -1.618148e+000 5.060000e+000 7.416185e-001
      vertex   -1.581143e+000 1.600000e+000 8.175492e-001
    endloop
  endfacet
  facet normal 8.693202e-001 3.854736e-004 -4.942492e-001
    outer loop
      vertex   -1.581143e+000 1.600000e+000 8.175492e-001
      vertex   -1.555323e+000 5.060000e+000 8.656621e-001
      vertex   -1.511190e+000 1.600000e+000 9.405868e-001
    endloop
  endfacet
  facet normal 8.273040e-001 3.784314e-004 -5.617544e-001
    outer loop
      vertex   -1.511190e+000 1.600000e+000 9.405868e-001
      vertex   -1.483007e+000 5.060000e+000 9.844233e-001
      vertex   -1.431683e+000 1.600000e+000 1.057678e+000
    endloop
  endfacet
  facet normal 7.800573e-001 3.703832e-004 -6.257080e-001
    outer loop
      vertex   -1.431683e+000 1.600000e+000 1.057678e+000
      vertex   -1.401642e+000 5.060000e+000 1.097178e+000
      vertex   -1.343125e+000 1.600000e+000 1.168082e+000
    endloop
  endfacet
  facet normal 7.278788e-001 3.613290e-004 -6.857058e-001
    outer loop
      vertex   -1.343125e+000 1.600000e+000 1.168082e+000
      vertex   -1.311725e+000 5.060000e+000 1.203237e+000
      vertex   -1.246075e+000 1.600000e+000 1.271101e+000
    endloop
  endfacet
  facet normal 6.710984e-001 3.512689e-004 -7.413682e-001
    outer loop
      vertex   -1.246075e+000 1.600000e+000 1.271101e+000
      vertex   -1.213802e+000 5.060000e+000 1.301954e+000
      vertex   -1.141147e+000 1.600000e+000 1.366084e+000
    endloop
  endfacet
  facet normal 6.100751e-001 3.402028e-004 -7.923435e-001
    outer loop
      vertex   -1.141147e+000 1.600000e+000 1.366084e+000
      vertex   -1.108474e+000 5.060000e+000 1.392726e+000
      vertex   -1.029004e+000 1.600000e+000 1.452429e+000
    endloop
  endfacet
  facet normal 4.768675e-001 3.599625e-004 -8.789751e-001
    outer loop
      vertex   -9.103552e-001 1.600000e+000 1.529593e+000
      vertex   -8.055753e-001 3.647723e+000 1.587277e+000
      vertex   -7.859510e-001 1.600000e+000 1.597085e+000
    endloop
  endfacet
  facet normal 4.055252e-001 6.576915e-004 -9.140836e-001
    outer loop
      vertex   -7.859510e-001 1.600000e+000 1.597085e+000
      vertex   -7.053068e-001 3.600698e+000 1.634302e+000
      vertex   -6.565778e-001 1.600000e+000 1.654480e+000
    endloop
  endfacet
  facet normal 3.316192e-001 6.946501e-004 -9.434131e-001
    outer loop
      vertex   -6.565778e-001 1.600000e+000 1.654480e+000
      vertex   -6.023081e-001 3.560000e+000 1.675000e+000
      vertex   -5.230535e-001 1.600000e+000 1.701416e+000
    endloop
  endfacet
  facet normal 2.556166e-001 6.726293e-004 -9.667780e-001
    outer loop
      vertex   -5.230535e-001 1.600000e+000 1.701416e+000
      vertex   -4.721755e-001 3.560000e+000 1.716231e+000
      vertex   -3.862223e-001 1.600000e+000 1.737594e+000
    endloop
  endfacet
  facet normal 1.779979e-001 6.433603e-004 -9.840307e-001
    outer loop
      vertex   -3.862223e-001 1.600000e+000 1.737594e+000
      vertex   -3.392659e-001 3.560000e+000 1.747369e+000
      vertex   -2.469492e-001 1.600000e+000 1.762786e+000
    endloop
  endfacet
  facet normal 9.925378e-002 6.068436e-004 -9.950620e-001
    outer loop
      vertex   -2.469492e-001 1.600000e+000 1.762786e+000
      vertex   -2.043610e-001 3.560000e+000 1.768230e+000
      vertex   -1.061149e-001 1.600000e+000 1.776834e+000
    endloop
  endfacet
  facet normal 1.988218e-002 5.630793e-004 -9.998022e-001
    outer loop
      vertex   -1.061149e-001 1.600000e+000 1.776834e+000
      vertex   -6.825414e-002 3.560000e+000 1.778691e+000
      vertex   3.539029e-002 1.600000e+000 1.779648e+000
    endloop
  endfacet
  facet normal -5.961512e-002 5.120679e-004 -9.982213e-001
    outer loop
      vertex   3.539029e-002 1.600000e+000 1.779648e+000
      vertex   6.825414e-002 3.560000e+000 1.778691e+000
      vertex   1.766718e-001 1.600000e+000 1.771211e+000
    endloop
  endfacet
  facet normal -1.387355e-001 4.538096e-004 -9.903294e-001
    outer loop
      vertex   1.766718e-001 1.600000e+000 1.771211e+000
      vertex   2.043610e-001 3.560000e+000 1.768230e+000
      vertex   3.168363e-001 1.600000e+000 1.751575e+000
    endloop
  endfacet
  facet normal -2.169788e-001 3.883051e-004 -9.761762e-001
    outer loop
      vertex   3.168363e-001 1.600000e+000 1.751575e+000
      vertex   3.392659e-001 3.560000e+000 1.747369e+000
      vertex   4.549976e-001 1.600000e+000 1.720865e+000
    endloop
  endfacet
  facet normal -2.938503e-001 3.155547e-004 -9.558514e-001
    outer loop
      vertex   4.549976e-001 1.600000e+000 1.720865e+000
      vertex   4.721755e-001 3.560000e+000 1.716231e+000
      vertex   5.902823e-001 1.600000e+000 1.679276e+000
    endloop
  endfacet
  facet normal -5.114354e-001 6.593360e-004 -8.593215e-001
    outer loop
      vertex   8.488242e-001 1.600000e+000 1.564576e+000
      vertex   9.027254e-001 3.700892e+000 1.534108e+000
      vertex   9.704467e-001 1.600000e+000 1.492191e+000
    endloop
  endfacet
  facet normal -5.917028e-001 -1.208234e-014 -8.061562e-001
    outer loop
      vertex   9.963810e-001 3.760000e+000 1.475000e+000
      vertex   9.963810e-001 5.060000e+000 1.475000e+000
      vertex   1.108474e+000 5.060000e+000 1.392726e+000
    endloop
  endfacet
  facet normal -6.410936e-001 2.624327e-004 -7.674626e-001
    outer loop
      vertex   1.085934e+000 1.600000e+000 1.410372e+000
      vertex   1.108474e+000 5.060000e+000 1.392726e+000
      vertex   1.194555e+000 1.600000e+000 1.319636e+000
    endloop
  endfacet
  facet normal -7.000421e-001 2.448919e-004 -7.141016e-001
    outer loop
      vertex   1.194555e+000 1.600000e+000 1.319636e+000
      vertex   1.213802e+000 5.060000e+000 1.301954e+000
      vertex   1.295624e+000 1.600000e+000 1.220556e+000
    endloop
  endfacet
  facet normal -7.545646e-001 2.263453e-004 -6.562257e-001
    outer loop
      vertex   1.295624e+000 1.600000e+000 1.220556e+000
      vertex   1.311725e+000 5.060000e+000 1.203237e+000
      vertex   1.388502e+000 1.600000e+000 1.113760e+000
    endloop
  endfacet
  facet normal -8.043165e-001 2.067931e-004 -5.942010e-001
    outer loop
      vertex   1.388502e+000 1.600000e+000 1.113760e+000
      vertex   1.401642e+000 5.060000e+000 1.097178e+000
      vertex   1.472601e+000 1.600000e+000 9.999229e-001
    endloop
  endfacet
  facet normal -8.489833e-001 1.862352e-004 -5.284196e-001
    outer loop
      vertex   1.472601e+000 1.600000e+000 9.999229e-001
      vertex   1.483007e+000 5.060000e+000 9.844233e-001
      vertex   1.547390e+000 1.600000e+000 8.797636e-001
    endloop
  endfacet
  facet normal -8.882826e-001 1.646717e-004 -4.592973e-001
    outer loop
      vertex   1.547390e+000 1.600000e+000 8.797636e-001
      vertex   1.555323e+000 5.060000e+000 8.656621e-001
      vertex   1.612396e+000 1.600000e+000 7.540421e-001
    endloop
  endfacet
  facet normal -9.219658e-001 1.421026e-004 -3.872712e-001
    outer loop
      vertex   1.612396e+000 1.600000e+000 7.540421e-001
      vertex   1.618148e+000 5.060000e+000 7.416185e-001
      vertex   1.667208e+000 1.600000e+000 6.235533e-001
    endloop
  endfacet
  facet normal -9.498201e-001 1.185280e-004 -3.127966e-001
    outer loop
      vertex   1.667208e+000 1.600000e+000 6.235533e-001
      vertex   1.671099e+000 5.060000e+000 6.130495e-001
      vertex   1.711479e+000 1.600000e+000 4.891222e-001
    endloop
  endfacet
  facet normal -9.716693e-001 9.394785e-005 -2.363444e-001
    outer loop
      vertex   1.711479e+000 1.600000e+000 4.891222e-001
      vertex   1.713852e+000 5.060000e+000 4.807396e-001
      vertex   1.744929e+000 1.600000e+000 3.515988e-001
    endloop
  endfacet
  facet normal -9.873753e-001 6.836230e-005 -1.583980e-001
    outer loop
      vertex   1.744929e+000 1.600000e+000 3.515988e-001
      vertex   1.746148e+000 5.060000e+000 3.454963e-001
      vertex   1.767348e+000 1.600000e+000 2.118524e-001
    endloop
  endfacet
  facet normal -9.968388e-001 4.177138e-005 -7.945017e-002
    outer loop
      vertex   1.767348e+000 1.600000e+000 2.118524e-001
      vertex   1.767788e+000 5.060000e+000 2.081447e-001
      vertex   1.778593e+000 1.600000e+000 7.076660e-002
    endloop
  endfacet
  facet normal -9.873753e-001 6.836230e-005 1.583980e-001
    outer loop
      vertex   1.767348e+000 1.600000e+000 -2.118524e-001
      vertex   1.746148e+000 5.060000e+000 -3.454963e-001
      vertex   1.744929e+000 1.600000e+000 -3.515988e-001
    endloop
  endfacet
  facet normal -9.716693e-001 9.394785e-005 2.363444e-001
    outer loop
      vertex   1.744929e+000 1.600000e+000 -3.515988e-001
      vertex   1.713852e+000 5.060000e+000 -4.807396e-001
      vertex   1.711479e+000 1.600000e+000 -4.891222e-001
    endloop
  endfacet
  facet normal -9.498201e-001 1.185280e-004 3.127966e-001
    outer loop
      vertex   1.711479e+000 1.600000e+000 -4.891222e-001
      vertex   1.671099e+000 5.060000e+000 -6.130495e-001
      vertex   1.667208e+000 1.600000e+000 -6.235533e-001
    endloop
  endfacet
  facet normal -9.219658e-001 1.421026e-004 3.872712e-001
    outer loop
      vertex   1.667208e+000 1.600000e+000 -6.235533e-001
      vertex   1.618148e+000 5.060000e+000 -7.416185e-001
      vertex   1.612396e+000 1.600000e+000 -7.540421e-001
    endloop
  endfacet
  facet normal -8.882826e-001 1.646717e-004 4.592973e-001
    outer loop
      vertex   1.612396e+000 1.600000e+000 -7.540421e-001
      vertex   1.555323e+000 5.060000e+000 -8.656621e-001
      vertex   1.547390e+000 1.600000e+000 -8.797636e-001
    endloop
  endfacet
  facet normal -8.489833e-001 1.862352e-004 5.284196e-001
    outer loop
      vertex   1.547390e+000 1.600000e+000 -8.797636e-001
      vertex   1.483007e+000 5.060000e+000 -9.844233e-001
      vertex   1.472601e+000 1.600000e+000 -9.999229e-001
    endloop
  endfacet
  facet normal -8.043165e-001 2.067931e-004 5.942010e-001
    outer loop
      vertex   1.472601e+000 1.600000e+000 -9.999229e-001
      vertex   1.401642e+000 5.060000e+000 -1.097178e+000
      vertex   1.388502e+000 1.600000e+000 -1.113760e+000
    endloop
  endfacet
  facet normal -7.545646e-001 2.263453e-004 6.562257e-001
    outer loop
      vertex   1.388502e+000 1.600000e+000 -1.113760e+000
      vertex   1.311725e+000 5.060000e+000 -1.203237e+000
      vertex   1.295624e+000 1.600000e+000 -1.220556e+000
    endloop
  endfacet
  facet normal -7.000421e-001 2.448919e-004 7.141016e-001
    outer loop
      vertex   1.295624e+000 1.600000e+000 -1.220556e+000
      vertex   1.213802e+000 5.060000e+000 -1.301954e+000
      vertex   1.194555e+000 1.600000e+000 -1.319636e+000
    endloop
  endfacet
  facet normal -6.410936e-001 2.624327e-004 7.674626e-001
    outer loop
      vertex   1.194555e+000 1.600000e+000 -1.319636e+000
      vertex   1.108474e+000 5.060000e+000 -1.392726e+000
      vertex   1.085934e+000 1.600000e+000 -1.410372e+000
    endloop
  endfacet
  facet normal -4.415454e-001 6.212128e-004 8.972387e-001
    outer loop
      vertex   8.488242e-001 1.600000e+000 -1.564576e+000
      vertex   8.055753e-001 3.647723e+000 -1.587277e+000
      vertex   7.218351e-001 1.600000e+000 -1.627069e+000
    endloop
  endfacet
  facet normal -3.688639e-001 3.128388e-004 9.294834e-001
    outer loop
      vertex   7.218351e-001 1.600000e+000 -1.627069e+000
      vertex   7.053068e-001 3.600698e+000 -1.634302e+000
      vertex   5.902823e-001 1.600000e+000 -1.679276e+000
    endloop
  endfacet
  facet normal -1.387355e-001 4.538096e-004 9.903294e-001
    outer loop
      vertex   3.168363e-001 1.600000e+000 -1.751575e+000
      vertex   2.043610e-001 3.560000e+000 -1.768230e+000
      vertex   1.766718e-001 1.600000e+000 -1.771211e+000
    endloop
  endfacet
  facet normal -5.961512e-002 5.120679e-004 9.982213e-001
    outer loop
      vertex   1.766718e-001 1.600000e+000 -1.771211e+000
      vertex   6.825414e-002 3.560000e+000 -1.778691e+000
      vertex   3.539029e-002 1.600000e+000 -1.779648e+000
    endloop
  endfacet
  facet normal 1.988218e-002 5.630793e-004 9.998022e-001
    outer loop
      vertex   3.539029e-002 1.600000e+000 -1.779648e+000
      vertex   -6.825414e-002 3.560000e+000 -1.778691e+000
      vertex   -1.061149e-001 1.600000e+000 -1.776834e+000
    endloop
  endfacet
  facet normal 9.925378e-002 6.068436e-004 9.950620e-001
    outer loop
      vertex   -1.061149e-001 1.600000e+000 -1.776834e+000
      vertex   -2.043610e-001 3.560000e+000 -1.768230e+000
      vertex   -2.469492e-001 1.600000e+000 -1.762786e+000
    endloop
  endfacet
  facet normal 1.779979e-001 6.433603e-004 9.840307e-001
    outer loop
      vertex   -2.469492e-001 1.600000e+000 -1.762786e+000
      vertex   -3.392659e-001 3.560000e+000 -1.747369e+000
      vertex   -3.862223e-001 1.600000e+000 -1.737594e+000
    endloop
  endfacet
  facet normal 2.556166e-001 6.726293e-004 9.667780e-001
    outer loop
      vertex   -3.862223e-001 1.600000e+000 -1.737594e+000
      vertex   -4.721755e-001 3.560000e+000 -1.716231e+000
      vertex   -5.230535e-001 1.600000e+000 -1.701416e+000
    endloop
  endfacet
  facet normal 3.316192e-001 6.946501e-004 9.434131e-001
    outer loop
      vertex   -5.230535e-001 1.600000e+000 -1.701416e+000
      vertex   -6.023081e-001 3.560000e+000 -1.675000e+000
      vertex   -6.565778e-001 1.600000e+000 -1.654480e+000
    endloop
  endfacet
  facet normal 4.055252e-001 6.576915e-004 9.140836e-001
    outer loop
      vertex   -6.565778e-001 1.600000e+000 -1.654480e+000
      vertex   -7.053068e-001 3.600698e+000 -1.634302e+000
      vertex   -7.859510e-001 1.600000e+000 -1.597085e+000
    endloop
  endfacet
  facet normal 4.768675e-001 3.599625e-004 8.789751e-001
    outer loop
      vertex   -7.859510e-001 1.600000e+000 -1.597085e+000
      vertex   -8.055753e-001 3.647723e+000 -1.587277e+000
      vertex   -9.103552e-001 1.600000e+000 -1.529593e+000
    endloop
  endfacet
  facet normal -5.780919e-001 4.468650e-004 -8.159715e-001
    outer loop
      vertex   1.085934e+000 1.600000e+000 1.410372e+000
      vertex   9.704467e-001 1.600000e+000 1.492191e+000
      vertex   9.963810e-001 3.760000e+000 1.475000e+000
    endloop
  endfacet
  facet normal 5.359697e-015 -1.000000e+000 -3.293797e-014
    outer loop
      vertex   -2.744350e+000 1.500000e+000 1.761931e-001
      vertex   -2.750000e+000 1.500000e+000 0.000000e+000
      vertex   -1.880000e+000 1.500000e+000 -2.302336e-016
    endloop
  endfacet
  facet normal 1.179147e-014 -1.000000e+000 -6.304117e-016
    outer loop
      vertex   -2.727423e+000 1.500000e+000 3.516622e-001
      vertex   -1.880000e+000 1.500000e+000 -2.302336e-016
      vertex   -2.699288e+000 1.500000e+000 5.256862e-001
    endloop
  endfacet
  facet normal 1.209405e-014 -1.000000e+000 9.873552e-017
    outer loop
      vertex   -2.727423e+000 1.500000e+000 3.516622e-001
      vertex   -2.744350e+000 1.500000e+000 1.761931e-001
      vertex   -1.880000e+000 1.500000e+000 -2.302336e-016
    endloop
  endfacet
  facet normal 1.199925e-014 -1.000000e+000 -1.078808e-016
    outer loop
      vertex   -2.727423e+000 1.500000e+000 -3.516622e-001
      vertex   -1.874347e+000 1.500000e+000 -1.456858e-001
      vertex   -2.744350e+000 1.500000e+000 -1.761931e-001
    endloop
  endfacet
  facet normal 1.200465e-014 -1.000000e+000 -1.302139e-016
    outer loop
      vertex   -2.727423e+000 1.500000e+000 -3.516622e-001
      vertex   -1.857421e+000 1.500000e+000 -2.904953e-001
      vertex   -1.874347e+000 1.500000e+000 -1.456858e-001
    endloop
  endfacet
  facet normal 1.194937e-014 -1.000000e+000 6.559399e-016
    outer loop
      vertex   -2.727423e+000 1.500000e+000 -3.516622e-001
      vertex   -2.699288e+000 1.500000e+000 -5.256862e-001
      vertex   -1.857421e+000 1.500000e+000 -2.904953e-001
    endloop
  endfacet
  facet normal 1.174467e-014 -1.000000e+000 1.388666e-015
    outer loop
      vertex   -1.857421e+000 1.500000e+000 -2.904953e-001
      vertex   -2.699288e+000 1.500000e+000 -5.256862e-001
      vertex   -2.660061e+000 1.500000e+000 -6.975501e-001
    endloop
  endfacet
  facet normal 1.199858e-014 -1.000000e+000 9.333303e-016
    outer loop
      vertex   -1.829324e+000 1.500000e+000 -4.335578e-001
      vertex   -2.660061e+000 1.500000e+000 -6.975501e-001
      vertex   -2.609903e+000 1.500000e+000 -8.665476e-001
    endloop
  endfacet
  facet normal 1.162180e-014 -1.000000e+000 1.592582e-015
    outer loop
      vertex   -1.790226e+000 1.500000e+000 -5.740129e-001
      vertex   -2.609903e+000 1.500000e+000 -8.665476e-001
      vertex   -2.549021e+000 1.500000e+000 -1.031984e+000
    endloop
  endfacet
  facet normal 1.167123e-014 -1.000000e+000 1.034064e-015
    outer loop
      vertex   -1.740361e+000 1.500000e+000 -7.110157e-001
      vertex   -2.549021e+000 1.500000e+000 -1.031984e+000
      vertex   -2.477664e+000 1.500000e+000 -1.193180e+000
    endloop
  endfacet
  facet normal 1.128470e-014 -1.000000e+000 1.625136e-015
    outer loop
      vertex   -2.396126e+000 1.500000e+000 -1.349473e+000
      vertex   -1.740361e+000 1.500000e+000 -7.110157e-001
      vertex   -2.477664e+000 1.500000e+000 -1.193180e+000
    endloop
  endfacet
  facet normal 1.117773e-014 -1.000000e+000 1.735008e-015
    outer loop
      vertex   -2.396126e+000 1.500000e+000 -1.349473e+000
      vertex   -1.680029e+000 1.500000e+000 -8.437425e-001
      vertex   -1.740361e+000 1.500000e+000 -7.110157e-001
    endloop
  endfacet
  facet normal 1.087007e-014 -1.000000e+000 2.170636e-015
    outer loop
      vertex   -2.396126e+000 1.500000e+000 -1.349473e+000
      vertex   -2.304742e+000 1.500000e+000 -1.500221e+000
      vertex   -1.680029e+000 1.500000e+000 -8.437425e-001
    endloop
  endfacet
  facet normal 9.481364e-015 -1.000000e+000 3.492148e-015
    outer loop
      vertex   -1.680029e+000 1.500000e+000 -8.437425e-001
      vertex   -2.304742e+000 1.500000e+000 -1.500221e+000
      vertex   -1.609594e+000 1.500000e+000 -9.713948e-001
    endloop
  endfacet
  facet normal 1.098300e-014 -1.000000e+000 1.518229e-015
    outer loop
      vertex   -1.609594e+000 1.500000e+000 -9.713948e-001
      vertex   -2.304742e+000 1.500000e+000 -1.500221e+000
      vertex   -2.203887e+000 1.500000e+000 -1.644804e+000
    endloop
  endfacet
  facet normal 1.056301e-014 -1.000000e+000 1.979434e-015
    outer loop
      vertex   -1.529478e+000 1.500000e+000 -1.093205e+000
      vertex   -2.203887e+000 1.500000e+000 -1.644804e+000
      vertex   -2.093976e+000 1.500000e+000 -1.782628e+000
    endloop
  endfacet
  facet normal 1.076895e-014 -1.000000e+000 1.272551e-015
    outer loop
      vertex   -1.440164e+000 1.500000e+000 -1.208441e+000
      vertex   -2.093976e+000 1.500000e+000 -1.782628e+000
      vertex   -1.975461e+000 1.500000e+000 -1.913127e+000
    endloop
  endfacet
  facet normal 9.315454e-015 -1.000000e+000 2.376663e-015
    outer loop
      vertex   -1.848827e+000 1.500000e+000 -2.035764e+000
      vertex   -1.440164e+000 1.500000e+000 -1.208441e+000
      vertex   -1.975461e+000 1.500000e+000 -1.913127e+000
    endloop
  endfacet
  facet normal 9.381872e-015 -1.000000e+000 2.343856e-015
    outer loop
      vertex   -1.848827e+000 1.500000e+000 -2.035764e+000
      vertex   -1.342188e+000 1.500000e+000 -1.316409e+000
      vertex   -1.440164e+000 1.500000e+000 -1.208441e+000
    endloop
  endfacet
  facet normal 9.934831e-015 -1.000000e+000 1.954408e-015
    outer loop
      vertex   -1.848827e+000 1.500000e+000 -2.035764e+000
      vertex   -1.714597e+000 1.500000e+000 -2.150037e+000
      vertex   -1.342188e+000 1.500000e+000 -1.316409e+000
    endloop
  endfacet
  facet normal 8.661862e-015 -1.000000e+000 2.523086e-015
    outer loop
      vertex   -1.342188e+000 1.500000e+000 -1.316409e+000
      vertex   -1.714597e+000 1.500000e+000 -2.150037e+000
      vertex   -1.236140e+000 1.500000e+000 -1.416459e+000
    endloop
  endfacet
  facet normal 1.044520e-014 -1.000000e+000 1.359952e-015
    outer loop
      vertex   -1.236140e+000 1.500000e+000 -1.416459e+000
      vertex   -1.714597e+000 1.500000e+000 -2.150037e+000
      vertex   -1.573321e+000 1.500000e+000 -2.255474e+000
    endloop
  endfacet
  facet normal 8.729470e-015 -1.000000e+000 1.866298e-015
    outer loop
      vertex   -1.122658e+000 1.500000e+000 -1.507992e+000
      vertex   -1.573321e+000 1.500000e+000 -2.255474e+000
      vertex   -1.425580e+000 1.500000e+000 -2.351643e+000
    endloop
  endfacet
  facet normal 9.358091e-015 -1.000000e+000 1.215279e-015
    outer loop
      vertex   -1.002424e+000 1.500000e+000 -1.590454e+000
      vertex   -1.425580e+000 1.500000e+000 -2.351643e+000
      vertex   -1.271980e+000 1.500000e+000 -2.438148e+000
    endloop
  endfacet
  facet normal 8.836481e-015 -1.000000e+000 9.308323e-016
    outer loop
      vertex   -8.761618e-001 1.500000e+000 -1.663352e+000
      vertex   -1.271980e+000 1.500000e+000 -2.438148e+000
      vertex   -1.113154e+000 1.500000e+000 -2.514635e+000
    endloop
  endfacet
  facet normal 8.485903e-015 -1.000000e+000 8.212926e-016
    outer loop
      vertex   -7.446300e-001 1.500000e+000 -1.726246e+000
      vertex   -1.113154e+000 1.500000e+000 -2.514635e+000
      vertex   -9.497539e-001 1.500000e+000 -2.580788e+000
    endloop
  endfacet
  facet normal 8.185983e-015 -1.000000e+000 6.709865e-016
    outer loop
      vertex   -6.086198e-001 1.500000e+000 -1.778759e+000
      vertex   -9.497539e-001 1.500000e+000 -2.580788e+000
      vertex   -7.824509e-001 1.500000e+000 -2.636337e+000
    endloop
  endfacet
  facet normal 7.875872e-015 -1.000000e+000 2.395760e-016
    outer loop
      vertex   -4.689494e-001 1.500000e+000 -1.820573e+000
      vertex   -7.824509e-001 1.500000e+000 -2.636337e+000
      vertex   -6.119326e-001 1.500000e+000 -2.681052e+000
    endloop
  endfacet
  facet normal 8.993255e-015 -1.000000e+000 5.390375e-017
    outer loop
      vertex   -4.388997e-001 1.500000e+000 -2.714750e+000
      vertex   -4.689494e-001 1.500000e+000 -1.820573e+000
      vertex   -6.119326e-001 1.500000e+000 -2.681052e+000
    endloop
  endfacet
  facet normal 6.224757e-015 -1.000000e+000 -3.913419e-017
    outer loop
      vertex   -4.388997e-001 1.500000e+000 -2.714750e+000
      vertex   -3.264586e-001 1.500000e+000 -1.851439e+000
      vertex   -4.689494e-001 1.500000e+000 -1.820573e+000
    endloop
  endfacet
  facet normal 7.592075e-015 -1.000000e+000 -2.172191e-016
    outer loop
      vertex   -4.388997e-001 1.500000e+000 -2.714750e+000
      vertex   -2.640633e-001 1.500000e+000 -2.737293e+000
      vertex   -3.264586e-001 1.500000e+000 -1.851439e+000
    endloop
  endfacet
  facet normal 6.104534e-015 -1.000000e+000 -3.219942e-016
    outer loop
      vertex   -3.264586e-001 1.500000e+000 -1.851439e+000
      vertex   -2.640633e-001 1.500000e+000 -2.737293e+000
      vertex   -1.820044e-001 1.500000e+000 -1.871169e+000
    endloop
  endfacet
  facet normal 8.798204e-015 -1.000000e+000 -5.771998e-016
    outer loop
      vertex   -1.820044e-001 1.500000e+000 -1.871169e+000
      vertex   -2.640633e-001 1.500000e+000 -2.737293e+000
      vertex   -8.814184e-002 1.500000e+000 -2.748587e+000
    endloop
  endfacet
  facet normal 7.557521e-015 -1.000000e+000 -9.606045e-016
    outer loop
      vertex   -3.645570e-002 1.500000e+000 -1.879647e+000
      vertex   -8.814184e-002 1.500000e+000 -2.748587e+000
      vertex   8.814184e-002 1.500000e+000 -2.748587e+000
    endloop
  endfacet
  facet normal 8.914571e-015 -1.000000e+000 -1.235310e-015
    outer loop
      vertex   1.093123e-001 1.500000e+000 -1.876819e+000
      vertex   8.814184e-002 1.500000e+000 -2.748587e+000
      vertex   2.640633e-001 1.500000e+000 -2.737293e+000
    endloop
  endfacet
  facet normal 7.838086e-015 -1.000000e+000 -1.690796e-015
    outer loop
      vertex   2.544228e-001 1.500000e+000 -1.862705e+000
      vertex   2.640633e-001 1.500000e+000 -2.737293e+000
      vertex   4.388997e-001 1.500000e+000 -2.714750e+000
    endloop
  endfacet
  facet normal 9.341546e-015 -1.000000e+000 -1.842301e-015
    outer loop
      vertex   3.980033e-001 1.500000e+000 -1.837388e+000
      vertex   4.388997e-001 1.500000e+000 -2.714750e+000
      vertex   6.119326e-001 1.500000e+000 -2.681052e+000
    endloop
  endfacet
  facet normal 8.424418e-015 -1.000000e+000 -2.331419e-015
    outer loop
      vertex   5.391901e-001 1.500000e+000 -1.801020e+000
      vertex   6.119326e-001 1.500000e+000 -2.681052e+000
      vertex   7.824509e-001 1.500000e+000 -2.636337e+000
    endloop
  endfacet
  facet normal 8.865021e-015 -1.000000e+000 -2.716139e-015
    outer loop
      vertex   6.771341e-001 1.500000e+000 -1.753821e+000
      vertex   7.824509e-001 1.500000e+000 -2.636337e+000
      vertex   9.497539e-001 1.500000e+000 -2.580788e+000
    endloop
  endfacet
  facet normal 9.290869e-015 -1.000000e+000 -2.809574e-015
    outer loop
      vertex   8.110058e-001 1.500000e+000 -1.696075e+000
      vertex   9.497539e-001 1.500000e+000 -2.580788e+000
      vertex   1.113154e+000 1.500000e+000 -2.514635e+000
    endloop
  endfacet
  facet normal 9.872044e-015 -1.000000e+000 -3.081201e-015
    outer loop
      vertex   9.400000e-001 1.500000e+000 -1.628128e+000
      vertex   1.113154e+000 1.500000e+000 -2.514635e+000
      vertex   1.271980e+000 1.500000e+000 -2.438148e+000
    endloop
  endfacet
  facet normal 1.039658e-014 -1.000000e+000 -3.059215e-015
    outer loop
      vertex   1.063341e+000 1.500000e+000 -1.550389e+000
      vertex   1.271980e+000 1.500000e+000 -2.438148e+000
      vertex   1.425580e+000 1.500000e+000 -2.351643e+000
    endloop
  endfacet
  facet normal 9.817664e-015 -1.000000e+000 -3.538055e-015
    outer loop
      vertex   1.180287e+000 1.500000e+000 -1.463326e+000
      vertex   1.425580e+000 1.500000e+000 -2.351643e+000
      vertex   1.573321e+000 1.500000e+000 -2.255474e+000
    endloop
  endfacet
  facet normal 1.146190e-014 -1.000000e+000 -2.722246e-015
    outer loop
      vertex   1.714597e+000 1.500000e+000 -2.150037e+000
      vertex   1.180287e+000 1.500000e+000 -1.463326e+000
      vertex   1.573321e+000 1.500000e+000 -2.255474e+000
    endloop
  endfacet
  facet normal 9.662023e-015 -1.000000e+000 -4.122682e-015
    outer loop
      vertex   1.714597e+000 1.500000e+000 -2.150037e+000
      vertex   1.290134e+000 1.500000e+000 -1.367462e+000
      vertex   1.180287e+000 1.500000e+000 -1.463326e+000
    endloop
  endfacet
  facet normal 1.111144e-014 -1.000000e+000 -3.336525e-015
    outer loop
      vertex   1.714597e+000 1.500000e+000 -2.150037e+000
      vertex   1.848827e+000 1.500000e+000 -2.035764e+000
      vertex   1.290134e+000 1.500000e+000 -1.367462e+000
    endloop
  endfacet
  facet normal 1.047198e-014 -1.000000e+000 -3.871109e-015
    outer loop
      vertex   1.290134e+000 1.500000e+000 -1.367462e+000
      vertex   1.848827e+000 1.500000e+000 -2.035764e+000
      vertex   1.392223e+000 1.500000e+000 -1.263375e+000
    endloop
  endfacet
  facet normal 1.065689e-014 -1.000000e+000 -3.761802e-015
    outer loop
      vertex   1.392223e+000 1.500000e+000 -1.263375e+000
      vertex   1.848827e+000 1.500000e+000 -2.035764e+000
      vertex   1.975461e+000 1.500000e+000 -1.913127e+000
    endloop
  endfacet
  facet normal 1.070505e-014 -1.000000e+000 -3.907462e-015
    outer loop
      vertex   1.485938e+000 1.500000e+000 -1.151689e+000
      vertex   1.975461e+000 1.500000e+000 -1.913127e+000
      vertex   1.570717e+000 1.500000e+000 -1.033077e+000
    endloop
  endfacet
  facet normal 9.963544e-015 -1.000000e+000 -4.384167e-015
    outer loop
      vertex   1.485938e+000 1.500000e+000 -1.151689e+000
      vertex   1.392223e+000 1.500000e+000 -1.263375e+000
      vertex   1.975461e+000 1.500000e+000 -1.913127e+000
    endloop
  endfacet
  facet normal 1.203716e-014 -1.000000e+000 8.119396e-016
    outer loop
      vertex   -1.857421e+000 1.500000e+000 -2.904953e-001
      vertex   -2.660061e+000 1.500000e+000 -6.975501e-001
      vertex   -1.829324e+000 1.500000e+000 -4.335578e-001
    endloop
  endfacet
  facet normal 1.160177e-014 -1.000000e+000 1.648680e-015
    outer loop
      vertex   -1.829324e+000 1.500000e+000 -4.335578e-001
      vertex   -2.609903e+000 1.500000e+000 -8.665476e-001
      vertex   -1.790226e+000 1.500000e+000 -5.740129e-001
    endloop
  endfacet
  facet normal 1.111870e-014 -1.000000e+000 2.426145e-015
    outer loop
      vertex   -1.790226e+000 1.500000e+000 -5.740129e-001
      vertex   -2.549021e+000 1.500000e+000 -1.031984e+000
      vertex   -1.740361e+000 1.500000e+000 -7.110157e-001
    endloop
  endfacet
  facet normal 1.082926e-014 -1.000000e+000 1.653902e-015
    outer loop
      vertex   -1.609594e+000 1.500000e+000 -9.713948e-001
      vertex   -2.203887e+000 1.500000e+000 -1.644804e+000
      vertex   -1.529478e+000 1.500000e+000 -1.093205e+000
    endloop
  endfacet
  facet normal 9.086237e-015 -1.000000e+000 3.188615e-015
    outer loop
      vertex   -1.529478e+000 1.500000e+000 -1.093205e+000
      vertex   -2.093976e+000 1.500000e+000 -1.782628e+000
      vertex   -1.440164e+000 1.500000e+000 -1.208441e+000
    endloop
  endfacet
  facet normal 7.818340e-015 -1.000000e+000 2.415625e-015
    outer loop
      vertex   -1.236140e+000 1.500000e+000 -1.416459e+000
      vertex   -1.573321e+000 1.500000e+000 -2.255474e+000
      vertex   -1.122658e+000 1.500000e+000 -1.507992e+000
    endloop
  endfacet
  facet normal 7.197577e-015 -1.000000e+000 2.416340e-015
    outer loop
      vertex   -1.122658e+000 1.500000e+000 -1.507992e+000
      vertex   -1.425580e+000 1.500000e+000 -2.351643e+000
      vertex   -1.002424e+000 1.500000e+000 -1.590454e+000
    endloop
  endfacet
  facet normal 6.501811e-015 -1.000000e+000 2.123541e-015
    outer loop
      vertex   -1.002424e+000 1.500000e+000 -1.590454e+000
      vertex   -1.271980e+000 1.500000e+000 -2.438148e+000
      vertex   -8.761618e-001 1.500000e+000 -1.663352e+000
    endloop
  endfacet
  facet normal 7.390193e-015 -1.000000e+000 1.333471e-015
    outer loop
      vertex   -8.761618e-001 1.500000e+000 -1.663352e+000
      vertex   -1.113154e+000 1.500000e+000 -2.514635e+000
      vertex   -7.446300e-001 1.500000e+000 -1.726246e+000
    endloop
  endfacet
  facet normal 6.986308e-015 -1.000000e+000 1.181255e-015
    outer loop
      vertex   -7.446300e-001 1.500000e+000 -1.726246e+000
      vertex   -9.497539e-001 1.500000e+000 -2.580788e+000
      vertex   -6.086198e-001 1.500000e+000 -1.778759e+000
    endloop
  endfacet
  facet normal 5.154188e-015 -1.000000e+000 1.285531e-015
    outer loop
      vertex   -6.086198e-001 1.500000e+000 -1.778759e+000
      vertex   -7.824509e-001 1.500000e+000 -2.636337e+000
      vertex   -4.689494e-001 1.500000e+000 -1.820573e+000
    endloop
  endfacet
  facet normal 6.051544e-015 -1.000000e+000 -8.710263e-016
    outer loop
      vertex   -1.820044e-001 1.500000e+000 -1.871169e+000
      vertex   -8.814184e-002 1.500000e+000 -2.748587e+000
      vertex   -3.645570e-002 1.500000e+000 -1.879647e+000
    endloop
  endfacet
  facet normal 6.115737e-015 -1.000000e+000 -1.167342e-015
    outer loop
      vertex   -3.645570e-002 1.500000e+000 -1.879647e+000
      vertex   8.814184e-002 1.500000e+000 -2.748587e+000
      vertex   1.093123e-001 1.500000e+000 -1.876819e+000
    endloop
  endfacet
  facet normal 6.286824e-015 -1.000000e+000 -1.707895e-015
    outer loop
      vertex   1.093123e-001 1.500000e+000 -1.876819e+000
      vertex   2.640633e-001 1.500000e+000 -2.737293e+000
      vertex   2.544228e-001 1.500000e+000 -1.862705e+000
    endloop
  endfacet
  facet normal 6.533853e-015 -1.000000e+000 -1.973176e-015
    outer loop
      vertex   2.544228e-001 1.500000e+000 -1.862705e+000
      vertex   4.388997e-001 1.500000e+000 -2.714750e+000
      vertex   3.980033e-001 1.500000e+000 -1.837388e+000
    endloop
  endfacet
  facet normal 6.923300e-015 -1.000000e+000 -2.455500e-015
    outer loop
      vertex   3.980033e-001 1.500000e+000 -1.837388e+000
      vertex   6.119326e-001 1.500000e+000 -2.681052e+000
      vertex   5.391901e-001 1.500000e+000 -1.801020e+000
    endloop
  endfacet
  facet normal 5.880244e-015 -1.000000e+000 -3.072333e-015
    outer loop
      vertex   5.391901e-001 1.500000e+000 -1.801020e+000
      vertex   7.824509e-001 1.500000e+000 -2.636337e+000
      vertex   6.771341e-001 1.500000e+000 -1.753821e+000
    endloop
  endfacet
  facet normal 7.938003e-015 -1.000000e+000 -3.021742e-015
    outer loop
      vertex   6.771341e-001 1.500000e+000 -1.753821e+000
      vertex   9.497539e-001 1.500000e+000 -2.580788e+000
      vertex   8.110058e-001 1.500000e+000 -1.696075e+000
    endloop
  endfacet
  facet normal 7.074855e-015 -1.000000e+000 -3.627553e-015
    outer loop
      vertex   8.110058e-001 1.500000e+000 -1.696075e+000
      vertex   1.113154e+000 1.500000e+000 -2.514635e+000
      vertex   9.400000e-001 1.500000e+000 -1.628128e+000
    endloop
  endfacet
  facet normal 9.292669e-015 -1.000000e+000 -3.318653e-015
    outer loop
      vertex   9.400000e-001 1.500000e+000 -1.628128e+000
      vertex   1.271980e+000 1.500000e+000 -2.438148e+000
      vertex   1.063341e+000 1.500000e+000 -1.550389e+000
    endloop
  endfacet
  facet normal 8.583734e-015 -1.000000e+000 -3.878783e-015
    outer loop
      vertex   1.063341e+000 1.500000e+000 -1.550389e+000
      vertex   1.425580e+000 1.500000e+000 -2.351643e+000
      vertex   1.180287e+000 1.500000e+000 -1.463326e+000
    endloop
  endfacet
  facet normal 1.211961e-014 -1.000000e+000 -2.499187e-015
    outer loop
      vertex   2.093976e+000 1.500000e+000 -1.782628e+000
      vertex   1.878586e+000 1.500000e+000 -7.289770e-002
      vertex   1.975461e+000 1.500000e+000 -1.913127e+000
    endloop
  endfacet
  facet normal 1.133820e-014 -1.000000e+000 -2.597628e-015
    outer loop
      vertex   2.093976e+000 1.500000e+000 -1.782628e+000
      vertex   2.203887e+000 1.500000e+000 -1.644804e+000
      vertex   1.878586e+000 1.500000e+000 -7.289770e-002
    endloop
  endfacet
  facet normal 1.225763e-014 -1.000000e+000 -2.407356e-015
    outer loop
      vertex   1.878586e+000 1.500000e+000 -7.289770e-002
      vertex   2.203887e+000 1.500000e+000 -1.644804e+000
      vertex   2.304742e+000 1.500000e+000 -1.500221e+000
    endloop
  endfacet
  facet normal 1.158959e-014 -1.000000e+000 -2.606813e-015
    outer loop
      vertex   2.396126e+000 1.500000e+000 -1.349473e+000
      vertex   1.878586e+000 1.500000e+000 -7.289770e-002
      vertex   2.304742e+000 1.500000e+000 -1.500221e+000
    endloop
  endfacet
  facet normal 1.247688e-014 -1.000000e+000 -2.247095e-015
    outer loop
      vertex   2.396126e+000 1.500000e+000 -1.349473e+000
      vertex   2.477664e+000 1.500000e+000 -1.193180e+000
      vertex   1.878586e+000 1.500000e+000 -7.289770e-002
    endloop
  endfacet
  facet normal 1.335305e-014 -1.000000e+000 -1.778555e-015
    outer loop
      vertex   1.878586e+000 1.500000e+000 -7.289770e-002
      vertex   2.477664e+000 1.500000e+000 -1.193180e+000
      vertex   2.549021e+000 1.500000e+000 -1.031984e+000
    endloop
  endfacet
  facet normal 1.293025e-014 -1.000000e+000 -2.074107e-015
    outer loop
      vertex   2.609903e+000 1.500000e+000 -8.665476e-001
      vertex   1.878586e+000 1.500000e+000 -7.289770e-002
      vertex   2.549021e+000 1.500000e+000 -1.031984e+000
    endloop
  endfacet
  facet normal 1.363968e-014 -1.000000e+000 -1.420399e-015
    outer loop
      vertex   2.609903e+000 1.500000e+000 -8.665476e-001
      vertex   2.660061e+000 1.500000e+000 -6.975501e-001
      vertex   1.878586e+000 1.500000e+000 -7.289770e-002
    endloop
  endfacet
  facet normal 1.336875e-014 -1.000000e+000 -1.759350e-015
    outer loop
      vertex   1.878586e+000 1.500000e+000 -7.289770e-002
      vertex   2.660061e+000 1.500000e+000 -6.975501e-001
      vertex   2.699288e+000 1.500000e+000 -5.256862e-001
    endloop
  endfacet
  facet normal 1.381142e-014 -1.000000e+000 -9.569812e-016
    outer loop
      vertex   2.727423e+000 1.500000e+000 -3.516622e-001
      vertex   1.878586e+000 1.500000e+000 -7.289770e-002
      vertex   2.699288e+000 1.500000e+000 -5.256862e-001
    endloop
  endfacet
  facet normal 1.409474e-014 -1.000000e+000 -9.426852e-017
    outer loop
      vertex   2.727423e+000 1.500000e+000 -3.516622e-001
      vertex   2.744350e+000 1.500000e+000 -1.761931e-001
      vertex   1.878586e+000 1.500000e+000 -7.289770e-002
    endloop
  endfacet
  facet normal 1.405222e-014 -1.000000e+000 -4.506275e-016
    outer loop
      vertex   1.878586e+000 1.500000e+000 -7.289770e-002
      vertex   2.744350e+000 1.500000e+000 -1.761931e-001
      vertex   2.750000e+000 1.500000e+000 3.367779e-016
    endloop
  endfacet
  facet normal 1.405222e-014 -1.000000e+000 4.506275e-016
    outer loop
      vertex   1.878586e+000 1.500000e+000 7.289770e-002
      vertex   2.750000e+000 1.500000e+000 3.367779e-016
      vertex   2.744350e+000 1.500000e+000 1.761931e-001
    endloop
  endfacet
  facet normal 1.392803e-014 -1.000000e+000 7.818600e-017
    outer loop
      vertex   1.867288e+000 1.500000e+000 2.182547e-001
      vertex   2.744350e+000 1.500000e+000 1.761931e-001
      vertex   2.727423e+000 1.500000e+000 3.516622e-001
    endloop
  endfacet
  facet normal 1.379221e-014 -1.000000e+000 9.538754e-016
    outer loop
      vertex   2.699288e+000 1.500000e+000 5.256862e-001
      vertex   1.867288e+000 1.500000e+000 2.182547e-001
      vertex   2.727423e+000 1.500000e+000 3.516622e-001
    endloop
  endfacet
  facet normal 1.391039e-014 -1.000000e+000 6.340439e-016
    outer loop
      vertex   2.699288e+000 1.500000e+000 5.256862e-001
      vertex   1.844760e+000 1.500000e+000 3.622990e-001
      vertex   1.867288e+000 1.500000e+000 2.182547e-001
    endloop
  endfacet
  facet normal 1.368158e-014 -1.000000e+000 1.830751e-015
    outer loop
      vertex   2.699288e+000 1.500000e+000 5.256862e-001
      vertex   2.660061e+000 1.500000e+000 6.975501e-001
      vertex   1.844760e+000 1.500000e+000 3.622990e-001
    endloop
  endfacet
  facet normal 1.373903e-014 -1.000000e+000 1.691033e-015
    outer loop
      vertex   1.844760e+000 1.500000e+000 3.622990e-001
      vertex   2.660061e+000 1.500000e+000 6.975501e-001
      vertex   1.811137e+000 1.500000e+000 5.041645e-001
    endloop
  endfacet
  facet normal 1.379048e-014 -1.000000e+000 1.465158e-015
    outer loop
      vertex   1.811137e+000 1.500000e+000 5.041645e-001
      vertex   2.660061e+000 1.500000e+000 6.975501e-001
      vertex   2.609903e+000 1.500000e+000 8.665476e-001
    endloop
  endfacet
  facet normal 1.343067e-014 -1.000000e+000 2.258265e-015
    outer loop
      vertex   2.549021e+000 1.500000e+000 1.031984e+000
      vertex   1.811137e+000 1.500000e+000 5.041645e-001
      vertex   2.609903e+000 1.500000e+000 8.665476e-001
    endloop
  endfacet
  facet normal 1.316956e-014 -1.000000e+000 2.623289e-015
    outer loop
      vertex   2.549021e+000 1.500000e+000 1.031984e+000
      vertex   1.766622e+000 1.500000e+000 6.429979e-001
      vertex   1.811137e+000 1.500000e+000 5.041645e-001
    endloop
  endfacet
  facet normal 1.354688e-014 -1.000000e+000 1.864357e-015
    outer loop
      vertex   2.549021e+000 1.500000e+000 1.031984e+000
      vertex   2.477664e+000 1.500000e+000 1.193180e+000
      vertex   1.766622e+000 1.500000e+000 6.429979e-001
    endloop
  endfacet
  facet normal 1.332360e-014 -1.000000e+000 2.152919e-015
    outer loop
      vertex   1.766622e+000 1.500000e+000 6.429979e-001
      vertex   2.477664e+000 1.500000e+000 1.193180e+000
      vertex   1.711482e+000 1.500000e+000 7.779642e-001
    endloop
  endfacet
  facet normal 1.309719e-014 -1.000000e+000 2.570710e-015
    outer loop
      vertex   1.711482e+000 1.500000e+000 7.779642e-001
      vertex   2.477664e+000 1.500000e+000 1.193180e+000
      vertex   2.396126e+000 1.500000e+000 1.349473e+000
    endloop
  endfacet
  facet normal 1.239041e-014 -1.000000e+000 3.092275e-015
    outer loop
      vertex   1.646049e+000 1.500000e+000 9.082517e-001
      vertex   2.396126e+000 1.500000e+000 1.349473e+000
      vertex   2.304742e+000 1.500000e+000 1.500221e+000
    endloop
  endfacet
  facet normal 1.271760e-014 -1.000000e+000 2.728210e-015
    outer loop
      vertex   2.203887e+000 1.500000e+000 1.644804e+000
      vertex   1.646049e+000 1.500000e+000 9.082517e-001
      vertex   2.304742e+000 1.500000e+000 1.500221e+000
    endloop
  endfacet
  facet normal 1.300391e-014 -1.000000e+000 2.511367e-015
    outer loop
      vertex   2.203887e+000 1.500000e+000 1.644804e+000
      vertex   1.570717e+000 1.500000e+000 1.033077e+000
      vertex   1.646049e+000 1.500000e+000 9.082517e-001
    endloop
  endfacet
  facet normal 1.223196e-014 -1.000000e+000 3.310376e-015
    outer loop
      vertex   2.203887e+000 1.500000e+000 1.644804e+000
      vertex   2.093976e+000 1.500000e+000 1.782628e+000
      vertex   1.570717e+000 1.500000e+000 1.033077e+000
    endloop
  endfacet
  facet normal 1.103689e-014 -1.000000e+000 4.144651e-015
    outer loop
      vertex   1.570717e+000 1.500000e+000 1.033077e+000
      vertex   2.093976e+000 1.500000e+000 1.782628e+000
      vertex   1.485938e+000 1.500000e+000 1.151689e+000
    endloop
  endfacet
  facet normal 1.244124e-014 -1.000000e+000 2.791277e-015
    outer loop
      vertex   1.485938e+000 1.500000e+000 1.151689e+000
      vertex   2.093976e+000 1.500000e+000 1.782628e+000
      vertex   1.975461e+000 1.500000e+000 1.913127e+000
    endloop
  endfacet
  facet normal 1.065689e-014 -1.000000e+000 3.761802e-015
    outer loop
      vertex   1.392223e+000 1.500000e+000 1.263375e+000
      vertex   1.975461e+000 1.500000e+000 1.913127e+000
      vertex   1.848827e+000 1.500000e+000 2.035764e+000
    endloop
  endfacet
  facet normal 1.111144e-014 -1.000000e+000 3.336525e-015
    outer loop
      vertex   1.290134e+000 1.500000e+000 1.367462e+000
      vertex   1.848827e+000 1.500000e+000 2.035764e+000
      vertex   1.714597e+000 1.500000e+000 2.150037e+000
    endloop
  endfacet
  facet normal 1.146190e-014 -1.000000e+000 2.722246e-015
    outer loop
      vertex   1.180287e+000 1.500000e+000 1.463326e+000
      vertex   1.714597e+000 1.500000e+000 2.150037e+000
      vertex   1.573321e+000 1.500000e+000 2.255474e+000
    endloop
  endfacet
  facet normal 9.817664e-015 -1.000000e+000 3.538055e-015
    outer loop
      vertex   1.425580e+000 1.500000e+000 2.351643e+000
      vertex   1.180287e+000 1.500000e+000 1.463326e+000
      vertex   1.573321e+000 1.500000e+000 2.255474e+000
    endloop
  endfacet
  facet normal 8.583734e-015 -1.000000e+000 3.878783e-015
    outer loop
      vertex   1.425580e+000 1.500000e+000 2.351643e+000
      vertex   1.063341e+000 1.500000e+000 1.550389e+000
      vertex   1.180287e+000 1.500000e+000 1.463326e+000
    endloop
  endfacet
  facet normal 1.039658e-014 -1.000000e+000 3.059215e-015
    outer loop
      vertex   1.425580e+000 1.500000e+000 2.351643e+000
      vertex   1.271980e+000 1.500000e+000 2.438148e+000
      vertex   1.063341e+000 1.500000e+000 1.550389e+000
    endloop
  endfacet
  facet normal 9.292669e-015 -1.000000e+000 3.318653e-015
    outer loop
      vertex   1.063341e+000 1.500000e+000 1.550389e+000
      vertex   1.271980e+000 1.500000e+000 2.438148e+000
      vertex   9.400000e-001 1.500000e+000 1.628128e+000
    endloop
  endfacet
  facet normal 9.872044e-015 -1.000000e+000 3.081201e-015
    outer loop
      vertex   9.400000e-001 1.500000e+000 1.628128e+000
      vertex   1.271980e+000 1.500000e+000 2.438148e+000
      vertex   1.113154e+000 1.500000e+000 2.514635e+000
    endloop
  endfacet
  facet normal 9.290869e-015 -1.000000e+000 2.809574e-015
    outer loop
      vertex   8.110058e-001 1.500000e+000 1.696075e+000
      vertex   1.113154e+000 1.500000e+000 2.514635e+000
      vertex   9.497539e-001 1.500000e+000 2.580788e+000
    endloop
  endfacet
  facet normal 8.865021e-015 -1.000000e+000 2.716139e-015
    outer loop
      vertex   6.771341e-001 1.500000e+000 1.753821e+000
      vertex   9.497539e-001 1.500000e+000 2.580788e+000
      vertex   7.824509e-001 1.500000e+000 2.636337e+000
    endloop
  endfacet
  facet normal 8.424418e-015 -1.000000e+000 2.331419e-015
    outer loop
      vertex   5.391901e-001 1.500000e+000 1.801020e+000
      vertex   7.824509e-001 1.500000e+000 2.636337e+000
      vertex   6.119326e-001 1.500000e+000 2.681052e+000
    endloop
  endfacet
  facet normal 9.341546e-015 -1.000000e+000 1.842301e-015
    outer loop
      vertex   3.980033e-001 1.500000e+000 1.837388e+000
      vertex   6.119326e-001 1.500000e+000 2.681052e+000
      vertex   4.388997e-001 1.500000e+000 2.714750e+000
    endloop
  endfacet
  facet normal 7.838086e-015 -1.000000e+000 1.690796e-015
    outer loop
      vertex   2.544228e-001 1.500000e+000 1.862705e+000
      vertex   4.388997e-001 1.500000e+000 2.714750e+000
      vertex   2.640633e-001 1.500000e+000 2.737293e+000
    endloop
  endfacet
  facet normal 8.914571e-015 -1.000000e+000 1.235310e-015
    outer loop
      vertex   1.093123e-001 1.500000e+000 1.876819e+000
      vertex   2.640633e-001 1.500000e+000 2.737293e+000
      vertex   8.814184e-002 1.500000e+000 2.748587e+000
    endloop
  endfacet
  facet normal 7.557521e-015 -1.000000e+000 9.606045e-016
    outer loop
      vertex   -3.645570e-002 1.500000e+000 1.879647e+000
      vertex   8.814184e-002 1.500000e+000 2.748587e+000
      vertex   -8.814184e-002 1.500000e+000 2.748587e+000
    endloop
  endfacet
  facet normal 8.798204e-015 -1.000000e+000 5.771998e-016
    outer loop
      vertex   -1.820044e-001 1.500000e+000 1.871169e+000
      vertex   -8.814184e-002 1.500000e+000 2.748587e+000
      vertex   -2.640633e-001 1.500000e+000 2.737293e+000
    endloop
  endfacet
  facet normal 7.592075e-015 -1.000000e+000 2.172191e-016
    outer loop
      vertex   -3.264586e-001 1.500000e+000 1.851439e+000
      vertex   -2.640633e-001 1.500000e+000 2.737293e+000
      vertex   -4.388997e-001 1.500000e+000 2.714750e+000
    endloop
  endfacet
  facet normal 8.993255e-015 -1.000000e+000 -5.390375e-017
    outer loop
      vertex   -4.689494e-001 1.500000e+000 1.820573e+000
      vertex   -4.388997e-001 1.500000e+000 2.714750e+000
      vertex   -6.119326e-001 1.500000e+000 2.681052e+000
    endloop
  endfacet
  facet normal 7.875872e-015 -1.000000e+000 -2.395760e-016
    outer loop
      vertex   -7.824509e-001 1.500000e+000 2.636337e+000
      vertex   -4.689494e-001 1.500000e+000 1.820573e+000
      vertex   -6.119326e-001 1.500000e+000 2.681052e+000
    endloop
  endfacet
  facet normal 5.154188e-015 -1.000000e+000 -1.285531e-015
    outer loop
      vertex   -7.824509e-001 1.500000e+000 2.636337e+000
      vertex   -6.086198e-001 1.500000e+000 1.778759e+000
      vertex   -4.689494e-001 1.500000e+000 1.820573e+000
    endloop
  endfacet
  facet normal 8.185983e-015 -1.000000e+000 -6.709865e-016
    outer loop
      vertex   -7.824509e-001 1.500000e+000 2.636337e+000
      vertex   -9.497539e-001 1.500000e+000 2.580788e+000
      vertex   -6.086198e-001 1.500000e+000 1.778759e+000
    endloop
  endfacet
  facet normal 6.986308e-015 -1.000000e+000 -1.181255e-015
    outer loop
      vertex   -6.086198e-001 1.500000e+000 1.778759e+000
      vertex   -9.497539e-001 1.500000e+000 2.580788e+000
      vertex   -7.446300e-001 1.500000e+000 1.726246e+000
    endloop
  endfacet
  facet normal 8.485903e-015 -1.000000e+000 -8.212926e-016
    outer loop
      vertex   -7.446300e-001 1.500000e+000 1.726246e+000
      vertex   -9.497539e-001 1.500000e+000 2.580788e+000
      vertex   -1.113154e+000 1.500000e+000 2.514635e+000
    endloop
  endfacet
  facet normal 8.836481e-015 -1.000000e+000 -9.308323e-016
    outer loop
      vertex   -8.761618e-001 1.500000e+000 1.663352e+000
      vertex   -1.113154e+000 1.500000e+000 2.514635e+000
      vertex   -1.271980e+000 1.500000e+000 2.438148e+000
    endloop
  endfacet
  facet normal 9.358091e-015 -1.000000e+000 -1.215279e-015
    outer loop
      vertex   -1.002424e+000 1.500000e+000 1.590454e+000
      vertex   -1.271980e+000 1.500000e+000 2.438148e+000
      vertex   -1.425580e+000 1.500000e+000 2.351643e+000
    endloop
  endfacet
  facet normal 8.729470e-015 -1.000000e+000 -1.866298e-015
    outer loop
      vertex   -1.122658e+000 1.500000e+000 1.507992e+000
      vertex   -1.425580e+000 1.500000e+000 2.351643e+000
      vertex   -1.573321e+000 1.500000e+000 2.255474e+000
    endloop
  endfacet
  facet normal 1.044520e-014 -1.000000e+000 -1.359952e-015
    outer loop
      vertex   -1.236140e+000 1.500000e+000 1.416459e+000
      vertex   -1.573321e+000 1.500000e+000 2.255474e+000
      vertex   -1.714597e+000 1.500000e+000 2.150037e+000
    endloop
  endfacet
  facet normal 9.934831e-015 -1.000000e+000 -1.954408e-015
    outer loop
      vertex   -1.342188e+000 1.500000e+000 1.316409e+000
      vertex   -1.714597e+000 1.500000e+000 2.150037e+000
      vertex   -1.848827e+000 1.500000e+000 2.035764e+000
    endloop
  endfacet
  facet normal 9.315454e-015 -1.000000e+000 -2.376663e-015
    outer loop
      vertex   -1.440164e+000 1.500000e+000 1.208441e+000
      vertex   -1.848827e+000 1.500000e+000 2.035764e+000
      vertex   -1.975461e+000 1.500000e+000 1.913127e+000
    endloop
  endfacet
  facet normal 1.086125e-014 -1.000000e+000 -1.674938e-015
    outer loop
      vertex   -1.529478e+000 1.500000e+000 1.093205e+000
      vertex   -1.975461e+000 1.500000e+000 1.913127e+000
      vertex   -1.609594e+000 1.500000e+000 9.713948e-001
    endloop
  endfacet
  facet normal 8.670625e-015 -1.000000e+000 -2.866492e-015
    outer loop
      vertex   -1.529478e+000 1.500000e+000 1.093205e+000
      vertex   -1.440164e+000 1.500000e+000 1.208441e+000
      vertex   -1.975461e+000 1.500000e+000 1.913127e+000
    endloop
  endfacet
  facet normal 1.401453e-014 -1.000000e+000 0.000000e+000
    outer loop
      vertex   1.878586e+000 1.500000e+000 -7.289770e-002
      vertex   2.750000e+000 1.500000e+000 3.367779e-016
      vertex   1.878586e+000 1.500000e+000 7.289770e-002
    endloop
  endfacet
  facet normal 1.397638e-014 -1.000000e+000 1.086330e-015
    outer loop
      vertex   1.878586e+000 1.500000e+000 7.289770e-002
      vertex   2.744350e+000 1.500000e+000 1.761931e-001
      vertex   1.867288e+000 1.500000e+000 2.182547e-001
    endloop
  endfacet
  facet normal 1.174281e-014 -1.000000e+000 4.193196e-015
    outer loop
      vertex   1.711482e+000 1.500000e+000 7.779642e-001
      vertex   2.396126e+000 1.500000e+000 1.349473e+000
      vertex   1.646049e+000 1.500000e+000 9.082517e-001
    endloop
  endfacet
  facet normal 9.963544e-015 -1.000000e+000 4.384167e-015
    outer loop
      vertex   1.485938e+000 1.500000e+000 1.151689e+000
      vertex   1.975461e+000 1.500000e+000 1.913127e+000
      vertex   1.392223e+000 1.500000e+000 1.263375e+000
    endloop
  endfacet
  facet normal 1.047198e-014 -1.000000e+000 3.871109e-015
    outer loop
      vertex   1.392223e+000 1.500000e+000 1.263375e+000
      vertex   1.848827e+000 1.500000e+000 2.035764e+000
      vertex   1.290134e+000 1.500000e+000 1.367462e+000
    endloop
  endfacet
  facet normal 9.662023e-015 -1.000000e+000 4.122682e-015
    outer loop
      vertex   1.290134e+000 1.500000e+000 1.367462e+000
      vertex   1.714597e+000 1.500000e+000 2.150037e+000
      vertex   1.180287e+000 1.500000e+000 1.463326e+000
    endloop
  endfacet
  facet normal 7.074855e-015 -1.000000e+000 3.627553e-015
    outer loop
      vertex   9.400000e-001 1.500000e+000 1.628128e+000
      vertex   1.113154e+000 1.500000e+000 2.514635e+000
      vertex   8.110058e-001 1.500000e+000 1.696075e+000
    endloop
  endfacet
  facet normal 7.938003e-015 -1.000000e+000 3.021742e-015
    outer loop
      vertex   8.110058e-001 1.500000e+000 1.696075e+000
      vertex   9.497539e-001 1.500000e+000 2.580788e+000
      vertex   6.771341e-001 1.500000e+000 1.753821e+000
    endloop
  endfacet
  facet normal 5.880244e-015 -1.000000e+000 3.072333e-015
    outer loop
      vertex   6.771341e-001 1.500000e+000 1.753821e+000
      vertex   7.824509e-001 1.500000e+000 2.636337e+000
      vertex   5.391901e-001 1.500000e+000 1.801020e+000
    endloop
  endfacet
  facet normal 6.923300e-015 -1.000000e+000 2.455500e-015
    outer loop
      vertex   5.391901e-001 1.500000e+000 1.801020e+000
      vertex   6.119326e-001 1.500000e+000 2.681052e+000
      vertex   3.980033e-001 1.500000e+000 1.837388e+000
    endloop
  endfacet
  facet normal 6.533853e-015 -1.000000e+000 1.973176e-015
    outer loop
      vertex   3.980033e-001 1.500000e+000 1.837388e+000
      vertex   4.388997e-001 1.500000e+000 2.714750e+000
      vertex   2.544228e-001 1.500000e+000 1.862705e+000
    endloop
  endfacet
  facet normal 6.286824e-015 -1.000000e+000 1.707895e-015
    outer loop
      vertex   2.544228e-001 1.500000e+000 1.862705e+000
      vertex   2.640633e-001 1.500000e+000 2.737293e+000
      vertex   1.093123e-001 1.500000e+000 1.876819e+000
    endloop
  endfacet
  facet normal 6.115737e-015 -1.000000e+000 1.167342e-015
    outer loop
      vertex   1.093123e-001 1.500000e+000 1.876819e+000
      vertex   8.814184e-002 1.500000e+000 2.748587e+000
      vertex   -3.645570e-002 1.500000e+000 1.879647e+000
    endloop
  endfacet
  facet normal 6.051544e-015 -1.000000e+000 8.710263e-016
    outer loop
      vertex   -3.645570e-002 1.500000e+000 1.879647e+000
      vertex   -8.814184e-002 1.500000e+000 2.748587e+000
      vertex   -1.820044e-001 1.500000e+000 1.871169e+000
    endloop
  endfacet
  facet normal 6.104534e-015 -1.000000e+000 3.219942e-016
    outer loop
      vertex   -1.820044e-001 1.500000e+000 1.871169e+000
      vertex   -2.640633e-001 1.500000e+000 2.737293e+000
      vertex   -3.264586e-001 1.500000e+000 1.851439e+000
    endloop
  endfacet
  facet normal 6.224757e-015 -1.000000e+000 3.913419e-017
    outer loop
      vertex   -3.264586e-001 1.500000e+000 1.851439e+000
      vertex   -4.388997e-001 1.500000e+000 2.714750e+000
      vertex   -4.689494e-001 1.500000e+000 1.820573e+000
    endloop
  endfacet
  facet normal 7.390193e-015 -1.000000e+000 -1.333471e-015
    outer loop
      vertex   -7.446300e-001 1.500000e+000 1.726246e+000
      vertex   -1.113154e+000 1.500000e+000 2.514635e+000
      vertex   -8.761618e-001 1.500000e+000 1.663352e+000
    endloop
  endfacet
  facet normal 6.501811e-015 -1.000000e+000 -2.123541e-015
    outer loop
      vertex   -8.761618e-001 1.500000e+000 1.663352e+000
      vertex   -1.271980e+000 1.500000e+000 2.438148e+000
      vertex   -1.002424e+000 1.500000e+000 1.590454e+000
    endloop
  endfacet
  facet normal 7.197577e-015 -1.000000e+000 -2.416340e-015
    outer loop
      vertex   -1.002424e+000 1.500000e+000 1.590454e+000
      vertex   -1.425580e+000 1.500000e+000 2.351643e+000
      vertex   -1.122658e+000 1.500000e+000 1.507992e+000
    endloop
  endfacet
  facet normal 7.818340e-015 -1.000000e+000 -2.415625e-015
    outer loop
      vertex   -1.122658e+000 1.500000e+000 1.507992e+000
      vertex   -1.573321e+000 1.500000e+000 2.255474e+000
      vertex   -1.236140e+000 1.500000e+000 1.416459e+000
    endloop
  endfacet
  facet normal 8.661862e-015 -1.000000e+000 -2.523086e-015
    outer loop
      vertex   -1.236140e+000 1.500000e+000 1.416459e+000
      vertex   -1.714597e+000 1.500000e+000 2.150037e+000
      vertex   -1.342188e+000 1.500000e+000 1.316409e+000
    endloop
  endfacet
  facet normal 9.381872e-015 -1.000000e+000 -2.343856e-015
    outer loop
      vertex   -1.342188e+000 1.500000e+000 1.316409e+000
      vertex   -1.848827e+000 1.500000e+000 2.035764e+000
      vertex   -1.440164e+000 1.500000e+000 1.208441e+000
    endloop
  endfacet
  facet normal 1.106042e-014 -1.000000e+000 -1.537257e-015
    outer loop
      vertex   -2.093976e+000 1.500000e+000 1.782628e+000
      vertex   -1.880000e+000 1.500000e+000 -2.302336e-016
      vertex   -1.975461e+000 1.500000e+000 1.913127e+000
    endloop
  endfacet
  facet normal 1.014615e-014 -1.000000e+000 -1.647000e-015
    outer loop
      vertex   -2.093976e+000 1.500000e+000 1.782628e+000
      vertex   -2.203887e+000 1.500000e+000 1.644804e+000
      vertex   -1.880000e+000 1.500000e+000 -2.302336e-016
    endloop
  endfacet
  facet normal 1.094273e-014 -1.000000e+000 -1.490141e-015
    outer loop
      vertex   -1.880000e+000 1.500000e+000 -2.302336e-016
      vertex   -2.203887e+000 1.500000e+000 1.644804e+000
      vertex   -2.304742e+000 1.500000e+000 1.500221e+000
    endloop
  endfacet
  facet normal 1.012802e-014 -1.000000e+000 -1.720802e-015
    outer loop
      vertex   -2.396126e+000 1.500000e+000 1.349473e+000
      vertex   -1.880000e+000 1.500000e+000 -2.302336e-016
      vertex   -2.304742e+000 1.500000e+000 1.500221e+000
    endloop
  endfacet
  facet normal 1.090123e-014 -1.000000e+000 -1.425079e-015
    outer loop
      vertex   -2.396126e+000 1.500000e+000 1.349473e+000
      vertex   -2.477664e+000 1.500000e+000 1.193180e+000
      vertex   -1.880000e+000 1.500000e+000 -2.302336e-016
    endloop
  endfacet
  facet normal 1.167687e-014 -1.000000e+000 -1.036558e-015
    outer loop
      vertex   -1.880000e+000 1.500000e+000 -2.302336e-016
      vertex   -2.477664e+000 1.500000e+000 1.193180e+000
      vertex   -2.549021e+000 1.500000e+000 1.031984e+000
    endloop
  endfacet
  facet normal 1.110982e-014 -1.000000e+000 -1.404170e-015
    outer loop
      vertex   -2.609903e+000 1.500000e+000 8.665476e-001
      vertex   -1.880000e+000 1.500000e+000 -2.302336e-016
      vertex   -2.549021e+000 1.500000e+000 1.031984e+000
    endloop
  endfacet
  facet normal 1.175473e-014 -1.000000e+000 -8.609556e-016
    outer loop
      vertex   -2.609903e+000 1.500000e+000 8.665476e-001
      vertex   -2.660061e+000 1.500000e+000 6.975501e-001
      vertex   -1.880000e+000 1.500000e+000 -2.302336e-016
    endloop
  endfacet
  facet normal 1.136112e-014 -1.000000e+000 -1.301122e-015
    outer loop
      vertex   -1.880000e+000 1.500000e+000 -2.302336e-016
      vertex   -2.660061e+000 1.500000e+000 6.975501e-001
      vertex   -2.699288e+000 1.500000e+000 5.256862e-001
    endloop
  endfacet
  facet normal 2.355234e-014 -1.000000e+000 -9.139381e-016
    outer loop
      vertex   -1.880000e+000 1.500000e+000 -2.302336e-016
      vertex   -1.874347e+000 1.500000e+000 1.456858e-001
      vertex   -1.975461e+000 1.500000e+000 1.913127e+000
    endloop
  endfacet
  facet normal 2.179707e-014 -1.000000e+000 -1.014356e-015
    outer loop
      vertex   -1.975461e+000 1.500000e+000 1.913127e+000
      vertex   -1.874347e+000 1.500000e+000 1.456858e-001
      vertex   -1.857421e+000 1.500000e+000 2.904953e-001
    endloop
  endfacet
  facet normal 1.542726e-014 -1.000000e+000 -1.477734e-015
    outer loop
      vertex   -1.829324e+000 1.500000e+000 4.335578e-001
      vertex   -1.975461e+000 1.500000e+000 1.913127e+000
      vertex   -1.857421e+000 1.500000e+000 2.904953e-001
    endloop
  endfacet
  facet normal 1.215036e-014 -1.000000e+000 -1.801391e-015
    outer loop
      vertex   -1.829324e+000 1.500000e+000 4.335578e-001
      vertex   -1.790226e+000 1.500000e+000 5.740129e-001
      vertex   -1.975461e+000 1.500000e+000 1.913127e+000
    endloop
  endfacet
  facet normal 1.015901e-014 -1.000000e+000 -2.076847e-015
    outer loop
      vertex   -1.975461e+000 1.500000e+000 1.913127e+000
      vertex   -1.790226e+000 1.500000e+000 5.740129e-001
      vertex   -1.740361e+000 1.500000e+000 7.110157e-001
    endloop
  endfacet
  facet normal 1.139708e-014 -1.000000e+000 -1.834716e-015
    outer loop
      vertex   -1.680029e+000 1.500000e+000 8.437425e-001
      vertex   -1.975461e+000 1.500000e+000 1.913127e+000
      vertex   -1.740361e+000 1.500000e+000 7.110157e-001
    endloop
  endfacet
  facet normal 8.118879e-015 -1.000000e+000 -2.740360e-015
    outer loop
      vertex   -1.680029e+000 1.500000e+000 8.437425e-001
      vertex   -1.609594e+000 1.500000e+000 9.713948e-001
      vertex   -1.975461e+000 1.500000e+000 1.913127e+000
    endloop
  endfacet
  facet normal 2.406401e-014 -1.000000e+000 -1.870403e-015
    outer loop
      vertex   1.878586e+000 1.500000e+000 -7.289770e-002
      vertex   1.867288e+000 1.500000e+000 -2.182547e-001
      vertex   1.975461e+000 1.500000e+000 -1.913127e+000
    endloop
  endfacet
  facet normal 2.246725e-014 -1.000000e+000 -1.972313e-015
    outer loop
      vertex   1.975461e+000 1.500000e+000 -1.913127e+000
      vertex   1.867288e+000 1.500000e+000 -2.182547e-001
      vertex   1.844760e+000 1.500000e+000 -3.622990e-001
    endloop
  endfacet
  facet normal 1.690409e-014 -1.000000e+000 -2.441165e-015
    outer loop
      vertex   1.811137e+000 1.500000e+000 -5.041645e-001
      vertex   1.975461e+000 1.500000e+000 -1.913127e+000
      vertex   1.844760e+000 1.500000e+000 -3.622990e-001
    endloop
  endfacet
  facet normal 1.374913e-014 -1.000000e+000 -2.809120e-015
    outer loop
      vertex   1.811137e+000 1.500000e+000 -5.041645e-001
      vertex   1.766622e+000 1.500000e+000 -6.429979e-001
      vertex   1.975461e+000 1.500000e+000 -1.913127e+000
    endloop
  endfacet
  facet normal 1.459098e-014 -1.000000e+000 -2.670700e-015
    outer loop
      vertex   1.975461e+000 1.500000e+000 -1.913127e+000
      vertex   1.766622e+000 1.500000e+000 -6.429979e-001
      vertex   1.711482e+000 1.500000e+000 -7.779642e-001
    endloop
  endfacet
  facet normal 1.057215e-014 -1.000000e+000 -3.605266e-015
    outer loop
      vertex   1.646049e+000 1.500000e+000 -9.082517e-001
      vertex   1.975461e+000 1.500000e+000 -1.913127e+000
      vertex   1.711482e+000 1.500000e+000 -7.779642e-001
    endloop
  endfacet
  facet normal 1.332253e-014 -1.000000e+000 -2.703655e-015
    outer loop
      vertex   1.646049e+000 1.500000e+000 -9.082517e-001
      vertex   1.570717e+000 1.500000e+000 -1.033077e+000
      vertex   1.975461e+000 1.500000e+000 -1.913127e+000
    endloop
  endfacet
  facet normal 1.197917e-014 -1.000000e+000 4.648464e-016
    outer loop
      vertex   -1.874347e+000 1.500000e+000 -1.456858e-001
      vertex   -1.880000e+000 1.500000e+000 -2.302336e-016
      vertex   -2.744350e+000 1.500000e+000 -1.761931e-001
    endloop
  endfacet
  facet normal 5.359697e-015 -1.000000e+000 3.293797e-014
    outer loop
      vertex   -2.744350e+000 1.500000e+000 -1.761931e-001
      vertex   -1.880000e+000 1.500000e+000 -2.302336e-016
      vertex   -2.750000e+000 1.500000e+000 0.000000e+000
    endloop
  endfacet
  facet normal 7.820379e-015 -7.071068e-001 7.071068e-001
    outer loop
      vertex   -6.023081e-001 3.560000e+000 -1.675000e+000
      vertex   6.023081e-001 3.560000e+000 -1.675000e+000
      vertex   -7.053068e-001 3.600698e+000 -1.634302e+000
    endloop
  endfacet
  facet normal 7.456877e-015 -7.071068e-001 7.071068e-001
    outer loop
      vertex   -7.053068e-001 3.600698e+000 -1.634302e+000
      vertex   6.023081e-001 3.560000e+000 -1.675000e+000
      vertex   7.053068e-001 3.600698e+000 -1.634302e+000
    endloop
  endfacet
  facet normal 7.500119e-015 -7.071068e-001 7.071068e-001
    outer loop
      vertex   -8.055753e-001 3.647723e+000 -1.587277e+000
      vertex   7.053068e-001 3.600698e+000 -1.634302e+000
      vertex   8.055753e-001 3.647723e+000 -1.587277e+000
    endloop
  endfacet
  facet normal 7.564692e-015 -7.071068e-001 7.071068e-001
    outer loop
      vertex   -9.027254e-001 3.700892e+000 -1.534108e+000
      vertex   8.055753e-001 3.647723e+000 -1.587277e+000
      vertex   9.027254e-001 3.700892e+000 -1.534108e+000
    endloop
  endfacet
  facet normal 7.565723e-015 -7.071068e-001 7.071068e-001
    outer loop
      vertex   -9.963810e-001 3.760000e+000 -1.475000e+000
      vertex   9.027254e-001 3.700892e+000 -1.534108e+000
      vertex   9.963810e-001 3.760000e+000 -1.475000e+000
    endloop
  endfacet
  facet normal 7.565869e-015 -7.071068e-001 7.071068e-001
    outer loop
      vertex   -9.963810e-001 3.760000e+000 -1.475000e+000
      vertex   -9.027254e-001 3.700892e+000 -1.534108e+000
      vertex   9.027254e-001 3.700892e+000 -1.534108e+000
    endloop
  endfacet
  facet normal 7.457477e-015 -7.071068e-001 7.071068e-001
    outer loop
      vertex   -7.053068e-001 3.600698e+000 -1.634302e+000
      vertex   7.053068e-001 3.600698e+000 -1.634302e+000
      vertex   -8.055753e-001 3.647723e+000 -1.587277e+000
    endloop
  endfacet
  facet normal 7.503775e-015 -7.071068e-001 7.071068e-001
    outer loop
      vertex   -8.055753e-001 3.647723e+000 -1.587277e+000
      vertex   8.055753e-001 3.647723e+000 -1.587277e+000
      vertex   -9.027254e-001 3.700892e+000 -1.534108e+000
    endloop
  endfacet
  facet normal -7.308242e-030 6.832142e-016 1.000000e+000
    outer loop
      vertex   -9.963810e-001 3.760000e+000 -1.475000e+000
      vertex   9.963810e-001 3.760000e+000 -1.475000e+000
      vertex   -9.963810e-001 5.060000e+000 -1.475000e+000
    endloop
  endfacet
  facet normal -6.699222e-030 6.832142e-016 1.000000e+000
    outer loop
      vertex   -9.963810e-001 5.060000e+000 -1.475000e+000
      vertex   9.963810e-001 3.760000e+000 -1.475000e+000
      vertex   9.963810e-001 5.060000e+000 -1.475000e+000
    endloop
  endfacet
  facet normal 4.170869e-015 -7.071068e-001 -7.071068e-001
    outer loop
      vertex   6.023081e-001 3.560000e+000 1.675000e+000
      vertex   -6.023081e-001 3.560000e+000 1.675000e+000
      vertex   7.053068e-001 3.600698e+000 1.634302e+000
    endloop
  endfacet
  facet normal 3.894028e-015 -7.071068e-001 -7.071068e-001
    outer loop
      vertex   7.053068e-001 3.600698e+000 1.634302e+000
      vertex   -6.023081e-001 3.560000e+000 1.675000e+000
      vertex   -7.053068e-001 3.600698e+000 1.634302e+000
    endloop
  endfacet
  facet normal 4.383502e-015 -7.071068e-001 -7.071068e-001
    outer loop
      vertex   8.055753e-001 3.647723e+000 1.587277e+000
      vertex   -7.053068e-001 3.600698e+000 1.634302e+000
      vertex   -8.055753e-001 3.647723e+000 1.587277e+000
    endloop
  endfacet
  facet normal 4.261528e-015 -7.071068e-001 -7.071068e-001
    outer loop
      vertex   9.027254e-001 3.700892e+000 1.534108e+000
      vertex   -8.055753e-001 3.647723e+000 1.587277e+000
      vertex   -9.027254e-001 3.700892e+000 1.534108e+000
    endloop
  endfacet
  facet normal 3.782861e-015 -7.071068e-001 -7.071068e-001
    outer loop
      vertex   9.963810e-001 3.760000e+000 1.475000e+000
      vertex   -9.027254e-001 3.700892e+000 1.534108e+000
      vertex   -9.963810e-001 3.760000e+000 1.475000e+000
    endloop
  endfacet
  facet normal 4.261237e-015 -7.071068e-001 -7.071068e-001
    outer loop
      vertex   9.963810e-001 3.760000e+000 1.475000e+000
      vertex   9.027254e-001 3.700892e+000 1.534108e+000
      vertex   -9.027254e-001 3.700892e+000 1.534108e+000
    endloop
  endfacet
  facet normal 3.895697e-015 -7.071068e-001 -7.071068e-001
    outer loop
      vertex   7.053068e-001 3.600698e+000 1.634302e+000
      vertex   -7.053068e-001 3.600698e+000 1.634302e+000
      vertex   8.055753e-001 3.647723e+000 1.587277e+000
    endloop
  endfacet
  facet normal 4.385323e-015 -7.071068e-001 -7.071068e-001
    outer loop
      vertex   8.055753e-001 3.647723e+000 1.587277e+000
      vertex   -8.055753e-001 3.647723e+000 1.587277e+000
      vertex   9.027254e-001 3.700892e+000 1.534108e+000
    endloop
  endfacet
  facet normal -3.654121e-030 6.832142e-016 -1.000000e+000
    outer loop
      vertex   9.963810e-001 3.760000e+000 1.475000e+000
      vertex   -9.963810e-001 3.760000e+000 1.475000e+000
      vertex   9.963810e-001 5.060000e+000 1.475000e+000
    endloop
  endfacet
  facet normal -3.654121e-030 6.832142e-016 -1.000000e+000
    outer loop
      vertex   9.963810e-001 5.060000e+000 1.475000e+000
      vertex   -9.963810e-001 3.760000e+000 1.475000e+000
      vertex   -9.963810e-001 5.060000e+000 1.475000e+000
    endloop
  endfacet
  facet normal 1.105969e-014 -1.000000e+000 -2.971787e-014
    outer loop
      vertex   -6.023081e-001 3.560000e+000 -1.675000e+000
      vertex   -4.721755e-001 3.560000e+000 -1.716231e+000
      vertex   6.023081e-001 3.560000e+000 -1.675000e+000
    endloop
  endfacet
  facet normal 8.464655e-015 -1.000000e+000 3.790818e-014
    outer loop
      vertex   6.023081e-001 3.560000e+000 -1.675000e+000
      vertex   -4.721755e-001 3.560000e+000 -1.716231e+000
      vertex   4.721755e-001 3.560000e+000 -1.716231e+000
    endloop
  endfacet
  facet normal 8.464655e-015 -1.000000e+000 -6.655412e-015
    outer loop
      vertex   4.721755e-001 3.560000e+000 -1.716231e+000
      vertex   -4.721755e-001 3.560000e+000 -1.716231e+000
      vertex   -3.392659e-001 3.560000e+000 -1.747369e+000
    endloop
  endfacet
  facet normal 7.853825e-015 -1.000000e+000 8.213583e-015
    outer loop
      vertex   3.392659e-001 3.560000e+000 -1.747369e+000
      vertex   -3.392659e-001 3.560000e+000 -1.747369e+000
      vertex   -2.043610e-001 3.560000e+000 -1.768230e+000
    endloop
  endfacet
  facet normal 8.692250e-015 -1.000000e+000 -1.426164e-014
    outer loop
      vertex   2.043610e-001 3.560000e+000 -1.768230e+000
      vertex   -2.043610e-001 3.560000e+000 -1.768230e+000
      vertex   -6.825414e-002 3.560000e+000 -1.778691e+000
    endloop
  endfacet
  facet normal 6.506407e-015 -1.000000e+000 4.270105e-014
    outer loop
      vertex   6.825414e-002 3.560000e+000 -1.778691e+000
      vertex   2.043610e-001 3.560000e+000 -1.768230e+000
      vertex   -6.825414e-002 3.560000e+000 -1.778691e+000
    endloop
  endfacet
  facet normal 7.853825e-015 -1.000000e+000 9.262712e-015
    outer loop
      vertex   4.721755e-001 3.560000e+000 -1.716231e+000
      vertex   -3.392659e-001 3.560000e+000 -1.747369e+000
      vertex   3.392659e-001 3.560000e+000 -1.747369e+000
    endloop
  endfacet
  facet normal 8.692250e-015 -1.000000e+000 -1.363562e-014
    outer loop
      vertex   3.392659e-001 3.560000e+000 -1.747369e+000
      vertex   -2.043610e-001 3.560000e+000 -1.768230e+000
      vertex   2.043610e-001 3.560000e+000 -1.768230e+000
    endloop
  endfacet
  facet normal 5.898499e-015 -1.000000e+000 2.938720e-014
    outer loop
      vertex   6.023081e-001 3.560000e+000 1.675000e+000
      vertex   4.721755e-001 3.560000e+000 1.716231e+000
      vertex   -6.023081e-001 3.560000e+000 1.675000e+000
    endloop
  endfacet
  facet normal 8.464655e-015 -1.000000e+000 -3.748637e-014
    outer loop
      vertex   -6.023081e-001 3.560000e+000 1.675000e+000
      vertex   4.721755e-001 3.560000e+000 1.716231e+000
      vertex   -4.721755e-001 3.560000e+000 1.716231e+000
    endloop
  endfacet
  facet normal 8.464655e-015 -1.000000e+000 -6.655412e-015
    outer loop
      vertex   -4.721755e-001 3.560000e+000 1.716231e+000
      vertex   4.721755e-001 3.560000e+000 1.716231e+000
      vertex   3.392659e-001 3.560000e+000 1.747369e+000
    endloop
  endfacet
  facet normal 7.853825e-015 -1.000000e+000 8.213583e-015
    outer loop
      vertex   -3.392659e-001 3.560000e+000 1.747369e+000
      vertex   3.392659e-001 3.560000e+000 1.747369e+000
      vertex   2.043610e-001 3.560000e+000 1.768230e+000
    endloop
  endfacet
  facet normal 8.692250e-015 -1.000000e+000 -1.426164e-014
    outer loop
      vertex   -2.043610e-001 3.560000e+000 1.768230e+000
      vertex   2.043610e-001 3.560000e+000 1.768230e+000
      vertex   6.825414e-002 3.560000e+000 1.778691e+000
    endloop
  endfacet
  facet normal 6.506407e-015 -1.000000e+000 4.270105e-014
    outer loop
      vertex   -6.825414e-002 3.560000e+000 1.778691e+000
      vertex   -2.043610e-001 3.560000e+000 1.768230e+000
      vertex   6.825414e-002 3.560000e+000 1.778691e+000
    endloop
  endfacet
  facet normal 7.853825e-015 -1.000000e+000 9.262712e-015
    outer loop
      vertex   -4.721755e-001 3.560000e+000 1.716231e+000
      vertex   3.392659e-001 3.560000e+000 1.747369e+000
      vertex   -3.392659e-001 3.560000e+000 1.747369e+000
    endloop
  endfacet
  facet normal 8.692250e-015 -1.000000e+000 -1.363562e-014
    outer loop
      vertex   -3.392659e-001 3.560000e+000 1.747369e+000
      vertex   2.043610e-001 3.560000e+000 1.768230e+000
      vertex   -2.043610e-001 3.560000e+000 1.768230e+000
    endloop
  endfacet
  facet normal -9.989330e-001 -5.265242e-015 4.618346e-002
    outer loop
      vertex   1.319348e+000 5.990000e+000 -1.222556e-001
      vertex   1.319348e+000 5.690000e+000 -1.222556e-001
      vertex   1.325000e+000 5.990000e+000 1.622657e-016
    endloop
  endfacet
  facet normal -9.904104e-001 -5.398000e-015 1.381564e-001
    outer loop
      vertex   1.319348e+000 5.990000e+000 -1.222556e-001
      vertex   1.302439e+000 5.690000e+000 -2.434681e-001
      vertex   1.319348e+000 5.690000e+000 -1.222556e-001
    endloop
  endfacet
  facet normal -9.904104e-001 -6.132830e-015 1.381564e-001
    outer loop
      vertex   1.319348e+000 5.990000e+000 -1.222556e-001
      vertex   1.302439e+000 5.990000e+000 -2.434681e-001
      vertex   1.302439e+000 5.690000e+000 -2.434681e-001
    endloop
  endfacet
  facet normal -9.734381e-001 -6.208737e-015 2.289505e-001
    outer loop
      vertex   1.302439e+000 5.690000e+000 -2.434681e-001
      vertex   1.302439e+000 5.990000e+000 -2.434681e-001
      vertex   1.274419e+000 5.690000e+000 -3.626035e-001
    endloop
  endfacet
  facet normal -9.734381e-001 -5.764166e-015 2.289505e-001
    outer loop
      vertex   1.274419e+000 5.690000e+000 -3.626035e-001
      vertex   1.302439e+000 5.990000e+000 -2.434681e-001
      vertex   1.274419e+000 5.990000e+000 -3.626035e-001
    endloop
  endfacet
  facet normal -9.481606e-001 -5.598801e-015 3.177914e-001
    outer loop
      vertex   1.235526e+000 5.690000e+000 -4.786452e-001
      vertex   1.274419e+000 5.990000e+000 -3.626035e-001
      vertex   1.235526e+000 5.990000e+000 -4.786452e-001
    endloop
  endfacet
  facet normal -9.147939e-001 -4.677479e-015 4.039210e-001
    outer loop
      vertex   1.186091e+000 5.690000e+000 -5.906033e-001
      vertex   1.235526e+000 5.990000e+000 -4.786452e-001
      vertex   1.186091e+000 5.990000e+000 -5.906033e-001
    endloop
  endfacet
  facet normal -8.736224e-001 -5.173576e-015 4.866045e-001
    outer loop
      vertex   1.126538e+000 5.690000e+000 -6.975226e-001
      vertex   1.186091e+000 5.990000e+000 -5.906033e-001
      vertex   1.126538e+000 5.990000e+000 -6.975226e-001
    endloop
  endfacet
  facet normal -8.249975e-001 -4.866468e-015 5.651364e-001
    outer loop
      vertex   1.057373e+000 5.690000e+000 -7.984909e-001
      vertex   1.126538e+000 5.990000e+000 -6.975226e-001
      vertex   1.057373e+000 5.990000e+000 -7.984909e-001
    endloop
  endfacet
  facet normal -7.693340e-001 -3.590792e-015 6.388468e-001
    outer loop
      vertex   9.791868e-001 5.690000e+000 -8.926467e-001
      vertex   1.057373e+000 5.990000e+000 -7.984909e-001
      vertex   9.791868e-001 5.990000e+000 -8.926467e-001
    endloop
  endfacet
  facet normal -7.071068e-001 -3.945147e-015 7.071068e-001
    outer loop
      vertex   8.926467e-001 5.690000e+000 -9.791868e-001
      vertex   9.791868e-001 5.990000e+000 -8.926467e-001
      vertex   8.926467e-001 5.990000e+000 -9.791868e-001
    endloop
  endfacet
  facet normal -6.388468e-001 -3.543545e-015 7.693340e-001
    outer loop
      vertex   7.984909e-001 5.690000e+000 -1.057373e+000
      vertex   8.926467e-001 5.990000e+000 -9.791868e-001
      vertex   7.984909e-001 5.990000e+000 -1.057373e+000
    endloop
  endfacet
  facet normal -5.651364e-001 -3.118319e-015 8.249975e-001
    outer loop
      vertex   6.975226e-001 5.690000e+000 -1.126538e+000
      vertex   7.984909e-001 5.990000e+000 -1.057373e+000
      vertex   6.975226e-001 5.990000e+000 -1.126538e+000
    endloop
  endfacet
  facet normal -4.866045e-001 -2.267869e-015 8.736224e-001
    outer loop
      vertex   5.906033e-001 5.690000e+000 -1.186091e+000
      vertex   6.975226e-001 5.990000e+000 -1.126538e+000
      vertex   5.906033e-001 5.990000e+000 -1.186091e+000
    endloop
  endfacet
  facet normal -4.039210e-001 -2.551352e-015 9.147939e-001
    outer loop
      vertex   4.786452e-001 5.690000e+000 -1.235526e+000
      vertex   5.906033e-001 5.990000e+000 -1.186091e+000
      vertex   4.786452e-001 5.990000e+000 -1.235526e+000
    endloop
  endfacet
  facet normal -3.177914e-001 -2.102503e-015 9.481606e-001
    outer loop
      vertex   3.626035e-001 5.690000e+000 -1.274419e+000
      vertex   4.786452e-001 5.990000e+000 -1.235526e+000
      vertex   3.626035e-001 5.990000e+000 -1.274419e+000
    endloop
  endfacet
  facet normal -2.289505e-001 -1.547348e-015 9.734381e-001
    outer loop
      vertex   2.434681e-001 5.690000e+000 -1.302439e+000
      vertex   3.626035e-001 5.990000e+000 -1.274419e+000
      vertex   2.434681e-001 5.990000e+000 -1.302439e+000
    endloop
  endfacet
  facet normal -1.381564e-001 -8.976980e-016 9.904104e-001
    outer loop
      vertex   1.222556e-001 5.690000e+000 -1.319348e+000
      vertex   2.434681e-001 5.990000e+000 -1.302439e+000
      vertex   1.222556e-001 5.990000e+000 -1.319348e+000
    endloop
  endfacet
  facet normal -4.618346e-002 -2.569070e-016 9.989330e-001
    outer loop
      vertex   -3.482507e-014 5.690000e+000 -1.325000e+000
      vertex   1.222556e-001 5.990000e+000 -1.319348e+000
      vertex   -3.649041e-014 5.990000e+000 -1.325000e+000
    endloop
  endfacet
  facet normal 4.618346e-002 9.478983e-016 9.989330e-001
    outer loop
      vertex   -1.222556e-001 5.690000e+000 -1.319348e+000
      vertex   -3.649041e-014 5.990000e+000 -1.325000e+000
      vertex   -1.222556e-001 5.990000e+000 -1.319348e+000
    endloop
  endfacet
  facet normal 1.381564e-001 3.543545e-016 9.904104e-001
    outer loop
      vertex   -2.434681e-001 5.690000e+000 -1.302439e+000
      vertex   -1.222556e-001 5.990000e+000 -1.319348e+000
      vertex   -2.434681e-001 5.990000e+000 -1.302439e+000
    endloop
  endfacet
  facet normal 2.289505e-001 1.275676e-015 9.734381e-001
    outer loop
      vertex   -3.626035e-001 5.690000e+000 -1.274419e+000
      vertex   -2.434681e-001 5.990000e+000 -1.302439e+000
      vertex   -3.626035e-001 5.990000e+000 -1.274419e+000
    endloop
  endfacet
  facet normal 3.177914e-001 1.535536e-015 9.481606e-001
    outer loop
      vertex   -4.786452e-001 5.690000e+000 -1.235526e+000
      vertex   -3.626035e-001 5.990000e+000 -1.274419e+000
      vertex   -4.786452e-001 5.990000e+000 -1.235526e+000
    endloop
  endfacet
  facet normal 4.039210e-001 2.173374e-015 9.147939e-001
    outer loop
      vertex   -5.906033e-001 5.690000e+000 -1.186091e+000
      vertex   -4.786452e-001 5.990000e+000 -1.235526e+000
      vertex   -5.906033e-001 5.990000e+000 -1.186091e+000
    endloop
  endfacet
  facet normal 4.866045e-001 2.693094e-015 8.736224e-001
    outer loop
      vertex   -6.975226e-001 5.690000e+000 -1.126538e+000
      vertex   -5.906033e-001 5.990000e+000 -1.186091e+000
      vertex   -6.975226e-001 5.990000e+000 -1.126538e+000
    endloop
  endfacet
  facet normal 5.651364e-001 3.118319e-015 8.249975e-001
    outer loop
      vertex   -7.984909e-001 5.690000e+000 -1.057373e+000
      vertex   -6.975226e-001 5.990000e+000 -1.126538e+000
      vertex   -7.984909e-001 5.990000e+000 -1.057373e+000
    endloop
  endfacet
  facet normal 6.388468e-001 3.756158e-015 7.693340e-001
    outer loop
      vertex   -8.926467e-001 5.690000e+000 -9.791868e-001
      vertex   -7.984909e-001 5.990000e+000 -1.057373e+000
      vertex   -8.926467e-001 5.990000e+000 -9.791868e-001
    endloop
  endfacet
  facet normal 7.071068e-001 3.921523e-015 7.071068e-001
    outer loop
      vertex   -9.791868e-001 5.690000e+000 -8.926467e-001
      vertex   -8.926467e-001 5.990000e+000 -9.791868e-001
      vertex   -9.791868e-001 5.990000e+000 -8.926467e-001
    endloop
  endfacet
  facet normal 7.693340e-001 4.559361e-015 6.388468e-001
    outer loop
      vertex   -1.057373e+000 5.690000e+000 -7.984909e-001
      vertex   -9.791868e-001 5.990000e+000 -8.926467e-001
      vertex   -1.057373e+000 5.990000e+000 -7.984909e-001
    endloop
  endfacet
  facet normal 8.249975e-001 5.126328e-015 5.651364e-001
    outer loop
      vertex   -1.126538e+000 5.690000e+000 -6.975226e-001
      vertex   -1.057373e+000 5.990000e+000 -7.984909e-001
      vertex   -1.126538e+000 5.990000e+000 -6.975226e-001
    endloop
  endfacet
  facet normal 8.736224e-001 5.173576e-015 4.866045e-001
    outer loop
      vertex   -1.186091e+000 5.690000e+000 -5.906033e-001
      vertex   -1.126538e+000 5.990000e+000 -6.975226e-001
      vertex   -1.186091e+000 5.990000e+000 -5.906033e-001
    endloop
  endfacet
  facet normal 9.147939e-001 5.409812e-015 4.039210e-001
    outer loop
      vertex   -1.235526e+000 5.690000e+000 -4.786452e-001
      vertex   -1.186091e+000 5.990000e+000 -5.906033e-001
      vertex   -1.235526e+000 5.990000e+000 -4.786452e-001
    endloop
  endfacet
  facet normal 9.481606e-001 5.622425e-015 3.177914e-001
    outer loop
      vertex   -1.274419e+000 5.690000e+000 -3.626035e-001
      vertex   -1.235526e+000 5.990000e+000 -4.786452e-001
      vertex   -1.274419e+000 5.990000e+000 -3.626035e-001
    endloop
  endfacet
  facet normal 9.734381e-001 5.764166e-015 2.289505e-001
    outer loop
      vertex   -1.302439e+000 5.690000e+000 -2.434681e-001
      vertex   -1.274419e+000 5.990000e+000 -3.626035e-001
      vertex   -1.302439e+000 5.990000e+000 -2.434681e-001
    endloop
  endfacet
  facet normal 9.904104e-001 5.398000e-015 1.381564e-001
    outer loop
      vertex   -1.319348e+000 5.690000e+000 -1.222556e-001
      vertex   -1.302439e+000 5.990000e+000 -2.434681e-001
      vertex   -1.319348e+000 5.990000e+000 -1.222556e-001
    endloop
  endfacet
  facet normal 9.989330e-001 5.914767e-015 4.618346e-002
    outer loop
      vertex   -1.325000e+000 5.690000e+000 0.000000e+000
      vertex   -1.319348e+000 5.990000e+000 -1.222556e-001
      vertex   -1.325000e+000 5.990000e+000 0.000000e+000
    endloop
  endfacet
  facet normal 9.989330e-001 6.564417e-015 -4.618346e-002
    outer loop
      vertex   -1.319348e+000 5.690000e+000 1.222556e-001
      vertex   -1.325000e+000 5.990000e+000 0.000000e+000
      vertex   -1.319348e+000 5.990000e+000 1.222556e-001
    endloop
  endfacet
  facet normal 9.904104e-001 5.858661e-015 -1.381564e-001
    outer loop
      vertex   -1.302439e+000 5.690000e+000 2.434681e-001
      vertex   -1.319348e+000 5.990000e+000 1.222556e-001
      vertex   -1.302439e+000 5.990000e+000 2.434681e-001
    endloop
  endfacet
  facet normal 9.734381e-001 5.764166e-015 -2.289505e-001
    outer loop
      vertex   -1.274419e+000 5.690000e+000 3.626035e-001
      vertex   -1.302439e+000 5.990000e+000 2.434681e-001
      vertex   -1.274419e+000 5.990000e+000 3.626035e-001
    endloop
  endfacet
  facet normal 9.481606e-001 5.787790e-015 -3.177914e-001
    outer loop
      vertex   -1.235526e+000 5.690000e+000 4.786452e-001
      vertex   -1.274419e+000 5.990000e+000 3.626035e-001
      vertex   -1.235526e+000 5.990000e+000 4.786452e-001
    endloop
  endfacet
  facet normal 9.147939e-001 5.433435e-015 -4.039210e-001
    outer loop
      vertex   -1.186091e+000 5.690000e+000 5.906033e-001
      vertex   -1.235526e+000 5.990000e+000 4.786452e-001
      vertex   -1.186091e+000 5.990000e+000 5.906033e-001
    endloop
  endfacet
  facet normal 8.736224e-001 5.102705e-015 -4.866045e-001
    outer loop
      vertex   -1.126538e+000 5.690000e+000 6.975226e-001
      vertex   -1.186091e+000 5.990000e+000 5.906033e-001
      vertex   -1.126538e+000 5.990000e+000 6.975226e-001
    endloop
  endfacet
  facet normal 8.249975e-001 4.866468e-015 -5.651364e-001
    outer loop
      vertex   -1.057373e+000 5.690000e+000 7.984909e-001
      vertex   -1.126538e+000 5.990000e+000 6.975226e-001
      vertex   -1.057373e+000 5.990000e+000 7.984909e-001
    endloop
  endfacet
  facet normal 7.693340e-001 4.252254e-015 -6.388468e-001
    outer loop
      vertex   -9.791868e-001 5.690000e+000 8.926467e-001
      vertex   -1.057373e+000 5.990000e+000 7.984909e-001
      vertex   -9.791868e-001 5.990000e+000 8.926467e-001
    endloop
  endfacet
  facet normal 7.071068e-001 3.921523e-015 -7.071068e-001
    outer loop
      vertex   -8.926467e-001 5.690000e+000 9.791868e-001
      vertex   -9.791868e-001 5.990000e+000 8.926467e-001
      vertex   -8.926467e-001 5.990000e+000 9.791868e-001
    endloop
  endfacet
  facet normal 6.388468e-001 3.543545e-015 -7.693340e-001
    outer loop
      vertex   -7.984909e-001 5.690000e+000 1.057373e+000
      vertex   -8.926467e-001 5.990000e+000 9.791868e-001
      vertex   -7.984909e-001 5.990000e+000 1.057373e+000
    endloop
  endfacet
  facet normal 5.651364e-001 3.141943e-015 -8.249975e-001
    outer loop
      vertex   -6.975226e-001 5.690000e+000 1.126538e+000
      vertex   -7.984909e-001 5.990000e+000 1.057373e+000
      vertex   -6.975226e-001 5.990000e+000 1.126538e+000
    endloop
  endfacet
  facet normal 4.866045e-001 2.952954e-015 -8.736224e-001
    outer loop
      vertex   -5.906033e-001 5.690000e+000 1.186091e+000
      vertex   -6.975226e-001 5.990000e+000 1.126538e+000
      vertex   -5.906033e-001 5.990000e+000 1.186091e+000
    endloop
  endfacet
  facet normal 4.039210e-001 2.527729e-015 -9.147939e-001
    outer loop
      vertex   -4.786452e-001 5.690000e+000 1.235526e+000
      vertex   -5.906033e-001 5.990000e+000 1.186091e+000
      vertex   -4.786452e-001 5.990000e+000 1.235526e+000
    endloop
  endfacet
  facet normal 3.177914e-001 1.771772e-015 -9.481606e-001
    outer loop
      vertex   -3.626035e-001 5.690000e+000 1.274419e+000
      vertex   -4.786452e-001 5.990000e+000 1.235526e+000
      vertex   -3.626035e-001 5.990000e+000 1.274419e+000
    endloop
  endfacet
  facet normal 2.289505e-001 1.948950e-015 -9.734381e-001
    outer loop
      vertex   -2.434681e-001 5.690000e+000 1.302439e+000
      vertex   -3.626035e-001 5.990000e+000 1.274419e+000
      vertex   -2.434681e-001 5.990000e+000 1.302439e+000
    endloop
  endfacet
  facet normal 1.381564e-001 1.771772e-016 -9.904104e-001
    outer loop
      vertex   -1.222556e-001 5.690000e+000 1.319348e+000
      vertex   -2.434681e-001 5.990000e+000 1.302439e+000
      vertex   -1.222556e-001 5.990000e+000 1.319348e+000
    endloop
  endfacet
  facet normal 4.618346e-002 2.569070e-016 -9.989330e-001
    outer loop
      vertex   -3.482507e-014 5.690000e+000 1.325000e+000
      vertex   -1.222556e-001 5.990000e+000 1.319348e+000
      vertex   -3.649041e-014 5.990000e+000 1.325000e+000
    endloop
  endfacet
  facet normal -4.618346e-002 -2.126127e-016 -9.989330e-001
    outer loop
      vertex   1.222556e-001 5.690000e+000 1.319348e+000
      vertex   -3.649041e-014 5.990000e+000 1.325000e+000
      vertex   1.222556e-001 5.990000e+000 1.319348e+000
    endloop
  endfacet
  facet normal -1.381564e-001 -3.071072e-016 -9.904104e-001
    outer loop
      vertex   2.434681e-001 5.690000e+000 1.302439e+000
      vertex   1.222556e-001 5.990000e+000 1.319348e+000
      vertex   2.434681e-001 5.990000e+000 1.302439e+000
    endloop
  endfacet
  facet normal -2.289505e-001 -8.150153e-016 -9.734381e-001
    outer loop
      vertex   3.626035e-001 5.690000e+000 1.274419e+000
      vertex   2.434681e-001 5.990000e+000 1.302439e+000
      vertex   3.626035e-001 5.990000e+000 1.274419e+000
    endloop
  endfacet
  facet normal -3.177914e-001 -1.535536e-015 -9.481606e-001
    outer loop
      vertex   4.786452e-001 5.690000e+000 1.235526e+000
      vertex   3.626035e-001 5.990000e+000 1.274419e+000
      vertex   4.786452e-001 5.990000e+000 1.235526e+000
    endloop
  endfacet
  facet normal -4.039210e-001 -2.456858e-015 -9.147939e-001
    outer loop
      vertex   5.906033e-001 5.690000e+000 1.186091e+000
      vertex   4.786452e-001 5.990000e+000 1.235526e+000
      vertex   5.906033e-001 5.990000e+000 1.186091e+000
    endloop
  endfacet
  facet normal -4.866045e-001 -2.693094e-015 -8.736224e-001
    outer loop
      vertex   6.975226e-001 5.690000e+000 1.126538e+000
      vertex   5.906033e-001 5.990000e+000 1.186091e+000
      vertex   6.975226e-001 5.990000e+000 1.126538e+000
    endloop
  endfacet
  facet normal -5.651364e-001 -3.141943e-015 -8.249975e-001
    outer loop
      vertex   7.984909e-001 5.690000e+000 1.057373e+000
      vertex   6.975226e-001 5.990000e+000 1.126538e+000
      vertex   7.984909e-001 5.990000e+000 1.057373e+000
    endloop
  endfacet
  facet normal -6.388468e-001 -3.354556e-015 -7.693340e-001
    outer loop
      vertex   8.926467e-001 5.690000e+000 9.791868e-001
      vertex   7.984909e-001 5.990000e+000 1.057373e+000
      vertex   8.926467e-001 5.990000e+000 9.791868e-001
    endloop
  endfacet
  facet normal -7.071068e-001 -4.441243e-015 -7.071068e-001
    outer loop
      vertex   9.791868e-001 5.690000e+000 8.926467e-001
      vertex   8.926467e-001 5.990000e+000 9.791868e-001
      vertex   9.791868e-001 5.990000e+000 8.926467e-001
    endloop
  endfacet
  facet normal -7.693340e-001 -4.535737e-015 -6.388468e-001
    outer loop
      vertex   1.057373e+000 5.690000e+000 7.984909e-001
      vertex   9.791868e-001 5.990000e+000 8.926467e-001
      vertex   1.057373e+000 5.990000e+000 7.984909e-001
    endloop
  endfacet
  facet normal -8.249975e-001 -4.890092e-015 -5.651364e-001
    outer loop
      vertex   1.126538e+000 5.690000e+000 6.975226e-001
      vertex   1.057373e+000 5.990000e+000 7.984909e-001
      vertex   1.126538e+000 5.990000e+000 6.975226e-001
    endloop
  endfacet
  facet normal -8.736224e-001 -5.740543e-015 -4.866045e-001
    outer loop
      vertex   1.186091e+000 5.690000e+000 5.906033e-001
      vertex   1.126538e+000 5.990000e+000 6.975226e-001
      vertex   1.186091e+000 5.990000e+000 5.906033e-001
    endloop
  endfacet
  facet normal -9.147939e-001 -5.409812e-015 -4.039210e-001
    outer loop
      vertex   1.235526e+000 5.690000e+000 4.786452e-001
      vertex   1.186091e+000 5.990000e+000 5.906033e-001
      vertex   1.235526e+000 5.990000e+000 4.786452e-001
    endloop
  endfacet
  facet normal -9.481606e-001 -5.622425e-015 -3.177914e-001
    outer loop
      vertex   1.274419e+000 5.690000e+000 3.626035e-001
      vertex   1.235526e+000 5.990000e+000 4.786452e-001
      vertex   1.274419e+000 5.990000e+000 3.626035e-001
    endloop
  endfacet
  facet normal -9.734381e-001 -5.315317e-015 -2.289505e-001
    outer loop
      vertex   1.302439e+000 5.690000e+000 2.434681e-001
      vertex   1.274419e+000 5.990000e+000 3.626035e-001
      vertex   1.302439e+000 5.990000e+000 2.434681e-001
    endloop
  endfacet
  facet normal -9.904104e-001 -6.331134e-015 -1.381564e-001
    outer loop
      vertex   1.319348e+000 5.690000e+000 1.222556e-001
      vertex   1.302439e+000 5.990000e+000 2.434681e-001
      vertex   1.319348e+000 5.990000e+000 1.222556e-001
    endloop
  endfacet
  facet normal -9.989330e-001 -5.176528e-015 -4.618346e-002
    outer loop
      vertex   1.325000e+000 5.690000e+000 1.622657e-016
      vertex   1.319348e+000 5.990000e+000 1.222556e-001
      vertex   1.325000e+000 5.990000e+000 1.622657e-016
    endloop
  endfacet
  facet normal -9.989330e-001 -5.175512e-015 4.618346e-002
    outer loop
      vertex   1.319348e+000 5.690000e+000 -1.222556e-001
      vertex   1.325000e+000 5.690000e+000 1.622657e-016
      vertex   1.325000e+000 5.990000e+000 1.622657e-016
    endloop
  endfacet
  facet normal -9.481606e-001 -5.614239e-015 3.177914e-001
    outer loop
      vertex   1.274419e+000 5.690000e+000 -3.626035e-001
      vertex   1.274419e+000 5.990000e+000 -3.626035e-001
      vertex   1.235526e+000 5.690000e+000 -4.786452e-001
    endloop
  endfacet
  facet normal -9.147939e-001 -5.416668e-015 4.039210e-001
    outer loop
      vertex   1.235526e+000 5.690000e+000 -4.786452e-001
      vertex   1.235526e+000 5.990000e+000 -4.786452e-001
      vertex   1.186091e+000 5.690000e+000 -5.906033e-001
    endloop
  endfacet
  facet normal -8.736224e-001 -4.599982e-015 4.866045e-001
    outer loop
      vertex   1.186091e+000 5.690000e+000 -5.906033e-001
      vertex   1.186091e+000 5.990000e+000 -5.906033e-001
      vertex   1.126538e+000 5.690000e+000 -6.975226e-001
    endloop
  endfacet
  facet normal -8.249975e-001 -4.884966e-015 5.651364e-001
    outer loop
      vertex   1.126538e+000 5.690000e+000 -6.975226e-001
      vertex   1.126538e+000 5.990000e+000 -6.975226e-001
      vertex   1.057373e+000 5.690000e+000 -7.984909e-001
    endloop
  endfacet
  facet normal -7.693340e-001 -4.555372e-015 6.388468e-001
    outer loop
      vertex   1.057373e+000 5.690000e+000 -7.984909e-001
      vertex   1.057373e+000 5.990000e+000 -7.984909e-001
      vertex   9.791868e-001 5.690000e+000 -8.926467e-001
    endloop
  endfacet
  facet normal -7.071068e-001 -3.401867e-015 7.071068e-001
    outer loop
      vertex   9.791868e-001 5.690000e+000 -8.926467e-001
      vertex   9.791868e-001 5.990000e+000 -8.926467e-001
      vertex   8.926467e-001 5.690000e+000 -9.791868e-001
    endloop
  endfacet
  facet normal -6.388468e-001 -3.739472e-015 7.693340e-001
    outer loop
      vertex   8.926467e-001 5.690000e+000 -9.791868e-001
      vertex   8.926467e-001 5.990000e+000 -9.791868e-001
      vertex   7.984909e-001 5.690000e+000 -1.057373e+000
    endloop
  endfacet
  facet normal -5.651364e-001 -3.137137e-015 8.249975e-001
    outer loop
      vertex   7.984909e-001 5.690000e+000 -1.057373e+000
      vertex   7.984909e-001 5.990000e+000 -1.057373e+000
      vertex   6.975226e-001 5.690000e+000 -1.126538e+000
    endloop
  endfacet
  facet normal -4.866045e-001 -2.701197e-015 8.736224e-001
    outer loop
      vertex   6.975226e-001 5.690000e+000 -1.126538e+000
      vertex   6.975226e-001 5.990000e+000 -1.126538e+000
      vertex   5.906033e-001 5.690000e+000 -1.186091e+000
    endloop
  endfacet
  facet normal -4.039210e-001 -2.022411e-015 9.147939e-001
    outer loop
      vertex   5.906033e-001 5.690000e+000 -1.186091e+000
      vertex   5.906033e-001 5.990000e+000 -1.186091e+000
      vertex   4.786452e-001 5.690000e+000 -1.235526e+000
    endloop
  endfacet
  facet normal -3.177914e-001 -1.999310e-015 9.481606e-001
    outer loop
      vertex   4.786452e-001 5.690000e+000 -1.235526e+000
      vertex   4.786452e-001 5.990000e+000 -1.235526e+000
      vertex   3.626035e-001 5.690000e+000 -1.274419e+000
    endloop
  endfacet
  facet normal -2.289505e-001 -1.737234e-015 9.734381e-001
    outer loop
      vertex   3.626035e-001 5.690000e+000 -1.274419e+000
      vertex   3.626035e-001 5.990000e+000 -1.274419e+000
      vertex   2.434681e-001 5.690000e+000 -1.302439e+000
    endloop
  endfacet
  facet normal -1.381564e-001 -1.231550e-015 9.904104e-001
    outer loop
      vertex   2.434681e-001 5.690000e+000 -1.302439e+000
      vertex   2.434681e-001 5.990000e+000 -1.302439e+000
      vertex   1.222556e-001 5.690000e+000 -1.319348e+000
    endloop
  endfacet
  facet normal -4.618346e-002 -3.012344e-016 9.989330e-001
    outer loop
      vertex   1.222556e-001 5.690000e+000 -1.319348e+000
      vertex   1.222556e-001 5.990000e+000 -1.319348e+000
      vertex   -3.482507e-014 5.690000e+000 -1.325000e+000
    endloop
  endfacet
  facet normal 4.618346e-002 2.563697e-016 9.989330e-001
    outer loop
      vertex   -3.482507e-014 5.690000e+000 -1.325000e+000
      vertex   -3.649041e-014 5.990000e+000 -1.325000e+000
      vertex   -1.222556e-001 5.690000e+000 -1.319348e+000
    endloop
  endfacet
  facet normal 1.381564e-001 1.359370e-015 9.904104e-001
    outer loop
      vertex   -1.222556e-001 5.690000e+000 -1.319348e+000
      vertex   -1.222556e-001 5.990000e+000 -1.319348e+000
      vertex   -2.434681e-001 5.690000e+000 -1.302439e+000
    endloop
  endfacet
  facet normal 2.289505e-001 5.931011e-016 9.734381e-001
    outer loop
      vertex   -2.434681e-001 5.690000e+000 -1.302439e+000
      vertex   -2.434681e-001 5.990000e+000 -1.302439e+000
      vertex   -3.626035e-001 5.690000e+000 -1.274419e+000
    endloop
  endfacet
  facet normal 3.177914e-001 1.764097e-015 9.481606e-001
    outer loop
      vertex   -3.626035e-001 5.690000e+000 -1.274419e+000
      vertex   -3.626035e-001 5.990000e+000 -1.274419e+000
      vertex   -4.786452e-001 5.690000e+000 -1.235526e+000
    endloop
  endfacet
  facet normal 4.039210e-001 1.943250e-015 9.147939e-001
    outer loop
      vertex   -4.786452e-001 5.690000e+000 -1.235526e+000
      vertex   -4.786452e-001 5.990000e+000 -1.235526e+000
      vertex   -5.906033e-001 5.690000e+000 -1.186091e+000
    endloop
  endfacet
  facet normal 4.866045e-001 2.447409e-015 8.736224e-001
    outer loop
      vertex   -5.906033e-001 5.690000e+000 -1.186091e+000
      vertex   -5.906033e-001 5.990000e+000 -1.186091e+000
      vertex   -6.975226e-001 5.690000e+000 -1.126538e+000
    endloop
  endfacet
  facet normal 5.651364e-001 3.137137e-015 8.249975e-001
    outer loop
      vertex   -6.975226e-001 5.690000e+000 -1.126538e+000
      vertex   -6.975226e-001 5.990000e+000 -1.126538e+000
      vertex   -7.984909e-001 5.690000e+000 -1.057373e+000
    endloop
  endfacet
  facet normal 6.388468e-001 3.546312e-015 7.693340e-001
    outer loop
      vertex   -7.984909e-001 5.690000e+000 -1.057373e+000
      vertex   -7.984909e-001 5.990000e+000 -1.057373e+000
      vertex   -8.926467e-001 5.690000e+000 -9.791868e-001
    endloop
  endfacet
  facet normal 7.071068e-001 3.925231e-015 7.071068e-001
    outer loop
      vertex   -8.926467e-001 5.690000e+000 -9.791868e-001
      vertex   -8.926467e-001 5.990000e+000 -9.791868e-001
      vertex   -9.791868e-001 5.690000e+000 -8.926467e-001
    endloop
  endfacet
  facet normal 7.693340e-001 4.270661e-015 6.388468e-001
    outer loop
      vertex   -9.791868e-001 5.690000e+000 -8.926467e-001
      vertex   -9.791868e-001 5.990000e+000 -8.926467e-001
      vertex   -1.057373e+000 5.690000e+000 -7.984909e-001
    endloop
  endfacet
  facet normal 8.249975e-001 4.884966e-015 5.651364e-001
    outer loop
      vertex   -1.057373e+000 5.690000e+000 -7.984909e-001
      vertex   -1.057373e+000 5.990000e+000 -7.984909e-001
      vertex   -1.126538e+000 5.690000e+000 -6.975226e-001
    endloop
  endfacet
  facet normal 8.736224e-001 5.246593e-015 4.866045e-001
    outer loop
      vertex   -1.126538e+000 5.690000e+000 -6.975226e-001
      vertex   -1.126538e+000 5.990000e+000 -6.975226e-001
      vertex   -1.186091e+000 5.690000e+000 -5.906033e-001
    endloop
  endfacet
  facet normal 9.147939e-001 5.416668e-015 4.039210e-001
    outer loop
      vertex   -1.186091e+000 5.690000e+000 -5.906033e-001
      vertex   -1.186091e+000 5.990000e+000 -5.906033e-001
      vertex   -1.235526e+000 5.690000e+000 -4.786452e-001
    endloop
  endfacet
  facet normal 9.481606e-001 5.441688e-015 3.177914e-001
    outer loop
      vertex   -1.235526e+000 5.690000e+000 -4.786452e-001
      vertex   -1.235526e+000 5.990000e+000 -4.786452e-001
      vertex   -1.274419e+000 5.690000e+000 -3.626035e-001
    endloop
  endfacet
  facet normal 9.734381e-001 5.763911e-015 2.289505e-001
    outer loop
      vertex   -1.274419e+000 5.690000e+000 -3.626035e-001
      vertex   -1.274419e+000 5.990000e+000 -3.626035e-001
      vertex   -1.302439e+000 5.690000e+000 -2.434681e-001
    endloop
  endfacet
  facet normal 9.904104e-001 5.864408e-015 1.381564e-001
    outer loop
      vertex   -1.302439e+000 5.690000e+000 -2.434681e-001
      vertex   -1.302439e+000 5.990000e+000 -2.434681e-001
      vertex   -1.319348e+000 5.690000e+000 -1.222556e-001
    endloop
  endfacet
  facet normal 9.989330e-001 5.263105e-015 4.618346e-002
    outer loop
      vertex   -1.319348e+000 5.690000e+000 -1.222556e-001
      vertex   -1.319348e+000 5.990000e+000 -1.222556e-001
      vertex   -1.325000e+000 5.690000e+000 0.000000e+000
    endloop
  endfacet
  facet normal 9.989330e-001 5.914871e-015 -4.618346e-002
    outer loop
      vertex   -1.325000e+000 5.690000e+000 0.000000e+000
      vertex   -1.325000e+000 5.990000e+000 0.000000e+000
      vertex   -1.319348e+000 5.690000e+000 1.222556e-001
    endloop
  endfacet
  facet normal 9.904104e-001 6.335427e-015 -1.381564e-001
    outer loop
      vertex   -1.319348e+000 5.690000e+000 1.222556e-001
      vertex   -1.319348e+000 5.990000e+000 1.222556e-001
      vertex   -1.302439e+000 5.690000e+000 2.434681e-001
    endloop
  endfacet
  facet normal 9.734381e-001 5.763911e-015 -2.289505e-001
    outer loop
      vertex   -1.302439e+000 5.690000e+000 2.434681e-001
      vertex   -1.302439e+000 5.990000e+000 2.434681e-001
      vertex   -1.274419e+000 5.690000e+000 3.626035e-001
    endloop
  endfacet
  facet normal 9.481606e-001 5.614239e-015 -3.177914e-001
    outer loop
      vertex   -1.274419e+000 5.690000e+000 3.626035e-001
      vertex   -1.274419e+000 5.990000e+000 3.626035e-001
      vertex   -1.235526e+000 5.690000e+000 4.786452e-001
    endloop
  endfacet
  facet normal 9.147939e-001 5.421088e-015 -4.039210e-001
    outer loop
      vertex   -1.235526e+000 5.690000e+000 4.786452e-001
      vertex   -1.235526e+000 5.990000e+000 4.786452e-001
      vertex   -1.186091e+000 5.690000e+000 5.906033e-001
    endloop
  endfacet
  facet normal 8.736224e-001 5.172884e-015 -4.866045e-001
    outer loop
      vertex   -1.186091e+000 5.690000e+000 5.906033e-001
      vertex   -1.186091e+000 5.990000e+000 5.906033e-001
      vertex   -1.126538e+000 5.690000e+000 6.975226e-001
    endloop
  endfacet
  facet normal 8.249975e-001 4.659017e-015 -5.651364e-001
    outer loop
      vertex   -1.126538e+000 5.690000e+000 6.975226e-001
      vertex   -1.126538e+000 5.990000e+000 6.975226e-001
      vertex   -1.057373e+000 5.690000e+000 7.984909e-001
    endloop
  endfacet
  facet normal 7.693340e-001 4.555372e-015 -6.388468e-001
    outer loop
      vertex   -1.057373e+000 5.690000e+000 7.984909e-001
      vertex   -1.057373e+000 5.990000e+000 7.984909e-001
      vertex   -9.791868e-001 5.690000e+000 8.926467e-001
    endloop
  endfacet
  facet normal 7.071068e-001 3.925231e-015 -7.071068e-001
    outer loop
      vertex   -9.791868e-001 5.690000e+000 8.926467e-001
      vertex   -9.791868e-001 5.990000e+000 8.926467e-001
      vertex   -8.926467e-001 5.690000e+000 9.791868e-001
    endloop
  endfacet
  facet normal 6.388468e-001 3.353152e-015 -7.693340e-001
    outer loop
      vertex   -8.926467e-001 5.690000e+000 9.791868e-001
      vertex   -8.926467e-001 5.990000e+000 9.791868e-001
      vertex   -7.984909e-001 5.690000e+000 1.057373e+000
    endloop
  endfacet
  facet normal 5.651364e-001 3.137137e-015 -8.249975e-001
    outer loop
      vertex   -7.984909e-001 5.690000e+000 1.057373e+000
      vertex   -7.984909e-001 5.990000e+000 1.057373e+000
      vertex   -6.975226e-001 5.690000e+000 1.126538e+000
    endloop
  endfacet
  facet normal 4.866045e-001 2.701197e-015 -8.736224e-001
    outer loop
      vertex   -6.975226e-001 5.690000e+000 1.126538e+000
      vertex   -6.975226e-001 5.990000e+000 1.126538e+000
      vertex   -5.906033e-001 5.690000e+000 1.186091e+000
    endloop
  endfacet
  facet normal 4.039210e-001 2.312533e-015 -9.147939e-001
    outer loop
      vertex   -5.906033e-001 5.690000e+000 1.186091e+000
      vertex   -5.906033e-001 5.990000e+000 1.186091e+000
      vertex   -4.786452e-001 5.690000e+000 1.235526e+000
    endloop
  endfacet
  facet normal 3.177914e-001 1.999310e-015 -9.481606e-001
    outer loop
      vertex   -4.786452e-001 5.690000e+000 1.235526e+000
      vertex   -4.786452e-001 5.990000e+000 1.235526e+000
      vertex   -3.626035e-001 5.690000e+000 1.274419e+000
    endloop
  endfacet
  facet normal 2.289505e-001 1.270931e-015 -9.734381e-001
    outer loop
      vertex   -3.626035e-001 5.690000e+000 1.274419e+000
      vertex   -3.626035e-001 5.990000e+000 1.274419e+000
      vertex   -2.434681e-001 5.690000e+000 1.302439e+000
    endloop
  endfacet
  facet normal 1.381564e-001 1.175947e-015 -9.904104e-001
    outer loop
      vertex   -2.434681e-001 5.690000e+000 1.302439e+000
      vertex   -2.434681e-001 5.990000e+000 1.302439e+000
      vertex   -1.222556e-001 5.690000e+000 1.319348e+000
    endloop
  endfacet
  facet normal 4.618346e-002 -4.359881e-016 -9.989330e-001
    outer loop
      vertex   -1.222556e-001 5.690000e+000 1.319348e+000
      vertex   -1.222556e-001 5.990000e+000 1.319348e+000
      vertex   -3.482507e-014 5.690000e+000 1.325000e+000
    endloop
  endfacet
  facet normal -4.618346e-002 -2.563697e-016 -9.989330e-001
    outer loop
      vertex   -3.482507e-014 5.690000e+000 1.325000e+000
      vertex   -3.649041e-014 5.990000e+000 1.325000e+000
      vertex   1.222556e-001 5.690000e+000 1.319348e+000
    endloop
  endfacet
  facet normal -1.381564e-001 -6.327105e-016 -9.904104e-001
    outer loop
      vertex   1.222556e-001 5.690000e+000 1.319348e+000
      vertex   1.222556e-001 5.990000e+000 1.319348e+000
      vertex   2.434681e-001 5.690000e+000 1.302439e+000
    endloop
  endfacet
  facet normal -2.289505e-001 -9.952678e-016 -9.734381e-001
    outer loop
      vertex   2.434681e-001 5.690000e+000 1.302439e+000
      vertex   2.434681e-001 5.990000e+000 1.302439e+000
      vertex   3.626035e-001 5.690000e+000 1.274419e+000
    endloop
  endfacet
  facet normal -3.177914e-001 -1.415136e-015 -9.481606e-001
    outer loop
      vertex   3.626035e-001 5.690000e+000 1.274419e+000
      vertex   3.626035e-001 5.990000e+000 1.274419e+000
      vertex   4.786452e-001 5.690000e+000 1.235526e+000
    endloop
  endfacet
  facet normal -4.039210e-001 -1.943250e-015 -9.147939e-001
    outer loop
      vertex   4.786452e-001 5.690000e+000 1.235526e+000
      vertex   4.786452e-001 5.990000e+000 1.235526e+000
      vertex   5.906033e-001 5.690000e+000 1.186091e+000
    endloop
  endfacet
  facet normal -4.866045e-001 -3.135066e-015 -8.736224e-001
    outer loop
      vertex   5.906033e-001 5.690000e+000 1.186091e+000
      vertex   5.906033e-001 5.990000e+000 1.186091e+000
      vertex   6.975226e-001 5.690000e+000 1.126538e+000
    endloop
  endfacet
  facet normal -5.651364e-001 -3.137137e-015 -8.249975e-001
    outer loop
      vertex   6.975226e-001 5.690000e+000 1.126538e+000
      vertex   6.975226e-001 5.990000e+000 1.126538e+000
      vertex   7.984909e-001 5.690000e+000 1.057373e+000
    endloop
  endfacet
  facet normal -6.388468e-001 -3.546312e-015 -7.693340e-001
    outer loop
      vertex   7.984909e-001 5.690000e+000 1.057373e+000
      vertex   7.984909e-001 5.990000e+000 1.057373e+000
      vertex   8.926467e-001 5.690000e+000 9.791868e-001
    endloop
  endfacet
  facet normal -7.071068e-001 -3.925231e-015 -7.071068e-001
    outer loop
      vertex   8.926467e-001 5.690000e+000 9.791868e-001
      vertex   8.926467e-001 5.990000e+000 9.791868e-001
      vertex   9.791868e-001 5.690000e+000 8.926467e-001
    endloop
  endfacet
  facet normal -7.693340e-001 -4.936663e-015 -6.388468e-001
    outer loop
      vertex   9.791868e-001 5.690000e+000 8.926467e-001
      vertex   9.791868e-001 5.990000e+000 8.926467e-001
      vertex   1.057373e+000 5.690000e+000 7.984909e-001
    endloop
  endfacet
  facet normal -8.249975e-001 -4.884966e-015 -5.651364e-001
    outer loop
      vertex   1.057373e+000 5.690000e+000 7.984909e-001
      vertex   1.057373e+000 5.990000e+000 7.984909e-001
      vertex   1.126538e+000 5.690000e+000 6.975226e-001
    endloop
  endfacet
  facet normal -8.736224e-001 -5.172884e-015 -4.866045e-001
    outer loop
      vertex   1.126538e+000 5.690000e+000 6.975226e-001
      vertex   1.126538e+000 5.990000e+000 6.975226e-001
      vertex   1.186091e+000 5.690000e+000 5.906033e-001
    endloop
  endfacet
  facet normal -9.147939e-001 -6.172912e-015 -4.039210e-001
    outer loop
      vertex   1.186091e+000 5.690000e+000 5.906033e-001
      vertex   1.186091e+000 5.990000e+000 5.906033e-001
      vertex   1.235526e+000 5.690000e+000 4.786452e-001
    endloop
  endfacet
  facet normal -9.481606e-001 -5.614239e-015 -3.177914e-001
    outer loop
      vertex   1.235526e+000 5.690000e+000 4.786452e-001
      vertex   1.235526e+000 5.990000e+000 4.786452e-001
      vertex   1.274419e+000 5.690000e+000 3.626035e-001
    endloop
  endfacet
  facet normal -9.734381e-001 -5.763911e-015 -2.289505e-001
    outer loop
      vertex   1.274419e+000 5.690000e+000 3.626035e-001
      vertex   1.274419e+000 5.990000e+000 3.626035e-001
      vertex   1.302439e+000 5.690000e+000 2.434681e-001
    endloop
  endfacet
  facet normal -9.904104e-001 -5.595985e-015 -1.381564e-001
    outer loop
      vertex   1.302439e+000 5.690000e+000 2.434681e-001
      vertex   1.302439e+000 5.990000e+000 2.434681e-001
      vertex   1.319348e+000 5.690000e+000 1.222556e-001
    endloop
  endfacet
  facet normal -9.989330e-001 -6.564501e-015 -4.618346e-002
    outer loop
      vertex   1.319348e+000 5.690000e+000 1.222556e-001
      vertex   1.319348e+000 5.990000e+000 1.222556e-001
      vertex   1.325000e+000 5.690000e+000 1.622657e-016
    endloop
  endfacet
  facet normal 2.495762e-014 -1.000000e+000 6.111071e-015
    outer loop
      vertex   1.319348e+000 5.690000e+000 -1.222556e-001
      vertex   1.894425e+000 5.690000e+000 -1.454436e-001
      vertex   1.325000e+000 5.690000e+000 1.622657e-016
    endloop
  endfacet
  facet normal 2.484325e-014 -1.000000e+000 3.274703e-015
    outer loop
      vertex   1.319348e+000 5.690000e+000 -1.222556e-001
      vertex   1.877733e+000 5.690000e+000 -2.900336e-001
      vertex   1.894425e+000 5.690000e+000 -1.454436e-001
    endloop
  endfacet
  facet normal 2.289950e-014 -1.000000e+000 -3.194343e-015
    outer loop
      vertex   1.319348e+000 5.690000e+000 -1.222556e-001
      vertex   1.302439e+000 5.690000e+000 -2.434681e-001
      vertex   1.877733e+000 5.690000e+000 -2.900336e-001
    endloop
  endfacet
  facet normal 2.280014e-014 -1.000000e+000 -4.421827e-015
    outer loop
      vertex   1.877733e+000 5.690000e+000 -2.900336e-001
      vertex   1.302439e+000 5.690000e+000 -2.434681e-001
      vertex   1.850021e+000 5.690000e+000 -4.329217e-001
    endloop
  endfacet
  facet normal 2.221762e-014 -1.000000e+000 -6.105508e-015
    outer loop
      vertex   1.850021e+000 5.690000e+000 -4.329217e-001
      vertex   1.302439e+000 5.690000e+000 -2.434681e-001
      vertex   1.811453e+000 5.690000e+000 -5.732691e-001
    endloop
  endfacet
  facet normal 2.464054e-014 -1.000000e+000 -2.365974e-015
    outer loop
      vertex   1.811453e+000 5.690000e+000 -5.732691e-001
      vertex   1.302439e+000 5.690000e+000 -2.434681e-001
      vertex   1.762255e+000 5.690000e+000 -7.102524e-001
    endloop
  endfacet
  facet normal 1.858471e-014 -1.000000e+000 -8.331390e-015
    outer loop
      vertex   1.762255e+000 5.690000e+000 -7.102524e-001
      vertex   1.302439e+000 5.690000e+000 -2.434681e-001
      vertex   1.702715e+000 5.690000e+000 -8.430677e-001
    endloop
  endfacet
  facet normal 2.285383e-014 -1.000000e+000 -5.481451e-015
    outer loop
      vertex   1.702715e+000 5.690000e+000 -8.430677e-001
      vertex   1.302439e+000 5.690000e+000 -2.434681e-001
      vertex   1.633182e+000 5.690000e+000 -9.709355e-001
    endloop
  endfacet
  facet normal 2.300789e-014 -1.000000e+000 -5.411407e-015
    outer loop
      vertex   1.633182e+000 5.690000e+000 -9.709355e-001
      vertex   1.302439e+000 5.690000e+000 -2.434681e-001
      vertex   1.274419e+000 5.690000e+000 -3.626035e-001
    endloop
  endfacet
  facet normal 2.052111e-014 -1.000000e+000 -6.877984e-015
    outer loop
      vertex   1.235526e+000 5.690000e+000 -4.786452e-001
      vertex   1.633182e+000 5.690000e+000 -9.709355e-001
      vertex   1.274419e+000 5.690000e+000 -3.626035e-001
    endloop
  endfacet
  facet normal 2.512377e-014 -1.000000e+000 -3.160100e-015
    outer loop
      vertex   1.235526e+000 5.690000e+000 -4.786452e-001
      vertex   1.186091e+000 5.690000e+000 -5.906033e-001
      vertex   1.633182e+000 5.690000e+000 -9.709355e-001
    endloop
  endfacet
  facet normal 2.192055e-014 -1.000000e+000 -6.925580e-015
    outer loop
      vertex   1.633182e+000 5.690000e+000 -9.709355e-001
      vertex   1.186091e+000 5.690000e+000 -5.906033e-001
      vertex   1.554066e+000 5.690000e+000 -1.093105e+000
    endloop
  endfacet
  facet normal 1.782207e-014 -1.000000e+000 -9.926829e-015
    outer loop
      vertex   1.554066e+000 5.690000e+000 -1.093105e+000
      vertex   1.186091e+000 5.690000e+000 -5.906033e-001
      vertex   1.126538e+000 5.690000e+000 -6.975226e-001
    endloop
  endfacet
  facet normal 1.652996e-014 -1.000000e+000 -1.132329e-014
    outer loop
      vertex   1.057373e+000 5.690000e+000 -7.984909e-001
      vertex   1.554066e+000 5.690000e+000 -1.093105e+000
      vertex   1.126538e+000 5.690000e+000 -6.975226e-001
    endloop
  endfacet
  facet normal 1.600836e-014 -1.000000e+000 -1.220265e-014
    outer loop
      vertex   1.057373e+000 5.690000e+000 -7.984909e-001
      vertex   1.465829e+000 5.690000e+000 -1.208861e+000
      vertex   1.554066e+000 5.690000e+000 -1.093105e+000
    endloop
  endfacet
  facet normal 2.057780e-014 -1.000000e+000 -7.654517e-015
    outer loop
      vertex   1.057373e+000 5.690000e+000 -7.984909e-001
      vertex   9.791868e-001 5.690000e+000 -8.926467e-001
      vertex   1.465829e+000 5.690000e+000 -1.208861e+000
    endloop
  endfacet
  facet normal 1.954474e-014 -1.000000e+000 -9.244363e-015
    outer loop
      vertex   1.465829e+000 5.690000e+000 -1.208861e+000
      vertex   9.791868e-001 5.690000e+000 -8.926467e-001
      vertex   1.368991e+000 5.690000e+000 -1.317522e+000
    endloop
  endfacet
  facet normal 1.838764e-014 -1.000000e+000 -1.030595e-014
    outer loop
      vertex   1.368991e+000 5.690000e+000 -1.317522e+000
      vertex   9.791868e-001 5.690000e+000 -8.926467e-001
      vertex   1.264119e+000 5.690000e+000 -1.418451e+000
    endloop
  endfacet
  facet normal 1.314625e-014 -1.000000e+000 -1.314625e-014
    outer loop
      vertex   1.264119e+000 5.690000e+000 -1.418451e+000
      vertex   9.791868e-001 5.690000e+000 -8.926467e-001
      vertex   8.926467e-001 5.690000e+000 -9.791868e-001
    endloop
  endfacet
  facet normal 1.757488e-014 -1.000000e+000 -9.804807e-015
    outer loop
      vertex   1.151828e+000 5.690000e+000 -1.511056e+000
      vertex   8.926467e-001 5.690000e+000 -9.791868e-001
      vertex   7.984909e-001 5.690000e+000 -1.057373e+000
    endloop
  endfacet
  facet normal 1.636319e-014 -1.000000e+000 -1.104584e-014
    outer loop
      vertex   1.032778e+000 5.690000e+000 -1.594794e+000
      vertex   7.984909e-001 5.690000e+000 -1.057373e+000
      vertex   6.975226e-001 5.690000e+000 -1.126538e+000
    endloop
  endfacet
  facet normal 7.499211e-015 -1.000000e+000 -1.346366e-014
    outer loop
      vertex   9.076677e-001 5.690000e+000 -1.669173e+000
      vertex   6.975226e-001 5.690000e+000 -1.126538e+000
      vertex   5.906033e-001 5.690000e+000 -1.186091e+000
    endloop
  endfacet
  facet normal 1.249739e-014 -1.000000e+000 -1.033706e-014
    outer loop
      vertex   7.772304e-001 5.690000e+000 -1.733757e+000
      vertex   5.906033e-001 5.690000e+000 -1.186091e+000
      vertex   4.786452e-001 5.690000e+000 -1.235526e+000
    endloop
  endfacet
  facet normal 1.137353e-014 -1.000000e+000 -1.109771e-014
    outer loop
      vertex   6.422321e-001 5.690000e+000 -1.788166e+000
      vertex   4.786452e-001 5.690000e+000 -1.235526e+000
      vertex   3.626035e-001 5.690000e+000 -1.274419e+000
    endloop
  endfacet
  facet normal 1.500170e-014 -1.000000e+000 -1.054481e-014
    outer loop
      vertex   5.034649e-001 5.690000e+000 -1.832082e+000
      vertex   3.626035e-001 5.690000e+000 -1.274419e+000
      vertex   3.617431e-001 5.690000e+000 -1.865246e+000
    endloop
  endfacet
  facet normal 1.012725e-014 -1.000000e+000 -1.177606e-014
    outer loop
      vertex   5.034649e-001 5.690000e+000 -1.832082e+000
      vertex   6.422321e-001 5.690000e+000 -1.788166e+000
      vertex   3.626035e-001 5.690000e+000 -1.274419e+000
    endloop
  endfacet
  facet normal 1.644834e-014 -1.000000e+000 -1.035377e-014
    outer loop
      vertex   1.264119e+000 5.690000e+000 -1.418451e+000
      vertex   8.926467e-001 5.690000e+000 -9.791868e-001
      vertex   1.151828e+000 5.690000e+000 -1.511056e+000
    endloop
  endfacet
  facet normal 1.549595e-014 -1.000000e+000 -1.142391e-014
    outer loop
      vertex   1.151828e+000 5.690000e+000 -1.511056e+000
      vertex   7.984909e-001 5.690000e+000 -1.057373e+000
      vertex   1.032778e+000 5.690000e+000 -1.594794e+000
    endloop
  endfacet
  facet normal 1.945085e-014 -1.000000e+000 -8.835185e-015
    outer loop
      vertex   1.032778e+000 5.690000e+000 -1.594794e+000
      vertex   6.975226e-001 5.690000e+000 -1.126538e+000
      vertex   9.076677e-001 5.690000e+000 -1.669173e+000
    endloop
  endfacet
  facet normal 1.200973e-014 -1.000000e+000 -1.050325e-014
    outer loop
      vertex   9.076677e-001 5.690000e+000 -1.669173e+000
      vertex   5.906033e-001 5.690000e+000 -1.186091e+000
      vertex   7.772304e-001 5.690000e+000 -1.733757e+000
    endloop
  endfacet
  facet normal 1.108624e-014 -1.000000e+000 -1.118276e-014
    outer loop
      vertex   7.772304e-001 5.690000e+000 -1.733757e+000
      vertex   4.786452e-001 5.690000e+000 -1.235526e+000
      vertex   6.422321e-001 5.690000e+000 -1.788166e+000
    endloop
  endfacet
  facet normal 2.475826e-015 -1.000000e+000 -1.052657e-014
    outer loop
      vertex   3.626035e-001 5.690000e+000 -1.274419e+000
      vertex   2.434681e-001 5.690000e+000 -1.302439e+000
      vertex   3.617431e-001 5.690000e+000 -1.865246e+000
    endloop
  endfacet
  facet normal 7.633093e-015 -1.000000e+000 -9.442758e-015
    outer loop
      vertex   3.617431e-001 5.690000e+000 -1.865246e+000
      vertex   2.434681e-001 5.690000e+000 -1.302439e+000
      vertex   2.178985e-001 5.690000e+000 -1.887464e+000
    endloop
  endfacet
  facet normal 8.650861e-015 -1.000000e+000 -9.487241e-015
    outer loop
      vertex   2.178985e-001 5.690000e+000 -1.887464e+000
      vertex   2.434681e-001 5.690000e+000 -1.302439e+000
      vertex   1.222556e-001 5.690000e+000 -1.319348e+000
    endloop
  endfacet
  facet normal 7.720756e-015 -1.000000e+000 -9.859332e-015
    outer loop
      vertex   7.277519e-002 5.690000e+000 -1.898606e+000
      vertex   1.222556e-001 5.690000e+000 -1.319348e+000
      vertex   -3.482507e-014 5.690000e+000 -1.325000e+000
    endloop
  endfacet
  facet normal 6.866716e-015 -1.000000e+000 -8.613266e-015
    outer loop
      vertex   -7.277519e-002 5.690000e+000 -1.898606e+000
      vertex   -3.482507e-014 5.690000e+000 -1.325000e+000
      vertex   -1.222556e-001 5.690000e+000 -1.319348e+000
    endloop
  endfacet
  facet normal 6.093930e-015 -1.000000e+000 -8.842792e-015
    outer loop
      vertex   -2.178985e-001 5.690000e+000 -1.887464e+000
      vertex   -1.222556e-001 5.690000e+000 -1.319348e+000
      vertex   -2.434681e-001 5.690000e+000 -1.302439e+000
    endloop
  endfacet
  facet normal -1.768447e-015 -1.000000e+000 -7.518977e-015
    outer loop
      vertex   -3.617431e-001 5.690000e+000 -1.865246e+000
      vertex   -2.434681e-001 5.690000e+000 -1.302439e+000
      vertex   -3.626035e-001 5.690000e+000 -1.274419e+000
    endloop
  endfacet
  facet normal 4.526547e-015 -1.000000e+000 -5.921413e-015
    outer loop
      vertex   -5.034649e-001 5.690000e+000 -1.832082e+000
      vertex   -3.626035e-001 5.690000e+000 -1.274419e+000
      vertex   -6.422321e-001 5.690000e+000 -1.788166e+000
    endloop
  endfacet
  facet normal 1.077888e-014 -1.000000e+000 -7.500706e-015
    outer loop
      vertex   -5.034649e-001 5.690000e+000 -1.832082e+000
      vertex   -3.617431e-001 5.690000e+000 -1.865246e+000
      vertex   -3.626035e-001 5.690000e+000 -1.274419e+000
    endloop
  endfacet
  facet normal 6.871540e-015 -1.000000e+000 -9.786792e-015
    outer loop
      vertex   2.178985e-001 5.690000e+000 -1.887464e+000
      vertex   1.222556e-001 5.690000e+000 -1.319348e+000
      vertex   7.277519e-002 5.690000e+000 -1.898606e+000
    endloop
  endfacet
  facet normal 1.220441e-014 -1.000000e+000 -9.290476e-015
    outer loop
      vertex   7.277519e-002 5.690000e+000 -1.898606e+000
      vertex   -3.482507e-014 5.690000e+000 -1.325000e+000
      vertex   -7.277519e-002 5.690000e+000 -1.898606e+000
    endloop
  endfacet
  facet normal 5.449591e-015 -1.000000e+000 -8.734317e-015
    outer loop
      vertex   -7.277519e-002 5.690000e+000 -1.898606e+000
      vertex   -1.222556e-001 5.690000e+000 -1.319348e+000
      vertex   -2.178985e-001 5.690000e+000 -1.887464e+000
    endloop
  endfacet
  facet normal 4.799981e-015 -1.000000e+000 -8.899347e-015
    outer loop
      vertex   -2.178985e-001 5.690000e+000 -1.887464e+000
      vertex   -2.434681e-001 5.690000e+000 -1.302439e+000
      vertex   -3.617431e-001 5.690000e+000 -1.865246e+000
    endloop
  endfacet
  facet normal 5.492991e-015 -1.000000e+000 -6.447441e-015
    outer loop
      vertex   -3.626035e-001 5.690000e+000 -1.274419e+000
      vertex   -4.786452e-001 5.690000e+000 -1.235526e+000
      vertex   -6.422321e-001 5.690000e+000 -1.788166e+000
    endloop
  endfacet
  facet normal 4.141825e-015 -1.000000e+000 -6.047483e-015
    outer loop
      vertex   -6.422321e-001 5.690000e+000 -1.788166e+000
      vertex   -4.786452e-001 5.690000e+000 -1.235526e+000
      vertex   -7.772304e-001 5.690000e+000 -1.733757e+000
    endloop
  endfacet
  facet normal 5.028327e-015 -1.000000e+000 -6.578755e-015
    outer loop
      vertex   -7.772304e-001 5.690000e+000 -1.733757e+000
      vertex   -4.786452e-001 5.690000e+000 -1.235526e+000
      vertex   -5.906033e-001 5.690000e+000 -1.186091e+000
    endloop
  endfacet
  facet normal -1.499842e-015 -1.000000e+000 -2.692733e-015
    outer loop
      vertex   -9.076677e-001 5.690000e+000 -1.669173e+000
      vertex   -5.906033e-001 5.690000e+000 -1.186091e+000
      vertex   -6.975226e-001 5.690000e+000 -1.126538e+000
    endloop
  endfacet
  facet normal 5.901990e-015 -1.000000e+000 -4.225623e-015
    outer loop
      vertex   -1.032778e+000 5.690000e+000 -1.594794e+000
      vertex   -6.975226e-001 5.690000e+000 -1.126538e+000
      vertex   -7.984909e-001 5.690000e+000 -1.057373e+000
    endloop
  endfacet
  facet normal 5.728388e-015 -1.000000e+000 -4.461377e-015
    outer loop
      vertex   -1.151828e+000 5.690000e+000 -1.511056e+000
      vertex   -7.984909e-001 5.690000e+000 -1.057373e+000
      vertex   -8.926467e-001 5.690000e+000 -9.791868e-001
    endloop
  endfacet
  facet normal 0.000000e+000 -1.000000e+000 0.000000e+000
    outer loop
      vertex   -1.264119e+000 5.690000e+000 -1.418451e+000
      vertex   -8.926467e-001 5.690000e+000 -9.791868e-001
      vertex   -9.791868e-001 5.690000e+000 -8.926467e-001
    endloop
  endfacet
  facet normal 5.675100e-015 -1.000000e+000 -3.116209e-015
    outer loop
      vertex   -1.368991e+000 5.690000e+000 -1.317522e+000
      vertex   -9.791868e-001 5.690000e+000 -8.926467e-001
      vertex   -1.465829e+000 5.690000e+000 -1.208861e+000
    endloop
  endfacet
  facet normal 5.566229e-015 -1.000000e+000 -3.016325e-015
    outer loop
      vertex   -1.368991e+000 5.690000e+000 -1.317522e+000
      vertex   -1.264119e+000 5.690000e+000 -1.418451e+000
      vertex   -9.791868e-001 5.690000e+000 -8.926467e-001
    endloop
  endfacet
  facet normal 3.765039e-015 -1.000000e+000 -6.148266e-015
    outer loop
      vertex   -7.772304e-001 5.690000e+000 -1.733757e+000
      vertex   -5.906033e-001 5.690000e+000 -1.186091e+000
      vertex   -9.076677e-001 5.690000e+000 -1.669173e+000
    endloop
  endfacet
  facet normal 9.959195e-015 -1.000000e+000 -7.130444e-015
    outer loop
      vertex   -9.076677e-001 5.690000e+000 -1.669173e+000
      vertex   -6.975226e-001 5.690000e+000 -1.126538e+000
      vertex   -1.032778e+000 5.690000e+000 -1.594794e+000
    endloop
  endfacet
  facet normal 4.820074e-015 -1.000000e+000 -3.753965e-015
    outer loop
      vertex   -1.032778e+000 5.690000e+000 -1.594794e+000
      vertex   -7.984909e-001 5.690000e+000 -1.057373e+000
      vertex   -1.151828e+000 5.690000e+000 -1.511056e+000
    endloop
  endfacet
  facet normal 4.659810e-015 -1.000000e+000 -3.940656e-015
    outer loop
      vertex   -1.151828e+000 5.690000e+000 -1.511056e+000
      vertex   -8.926467e-001 5.690000e+000 -9.791868e-001
      vertex   -1.264119e+000 5.690000e+000 -1.418451e+000
    endloop
  endfacet
  facet normal 6.352211e-015 -1.000000e+000 -4.158260e-015
    outer loop
      vertex   -9.791868e-001 5.690000e+000 -8.926467e-001
      vertex   -1.057373e+000 5.690000e+000 -7.984909e-001
      vertex   -1.465829e+000 5.690000e+000 -1.208861e+000
    endloop
  endfacet
  facet normal 1.231413e-015 -1.000000e+000 9.386651e-016
    outer loop
      vertex   -1.465829e+000 5.690000e+000 -1.208861e+000
      vertex   -1.057373e+000 5.690000e+000 -7.984909e-001
      vertex   -1.554066e+000 5.690000e+000 -1.093105e+000
    endloop
  endfacet
  facet normal 1.271535e-015 -1.000000e+000 8.710220e-016
    outer loop
      vertex   -1.554066e+000 5.690000e+000 -1.093105e+000
      vertex   -1.057373e+000 5.690000e+000 -7.984909e-001
      vertex   -1.126538e+000 5.690000e+000 -6.975226e-001
    endloop
  endfacet
  facet normal 2.695802e-015 -1.000000e+000 1.501552e-015
    outer loop
      vertex   -1.633182e+000 5.690000e+000 -9.709355e-001
      vertex   -1.126538e+000 5.690000e+000 -6.975226e-001
      vertex   -1.186091e+000 5.690000e+000 -5.906033e-001
    endloop
  endfacet
  facet normal 7.430966e-015 -1.000000e+000 -4.652039e-015
    outer loop
      vertex   -1.702715e+000 5.690000e+000 -8.430677e-001
      vertex   -1.186091e+000 5.690000e+000 -5.906033e-001
      vertex   -1.235526e+000 5.690000e+000 -4.786452e-001
    endloop
  endfacet
  facet normal 5.374645e-015 -1.000000e+000 -4.553504e-015
    outer loop
      vertex   -1.762255e+000 5.690000e+000 -7.102524e-001
      vertex   -1.235526e+000 5.690000e+000 -4.786452e-001
      vertex   -1.811453e+000 5.690000e+000 -5.732691e-001
    endloop
  endfacet
  facet normal 2.817124e-015 -1.000000e+000 1.262896e-015
    outer loop
      vertex   -1.762255e+000 5.690000e+000 -7.102524e-001
      vertex   -1.702715e+000 5.690000e+000 -8.430677e-001
      vertex   -1.235526e+000 5.690000e+000 -4.786452e-001
    endloop
  endfacet
  facet normal 5.505408e-015 -1.000000e+000 -3.704757e-015
    outer loop
      vertex   -1.554066e+000 5.690000e+000 -1.093105e+000
      vertex   -1.126538e+000 5.690000e+000 -6.975226e-001
      vertex   -1.633182e+000 5.690000e+000 -9.709355e-001
    endloop
  endfacet
  facet normal 6.756552e-015 -1.000000e+000 -3.271971e-015
    outer loop
      vertex   -1.633182e+000 5.690000e+000 -9.709355e-001
      vertex   -1.186091e+000 5.690000e+000 -5.906033e-001
      vertex   -1.702715e+000 5.690000e+000 -8.430677e-001
    endloop
  endfacet
  facet normal 4.385040e-015 -1.000000e+000 1.469717e-015
    outer loop
      vertex   -1.235526e+000 5.690000e+000 -4.786452e-001
      vertex   -1.274419e+000 5.690000e+000 -3.626035e-001
      vertex   -1.811453e+000 5.690000e+000 -5.732691e-001
    endloop
  endfacet
  facet normal 4.478767e-015 -1.000000e+000 1.230787e-015
    outer loop
      vertex   -1.811453e+000 5.690000e+000 -5.732691e-001
      vertex   -1.274419e+000 5.690000e+000 -3.626035e-001
      vertex   -1.850021e+000 5.690000e+000 -4.329217e-001
    endloop
  endfacet
  facet normal 4.499832e-015 -1.000000e+000 1.058351e-015
    outer loop
      vertex   -1.850021e+000 5.690000e+000 -4.329217e-001
      vertex   -1.274419e+000 5.690000e+000 -3.626035e-001
      vertex   -1.302439e+000 5.690000e+000 -2.434681e-001
    endloop
  endfacet
  facet normal 4.579899e-015 -1.000000e+000 6.388687e-016
    outer loop
      vertex   -1.877733e+000 5.690000e+000 -2.900336e-001
      vertex   -1.302439e+000 5.690000e+000 -2.434681e-001
      vertex   -1.319348e+000 5.690000e+000 -1.222556e-001
    endloop
  endfacet
  facet normal 6.166308e-015 -1.000000e+000 2.850856e-016
    outer loop
      vertex   -1.894425e+000 5.690000e+000 -1.454436e-001
      vertex   -1.319348e+000 5.690000e+000 -1.222556e-001
      vertex   -1.325000e+000 5.690000e+000 0.000000e+000
    endloop
  endfacet
  facet normal -3.089316e-015 -1.000000e+000 -3.652171e-014
    outer loop
      vertex   -1.900000e+000 5.690000e+000 0.000000e+000
      vertex   -1.325000e+000 5.690000e+000 0.000000e+000
      vertex   -1.894425e+000 5.690000e+000 1.454436e-001
    endloop
  endfacet
  facet normal -3.089316e-015 -1.000000e+000 3.652171e-014
    outer loop
      vertex   -1.900000e+000 5.690000e+000 0.000000e+000
      vertex   -1.894425e+000 5.690000e+000 -1.454436e-001
      vertex   -1.325000e+000 5.690000e+000 0.000000e+000
    endloop
  endfacet
  facet normal 4.560028e-015 -1.000000e+000 8.843653e-016
    outer loop
      vertex   -1.850021e+000 5.690000e+000 -4.329217e-001
      vertex   -1.302439e+000 5.690000e+000 -2.434681e-001
      vertex   -1.877733e+000 5.690000e+000 -2.900336e-001
    endloop
  endfacet
  facet normal 6.395716e-015 -1.000000e+000 -5.404381e-015
    outer loop
      vertex   -1.877733e+000 5.690000e+000 -2.900336e-001
      vertex   -1.319348e+000 5.690000e+000 -1.222556e-001
      vertex   -1.894425e+000 5.690000e+000 -1.454436e-001
    endloop
  endfacet
  facet normal -8.466604e-015 -1.000000e+000 3.914347e-016
    outer loop
      vertex   -1.319348e+000 5.690000e+000 1.222556e-001
      vertex   -1.368991e+000 5.690000e+000 1.317522e+000
      vertex   -1.325000e+000 5.690000e+000 0.000000e+000
    endloop
  endfacet
  facet normal -4.104796e-015 -1.000000e+000 5.725946e-016
    outer loop
      vertex   -1.319348e+000 5.690000e+000 1.222556e-001
      vertex   -1.302439e+000 5.690000e+000 2.434681e-001
      vertex   -1.368991e+000 5.690000e+000 1.317522e+000
    endloop
  endfacet
  facet normal -2.782803e-015 -1.000000e+000 6.545094e-016
    outer loop
      vertex   -1.368991e+000 5.690000e+000 1.317522e+000
      vertex   -1.302439e+000 5.690000e+000 2.434681e-001
      vertex   -1.274419e+000 5.690000e+000 3.626035e-001
    endloop
  endfacet
  facet normal -2.142107e-015 -1.000000e+000 7.179619e-016
    outer loop
      vertex   -1.235526e+000 5.690000e+000 4.786452e-001
      vertex   -1.368991e+000 5.690000e+000 1.317522e+000
      vertex   -1.274419e+000 5.690000e+000 3.626035e-001
    endloop
  endfacet
  facet normal 1.144500e-014 -1.000000e+000 2.879671e-015
    outer loop
      vertex   -1.235526e+000 5.690000e+000 4.786452e-001
      vertex   -1.186091e+000 5.690000e+000 5.906033e-001
      vertex   -1.368991e+000 5.690000e+000 1.317522e+000
    endloop
  endfacet
  facet normal 0.000000e+000 -1.000000e+000 0.000000e+000
    outer loop
      vertex   -1.368991e+000 5.690000e+000 1.317522e+000
      vertex   -1.186091e+000 5.690000e+000 5.906033e-001
      vertex   -1.126538e+000 5.690000e+000 6.975226e-001
    endloop
  endfacet
  facet normal -0.000000e+000 -1.000000e+000 -0.000000e+000
    outer loop
      vertex   -1.057373e+000 5.690000e+000 7.984909e-001
      vertex   -1.368991e+000 5.690000e+000 1.317522e+000
      vertex   -1.126538e+000 5.690000e+000 6.975226e-001
    endloop
  endfacet
  facet normal 6.592982e-015 -1.000000e+000 3.958326e-015
    outer loop
      vertex   -1.057373e+000 5.690000e+000 7.984909e-001
      vertex   -9.791868e-001 5.690000e+000 8.926467e-001
      vertex   -1.368991e+000 5.690000e+000 1.317522e+000
    endloop
  endfacet
  facet normal 5.566229e-015 -1.000000e+000 3.016325e-015
    outer loop
      vertex   -1.368991e+000 5.690000e+000 1.317522e+000
      vertex   -9.791868e-001 5.690000e+000 8.926467e-001
      vertex   -1.264119e+000 5.690000e+000 1.418451e+000
    endloop
  endfacet
  facet normal 0.000000e+000 -1.000000e+000 0.000000e+000
    outer loop
      vertex   -1.264119e+000 5.690000e+000 1.418451e+000
      vertex   -9.791868e-001 5.690000e+000 8.926467e-001
      vertex   -8.926467e-001 5.690000e+000 9.791868e-001
    endloop
  endfacet
  facet normal 5.728388e-015 -1.000000e+000 4.461377e-015
    outer loop
      vertex   -1.151828e+000 5.690000e+000 1.511056e+000
      vertex   -8.926467e-001 5.690000e+000 9.791868e-001
      vertex   -7.984909e-001 5.690000e+000 1.057373e+000
    endloop
  endfacet
  facet normal 5.901990e-015 -1.000000e+000 4.225623e-015
    outer loop
      vertex   -1.032778e+000 5.690000e+000 1.594794e+000
      vertex   -7.984909e-001 5.690000e+000 1.057373e+000
      vertex   -6.975226e-001 5.690000e+000 1.126538e+000
    endloop
  endfacet
  facet normal -1.499842e-015 -1.000000e+000 2.692733e-015
    outer loop
      vertex   -9.076677e-001 5.690000e+000 1.669173e+000
      vertex   -6.975226e-001 5.690000e+000 1.126538e+000
      vertex   -5.906033e-001 5.690000e+000 1.186091e+000
    endloop
  endfacet
  facet normal 5.028327e-015 -1.000000e+000 6.578755e-015
    outer loop
      vertex   -7.772304e-001 5.690000e+000 1.733757e+000
      vertex   -5.906033e-001 5.690000e+000 1.186091e+000
      vertex   -4.786452e-001 5.690000e+000 1.235526e+000
    endloop
  endfacet
  facet normal 5.492991e-015 -1.000000e+000 6.447441e-015
    outer loop
      vertex   -6.422321e-001 5.690000e+000 1.788166e+000
      vertex   -4.786452e-001 5.690000e+000 1.235526e+000
      vertex   -3.626035e-001 5.690000e+000 1.274419e+000
    endloop
  endfacet
  facet normal 1.077888e-014 -1.000000e+000 7.500706e-015
    outer loop
      vertex   -5.034649e-001 5.690000e+000 1.832082e+000
      vertex   -3.626035e-001 5.690000e+000 1.274419e+000
      vertex   -3.617431e-001 5.690000e+000 1.865246e+000
    endloop
  endfacet
  facet normal 4.526547e-015 -1.000000e+000 5.921413e-015
    outer loop
      vertex   -5.034649e-001 5.690000e+000 1.832082e+000
      vertex   -6.422321e-001 5.690000e+000 1.788166e+000
      vertex   -3.626035e-001 5.690000e+000 1.274419e+000
    endloop
  endfacet
  facet normal 4.659810e-015 -1.000000e+000 3.940656e-015
    outer loop
      vertex   -1.264119e+000 5.690000e+000 1.418451e+000
      vertex   -8.926467e-001 5.690000e+000 9.791868e-001
      vertex   -1.151828e+000 5.690000e+000 1.511056e+000
    endloop
  endfacet
  facet normal 4.820074e-015 -1.000000e+000 3.753965e-015
    outer loop
      vertex   -1.151828e+000 5.690000e+000 1.511056e+000
      vertex   -7.984909e-001 5.690000e+000 1.057373e+000
      vertex   -1.032778e+000 5.690000e+000 1.594794e+000
    endloop
  endfacet
  facet normal 9.959195e-015 -1.000000e+000 7.130444e-015
    outer loop
      vertex   -1.032778e+000 5.690000e+000 1.594794e+000
      vertex   -6.975226e-001 5.690000e+000 1.126538e+000
      vertex   -9.076677e-001 5.690000e+000 1.669173e+000
    endloop
  endfacet
  facet normal 3.765039e-015 -1.000000e+000 6.148266e-015
    outer loop
      vertex   -9.076677e-001 5.690000e+000 1.669173e+000
      vertex   -5.906033e-001 5.690000e+000 1.186091e+000
      vertex   -7.772304e-001 5.690000e+000 1.733757e+000
    endloop
  endfacet
  facet normal 4.141825e-015 -1.000000e+000 6.047483e-015
    outer loop
      vertex   -7.772304e-001 5.690000e+000 1.733757e+000
      vertex   -4.786452e-001 5.690000e+000 1.235526e+000
      vertex   -6.422321e-001 5.690000e+000 1.788166e+000
    endloop
  endfacet
  facet normal -1.768447e-015 -1.000000e+000 7.518977e-015
    outer loop
      vertex   -3.626035e-001 5.690000e+000 1.274419e+000
      vertex   -2.434681e-001 5.690000e+000 1.302439e+000
      vertex   -3.617431e-001 5.690000e+000 1.865246e+000
    endloop
  endfacet
  facet normal 4.799981e-015 -1.000000e+000 8.899347e-015
    outer loop
      vertex   -3.617431e-001 5.690000e+000 1.865246e+000
      vertex   -2.434681e-001 5.690000e+000 1.302439e+000
      vertex   -2.178985e-001 5.690000e+000 1.887464e+000
    endloop
  endfacet
  facet normal 6.093930e-015 -1.000000e+000 8.842792e-015
    outer loop
      vertex   -2.178985e-001 5.690000e+000 1.887464e+000
      vertex   -2.434681e-001 5.690000e+000 1.302439e+000
      vertex   -1.222556e-001 5.690000e+000 1.319348e+000
    endloop
  endfacet
  facet normal 6.866716e-015 -1.000000e+000 8.613266e-015
    outer loop
      vertex   -7.277519e-002 5.690000e+000 1.898606e+000
      vertex   -1.222556e-001 5.690000e+000 1.319348e+000
      vertex   -3.482507e-014 5.690000e+000 1.325000e+000
    endloop
  endfacet
  facet normal 7.720756e-015 -1.000000e+000 9.859332e-015
    outer loop
      vertex   7.277519e-002 5.690000e+000 1.898606e+000
      vertex   -3.482507e-014 5.690000e+000 1.325000e+000
      vertex   1.222556e-001 5.690000e+000 1.319348e+000
    endloop
  endfacet
  facet normal 8.650861e-015 -1.000000e+000 9.487241e-015
    outer loop
      vertex   2.178985e-001 5.690000e+000 1.887464e+000
      vertex   1.222556e-001 5.690000e+000 1.319348e+000
      vertex   2.434681e-001 5.690000e+000 1.302439e+000
    endloop
  endfacet
  facet normal 2.475826e-015 -1.000000e+000 1.052657e-014
    outer loop
      vertex   3.617431e-001 5.690000e+000 1.865246e+000
      vertex   2.434681e-001 5.690000e+000 1.302439e+000
      vertex   3.626035e-001 5.690000e+000 1.274419e+000
    endloop
  endfacet
  facet normal 1.012725e-014 -1.000000e+000 1.177606e-014
    outer loop
      vertex   5.034649e-001 5.690000e+000 1.832082e+000
      vertex   3.626035e-001 5.690000e+000 1.274419e+000
      vertex   6.422321e-001 5.690000e+000 1.788166e+000
    endloop
  endfacet
  facet normal 1.500170e-014 -1.000000e+000 1.054481e-014
    outer loop
      vertex   5.034649e-001 5.690000e+000 1.832082e+000
      vertex   3.617431e-001 5.690000e+000 1.865246e+000
      vertex   3.626035e-001 5.690000e+000 1.274419e+000
    endloop
  endfacet
  facet normal 5.449591e-015 -1.000000e+000 8.734317e-015
    outer loop
      vertex   -2.178985e-001 5.690000e+000 1.887464e+000
      vertex   -1.222556e-001 5.690000e+000 1.319348e+000
      vertex   -7.277519e-002 5.690000e+000 1.898606e+000
    endloop
  endfacet
  facet normal 1.220441e-014 -1.000000e+000 9.290476e-015
    outer loop
      vertex   -7.277519e-002 5.690000e+000 1.898606e+000
      vertex   -3.482507e-014 5.690000e+000 1.325000e+000
      vertex   7.277519e-002 5.690000e+000 1.898606e+000
    endloop
  endfacet
  facet normal 6.871540e-015 -1.000000e+000 9.786792e-015
    outer loop
      vertex   7.277519e-002 5.690000e+000 1.898606e+000
      vertex   1.222556e-001 5.690000e+000 1.319348e+000
      vertex   2.178985e-001 5.690000e+000 1.887464e+000
    endloop
  endfacet
  facet normal 7.633093e-015 -1.000000e+000 9.442758e-015
    outer loop
      vertex   2.178985e-001 5.690000e+000 1.887464e+000
      vertex   2.434681e-001 5.690000e+000 1.302439e+000
      vertex   3.617431e-001 5.690000e+000 1.865246e+000
    endloop
  endfacet
  facet normal 1.137353e-014 -1.000000e+000 1.109771e-014
    outer loop
      vertex   3.626035e-001 5.690000e+000 1.274419e+000
      vertex   4.786452e-001 5.690000e+000 1.235526e+000
      vertex   6.422321e-001 5.690000e+000 1.788166e+000
    endloop
  endfacet
  facet normal 1.108624e-014 -1.000000e+000 1.118276e-014
    outer loop
      vertex   6.422321e-001 5.690000e+000 1.788166e+000
      vertex   4.786452e-001 5.690000e+000 1.235526e+000
      vertex   7.772304e-001 5.690000e+000 1.733757e+000
    endloop
  endfacet
  facet normal 1.249739e-014 -1.000000e+000 1.033706e-014
    outer loop
      vertex   7.772304e-001 5.690000e+000 1.733757e+000
      vertex   4.786452e-001 5.690000e+000 1.235526e+000
      vertex   5.906033e-001 5.690000e+000 1.186091e+000
    endloop
  endfacet
  facet normal 7.499211e-015 -1.000000e+000 1.346366e-014
    outer loop
      vertex   9.076677e-001 5.690000e+000 1.669173e+000
      vertex   5.906033e-001 5.690000e+000 1.186091e+000
      vertex   6.975226e-001 5.690000e+000 1.126538e+000
    endloop
  endfacet
  facet normal 1.636319e-014 -1.000000e+000 1.104584e-014
    outer loop
      vertex   1.032778e+000 5.690000e+000 1.594794e+000
      vertex   6.975226e-001 5.690000e+000 1.126538e+000
      vertex   7.984909e-001 5.690000e+000 1.057373e+000
    endloop
  endfacet
  facet normal 1.757488e-014 -1.000000e+000 9.804807e-015
    outer loop
      vertex   1.151828e+000 5.690000e+000 1.511056e+000
      vertex   7.984909e-001 5.690000e+000 1.057373e+000
      vertex   8.926467e-001 5.690000e+000 9.791868e-001
    endloop
  endfacet
  facet normal 1.314625e-014 -1.000000e+000 1.314625e-014
    outer loop
      vertex   1.264119e+000 5.690000e+000 1.418451e+000
      vertex   8.926467e-001 5.690000e+000 9.791868e-001
      vertex   9.791868e-001 5.690000e+000 8.926467e-001
    endloop
  endfacet
  facet normal 1.954474e-014 -1.000000e+000 9.244363e-015
    outer loop
      vertex   1.368991e+000 5.690000e+000 1.317522e+000
      vertex   9.791868e-001 5.690000e+000 8.926467e-001
      vertex   1.465829e+000 5.690000e+000 1.208861e+000
    endloop
  endfacet
  facet normal 1.838764e-014 -1.000000e+000 1.030595e-014
    outer loop
      vertex   1.368991e+000 5.690000e+000 1.317522e+000
      vertex   1.264119e+000 5.690000e+000 1.418451e+000
      vertex   9.791868e-001 5.690000e+000 8.926467e-001
    endloop
  endfacet
  facet normal 1.200973e-014 -1.000000e+000 1.050325e-014
    outer loop
      vertex   7.772304e-001 5.690000e+000 1.733757e+000
      vertex   5.906033e-001 5.690000e+000 1.186091e+000
      vertex   9.076677e-001 5.690000e+000 1.669173e+000
    endloop
  endfacet
  facet normal 1.945085e-014 -1.000000e+000 8.835185e-015
    outer loop
      vertex   9.076677e-001 5.690000e+000 1.669173e+000
      vertex   6.975226e-001 5.690000e+000 1.126538e+000
      vertex   1.032778e+000 5.690000e+000 1.594794e+000
    endloop
  endfacet
  facet normal 1.549595e-014 -1.000000e+000 1.142391e-014
    outer loop
      vertex   1.032778e+000 5.690000e+000 1.594794e+000
      vertex   7.984909e-001 5.690000e+000 1.057373e+000
      vertex   1.151828e+000 5.690000e+000 1.511056e+000
    endloop
  endfacet
  facet normal 1.644834e-014 -1.000000e+000 1.035377e-014
    outer loop
      vertex   1.151828e+000 5.690000e+000 1.511056e+000
      vertex   8.926467e-001 5.690000e+000 9.791868e-001
      vertex   1.264119e+000 5.690000e+000 1.418451e+000
    endloop
  endfacet
  facet normal 2.057780e-014 -1.000000e+000 7.654517e-015
    outer loop
      vertex   9.791868e-001 5.690000e+000 8.926467e-001
      vertex   1.057373e+000 5.690000e+000 7.984909e-001
      vertex   1.465829e+000 5.690000e+000 1.208861e+000
    endloop
  endfacet
  facet normal 1.600836e-014 -1.000000e+000 1.220265e-014
    outer loop
      vertex   1.465829e+000 5.690000e+000 1.208861e+000
      vertex   1.057373e+000 5.690000e+000 7.984909e-001
      vertex   1.554066e+000 5.690000e+000 1.093105e+000
    endloop
  endfacet
  facet normal 1.652996e-014 -1.000000e+000 1.132329e-014
    outer loop
      vertex   1.554066e+000 5.690000e+000 1.093105e+000
      vertex   1.057373e+000 5.690000e+000 7.984909e-001
      vertex   1.126538e+000 5.690000e+000 6.975226e-001
    endloop
  endfacet
  facet normal 1.887061e-014 -1.000000e+000 1.051086e-014
    outer loop
      vertex   1.633182e+000 5.690000e+000 9.709355e-001
      vertex   1.126538e+000 5.690000e+000 6.975226e-001
      vertex   1.186091e+000 5.690000e+000 5.906033e-001
    endloop
  endfacet
  facet normal 2.439990e-014 -1.000000e+000 2.840480e-015
    outer loop
      vertex   1.702715e+000 5.690000e+000 8.430677e-001
      vertex   1.186091e+000 5.690000e+000 5.906033e-001
      vertex   1.235526e+000 5.690000e+000 4.786452e-001
    endloop
  endfacet
  facet normal 2.284952e-014 -1.000000e+000 1.722717e-015
    outer loop
      vertex   1.762255e+000 5.690000e+000 7.102524e-001
      vertex   1.235526e+000 5.690000e+000 4.786452e-001
      vertex   1.811453e+000 5.690000e+000 5.732691e-001
    endloop
  endfacet
  facet normal 1.971987e-014 -1.000000e+000 8.840273e-015
    outer loop
      vertex   1.762255e+000 5.690000e+000 7.102524e-001
      vertex   1.702715e+000 5.690000e+000 8.430677e-001
      vertex   1.235526e+000 5.690000e+000 4.786452e-001
    endloop
  endfacet
  facet normal 2.109421e-014 -1.000000e+000 6.390450e-015
    outer loop
      vertex   1.554066e+000 5.690000e+000 1.093105e+000
      vertex   1.126538e+000 5.690000e+000 6.975226e-001
      vertex   1.633182e+000 5.690000e+000 9.709355e-001
    endloop
  endfacet
  facet normal 2.305567e-014 -1.000000e+000 5.591209e-015
    outer loop
      vertex   1.633182e+000 5.690000e+000 9.709355e-001
      vertex   1.186091e+000 5.690000e+000 5.906033e-001
      vertex   1.702715e+000 5.690000e+000 8.430677e-001
    endloop
  endfacet
  facet normal 2.192520e-014 -1.000000e+000 7.348586e-015
    outer loop
      vertex   1.235526e+000 5.690000e+000 4.786452e-001
      vertex   1.274419e+000 5.690000e+000 3.626035e-001
      vertex   1.811453e+000 5.690000e+000 5.732691e-001
    endloop
  endfacet
  facet normal 2.239383e-014 -1.000000e+000 6.153933e-015
    outer loop
      vertex   1.811453e+000 5.690000e+000 5.732691e-001
      vertex   1.274419e+000 5.690000e+000 3.626035e-001
      vertex   1.850021e+000 5.690000e+000 4.329217e-001
    endloop
  endfacet
  facet normal 2.249916e-014 -1.000000e+000 5.291755e-015
    outer loop
      vertex   1.850021e+000 5.690000e+000 4.329217e-001
      vertex   1.274419e+000 5.690000e+000 3.626035e-001
      vertex   1.302439e+000 5.690000e+000 2.434681e-001
    endloop
  endfacet
  facet normal 2.289950e-014 -1.000000e+000 3.194343e-015
    outer loop
      vertex   1.877733e+000 5.690000e+000 2.900336e-001
      vertex   1.302439e+000 5.690000e+000 2.434681e-001
      vertex   1.319348e+000 5.690000e+000 1.222556e-001
    endloop
  endfacet
  facet normal 2.495762e-014 -1.000000e+000 -6.111071e-015
    outer loop
      vertex   1.894425e+000 5.690000e+000 1.454436e-001
      vertex   1.319348e+000 5.690000e+000 1.222556e-001
      vertex   1.325000e+000 5.690000e+000 1.622657e-016
    endloop
  endfacet
  facet normal 2.316987e-014 -1.000000e+000 -8.881212e-016
    outer loop
      vertex   1.900000e+000 5.690000e+000 -6.110866e-016
      vertex   1.325000e+000 5.690000e+000 1.622657e-016
      vertex   1.894425e+000 5.690000e+000 -1.454436e-001
    endloop
  endfacet
  facet normal 2.316987e-014 -1.000000e+000 8.881212e-016
    outer loop
      vertex   1.900000e+000 5.690000e+000 -6.110866e-016
      vertex   1.894425e+000 5.690000e+000 1.454436e-001
      vertex   1.325000e+000 5.690000e+000 1.622657e-016
    endloop
  endfacet
  facet normal 2.280014e-014 -1.000000e+000 4.421827e-015
    outer loop
      vertex   1.850021e+000 5.690000e+000 4.329217e-001
      vertex   1.302439e+000 5.690000e+000 2.434681e-001
      vertex   1.877733e+000 5.690000e+000 2.900336e-001
    endloop
  endfacet
  facet normal 2.484325e-014 -1.000000e+000 -3.274703e-015
    outer loop
      vertex   1.877733e+000 5.690000e+000 2.900336e-001
      vertex   1.319348e+000 5.690000e+000 1.222556e-001
      vertex   1.894425e+000 5.690000e+000 1.454436e-001
    endloop
  endfacet
  facet normal 8.111427e-015 -1.000000e+000 9.449623e-016
    outer loop
      vertex   -1.368991e+000 5.690000e+000 1.317522e+000
      vertex   -1.465829e+000 5.690000e+000 1.208861e+000
      vertex   -1.325000e+000 5.690000e+000 0.000000e+000
    endloop
  endfacet
  facet normal -0.000000e+000 -1.000000e+000 0.000000e+000
    outer loop
      vertex   -1.325000e+000 5.690000e+000 0.000000e+000
      vertex   -1.465829e+000 5.690000e+000 1.208861e+000
      vertex   -1.554066e+000 5.690000e+000 1.093105e+000
    endloop
  endfacet
  facet normal 8.481637e-015 -1.000000e+000 1.777370e-015
    outer loop
      vertex   -1.633182e+000 5.690000e+000 9.709355e-001
      vertex   -1.325000e+000 5.690000e+000 0.000000e+000
      vertex   -1.554066e+000 5.690000e+000 1.093105e+000
    endloop
  endfacet
  facet normal 9.127870e-015 -1.000000e+000 1.982489e-015
    outer loop
      vertex   -1.633182e+000 5.690000e+000 9.709355e-001
      vertex   -1.702715e+000 5.690000e+000 8.430677e-001
      vertex   -1.325000e+000 5.690000e+000 0.000000e+000
    endloop
  endfacet
  facet normal 2.350749e-015 -1.000000e+000 -1.053824e-015
    outer loop
      vertex   -1.325000e+000 5.690000e+000 0.000000e+000
      vertex   -1.702715e+000 5.690000e+000 8.430677e-001
      vertex   -1.762255e+000 5.690000e+000 7.102524e-001
    endloop
  endfacet
  facet normal 9.217237e-015 -1.000000e+000 3.173411e-015
    outer loop
      vertex   -1.811453e+000 5.690000e+000 5.732691e-001
      vertex   -1.325000e+000 5.690000e+000 0.000000e+000
      vertex   -1.762255e+000 5.690000e+000 7.102524e-001
    endloop
  endfacet
  facet normal 4.137540e-015 -1.000000e+000 -1.137016e-015
    outer loop
      vertex   -1.811453e+000 5.690000e+000 5.732691e-001
      vertex   -1.850021e+000 5.690000e+000 4.329217e-001
      vertex   -1.325000e+000 5.690000e+000 0.000000e+000
    endloop
  endfacet
  facet normal 4.375396e-015 -1.000000e+000 -8.485580e-016
    outer loop
      vertex   -1.325000e+000 5.690000e+000 0.000000e+000
      vertex   -1.850021e+000 5.690000e+000 4.329217e-001
      vertex   -1.877733e+000 5.690000e+000 2.900336e-001
    endloop
  endfacet
  facet normal 7.584468e-015 -1.000000e+000 5.267145e-015
    outer loop
      vertex   -1.894425e+000 5.690000e+000 1.454436e-001
      vertex   -1.325000e+000 5.690000e+000 0.000000e+000
      vertex   -1.877733e+000 5.690000e+000 2.900336e-001
    endloop
  endfacet
  facet normal 9.992662e-001 5.160039e-016 3.830273e-002
    outer loop
      vertex   -1.894425e+000 5.260000e+000 -1.454436e-001
      vertex   -1.900000e+000 5.690000e+000 0.000000e+000
      vertex   -1.900000e+000 5.260000e+000 0.000000e+000
    endloop
  endfacet
  facet normal 9.992662e-001 4.986974e-016 3.830273e-002
    outer loop
      vertex   -1.894425e+000 5.260000e+000 -1.454436e-001
      vertex   -1.894425e+000 5.690000e+000 -1.454436e-001
      vertex   -1.900000e+000 5.690000e+000 0.000000e+000
    endloop
  endfacet
  facet normal 9.934021e-001 4.573328e-016 1.146834e-001
    outer loop
      vertex   -1.894425e+000 5.260000e+000 -1.454436e-001
      vertex   -1.877733e+000 5.260000e+000 -2.900336e-001
      vertex   -1.894425e+000 5.690000e+000 -1.454436e-001
    endloop
  endfacet
  facet normal 9.934021e-001 4.093398e-016 1.146834e-001
    outer loop
      vertex   -1.894425e+000 5.690000e+000 -1.454436e-001
      vertex   -1.877733e+000 5.260000e+000 -2.900336e-001
      vertex   -1.877733e+000 5.690000e+000 -2.900336e-001
    endloop
  endfacet
  facet normal 9.817083e-001 3.348866e-016 1.903911e-001
    outer loop
      vertex   -1.877733e+000 5.690000e+000 -2.900336e-001
      vertex   -1.877733e+000 5.260000e+000 -2.900336e-001
      vertex   -1.850021e+000 5.260000e+000 -4.329217e-001
    endloop
  endfacet
  facet normal 9.642535e-001 1.900522e-016 2.649815e-001
    outer loop
      vertex   -1.850021e+000 5.690000e+000 -4.329217e-001
      vertex   -1.850021e+000 5.260000e+000 -4.329217e-001
      vertex   -1.811453e+000 5.260000e+000 -5.732691e-001
    endloop
  endfacet
  facet normal 9.411400e-001 -3.764977e-017 3.380169e-001
    outer loop
      vertex   -1.811453e+000 5.690000e+000 -5.732691e-001
      vertex   -1.811453e+000 5.260000e+000 -5.732691e-001
      vertex   -1.762255e+000 5.260000e+000 -7.102524e-001
    endloop
  endfacet
  facet normal 9.125036e-001 9.745831e-017 4.090686e-001
    outer loop
      vertex   -1.762255e+000 5.690000e+000 -7.102524e-001
      vertex   -1.762255e+000 5.260000e+000 -7.102524e-001
      vertex   -1.702715e+000 5.260000e+000 -8.430677e-001
    endloop
  endfacet
  facet normal 8.785123e-001 -2.027911e-016 4.777198e-001
    outer loop
      vertex   -1.702715e+000 5.690000e+000 -8.430677e-001
      vertex   -1.702715e+000 5.260000e+000 -8.430677e-001
      vertex   -1.633182e+000 5.260000e+000 -9.709355e-001
    endloop
  endfacet
  facet normal 8.393654e-001 -5.365769e-016 5.435676e-001
    outer loop
      vertex   -1.633182e+000 5.690000e+000 -9.709355e-001
      vertex   -1.633182e+000 5.260000e+000 -9.709355e-001
      vertex   -1.554066e+000 5.260000e+000 -1.093105e+000
    endloop
  endfacet
  facet normal 7.952929e-001 -6.462396e-016 6.062254e-001
    outer loop
      vertex   -1.554066e+000 5.690000e+000 -1.093105e+000
      vertex   -1.554066e+000 5.260000e+000 -1.093105e+000
      vertex   -1.465829e+000 5.260000e+000 -1.208861e+000
    endloop
  endfacet
  facet normal 7.465532e-001 -9.048548e-016 6.653257e-001
    outer loop
      vertex   -1.465829e+000 5.690000e+000 -1.208861e+000
      vertex   -1.465829e+000 5.260000e+000 -1.208861e+000
      vertex   -1.368991e+000 5.260000e+000 -1.317522e+000
    endloop
  endfacet
  facet normal 6.934325e-001 -1.172148e-015 7.205216e-001
    outer loop
      vertex   -1.368991e+000 5.690000e+000 -1.317522e+000
      vertex   -1.368991e+000 5.260000e+000 -1.317522e+000
      vertex   -1.264119e+000 5.260000e+000 -1.418451e+000
    endloop
  endfacet
  facet normal 6.362424e-001 -1.145963e-015 7.714892e-001
    outer loop
      vertex   -1.264119e+000 5.690000e+000 -1.418451e+000
      vertex   -1.264119e+000 5.260000e+000 -1.418451e+000
      vertex   -1.151828e+000 5.260000e+000 -1.511056e+000
    endloop
  endfacet
  facet normal 5.753187e-001 -1.893494e-015 8.179294e-001
    outer loop
      vertex   -1.151828e+000 5.690000e+000 -1.511056e+000
      vertex   -1.151828e+000 5.260000e+000 -1.511056e+000
      vertex   -1.032778e+000 5.260000e+000 -1.594794e+000
    endloop
  endfacet
  facet normal 5.110187e-001 -1.967648e-015 8.595696e-001
    outer loop
      vertex   -1.032778e+000 5.690000e+000 -1.594794e+000
      vertex   -1.032778e+000 5.260000e+000 -1.594794e+000
      vertex   -9.076677e-001 5.260000e+000 -1.669173e+000
    endloop
  endfacet
  facet normal 4.437198e-001 -2.560975e-015 8.961656e-001
    outer loop
      vertex   -9.076677e-001 5.690000e+000 -1.669173e+000
      vertex   -9.076677e-001 5.260000e+000 -1.669173e+000
      vertex   -7.772304e-001 5.260000e+000 -1.733757e+000
    endloop
  endfacet
  facet normal 3.738171e-001 -3.341718e-015 9.275025e-001
    outer loop
      vertex   -7.772304e-001 5.690000e+000 -1.733757e+000
      vertex   -7.772304e-001 5.260000e+000 -1.733757e+000
      vertex   -6.422321e-001 5.260000e+000 -1.788166e+000
    endloop
  endfacet
  facet normal 3.017206e-001 -3.184431e-015 9.533964e-001
    outer loop
      vertex   -6.422321e-001 5.690000e+000 -1.788166e+000
      vertex   -6.422321e-001 5.260000e+000 -1.788166e+000
      vertex   -5.034649e-001 5.260000e+000 -1.832082e+000
    endloop
  endfacet
  facet normal 2.278535e-001 -3.466259e-015 9.736954e-001
    outer loop
      vertex   -5.034649e-001 5.690000e+000 -1.832082e+000
      vertex   -5.034649e-001 5.260000e+000 -1.832082e+000
      vertex   -3.617431e-001 5.260000e+000 -1.865246e+000
    endloop
  endfacet
  facet normal 1.526493e-001 -4.334762e-015 9.882804e-001
    outer loop
      vertex   -3.617431e-001 5.690000e+000 -1.865246e+000
      vertex   -3.617431e-001 5.260000e+000 -1.865246e+000
      vertex   -2.178985e-001 5.260000e+000 -1.887464e+000
    endloop
  endfacet
  facet normal 7.654925e-002 -4.733625e-015 9.970658e-001
    outer loop
      vertex   -2.178985e-001 5.690000e+000 -1.887464e+000
      vertex   -2.178985e-001 5.260000e+000 -1.887464e+000
      vertex   -7.277519e-002 5.260000e+000 -1.898606e+000
    endloop
  endfacet
  facet normal 6.302148e-029 -5.163828e-015 1.000000e+000
    outer loop
      vertex   -7.277519e-002 5.690000e+000 -1.898606e+000
      vertex   -7.277519e-002 5.260000e+000 -1.898606e+000
      vertex   7.277519e-002 5.260000e+000 -1.898606e+000
    endloop
  endfacet
  facet normal -7.654925e-002 -5.625491e-015 9.970658e-001
    outer loop
      vertex   7.277519e-002 5.690000e+000 -1.898606e+000
      vertex   7.277519e-002 5.260000e+000 -1.898606e+000
      vertex   2.178985e-001 5.260000e+000 -1.887464e+000
    endloop
  endfacet
  facet normal -1.526493e-001 -6.108335e-015 9.882804e-001
    outer loop
      vertex   2.178985e-001 5.690000e+000 -1.887464e+000
      vertex   2.178985e-001 5.260000e+000 -1.887464e+000
      vertex   3.617431e-001 5.260000e+000 -1.865246e+000
    endloop
  endfacet
  facet normal -2.278535e-001 -6.645816e-015 9.736954e-001
    outer loop
      vertex   3.617431e-001 5.690000e+000 -1.865246e+000
      vertex   3.617431e-001 5.260000e+000 -1.865246e+000
      vertex   5.034649e-001 5.260000e+000 -1.832082e+000
    endloop
  endfacet
  facet normal -3.017206e-001 -6.612104e-015 9.533964e-001
    outer loop
      vertex   5.034649e-001 5.690000e+000 -1.832082e+000
      vertex   5.034649e-001 5.260000e+000 -1.832082e+000
      vertex   6.422321e-001 5.260000e+000 -1.788166e+000
    endloop
  endfacet
  facet normal -3.738171e-001 -7.206007e-015 9.275025e-001
    outer loop
      vertex   6.422321e-001 5.690000e+000 -1.788166e+000
      vertex   6.422321e-001 5.260000e+000 -1.788166e+000
      vertex   7.772304e-001 5.260000e+000 -1.733757e+000
    endloop
  endfacet
  facet normal -4.437198e-001 -8.179149e-015 8.961656e-001
    outer loop
      vertex   7.772304e-001 5.690000e+000 -1.733757e+000
      vertex   7.772304e-001 5.260000e+000 -1.733757e+000
      vertex   9.076677e-001 5.260000e+000 -1.669173e+000
    endloop
  endfacet
  facet normal -5.110187e-001 -8.348843e-015 8.595696e-001
    outer loop
      vertex   9.076677e-001 5.690000e+000 -1.669173e+000
      vertex   9.076677e-001 5.260000e+000 -1.669173e+000
      vertex   1.032778e+000 5.260000e+000 -1.594794e+000
    endloop
  endfacet
  facet normal -5.753187e-001 -8.429356e-015 8.179294e-001
    outer loop
      vertex   1.032778e+000 5.690000e+000 -1.594794e+000
      vertex   1.032778e+000 5.260000e+000 -1.594794e+000
      vertex   1.151828e+000 5.260000e+000 -1.511056e+000
    endloop
  endfacet
  facet normal -6.362424e-001 -8.772329e-015 7.714892e-001
    outer loop
      vertex   1.151828e+000 5.690000e+000 -1.511056e+000
      vertex   1.151828e+000 5.260000e+000 -1.511056e+000
      vertex   1.264119e+000 5.260000e+000 -1.418451e+000
    endloop
  endfacet
  facet normal -6.934325e-001 -9.063822e-015 7.205216e-001
    outer loop
      vertex   1.264119e+000 5.690000e+000 -1.418451e+000
      vertex   1.264119e+000 5.260000e+000 -1.418451e+000
      vertex   1.368991e+000 5.260000e+000 -1.317522e+000
    endloop
  endfacet
  facet normal -7.465532e-001 -9.344070e-015 6.653257e-001
    outer loop
      vertex   1.368991e+000 5.690000e+000 -1.317522e+000
      vertex   1.368991e+000 5.260000e+000 -1.317522e+000
      vertex   1.465829e+000 5.260000e+000 -1.208861e+000
    endloop
  endfacet
  facet normal -7.952929e-001 -9.681102e-015 6.062254e-001
    outer loop
      vertex   1.465829e+000 5.690000e+000 -1.208861e+000
      vertex   1.465829e+000 5.260000e+000 -1.208861e+000
      vertex   1.554066e+000 5.260000e+000 -1.093105e+000
    endloop
  endfacet
  facet normal -8.393654e-001 -9.919377e-015 5.435676e-001
    outer loop
      vertex   1.554066e+000 5.690000e+000 -1.093105e+000
      vertex   1.554066e+000 5.260000e+000 -1.093105e+000
      vertex   1.633182e+000 5.260000e+000 -9.709355e-001
    endloop
  endfacet
  facet normal -8.785123e-001 -1.042975e-014 4.777198e-001
    outer loop
      vertex   1.633182e+000 5.690000e+000 -9.709355e-001
      vertex   1.633182e+000 5.260000e+000 -9.709355e-001
      vertex   1.702715e+000 5.260000e+000 -8.430677e-001
    endloop
  endfacet
  facet normal -9.125036e-001 -1.037459e-014 4.090686e-001
    outer loop
      vertex   1.702715e+000 5.690000e+000 -8.430677e-001
      vertex   1.702715e+000 5.260000e+000 -8.430677e-001
      vertex   1.762255e+000 5.260000e+000 -7.102524e-001
    endloop
  endfacet
  facet normal -9.411400e-001 -1.033068e-014 3.380169e-001
    outer loop
      vertex   1.762255e+000 5.690000e+000 -7.102524e-001
      vertex   1.762255e+000 5.260000e+000 -7.102524e-001
      vertex   1.811453e+000 5.260000e+000 -5.732691e-001
    endloop
  endfacet
  facet normal -9.642535e-001 -1.086690e-014 2.649815e-001
    outer loop
      vertex   1.811453e+000 5.690000e+000 -5.732691e-001
      vertex   1.811453e+000 5.260000e+000 -5.732691e-001
      vertex   1.850021e+000 5.260000e+000 -4.329217e-001
    endloop
  endfacet
  facet normal -9.817083e-001 -1.086689e-014 1.903911e-001
    outer loop
      vertex   1.850021e+000 5.690000e+000 -4.329217e-001
      vertex   1.850021e+000 5.260000e+000 -4.329217e-001
      vertex   1.877733e+000 5.260000e+000 -2.900336e-001
    endloop
  endfacet
  facet normal -9.934021e-001 -1.086132e-014 1.146834e-001
    outer loop
      vertex   1.877733e+000 5.690000e+000 -2.900336e-001
      vertex   1.877733e+000 5.260000e+000 -2.900336e-001
      vertex   1.894425e+000 5.260000e+000 -1.454436e-001
    endloop
  endfacet
  facet normal -9.992662e-001 -1.085092e-014 3.830273e-002
    outer loop
      vertex   1.894425e+000 5.690000e+000 -1.454436e-001
      vertex   1.894425e+000 5.260000e+000 -1.454436e-001
      vertex   1.900000e+000 5.690000e+000 -6.110866e-016
    endloop
  endfacet
  facet normal -9.934021e-001 -1.081661e-014 1.146834e-001
    outer loop
      vertex   1.894425e+000 5.690000e+000 -1.454436e-001
      vertex   1.877733e+000 5.690000e+000 -2.900336e-001
      vertex   1.894425e+000 5.260000e+000 -1.454436e-001
    endloop
  endfacet
  facet normal 9.817083e-001 2.857292e-016 1.903911e-001
    outer loop
      vertex   -1.877733e+000 5.690000e+000 -2.900336e-001
      vertex   -1.850021e+000 5.260000e+000 -4.329217e-001
      vertex   -1.850021e+000 5.690000e+000 -4.329217e-001
    endloop
  endfacet
  facet normal 9.642535e-001 8.742825e-017 2.649815e-001
    outer loop
      vertex   -1.850021e+000 5.690000e+000 -4.329217e-001
      vertex   -1.811453e+000 5.260000e+000 -5.732691e-001
      vertex   -1.811453e+000 5.690000e+000 -5.732691e-001
    endloop
  endfacet
  facet normal 9.411400e-001 2.737927e-016 3.380169e-001
    outer loop
      vertex   -1.811453e+000 5.690000e+000 -5.732691e-001
      vertex   -1.762255e+000 5.260000e+000 -7.102524e-001
      vertex   -1.762255e+000 5.690000e+000 -7.102524e-001
    endloop
  endfacet
  facet normal 9.125036e-001 -8.159692e-018 4.090686e-001
    outer loop
      vertex   -1.762255e+000 5.690000e+000 -7.102524e-001
      vertex   -1.702715e+000 5.260000e+000 -8.430677e-001
      vertex   -1.702715e+000 5.690000e+000 -8.430677e-001
    endloop
  endfacet
  facet normal 8.785123e-001 -3.261343e-016 4.777198e-001
    outer loop
      vertex   -1.702715e+000 5.690000e+000 -8.430677e-001
      vertex   -1.633182e+000 5.260000e+000 -9.709355e-001
      vertex   -1.633182e+000 5.690000e+000 -9.709355e-001
    endloop
  endfacet
  facet normal 8.393654e-001 -3.838320e-016 5.435676e-001
    outer loop
      vertex   -1.633182e+000 5.690000e+000 -9.709355e-001
      vertex   -1.554066e+000 5.260000e+000 -1.093105e+000
      vertex   -1.554066e+000 5.690000e+000 -1.093105e+000
    endloop
  endfacet
  facet normal 7.952929e-001 -6.462396e-016 6.062254e-001
    outer loop
      vertex   -1.554066e+000 5.690000e+000 -1.093105e+000
      vertex   -1.465829e+000 5.260000e+000 -1.208861e+000
      vertex   -1.465829e+000 5.690000e+000 -1.208861e+000
    endloop
  endfacet
  facet normal 7.465532e-001 -8.629103e-016 6.653257e-001
    outer loop
      vertex   -1.465829e+000 5.690000e+000 -1.208861e+000
      vertex   -1.368991e+000 5.260000e+000 -1.317522e+000
      vertex   -1.368991e+000 5.690000e+000 -1.317522e+000
    endloop
  endfacet
  facet normal 6.934325e-001 -8.140716e-016 7.205216e-001
    outer loop
      vertex   -1.368991e+000 5.690000e+000 -1.317522e+000
      vertex   -1.264119e+000 5.260000e+000 -1.418451e+000
      vertex   -1.264119e+000 5.690000e+000 -1.418451e+000
    endloop
  endfacet
  facet normal 6.362424e-001 -1.544347e-015 7.714892e-001
    outer loop
      vertex   -1.264119e+000 5.690000e+000 -1.418451e+000
      vertex   -1.151828e+000 5.260000e+000 -1.511056e+000
      vertex   -1.151828e+000 5.690000e+000 -1.511056e+000
    endloop
  endfacet
  facet normal 5.753187e-001 -1.596409e-015 8.179294e-001
    outer loop
      vertex   -1.151828e+000 5.690000e+000 -1.511056e+000
      vertex   -1.032778e+000 5.260000e+000 -1.594794e+000
      vertex   -1.032778e+000 5.690000e+000 -1.594794e+000
    endloop
  endfacet
  facet normal 5.110187e-001 -2.147634e-015 8.595696e-001
    outer loop
      vertex   -1.032778e+000 5.690000e+000 -1.594794e+000
      vertex   -9.076677e-001 5.260000e+000 -1.669173e+000
      vertex   -9.076677e-001 5.690000e+000 -1.669173e+000
    endloop
  endfacet
  facet normal 4.437198e-001 -2.909175e-015 8.961656e-001
    outer loop
      vertex   -9.076677e-001 5.690000e+000 -1.669173e+000
      vertex   -7.772304e-001 5.260000e+000 -1.733757e+000
      vertex   -7.772304e-001 5.690000e+000 -1.733757e+000
    endloop
  endfacet
  facet normal 3.738171e-001 -2.766255e-015 9.275025e-001
    outer loop
      vertex   -7.772304e-001 5.690000e+000 -1.733757e+000
      vertex   -6.422321e-001 5.260000e+000 -1.788166e+000
      vertex   -6.422321e-001 5.690000e+000 -1.788166e+000
    endloop
  endfacet
  facet normal 3.017206e-001 -3.028628e-015 9.533964e-001
    outer loop
      vertex   -6.422321e-001 5.690000e+000 -1.788166e+000
      vertex   -5.034649e-001 5.260000e+000 -1.832082e+000
      vertex   -5.034649e-001 5.690000e+000 -1.832082e+000
    endloop
  endfacet
  facet normal 2.278535e-001 -3.880814e-015 9.736954e-001
    outer loop
      vertex   -5.034649e-001 5.690000e+000 -1.832082e+000
      vertex   -3.617431e-001 5.260000e+000 -1.865246e+000
      vertex   -3.617431e-001 5.690000e+000 -1.865246e+000
    endloop
  endfacet
  facet normal 1.526493e-001 -4.275643e-015 9.882804e-001
    outer loop
      vertex   -3.617431e-001 5.690000e+000 -1.865246e+000
      vertex   -2.178985e-001 5.260000e+000 -1.887464e+000
      vertex   -2.178985e-001 5.690000e+000 -1.887464e+000
    endloop
  endfacet
  facet normal 7.654925e-002 -4.701508e-015 9.970658e-001
    outer loop
      vertex   -2.178985e-001 5.690000e+000 -1.887464e+000
      vertex   -7.277519e-002 5.260000e+000 -1.898606e+000
      vertex   -7.277519e-002 5.690000e+000 -1.898606e+000
    endloop
  endfacet
  facet normal 6.302148e-029 -5.163828e-015 1.000000e+000
    outer loop
      vertex   -7.277519e-002 5.690000e+000 -1.898606e+000
      vertex   7.277519e-002 5.260000e+000 -1.898606e+000
      vertex   7.277519e-002 5.690000e+000 -1.898606e+000
    endloop
  endfacet
  facet normal -7.654925e-002 -5.652667e-015 9.970658e-001
    outer loop
      vertex   7.277519e-002 5.690000e+000 -1.898606e+000
      vertex   2.178985e-001 5.260000e+000 -1.887464e+000
      vertex   2.178985e-001 5.690000e+000 -1.887464e+000
    endloop
  endfacet
  facet normal -1.526493e-001 -6.187160e-015 9.882804e-001
    outer loop
      vertex   2.178985e-001 5.690000e+000 -1.887464e+000
      vertex   3.617431e-001 5.260000e+000 -1.865246e+000
      vertex   3.617431e-001 5.690000e+000 -1.865246e+000
    endloop
  endfacet
  facet normal -2.278535e-001 -6.172431e-015 9.736954e-001
    outer loop
      vertex   3.617431e-001 5.690000e+000 -1.865246e+000
      vertex   5.034649e-001 5.260000e+000 -1.832082e+000
      vertex   5.034649e-001 5.690000e+000 -1.832082e+000
    endloop
  endfacet
  facet normal -3.017206e-001 -6.767907e-015 9.533964e-001
    outer loop
      vertex   5.034649e-001 5.690000e+000 -1.832082e+000
      vertex   6.422321e-001 5.260000e+000 -1.788166e+000
      vertex   6.422321e-001 5.690000e+000 -1.788166e+000
    endloop
  endfacet
  facet normal -3.738171e-001 -7.781470e-015 9.275025e-001
    outer loop
      vertex   6.422321e-001 5.690000e+000 -1.788166e+000
      vertex   7.772304e-001 5.260000e+000 -1.733757e+000
      vertex   7.772304e-001 5.690000e+000 -1.733757e+000
    endloop
  endfacet
  facet normal -4.437198e-001 -7.945514e-015 8.961656e-001
    outer loop
      vertex   7.772304e-001 5.690000e+000 -1.733757e+000
      vertex   9.076677e-001 5.260000e+000 -1.669173e+000
      vertex   9.076677e-001 5.690000e+000 -1.669173e+000
    endloop
  endfacet
  facet normal -5.110187e-001 -8.036917e-015 8.595696e-001
    outer loop
      vertex   9.076677e-001 5.690000e+000 -1.669173e+000
      vertex   1.032778e+000 5.260000e+000 -1.594794e+000
      vertex   1.032778e+000 5.690000e+000 -1.594794e+000
    endloop
  endfacet
  facet normal -5.753187e-001 -8.429356e-015 8.179294e-001
    outer loop
      vertex   1.032778e+000 5.690000e+000 -1.594794e+000
      vertex   1.151828e+000 5.260000e+000 -1.511056e+000
      vertex   1.151828e+000 5.690000e+000 -1.511056e+000
    endloop
  endfacet
  facet normal -6.362424e-001 -8.772329e-015 7.714892e-001
    outer loop
      vertex   1.151828e+000 5.690000e+000 -1.511056e+000
      vertex   1.264119e+000 5.260000e+000 -1.418451e+000
      vertex   1.264119e+000 5.690000e+000 -1.418451e+000
    endloop
  endfacet
  facet normal -6.934325e-001 -9.049834e-015 7.205216e-001
    outer loop
      vertex   1.264119e+000 5.690000e+000 -1.418451e+000
      vertex   1.368991e+000 5.260000e+000 -1.317522e+000
      vertex   1.368991e+000 5.690000e+000 -1.317522e+000
    endloop
  endfacet
  facet normal -7.465532e-001 -9.386014e-015 6.653257e-001
    outer loop
      vertex   1.368991e+000 5.690000e+000 -1.317522e+000
      vertex   1.465829e+000 5.260000e+000 -1.208861e+000
      vertex   1.465829e+000 5.690000e+000 -1.208861e+000
    endloop
  endfacet
  facet normal -7.952929e-001 -9.681102e-015 6.062254e-001
    outer loop
      vertex   1.465829e+000 5.690000e+000 -1.208861e+000
      vertex   1.554066e+000 5.260000e+000 -1.093105e+000
      vertex   1.554066e+000 5.690000e+000 -1.093105e+000
    endloop
  endfacet
  facet normal -8.393654e-001 -1.021247e-014 5.435676e-001
    outer loop
      vertex   1.554066e+000 5.690000e+000 -1.093105e+000
      vertex   1.633182e+000 5.260000e+000 -9.709355e-001
      vertex   1.633182e+000 5.690000e+000 -9.709355e-001
    endloop
  endfacet
  facet normal -8.785123e-001 -1.018306e-014 4.777198e-001
    outer loop
      vertex   1.633182e+000 5.690000e+000 -9.709355e-001
      vertex   1.702715e+000 5.260000e+000 -8.430677e-001
      vertex   1.702715e+000 5.690000e+000 -8.430677e-001
    endloop
  endfacet
  facet normal -9.125036e-001 -1.016335e-014 4.090686e-001
    outer loop
      vertex   1.702715e+000 5.690000e+000 -8.430677e-001
      vertex   1.762255e+000 5.260000e+000 -7.102524e-001
      vertex   1.762255e+000 5.690000e+000 -7.102524e-001
    endloop
  endfacet
  facet normal -9.411400e-001 -1.072940e-014 3.380169e-001
    outer loop
      vertex   1.762255e+000 5.690000e+000 -7.102524e-001
      vertex   1.811453e+000 5.260000e+000 -5.732691e-001
      vertex   1.811453e+000 5.690000e+000 -5.732691e-001
    endloop
  endfacet
  facet normal -9.642535e-001 -1.076427e-014 2.649815e-001
    outer loop
      vertex   1.811453e+000 5.690000e+000 -5.732691e-001
      vertex   1.850021e+000 5.260000e+000 -4.329217e-001
      vertex   1.850021e+000 5.690000e+000 -4.329217e-001
    endloop
  endfacet
  facet normal -9.817083e-001 -1.079316e-014 1.903911e-001
    outer loop
      vertex   1.850021e+000 5.690000e+000 -4.329217e-001
      vertex   1.877733e+000 5.260000e+000 -2.900336e-001
      vertex   1.877733e+000 5.690000e+000 -2.900336e-001
    endloop
  endfacet
  facet normal -9.992662e-001 -1.083608e-014 3.830273e-002
    outer loop
      vertex   1.894425e+000 5.260000e+000 -1.454436e-001
      vertex   1.900000e+000 5.260000e+000 -6.110866e-016
      vertex   1.900000e+000 5.690000e+000 -6.110866e-016
    endloop
  endfacet
  facet normal -9.992662e-001 -1.083608e-014 -3.830273e-002
    outer loop
      vertex   1.900000e+000 5.690000e+000 -6.110866e-016
      vertex   1.900000e+000 5.260000e+000 -6.110866e-016
      vertex   1.894425e+000 5.690000e+000 1.454436e-001
    endloop
  endfacet
  facet normal -9.992662e-001 -1.085126e-014 -3.830273e-002
    outer loop
      vertex   1.894425e+000 5.690000e+000 1.454436e-001
      vertex   1.900000e+000 5.260000e+000 -6.110866e-016
      vertex   1.894425e+000 5.260000e+000 1.454436e-001
    endloop
  endfacet
  facet normal -9.934021e-001 -1.081691e-014 -1.146834e-001
    outer loop
      vertex   1.877733e+000 5.260000e+000 2.900336e-001
      vertex   1.894425e+000 5.690000e+000 1.454436e-001
      vertex   1.894425e+000 5.260000e+000 1.454436e-001
    endloop
  endfacet
  facet normal -9.934021e-001 -1.086132e-014 -1.146834e-001
    outer loop
      vertex   1.877733e+000 5.260000e+000 2.900336e-001
      vertex   1.877733e+000 5.690000e+000 2.900336e-001
      vertex   1.894425e+000 5.690000e+000 1.454436e-001
    endloop
  endfacet
  facet normal -9.817083e-001 -1.079583e-014 -1.903911e-001
    outer loop
      vertex   1.877733e+000 5.260000e+000 2.900336e-001
      vertex   1.850021e+000 5.260000e+000 4.329217e-001
      vertex   1.877733e+000 5.690000e+000 2.900336e-001
    endloop
  endfacet
  facet normal -9.817083e-001 -1.086689e-014 -1.903911e-001
    outer loop
      vertex   1.877733e+000 5.690000e+000 2.900336e-001
      vertex   1.850021e+000 5.260000e+000 4.329217e-001
      vertex   1.850021e+000 5.690000e+000 4.329217e-001
    endloop
  endfacet
  facet normal -9.642535e-001 -1.076427e-014 -2.649815e-001
    outer loop
      vertex   1.850021e+000 5.690000e+000 4.329217e-001
      vertex   1.850021e+000 5.260000e+000 4.329217e-001
      vertex   1.811453e+000 5.260000e+000 5.732691e-001
    endloop
  endfacet
  facet normal -9.411400e-001 -1.072940e-014 -3.380169e-001
    outer loop
      vertex   1.811453e+000 5.690000e+000 5.732691e-001
      vertex   1.811453e+000 5.260000e+000 5.732691e-001
      vertex   1.762255e+000 5.260000e+000 7.102524e-001
    endloop
  endfacet
  facet normal -9.125036e-001 -1.016335e-014 -4.090686e-001
    outer loop
      vertex   1.762255e+000 5.690000e+000 7.102524e-001
      vertex   1.762255e+000 5.260000e+000 7.102524e-001
      vertex   1.702715e+000 5.260000e+000 8.430677e-001
    endloop
  endfacet
  facet normal -8.785123e-001 -1.018306e-014 -4.777198e-001
    outer loop
      vertex   1.702715e+000 5.690000e+000 8.430677e-001
      vertex   1.702715e+000 5.260000e+000 8.430677e-001
      vertex   1.633182e+000 5.260000e+000 9.709355e-001
    endloop
  endfacet
  facet normal -8.393654e-001 -1.007212e-014 -5.435676e-001
    outer loop
      vertex   1.633182e+000 5.690000e+000 9.709355e-001
      vertex   1.633182e+000 5.260000e+000 9.709355e-001
      vertex   1.554066e+000 5.260000e+000 1.093105e+000
    endloop
  endfacet
  facet normal -7.952929e-001 -9.681102e-015 -6.062254e-001
    outer loop
      vertex   1.554066e+000 5.690000e+000 1.093105e+000
      vertex   1.554066e+000 5.260000e+000 1.093105e+000
      vertex   1.465829e+000 5.260000e+000 1.208861e+000
    endloop
  endfacet
  facet normal -7.465532e-001 -9.386014e-015 -6.653257e-001
    outer loop
      vertex   1.465829e+000 5.690000e+000 1.208861e+000
      vertex   1.465829e+000 5.260000e+000 1.208861e+000
      vertex   1.368991e+000 5.260000e+000 1.317522e+000
    endloop
  endfacet
  facet normal -6.934325e-001 -9.049834e-015 -7.205216e-001
    outer loop
      vertex   1.368991e+000 5.690000e+000 1.317522e+000
      vertex   1.368991e+000 5.260000e+000 1.317522e+000
      vertex   1.264119e+000 5.260000e+000 1.418451e+000
    endloop
  endfacet
  facet normal -6.362424e-001 -8.772329e-015 -7.714892e-001
    outer loop
      vertex   1.264119e+000 5.690000e+000 1.418451e+000
      vertex   1.264119e+000 5.260000e+000 1.418451e+000
      vertex   1.151828e+000 5.260000e+000 1.511056e+000
    endloop
  endfacet
  facet normal -5.753187e-001 -8.429356e-015 -8.179294e-001
    outer loop
      vertex   1.151828e+000 5.690000e+000 1.511056e+000
      vertex   1.151828e+000 5.260000e+000 1.511056e+000
      vertex   1.032778e+000 5.260000e+000 1.594794e+000
    endloop
  endfacet
  facet normal -5.110187e-001 -7.773036e-015 -8.595696e-001
    outer loop
      vertex   1.032778e+000 5.690000e+000 1.594794e+000
      vertex   1.032778e+000 5.260000e+000 1.594794e+000
      vertex   9.076677e-001 5.260000e+000 1.669173e+000
    endloop
  endfacet
  facet normal -4.437198e-001 -7.945514e-015 -8.961656e-001
    outer loop
      vertex   9.076677e-001 5.690000e+000 1.669173e+000
      vertex   9.076677e-001 5.260000e+000 1.669173e+000
      vertex   7.772304e-001 5.260000e+000 1.733757e+000
    endloop
  endfacet
  facet normal -3.738171e-001 -7.302524e-015 -9.275025e-001
    outer loop
      vertex   7.772304e-001 5.690000e+000 1.733757e+000
      vertex   7.772304e-001 5.260000e+000 1.733757e+000
      vertex   6.422321e-001 5.260000e+000 1.788166e+000
    endloop
  endfacet
  facet normal -3.017206e-001 -6.767907e-015 -9.533964e-001
    outer loop
      vertex   6.422321e-001 5.690000e+000 1.788166e+000
      vertex   6.422321e-001 5.260000e+000 1.788166e+000
      vertex   5.034649e-001 5.260000e+000 1.832082e+000
    endloop
  endfacet
  facet normal -2.278535e-001 -6.231261e-015 -9.736954e-001
    outer loop
      vertex   5.034649e-001 5.690000e+000 1.832082e+000
      vertex   5.034649e-001 5.260000e+000 1.832082e+000
      vertex   3.617431e-001 5.260000e+000 1.865246e+000
    endloop
  endfacet
  facet normal -1.526493e-001 -6.187160e-015 -9.882804e-001
    outer loop
      vertex   3.617431e-001 5.690000e+000 1.865246e+000
      vertex   3.617431e-001 5.260000e+000 1.865246e+000
      vertex   2.178985e-001 5.260000e+000 1.887464e+000
    endloop
  endfacet
  facet normal -7.654925e-002 -5.652667e-015 -9.970658e-001
    outer loop
      vertex   2.178985e-001 5.690000e+000 1.887464e+000
      vertex   2.178985e-001 5.260000e+000 1.887464e+000
      vertex   7.277519e-002 5.260000e+000 1.898606e+000
    endloop
  endfacet
  facet normal 6.302148e-029 -5.163828e-015 -1.000000e+000
    outer loop
      vertex   7.277519e-002 5.690000e+000 1.898606e+000
      vertex   7.277519e-002 5.260000e+000 1.898606e+000
      vertex   -7.277519e-002 5.260000e+000 1.898606e+000
    endloop
  endfacet
  facet normal 7.654925e-002 -4.701508e-015 -9.970658e-001
    outer loop
      vertex   -7.277519e-002 5.690000e+000 1.898606e+000
      vertex   -7.277519e-002 5.260000e+000 1.898606e+000
      vertex   -2.178985e-001 5.260000e+000 1.887464e+000
    endloop
  endfacet
  facet normal 1.526493e-001 -4.275643e-015 -9.882804e-001
    outer loop
      vertex   -2.178985e-001 5.690000e+000 1.887464e+000
      vertex   -2.178985e-001 5.260000e+000 1.887464e+000
      vertex   -3.617431e-001 5.260000e+000 1.865246e+000
    endloop
  endfacet
  facet normal 2.278535e-001 -3.851399e-015 -9.736954e-001
    outer loop
      vertex   -3.617431e-001 5.690000e+000 1.865246e+000
      vertex   -3.617431e-001 5.260000e+000 1.865246e+000
      vertex   -5.034649e-001 5.260000e+000 1.832082e+000
    endloop
  endfacet
  facet normal 3.017206e-001 -3.106529e-015 -9.533964e-001
    outer loop
      vertex   -5.034649e-001 5.690000e+000 1.832082e+000
      vertex   -5.034649e-001 5.260000e+000 1.832082e+000
      vertex   -6.422321e-001 5.260000e+000 1.788166e+000
    endloop
  endfacet
  facet normal 3.738171e-001 -2.766255e-015 -9.275025e-001
    outer loop
      vertex   -6.422321e-001 5.690000e+000 1.788166e+000
      vertex   -6.422321e-001 5.260000e+000 1.788166e+000
      vertex   -7.772304e-001 5.260000e+000 1.733757e+000
    endloop
  endfacet
  facet normal 4.437198e-001 -2.909175e-015 -8.961656e-001
    outer loop
      vertex   -7.772304e-001 5.690000e+000 1.733757e+000
      vertex   -7.772304e-001 5.260000e+000 1.733757e+000
      vertex   -9.076677e-001 5.260000e+000 1.669173e+000
    endloop
  endfacet
  facet normal 5.110187e-001 -2.147634e-015 -8.595696e-001
    outer loop
      vertex   -9.076677e-001 5.690000e+000 1.669173e+000
      vertex   -9.076677e-001 5.260000e+000 1.669173e+000
      vertex   -1.032778e+000 5.260000e+000 1.594794e+000
    endloop
  endfacet
  facet normal 5.753187e-001 -1.596409e-015 -8.179294e-001
    outer loop
      vertex   -1.032778e+000 5.690000e+000 1.594794e+000
      vertex   -1.032778e+000 5.260000e+000 1.594794e+000
      vertex   -1.151828e+000 5.260000e+000 1.511056e+000
    endloop
  endfacet
  facet normal 6.362424e-001 -1.544347e-015 -7.714892e-001
    outer loop
      vertex   -1.151828e+000 5.690000e+000 1.511056e+000
      vertex   -1.151828e+000 5.260000e+000 1.511056e+000
      vertex   -1.264119e+000 5.260000e+000 1.418451e+000
    endloop
  endfacet
  facet normal 6.934325e-001 -1.544213e-015 -7.205216e-001
    outer loop
      vertex   -1.264119e+000 5.690000e+000 1.418451e+000
      vertex   -1.264119e+000 5.260000e+000 1.418451e+000
      vertex   -1.368991e+000 5.260000e+000 1.317522e+000
    endloop
  endfacet
  facet normal 7.465532e-001 -8.629103e-016 -6.653257e-001
    outer loop
      vertex   -1.368991e+000 5.690000e+000 1.317522e+000
      vertex   -1.368991e+000 5.260000e+000 1.317522e+000
      vertex   -1.465829e+000 5.260000e+000 1.208861e+000
    endloop
  endfacet
  facet normal 7.952929e-001 -6.462396e-016 -6.062254e-001
    outer loop
      vertex   -1.465829e+000 5.690000e+000 1.208861e+000
      vertex   -1.465829e+000 5.260000e+000 1.208861e+000
      vertex   -1.554066e+000 5.260000e+000 1.093105e+000
    endloop
  endfacet
  facet normal 8.393654e-001 -3.838320e-016 -5.435676e-001
    outer loop
      vertex   -1.554066e+000 5.690000e+000 1.093105e+000
      vertex   -1.554066e+000 5.260000e+000 1.093105e+000
      vertex   -1.633182e+000 5.260000e+000 9.709355e-001
    endloop
  endfacet
  facet normal 8.785123e-001 -4.494774e-016 -4.777198e-001
    outer loop
      vertex   -1.633182e+000 5.690000e+000 9.709355e-001
      vertex   -1.633182e+000 5.260000e+000 9.709355e-001
      vertex   -1.702715e+000 5.260000e+000 8.430677e-001
    endloop
  endfacet
  facet normal 9.125036e-001 -8.159692e-018 -4.090686e-001
    outer loop
      vertex   -1.702715e+000 5.690000e+000 8.430677e-001
      vertex   -1.702715e+000 5.260000e+000 8.430677e-001
      vertex   -1.762255e+000 5.260000e+000 7.102524e-001
    endloop
  endfacet
  facet normal 9.411400e-001 3.610657e-016 -3.380169e-001
    outer loop
      vertex   -1.762255e+000 5.690000e+000 7.102524e-001
      vertex   -1.762255e+000 5.260000e+000 7.102524e-001
      vertex   -1.811453e+000 5.260000e+000 5.732691e-001
    endloop
  endfacet
  facet normal 9.642535e-001 8.742825e-017 -2.649815e-001
    outer loop
      vertex   -1.811453e+000 5.690000e+000 5.732691e-001
      vertex   -1.811453e+000 5.260000e+000 5.732691e-001
      vertex   -1.850021e+000 5.260000e+000 4.329217e-001
    endloop
  endfacet
  facet normal 9.817083e-001 2.857292e-016 -1.903911e-001
    outer loop
      vertex   -1.850021e+000 5.690000e+000 4.329217e-001
      vertex   -1.850021e+000 5.260000e+000 4.329217e-001
      vertex   -1.877733e+000 5.260000e+000 2.900336e-001
    endloop
  endfacet
  facet normal 9.934021e-001 4.241449e-016 -1.146834e-001
    outer loop
      vertex   -1.877733e+000 5.690000e+000 2.900336e-001
      vertex   -1.877733e+000 5.260000e+000 2.900336e-001
      vertex   -1.894425e+000 5.260000e+000 1.454436e-001
    endloop
  endfacet
  facet normal 9.992662e-001 5.011697e-016 -3.830273e-002
    outer loop
      vertex   -1.894425e+000 5.690000e+000 1.454436e-001
      vertex   -1.894425e+000 5.260000e+000 1.454436e-001
      vertex   -1.900000e+000 5.260000e+000 0.000000e+000
    endloop
  endfacet
  facet normal 9.992662e-001 5.162318e-016 -3.830273e-002
    outer loop
      vertex   -1.900000e+000 5.690000e+000 0.000000e+000
      vertex   -1.894425e+000 5.690000e+000 1.454436e-001
      vertex   -1.900000e+000 5.260000e+000 0.000000e+000
    endloop
  endfacet
  facet normal -9.642535e-001 -1.086690e-014 -2.649815e-001
    outer loop
      vertex   1.850021e+000 5.690000e+000 4.329217e-001
      vertex   1.811453e+000 5.260000e+000 5.732691e-001
      vertex   1.811453e+000 5.690000e+000 5.732691e-001
    endloop
  endfacet
  facet normal -9.411400e-001 -1.033068e-014 -3.380169e-001
    outer loop
      vertex   1.811453e+000 5.690000e+000 5.732691e-001
      vertex   1.762255e+000 5.260000e+000 7.102524e-001
      vertex   1.762255e+000 5.690000e+000 7.102524e-001
    endloop
  endfacet
  facet normal -9.125036e-001 -1.037459e-014 -4.090686e-001
    outer loop
      vertex   1.762255e+000 5.690000e+000 7.102524e-001
      vertex   1.702715e+000 5.260000e+000 8.430677e-001
      vertex   1.702715e+000 5.690000e+000 8.430677e-001
    endloop
  endfacet
  facet normal -8.785123e-001 -1.030640e-014 -4.777198e-001
    outer loop
      vertex   1.702715e+000 5.690000e+000 8.430677e-001
      vertex   1.633182e+000 5.260000e+000 9.709355e-001
      vertex   1.633182e+000 5.690000e+000 9.709355e-001
    endloop
  endfacet
  facet normal -8.393654e-001 -9.919377e-015 -5.435676e-001
    outer loop
      vertex   1.633182e+000 5.690000e+000 9.709355e-001
      vertex   1.554066e+000 5.260000e+000 1.093105e+000
      vertex   1.554066e+000 5.690000e+000 1.093105e+000
    endloop
  endfacet
  facet normal -7.952929e-001 -9.681102e-015 -6.062254e-001
    outer loop
      vertex   1.554066e+000 5.690000e+000 1.093105e+000
      vertex   1.465829e+000 5.260000e+000 1.208861e+000
      vertex   1.465829e+000 5.690000e+000 1.208861e+000
    endloop
  endfacet
  facet normal -7.465532e-001 -9.344070e-015 -6.653257e-001
    outer loop
      vertex   1.465829e+000 5.690000e+000 1.208861e+000
      vertex   1.368991e+000 5.260000e+000 1.317522e+000
      vertex   1.368991e+000 5.690000e+000 1.317522e+000
    endloop
  endfacet
  facet normal -6.934325e-001 -9.063822e-015 -7.205216e-001
    outer loop
      vertex   1.368991e+000 5.690000e+000 1.317522e+000
      vertex   1.264119e+000 5.260000e+000 1.418451e+000
      vertex   1.264119e+000 5.690000e+000 1.418451e+000
    endloop
  endfacet
  facet normal -6.362424e-001 -8.772329e-015 -7.714892e-001
    outer loop
      vertex   1.264119e+000 5.690000e+000 1.418451e+000
      vertex   1.151828e+000 5.260000e+000 1.511056e+000
      vertex   1.151828e+000 5.690000e+000 1.511056e+000
    endloop
  endfacet
  facet normal -5.753187e-001 -8.132272e-015 -8.179294e-001
    outer loop
      vertex   1.151828e+000 5.690000e+000 1.511056e+000
      vertex   1.032778e+000 5.260000e+000 1.594794e+000
      vertex   1.032778e+000 5.690000e+000 1.594794e+000
    endloop
  endfacet
  facet normal -5.110187e-001 -8.348843e-015 -8.595696e-001
    outer loop
      vertex   1.032778e+000 5.690000e+000 1.594794e+000
      vertex   9.076677e-001 5.260000e+000 1.669173e+000
      vertex   9.076677e-001 5.690000e+000 1.669173e+000
    endloop
  endfacet
  facet normal -4.437198e-001 -7.716384e-015 -8.961656e-001
    outer loop
      vertex   9.076677e-001 5.690000e+000 1.669173e+000
      vertex   7.772304e-001 5.260000e+000 1.733757e+000
      vertex   7.772304e-001 5.690000e+000 1.733757e+000
    endloop
  endfacet
  facet normal -3.738171e-001 -7.206007e-015 -9.275025e-001
    outer loop
      vertex   7.772304e-001 5.690000e+000 1.733757e+000
      vertex   6.422321e-001 5.260000e+000 1.788166e+000
      vertex   6.422321e-001 5.690000e+000 1.788166e+000
    endloop
  endfacet
  facet normal -3.017206e-001 -6.690006e-015 -9.533964e-001
    outer loop
      vertex   6.422321e-001 5.690000e+000 1.788166e+000
      vertex   5.034649e-001 5.260000e+000 1.832082e+000
      vertex   5.034649e-001 5.690000e+000 1.832082e+000
    endloop
  endfacet
  facet normal -2.278535e-001 -6.645816e-015 -9.736954e-001
    outer loop
      vertex   5.034649e-001 5.690000e+000 1.832082e+000
      vertex   3.617431e-001 5.260000e+000 1.865246e+000
      vertex   3.617431e-001 5.690000e+000 1.865246e+000
    endloop
  endfacet
  facet normal -1.526493e-001 -6.108335e-015 -9.882804e-001
    outer loop
      vertex   3.617431e-001 5.690000e+000 1.865246e+000
      vertex   2.178985e-001 5.260000e+000 1.887464e+000
      vertex   2.178985e-001 5.690000e+000 1.887464e+000
    endloop
  endfacet
  facet normal -7.654925e-002 -5.625491e-015 -9.970658e-001
    outer loop
      vertex   2.178985e-001 5.690000e+000 1.887464e+000
      vertex   7.277519e-002 5.260000e+000 1.898606e+000
      vertex   7.277519e-002 5.690000e+000 1.898606e+000
    endloop
  endfacet
  facet normal 6.302148e-029 -5.163828e-015 -1.000000e+000
    outer loop
      vertex   7.277519e-002 5.690000e+000 1.898606e+000
      vertex   -7.277519e-002 5.260000e+000 1.898606e+000
      vertex   -7.277519e-002 5.690000e+000 1.898606e+000
    endloop
  endfacet
  facet normal 7.654925e-002 -4.733625e-015 -9.970658e-001
    outer loop
      vertex   -7.277519e-002 5.690000e+000 1.898606e+000
      vertex   -2.178985e-001 5.260000e+000 1.887464e+000
      vertex   -2.178985e-001 5.690000e+000 1.887464e+000
    endloop
  endfacet
  facet normal 1.526493e-001 -4.315055e-015 -9.882804e-001
    outer loop
      vertex   -2.178985e-001 5.690000e+000 1.887464e+000
      vertex   -3.617431e-001 5.260000e+000 1.865246e+000
      vertex   -3.617431e-001 5.690000e+000 1.865246e+000
    endloop
  endfacet
  facet normal 2.278535e-001 -3.525089e-015 -9.736954e-001
    outer loop
      vertex   -3.617431e-001 5.690000e+000 1.865246e+000
      vertex   -5.034649e-001 5.260000e+000 1.832082e+000
      vertex   -5.034649e-001 5.690000e+000 1.832082e+000
    endloop
  endfacet
  facet normal 3.017206e-001 -3.184431e-015 -9.533964e-001
    outer loop
      vertex   -5.034649e-001 5.690000e+000 1.832082e+000
      vertex   -6.422321e-001 5.260000e+000 1.788166e+000
      vertex   -6.422321e-001 5.690000e+000 1.788166e+000
    endloop
  endfacet
  facet normal 3.738171e-001 -3.341718e-015 -9.275025e-001
    outer loop
      vertex   -6.422321e-001 5.690000e+000 1.788166e+000
      vertex   -7.772304e-001 5.260000e+000 1.733757e+000
      vertex   -7.772304e-001 5.690000e+000 1.733757e+000
    endloop
  endfacet
  facet normal 4.437198e-001 -2.560975e-015 -8.961656e-001
    outer loop
      vertex   -7.772304e-001 5.690000e+000 1.733757e+000
      vertex   -9.076677e-001 5.260000e+000 1.669173e+000
      vertex   -9.076677e-001 5.690000e+000 1.669173e+000
    endloop
  endfacet
  facet normal 5.110187e-001 -1.967648e-015 -8.595696e-001
    outer loop
      vertex   -9.076677e-001 5.690000e+000 1.669173e+000
      vertex   -1.032778e+000 5.260000e+000 1.594794e+000
      vertex   -1.032778e+000 5.690000e+000 1.594794e+000
    endloop
  endfacet
  facet normal 5.753187e-001 -1.893494e-015 -8.179294e-001
    outer loop
      vertex   -1.032778e+000 5.690000e+000 1.594794e+000
      vertex   -1.151828e+000 5.260000e+000 1.511056e+000
      vertex   -1.151828e+000 5.690000e+000 1.511056e+000
    endloop
  endfacet
  facet normal 6.362424e-001 -1.872891e-015 -7.714892e-001
    outer loop
      vertex   -1.151828e+000 5.690000e+000 1.511056e+000
      vertex   -1.264119e+000 5.260000e+000 1.418451e+000
      vertex   -1.264119e+000 5.690000e+000 1.418451e+000
    endloop
  endfacet
  facet normal 6.934325e-001 -1.172148e-015 -7.205216e-001
    outer loop
      vertex   -1.264119e+000 5.690000e+000 1.418451e+000
      vertex   -1.368991e+000 5.260000e+000 1.317522e+000
      vertex   -1.368991e+000 5.690000e+000 1.317522e+000
    endloop
  endfacet
  facet normal 7.465532e-001 -9.048548e-016 -6.653257e-001
    outer loop
      vertex   -1.368991e+000 5.690000e+000 1.317522e+000
      vertex   -1.465829e+000 5.260000e+000 1.208861e+000
      vertex   -1.465829e+000 5.690000e+000 1.208861e+000
    endloop
  endfacet
  facet normal 7.952929e-001 -6.462396e-016 -6.062254e-001
    outer loop
      vertex   -1.465829e+000 5.690000e+000 1.208861e+000
      vertex   -1.554066e+000 5.260000e+000 1.093105e+000
      vertex   -1.554066e+000 5.690000e+000 1.093105e+000
    endloop
  endfacet
  facet normal 8.393654e-001 -6.769214e-016 -5.435676e-001
    outer loop
      vertex   -1.554066e+000 5.690000e+000 1.093105e+000
      vertex   -1.633182e+000 5.260000e+000 9.709355e-001
      vertex   -1.633182e+000 5.690000e+000 9.709355e-001
    endloop
  endfacet
  facet normal 8.785123e-001 -2.027911e-016 -4.777198e-001
    outer loop
      vertex   -1.633182e+000 5.690000e+000 9.709355e-001
      vertex   -1.702715e+000 5.260000e+000 8.430677e-001
      vertex   -1.702715e+000 5.690000e+000 8.430677e-001
    endloop
  endfacet
  facet normal 9.125036e-001 2.030763e-016 -4.090686e-001
    outer loop
      vertex   -1.702715e+000 5.690000e+000 8.430677e-001
      vertex   -1.762255e+000 5.260000e+000 7.102524e-001
      vertex   -1.762255e+000 5.690000e+000 7.102524e-001
    endloop
  endfacet
  facet normal 9.411400e-001 -3.764977e-017 -3.380169e-001
    outer loop
      vertex   -1.762255e+000 5.690000e+000 7.102524e-001
      vertex   -1.811453e+000 5.260000e+000 5.732691e-001
      vertex   -1.811453e+000 5.690000e+000 5.732691e-001
    endloop
  endfacet
  facet normal 9.642535e-001 1.900522e-016 -2.649815e-001
    outer loop
      vertex   -1.811453e+000 5.690000e+000 5.732691e-001
      vertex   -1.850021e+000 5.260000e+000 4.329217e-001
      vertex   -1.850021e+000 5.690000e+000 4.329217e-001
    endloop
  endfacet
  facet normal 9.817083e-001 3.594653e-016 -1.903911e-001
    outer loop
      vertex   -1.850021e+000 5.690000e+000 4.329217e-001
      vertex   -1.877733e+000 5.260000e+000 2.900336e-001
      vertex   -1.877733e+000 5.690000e+000 2.900336e-001
    endloop
  endfacet
  facet normal 9.934021e-001 4.685603e-016 -1.146834e-001
    outer loop
      vertex   -1.877733e+000 5.690000e+000 2.900336e-001
      vertex   -1.894425e+000 5.260000e+000 1.454436e-001
      vertex   -1.894425e+000 5.690000e+000 1.454436e-001
    endloop
  endfacet
  facet normal 5.232580e-001 4.863884e-001 -6.997338e-001
    outer loop
      vertex   -1.128121e+000 5.060000e+000 1.389764e+000
      vertex   -1.151828e+000 5.260000e+000 1.511056e+000
      vertex   -1.014138e+000 5.060000e+000 1.475000e+000
    endloop
  endfacet
  facet normal 5.590604e-001 4.773913e-001 -6.779005e-001
    outer loop
      vertex   -1.128121e+000 5.060000e+000 1.389764e+000
      vertex   -1.264119e+000 5.260000e+000 1.418451e+000
      vertex   -1.151828e+000 5.260000e+000 1.511056e+000
    endloop
  endfacet
  facet normal 5.771452e-001 4.865315e-001 -6.558891e-001
    outer loop
      vertex   -1.128121e+000 5.060000e+000 1.389764e+000
      vertex   -1.234972e+000 5.060000e+000 1.295741e+000
      vertex   -1.264119e+000 5.260000e+000 1.418451e+000
    endloop
  endfacet
  facet normal 6.093548e-001 4.772798e-001 -6.331593e-001
    outer loop
      vertex   -1.264119e+000 5.260000e+000 1.418451e+000
      vertex   -1.234972e+000 5.060000e+000 1.295741e+000
      vertex   -1.368991e+000 5.260000e+000 1.317522e+000
    endloop
  endfacet
  facet normal 6.273955e-001 4.866210e-001 -6.079268e-001
    outer loop
      vertex   -1.368991e+000 5.260000e+000 1.317522e+000
      vertex   -1.234972e+000 5.060000e+000 1.295741e+000
      vertex   -1.334014e+000 5.060000e+000 1.193527e+000
    endloop
  endfacet
  facet normal 6.736967e-001 4.866568e-001 -5.561456e-001
    outer loop
      vertex   -1.465829e+000 5.260000e+000 1.208861e+000
      vertex   -1.334014e+000 5.060000e+000 1.193527e+000
      vertex   -1.424623e+000 5.060000e+000 1.083766e+000
    endloop
  endfacet
  facet normal 7.157610e-001 4.866389e-001 -5.008680e-001
    outer loop
      vertex   -1.554066e+000 5.260000e+000 1.093105e+000
      vertex   -1.424623e+000 5.060000e+000 1.083766e+000
      vertex   -1.506225e+000 5.060000e+000 9.671534e-001
    endloop
  endfacet
  facet normal 7.533267e-001 4.865675e-001 -4.424375e-001
    outer loop
      vertex   -1.633182e+000 5.260000e+000 9.709355e-001
      vertex   -1.506225e+000 5.060000e+000 9.671534e-001
      vertex   -1.578304e+000 5.060000e+000 8.444262e-001
    endloop
  endfacet
  facet normal 7.861598e-001 4.864424e-001 -3.812173e-001
    outer loop
      vertex   -1.702715e+000 5.260000e+000 8.430677e-001
      vertex   -1.578304e+000 5.060000e+000 8.444262e-001
      vertex   -1.640405e+000 5.060000e+000 7.163603e-001
    endloop
  endfacet
  facet normal 8.140551e-001 4.862636e-001 -3.175879e-001
    outer loop
      vertex   -1.762255e+000 5.260000e+000 7.102524e-001
      vertex   -1.640405e+000 5.060000e+000 7.163603e-001
      vertex   -1.692134e+000 5.060000e+000 5.837653e-001
    endloop
  endfacet
  facet normal 8.368380e-001 4.860310e-001 -2.519444e-001
    outer loop
      vertex   -1.811453e+000 5.260000e+000 5.732691e-001
      vertex   -1.692134e+000 5.060000e+000 5.837653e-001
      vertex   -1.733165e+000 5.060000e+000 4.474796e-001
    endloop
  endfacet
  facet normal 8.543653e-001 4.857446e-001 -1.846947e-001
    outer loop
      vertex   -1.850021e+000 5.260000e+000 4.329217e-001
      vertex   -1.733165e+000 5.060000e+000 4.474796e-001
      vertex   -1.763239e+000 5.060000e+000 3.083648e-001
    endloop
  endfacet
  facet normal 8.665258e-001 4.854044e-001 -1.162565e-001
    outer loop
      vertex   -1.877733e+000 5.260000e+000 2.900336e-001
      vertex   -1.763239e+000 5.060000e+000 3.083648e-001
      vertex   -1.782165e+000 5.060000e+000 1.673004e-001
    endloop
  endfacet
  facet normal 8.732417e-001 4.850101e-001 -4.705514e-002
    outer loop
      vertex   -1.894425e+000 5.260000e+000 1.454436e-001
      vertex   -1.782165e+000 5.060000e+000 1.673004e-001
      vertex   -1.789823e+000 5.060000e+000 2.517826e-002
    endloop
  endfacet
  facet normal 8.744682e-001 4.845617e-001 2.247919e-002
    outer loop
      vertex   -1.900000e+000 5.260000e+000 0.000000e+000
      vertex   -1.789823e+000 5.060000e+000 2.517826e-002
      vertex   -1.786165e+000 5.060000e+000 -1.171031e-001
    endloop
  endfacet
  facet normal 8.701946e-001 4.840591e-001 9.191400e-002
    outer loop
      vertex   -1.894425e+000 5.260000e+000 -1.454436e-001
      vertex   -1.786165e+000 5.060000e+000 -1.171031e-001
      vertex   -1.771215e+000 5.060000e+000 -2.586440e-001
    endloop
  endfacet
  facet normal 8.604439e-001 4.835020e-001 1.608171e-001
    outer loop
      vertex   -1.877733e+000 5.260000e+000 -2.900336e-001
      vertex   -1.771215e+000 5.060000e+000 -2.586440e-001
      vertex   -1.745067e+000 5.060000e+000 -3.985498e-001
    endloop
  endfacet
  facet normal 8.452727e-001 4.828904e-001 2.287593e-001
    outer loop
      vertex   -1.850021e+000 5.260000e+000 -4.329217e-001
      vertex   -1.745067e+000 5.060000e+000 -3.985498e-001
      vertex   -1.707886e+000 5.060000e+000 -5.359357e-001
    endloop
  endfacet
  facet normal 8.247714e-001 4.822241e-001 2.953170e-001
    outer loop
      vertex   -1.811453e+000 5.260000e+000 -5.732691e-001
      vertex   -1.707886e+000 5.060000e+000 -5.359357e-001
      vertex   -1.659906e+000 5.060000e+000 -6.699333e-001
    endloop
  endfacet
  facet normal 7.997419e-001 4.815366e-001 3.585184e-001
    outer loop
      vertex   -1.762255e+000 5.260000e+000 -7.102524e-001
      vertex   -1.659906e+000 5.060000e+000 -6.699333e-001
      vertex   -1.702715e+000 5.260000e+000 -8.430677e-001
    endloop
  endfacet
  facet normal 8.247245e-001 4.817592e-001 2.962054e-001
    outer loop
      vertex   -1.762255e+000 5.260000e+000 -7.102524e-001
      vertex   -1.811453e+000 5.260000e+000 -5.732691e-001
      vertex   -1.659906e+000 5.060000e+000 -6.699333e-001
    endloop
  endfacet
  facet normal 6.560590e-001 4.772198e-001 -5.846776e-001
    outer loop
      vertex   -1.368991e+000 5.260000e+000 1.317522e+000
      vertex   -1.334014e+000 5.060000e+000 1.193527e+000
      vertex   -1.465829e+000 5.260000e+000 1.208861e+000
    endloop
  endfacet
  facet normal 6.988944e-001 4.772112e-001 -5.327440e-001
    outer loop
      vertex   -1.465829e+000 5.260000e+000 1.208861e+000
      vertex   -1.424623e+000 5.060000e+000 1.083766e+000
      vertex   -1.554066e+000 5.260000e+000 1.093105e+000
    endloop
  endfacet
  facet normal 7.376053e-001 4.772540e-001 -4.776684e-001
    outer loop
      vertex   -1.554066e+000 5.260000e+000 1.093105e+000
      vertex   -1.506225e+000 5.060000e+000 9.671534e-001
      vertex   -1.633182e+000 5.260000e+000 9.709355e-001
    endloop
  endfacet
  facet normal 7.719612e-001 4.773482e-001 -4.197792e-001
    outer loop
      vertex   -1.633182e+000 5.260000e+000 9.709355e-001
      vertex   -1.578304e+000 5.060000e+000 8.444262e-001
      vertex   -1.702715e+000 5.260000e+000 8.430677e-001
    endloop
  endfacet
  facet normal 8.017577e-001 4.774938e-001 -3.594221e-001
    outer loop
      vertex   -1.702715e+000 5.260000e+000 8.430677e-001
      vertex   -1.640405e+000 5.060000e+000 7.163603e-001
      vertex   -1.762255e+000 5.260000e+000 7.102524e-001
    endloop
  endfacet
  facet normal 8.268179e-001 4.776907e-001 -2.969573e-001
    outer loop
      vertex   -1.762255e+000 5.260000e+000 7.102524e-001
      vertex   -1.692134e+000 5.060000e+000 5.837653e-001
      vertex   -1.811453e+000 5.260000e+000 5.732691e-001
    endloop
  endfacet
  facet normal 8.469936e-001 4.779390e-001 -2.327579e-001
    outer loop
      vertex   -1.811453e+000 5.260000e+000 5.732691e-001
      vertex   -1.733165e+000 5.060000e+000 4.474796e-001
      vertex   -1.850021e+000 5.260000e+000 4.329217e-001
    endloop
  endfacet
  facet normal 8.621657e-001 4.782384e-001 -1.672072e-001
    outer loop
      vertex   -1.850021e+000 5.260000e+000 4.329217e-001
      vertex   -1.763239e+000 5.060000e+000 3.083648e-001
      vertex   -1.877733e+000 5.260000e+000 2.900336e-001
    endloop
  endfacet
  facet normal 8.722458e-001 4.785890e-001 -1.006965e-001
    outer loop
      vertex   -1.877733e+000 5.260000e+000 2.900336e-001
      vertex   -1.782165e+000 5.060000e+000 1.673004e-001
      vertex   -1.894425e+000 5.260000e+000 1.454436e-001
    endloop
  endfacet
  facet normal 8.771759e-001 4.789906e-001 -3.362291e-002
    outer loop
      vertex   -1.894425e+000 5.260000e+000 1.454436e-001
      vertex   -1.789823e+000 5.060000e+000 2.517826e-002
      vertex   -1.900000e+000 5.260000e+000 0.000000e+000
    endloop
  endfacet
  facet normal 8.769290e-001 4.794431e-001 3.361344e-002
    outer loop
      vertex   -1.900000e+000 5.260000e+000 0.000000e+000
      vertex   -1.786165e+000 5.060000e+000 -1.171031e-001
      vertex   -1.894425e+000 5.260000e+000 -1.454436e-001
    endloop
  endfacet
  facet normal 8.715095e-001 4.799463e-001 1.006115e-001
    outer loop
      vertex   -1.894425e+000 5.260000e+000 -1.454436e-001
      vertex   -1.771215e+000 5.060000e+000 -2.586440e-001
      vertex   -1.877733e+000 5.260000e+000 -2.900336e-001
    endloop
  endfacet
  facet normal 8.609529e-001 4.805002e-001 1.669720e-001
    outer loop
      vertex   -1.877733e+000 5.260000e+000 -2.900336e-001
      vertex   -1.745067e+000 5.060000e+000 -3.985498e-001
      vertex   -1.850021e+000 5.260000e+000 -4.329217e-001
    endloop
  endfacet
  facet normal 8.453256e-001 4.811045e-001 2.322995e-001
    outer loop
      vertex   -1.850021e+000 5.260000e+000 -4.329217e-001
      vertex   -1.707886e+000 5.060000e+000 -5.359357e-001
      vertex   -1.811453e+000 5.260000e+000 -5.732691e-001
    endloop
  endfacet
  facet normal 7.985872e-001 4.824511e-001 3.598603e-001
    outer loop
      vertex   -1.659906e+000 5.060000e+000 -6.699333e-001
      vertex   -1.601433e+000 5.060000e+000 -7.996954e-001
      vertex   -1.702715e+000 5.260000e+000 -8.430677e-001
    endloop
  endfacet
  facet normal 7.702586e-001 4.808986e-001 4.188534e-001
    outer loop
      vertex   -1.702715e+000 5.260000e+000 -8.430677e-001
      vertex   -1.601433e+000 5.060000e+000 -7.996954e-001
      vertex   -1.633182e+000 5.260000e+000 -9.709355e-001
    endloop
  endfacet
  facet normal 7.671587e-001 4.830993e-001 4.219984e-001
    outer loop
      vertex   -1.633182e+000 5.260000e+000 -9.709355e-001
      vertex   -1.601433e+000 5.060000e+000 -7.996954e-001
      vertex   -1.532835e+000 5.060000e+000 -9.244015e-001
    endloop
  endfacet
  facet normal 7.309320e-001 4.836928e-001 4.814350e-001
    outer loop
      vertex   -1.554066e+000 5.260000e+000 -1.093105e+000
      vertex   -1.532835e+000 5.060000e+000 -9.244015e-001
      vertex   -1.454545e+000 5.060000e+000 -1.043263e+000
    endloop
  endfacet
  facet normal 6.901362e-001 4.842318e-001 5.378026e-001
    outer loop
      vertex   -1.465829e+000 5.260000e+000 -1.208861e+000
      vertex   -1.454545e+000 5.060000e+000 -1.043263e+000
      vertex   -1.367060e+000 5.060000e+000 -1.155529e+000
    endloop
  endfacet
  facet normal 6.450281e-001 4.847164e-001 5.907527e-001
    outer loop
      vertex   -1.368991e+000 5.260000e+000 -1.317522e+000
      vertex   -1.367060e+000 5.060000e+000 -1.155529e+000
      vertex   -1.270931e+000 5.060000e+000 -1.260490e+000
    endloop
  endfacet
  facet normal 5.958911e-001 4.851468e-001 6.399581e-001
    outer loop
      vertex   -1.264119e+000 5.260000e+000 -1.418451e+000
      vertex   -1.270931e+000 5.060000e+000 -1.260490e+000
      vertex   -1.166767e+000 5.060000e+000 -1.357481e+000
    endloop
  endfacet
  facet normal 5.430328e-001 4.855232e-001 6.851150e-001
    outer loop
      vertex   -1.151828e+000 5.260000e+000 -1.511056e+000
      vertex   -1.166767e+000 5.060000e+000 -1.357481e+000
      vertex   -1.055227e+000 5.060000e+000 -1.445889e+000
    endloop
  endfacet
  facet normal 4.867839e-001 4.858456e-001 7.259446e-001
    outer loop
      vertex   -1.032778e+000 5.260000e+000 -1.594794e+000
      vertex   -1.055227e+000 5.060000e+000 -1.445889e+000
      vertex   -9.370152e-001 5.060000e+000 -1.525157e+000
    endloop
  endfacet
  facet normal 4.274957e-001 4.861141e-001 7.621946e-001
    outer loop
      vertex   -9.076677e-001 5.260000e+000 -1.669173e+000
      vertex   -9.370152e-001 5.060000e+000 -1.525157e+000
      vertex   -8.128792e-001 5.060000e+000 -1.594781e+000
    endloop
  endfacet
  facet normal 3.655378e-001 4.863288e-001 7.936412e-001
    outer loop
      vertex   -7.772304e-001 5.260000e+000 -1.733757e+000
      vertex   -8.128792e-001 5.060000e+000 -1.594781e+000
      vertex   -6.836039e-001 5.060000e+000 -1.654323e+000
    endloop
  endfacet
  facet normal 3.012965e-001 4.864898e-001 8.200903e-001
    outer loop
      vertex   -6.422321e-001 5.260000e+000 -1.788166e+000
      vertex   -6.836039e-001 5.060000e+000 -1.654323e+000
      vertex   -5.500066e-001 5.060000e+000 -1.703406e+000
    endloop
  endfacet
  facet normal 2.351716e-001 4.865971e-001 8.413784e-001
    outer loop
      vertex   -5.034649e-001 5.260000e+000 -1.832082e+000
      vertex   -5.500066e-001 5.060000e+000 -1.703406e+000
      vertex   -4.129321e-001 5.060000e+000 -1.741720e+000
    endloop
  endfacet
  facet normal 1.675748e-001 4.866508e-001 8.573737e-001
    outer loop
      vertex   -3.617431e-001 5.260000e+000 -1.865246e+000
      vertex   -4.129321e-001 5.060000e+000 -1.741720e+000
      vertex   -2.732468e-001 5.060000e+000 -1.769021e+000
    endloop
  endfacet
  facet normal 9.892659e-002 4.866508e-001 8.679772e-001
    outer loop
      vertex   -2.178985e-001 5.260000e+000 -1.887464e+000
      vertex   -2.732468e-001 5.060000e+000 -1.769021e+000
      vertex   -1.318340e-001 5.060000e+000 -1.785139e+000
    endloop
  endfacet
  facet normal 2.965394e-002 4.865973e-001 8.731230e-001
    outer loop
      vertex   -7.277519e-002 5.260000e+000 -1.898606e+000
      vertex   -1.318340e-001 5.060000e+000 -1.785139e+000
      vertex   1.041232e-002 5.060000e+000 -1.789970e+000
    endloop
  endfacet
  facet normal -3.981229e-002 4.864900e-001 8.727786e-001
    outer loop
      vertex   7.277519e-002 5.260000e+000 -1.898606e+000
      vertex   1.041232e-002 5.060000e+000 -1.789970e+000
      vertex   1.525928e-001 5.060000e+000 -1.783484e+000
    endloop
  endfacet
  facet normal -1.090400e-001 4.863291e-001 8.669454e-001
    outer loop
      vertex   2.178985e-001 5.260000e+000 -1.887464e+000
      vertex   1.525928e-001 5.060000e+000 -1.783484e+000
      vertex   2.938085e-001 5.060000e+000 -1.765723e+000
    endloop
  endfacet
  facet normal -1.775985e-001 4.861145e-001 8.556585e-001
    outer loop
      vertex   3.617431e-001 5.260000e+000 -1.865246e+000
      vertex   2.938085e-001 5.060000e+000 -1.765723e+000
      vertex   4.331667e-001 5.060000e+000 -1.736798e+000
    endloop
  endfacet
  facet normal -2.450612e-001 4.858461e-001 8.389867e-001
    outer loop
      vertex   5.034649e-001 5.260000e+000 -1.832082e+000
      vertex   4.331667e-001 5.060000e+000 -1.736798e+000
      vertex   5.697863e-001 5.060000e+000 -1.696892e+000
    endloop
  endfacet
  facet normal -3.110078e-001 4.855238e-001 8.170317e-001
    outer loop
      vertex   6.422321e-001 5.260000e+000 -1.788166e+000
      vertex   5.697863e-001 5.060000e+000 -1.696892e+000
      vertex   7.028035e-001 5.060000e+000 -1.646259e+000
    endloop
  endfacet
  facet normal -3.750276e-001 4.851475e-001 7.899280e-001
    outer loop
      vertex   7.772304e-001 5.260000e+000 -1.733757e+000
      vertex   7.028035e-001 5.060000e+000 -1.646259e+000
      vertex   8.313773e-001 5.060000e+000 -1.585217e+000
    endloop
  endfacet
  facet normal -4.367211e-001 4.847172e-001 7.578416e-001
    outer loop
      vertex   9.076677e-001 5.260000e+000 -1.669173e+000
      vertex   8.313773e-001 5.060000e+000 -1.585217e+000
      vertex   9.546949e-001 5.060000e+000 -1.514152e+000
    endloop
  endfacet
  facet normal -4.957032e-001 4.842327e-001 7.209695e-001
    outer loop
      vertex   1.032778e+000 5.260000e+000 -1.594794e+000
      vertex   9.546949e-001 5.060000e+000 -1.514152e+000
      vertex   1.071977e+000 5.060000e+000 -1.433515e+000
    endloop
  endfacet
  facet normal -5.516052e-001 4.836938e-001 6.795381e-001
    outer loop
      vertex   1.151828e+000 5.260000e+000 -1.511056e+000
      vertex   1.071977e+000 5.060000e+000 -1.433515e+000
      vertex   1.182481e+000 5.060000e+000 -1.343815e+000
    endloop
  endfacet
  facet normal -6.040770e-001 4.831004e-001 6.338020e-001
    outer loop
      vertex   1.264119e+000 5.260000e+000 -1.418451e+000
      vertex   1.182481e+000 5.060000e+000 -1.343815e+000
      vertex   1.285509e+000 5.060000e+000 -1.245619e+000
    endloop
  endfacet
  facet normal -6.527893e-001 4.824523e-001 5.840427e-001
    outer loop
      vertex   1.368991e+000 5.260000e+000 -1.317522e+000
      vertex   1.285509e+000 5.060000e+000 -1.245619e+000
      vertex   1.380410e+000 5.060000e+000 -1.139547e+000
    endloop
  endfacet
  facet normal -6.969175e-001 4.817604e-001 5.312371e-001
    outer loop
      vertex   1.465829e+000 5.260000e+000 -1.208861e+000
      vertex   1.380410e+000 5.060000e+000 -1.139547e+000
      vertex   1.554066e+000 5.260000e+000 -1.093105e+000
    endloop
  endfacet
  facet normal -6.542991e-001 4.815354e-001 5.831092e-001
    outer loop
      vertex   1.465829e+000 5.260000e+000 -1.208861e+000
      vertex   1.368991e+000 5.260000e+000 -1.317522e+000
      vertex   1.380410e+000 5.060000e+000 -1.139547e+000
    endloop
  endfacet
  facet normal 7.362060e-001 4.803110e-001 4.767622e-001
    outer loop
      vertex   -1.633182e+000 5.260000e+000 -9.709355e-001
      vertex   -1.532835e+000 5.060000e+000 -9.244015e-001
      vertex   -1.554066e+000 5.260000e+000 -1.093105e+000
    endloop
  endfacet
  facet normal 6.977837e-001 4.797739e-001 5.318974e-001
    outer loop
      vertex   -1.554066e+000 5.260000e+000 -1.093105e+000
      vertex   -1.454545e+000 5.060000e+000 -1.043263e+000
      vertex   -1.465829e+000 5.260000e+000 -1.208861e+000
    endloop
  endfacet
  facet normal 6.552184e-001 4.792874e-001 5.839284e-001
    outer loop
      vertex   -1.465829e+000 5.260000e+000 -1.208861e+000
      vertex   -1.367060e+000 5.060000e+000 -1.155529e+000
      vertex   -1.368991e+000 5.260000e+000 -1.317522e+000
    endloop
  endfacet
  facet normal 6.087614e-001 4.788518e-001 6.325428e-001
    outer loop
      vertex   -1.368991e+000 5.260000e+000 -1.317522e+000
      vertex   -1.270931e+000 5.060000e+000 -1.260490e+000
      vertex   -1.264119e+000 5.260000e+000 -1.418451e+000
    endloop
  endfacet
  facet normal 5.586880e-001 4.784671e-001 6.774489e-001
    outer loop
      vertex   -1.264119e+000 5.260000e+000 -1.418451e+000
      vertex   -1.166767e+000 5.060000e+000 -1.357481e+000
      vertex   -1.151828e+000 5.260000e+000 -1.511056e+000
    endloop
  endfacet
  facet normal 5.052950e-001 4.781335e-001 7.183769e-001
    outer loop
      vertex   -1.151828e+000 5.260000e+000 -1.511056e+000
      vertex   -1.055227e+000 5.060000e+000 -1.445889e+000
      vertex   -1.032778e+000 5.260000e+000 -1.594794e+000
    endloop
  endfacet
  facet normal 4.488997e-001 4.778510e-001 7.550811e-001
    outer loop
      vertex   -1.032778e+000 5.260000e+000 -1.594794e+000
      vertex   -9.370152e-001 5.060000e+000 -1.525157e+000
      vertex   -9.076677e-001 5.260000e+000 -1.669173e+000
    endloop
  endfacet
  facet normal 3.898375e-001 4.776198e-001 7.873412e-001
    outer loop
      vertex   -9.076677e-001 5.260000e+000 -1.669173e+000
      vertex   -8.128792e-001 5.060000e+000 -1.594781e+000
      vertex   -7.772304e-001 5.260000e+000 -1.733757e+000
    endloop
  endfacet
  facet normal 3.284598e-001 4.774398e-001 8.149634e-001
    outer loop
      vertex   -7.772304e-001 5.260000e+000 -1.733757e+000
      vertex   -6.836039e-001 5.060000e+000 -1.654323e+000
      vertex   -6.422321e-001 5.260000e+000 -1.788166e+000
    endloop
  endfacet
  facet normal 2.651322e-001 4.773113e-001 8.377821e-001
    outer loop
      vertex   -6.422321e-001 5.260000e+000 -1.788166e+000
      vertex   -5.500066e-001 5.060000e+000 -1.703406e+000
      vertex   -5.034649e-001 5.260000e+000 -1.832082e+000
    endloop
  endfacet
  facet normal 2.002322e-001 4.772341e-001 8.556604e-001
    outer loop
      vertex   -5.034649e-001 5.260000e+000 -1.832082e+000
      vertex   -4.129321e-001 5.060000e+000 -1.741720e+000
      vertex   -3.617431e-001 5.260000e+000 -1.865246e+000
    endloop
  endfacet
  facet normal 1.341467e-001 4.772083e-001 8.684912e-001
    outer loop
      vertex   -3.617431e-001 5.260000e+000 -1.865246e+000
      vertex   -2.732468e-001 5.060000e+000 -1.769021e+000
      vertex   -2.178985e-001 5.260000e+000 -1.887464e+000
    endloop
  endfacet
  facet normal 6.726967e-002 4.772340e-001 8.761978e-001
    outer loop
      vertex   -2.178985e-001 5.260000e+000 -1.887464e+000
      vertex   -1.318340e-001 5.060000e+000 -1.785139e+000
      vertex   -7.277519e-002 5.260000e+000 -1.898606e+000
    endloop
  endfacet
  facet normal -5.760195e-015 4.773111e-001 8.787344e-001
    outer loop
      vertex   -7.277519e-002 5.260000e+000 -1.898606e+000
      vertex   1.041232e-002 5.060000e+000 -1.789970e+000
      vertex   7.277519e-002 5.260000e+000 -1.898606e+000
    endloop
  endfacet
  facet normal -6.726112e-002 4.774396e-001 8.760864e-001
    outer loop
      vertex   7.277519e-002 5.260000e+000 -1.898606e+000
      vertex   1.525928e-001 5.060000e+000 -1.783484e+000
      vertex   2.178985e-001 5.260000e+000 -1.887464e+000
    endloop
  endfacet
  facet normal -1.341126e-001 4.776194e-001 8.682704e-001
    outer loop
      vertex   2.178985e-001 5.260000e+000 -1.887464e+000
      vertex   2.938085e-001 5.060000e+000 -1.765723e+000
      vertex   3.617431e-001 5.260000e+000 -1.865246e+000
    endloop
  endfacet
  facet normal -2.001559e-001 4.778505e-001 8.553341e-001
    outer loop
      vertex   3.617431e-001 5.260000e+000 -1.865246e+000
      vertex   4.331667e-001 5.060000e+000 -1.736798e+000
      vertex   5.034649e-001 5.260000e+000 -1.832082e+000
    endloop
  endfacet
  facet normal -2.649974e-001 4.781329e-001 8.373561e-001
    outer loop
      vertex   5.034649e-001 5.260000e+000 -1.832082e+000
      vertex   5.697863e-001 5.060000e+000 -1.696892e+000
      vertex   6.422321e-001 5.260000e+000 -1.788166e+000
    endloop
  endfacet
  facet normal -3.282509e-001 4.784665e-001 8.144453e-001
    outer loop
      vertex   6.422321e-001 5.260000e+000 -1.788166e+000
      vertex   7.028035e-001 5.060000e+000 -1.646259e+000
      vertex   7.772304e-001 5.260000e+000 -1.733757e+000
    endloop
  endfacet
  facet normal -3.895399e-001 4.788511e-001 7.867403e-001
    outer loop
      vertex   7.772304e-001 5.260000e+000 -1.733757e+000
      vertex   8.313773e-001 5.060000e+000 -1.585217e+000
      vertex   9.076677e-001 5.260000e+000 -1.669173e+000
    endloop
  endfacet
  facet normal -4.484999e-001 4.792866e-001 7.544085e-001
    outer loop
      vertex   9.076677e-001 5.260000e+000 -1.669173e+000
      vertex   9.546949e-001 5.060000e+000 -1.514152e+000
      vertex   1.032778e+000 5.260000e+000 -1.594794e+000
    endloop
  endfacet
  facet normal -5.047804e-001 4.797730e-001 7.176452e-001
    outer loop
      vertex   1.032778e+000 5.260000e+000 -1.594794e+000
      vertex   1.071977e+000 5.060000e+000 -1.433515e+000
      vertex   1.151828e+000 5.260000e+000 -1.511056e+000
    endloop
  endfacet
  facet normal -5.580475e-001 4.803100e-001 6.766722e-001
    outer loop
      vertex   1.151828e+000 5.260000e+000 -1.511056e+000
      vertex   1.182481e+000 5.060000e+000 -1.343815e+000
      vertex   1.264119e+000 5.260000e+000 -1.418451e+000
    endloop
  endfacet
  facet normal -6.079855e-001 4.808975e-001 6.317366e-001
    outer loop
      vertex   1.264119e+000 5.260000e+000 -1.418451e+000
      vertex   1.285509e+000 5.060000e+000 -1.245619e+000
      vertex   1.368991e+000 5.260000e+000 -1.317522e+000
    endloop
  endfacet
  facet normal -6.972286e-001 4.822228e-001 5.304087e-001
    outer loop
      vertex   1.380410e+000 5.060000e+000 -1.139547e+000
      vertex   1.466584e+000 5.060000e+000 -1.026271e+000
      vertex   1.554066e+000 5.260000e+000 -1.093105e+000
    endloop
  endfacet
  facet normal -7.358403e-001 4.811057e-001 4.765253e-001
    outer loop
      vertex   1.554066e+000 5.260000e+000 -1.093105e+000
      vertex   1.466584e+000 5.060000e+000 -1.026271e+000
      vertex   1.633182e+000 5.260000e+000 -9.709355e-001
    endloop
  endfacet
  facet normal -7.368566e-001 4.828893e-001 4.731387e-001
    outer loop
      vertex   1.633182e+000 5.260000e+000 -9.709355e-001
      vertex   1.466584e+000 5.060000e+000 -1.026271e+000
      vertex   1.543485e+000 5.060000e+000 -9.065065e-001
    endloop
  endfacet
  facet normal -7.718206e-001 4.835010e-001 4.129404e-001
    outer loop
      vertex   1.702715e+000 5.260000e+000 -8.430677e-001
      vertex   1.543485e+000 5.060000e+000 -9.065065e-001
      vertex   1.610628e+000 5.060000e+000 -7.810107e-001
    endloop
  endfacet
  facet normal -8.019067e-001 4.840581e-001 3.501905e-001
    outer loop
      vertex   1.762255e+000 5.260000e+000 -7.102524e-001
      vertex   1.610628e+000 5.060000e+000 -7.810107e-001
      vertex   1.667588e+000 5.060000e+000 -6.505772e-001
    endloop
  endfacet
  facet normal -8.269313e-001 4.845609e-001 2.852811e-001
    outer loop
      vertex   1.811453e+000 5.260000e+000 -5.732691e-001
      vertex   1.667588e+000 5.060000e+000 -6.505772e-001
      vertex   1.714005e+000 5.060000e+000 -5.160305e-001
    endloop
  endfacet
  facet normal -8.467422e-001 4.850094e-001 2.186173e-001
    outer loop
      vertex   1.850021e+000 5.260000e+000 -4.329217e-001
      vertex   1.714005e+000 5.060000e+000 -5.160305e-001
      vertex   1.749585e+000 5.060000e+000 -3.782212e-001
    endloop
  endfacet
  facet normal -8.612192e-001 4.854037e-001 1.506147e-001
    outer loop
      vertex   1.877733e+000 5.260000e+000 -2.900336e-001
      vertex   1.749585e+000 5.060000e+000 -3.782212e-001
      vertex   1.774104e+000 5.060000e+000 -2.380208e-001
    endloop
  endfacet
  facet normal -8.702748e-001 4.857441e-001 8.169690e-002
    outer loop
      vertex   1.894425e+000 5.260000e+000 -1.454436e-001
      vertex   1.774104e+000 5.060000e+000 -2.380208e-001
      vertex   1.787407e+000 5.060000e+000 -9.631547e-002
    endloop
  endfacet
  facet normal -8.738554e-001 4.860305e-001 1.229292e-002
    outer loop
      vertex   1.900000e+000 5.260000e+000 -6.110866e-016
      vertex   1.787407e+000 5.060000e+000 -9.631547e-002
      vertex   1.789409e+000 5.060000e+000 4.599877e-002
    endloop
  endfacet
  facet normal -8.719405e-001 4.862632e-001 -5.716542e-002
    outer loop
      vertex   1.894425e+000 5.260000e+000 1.454436e-001
      vertex   1.789409e+000 5.060000e+000 4.599877e-002
      vertex   1.780098e+000 5.060000e+000 1.880222e-001
    endloop
  endfacet
  facet normal -8.645438e-001 4.864421e-001 -1.262461e-001
    outer loop
      vertex   1.877733e+000 5.260000e+000 2.900336e-001
      vertex   1.780098e+000 5.060000e+000 1.880222e-001
      vertex   1.759532e+000 5.060000e+000 3.288569e-001
    endloop
  endfacet
  facet normal -8.517126e-001 4.865673e-001 -1.945197e-001
    outer loop
      vertex   1.850021e+000 5.260000e+000 4.329217e-001
      vertex   1.759532e+000 5.060000e+000 3.288569e-001
      vertex   1.727842e+000 5.060000e+000 4.676124e-001
    endloop
  endfacet
  facet normal -8.335276e-001 4.866389e-001 -2.615616e-001
    outer loop
      vertex   1.811453e+000 5.260000e+000 5.732691e-001
      vertex   1.727842e+000 5.060000e+000 4.676124e-001
      vertex   1.685228e+000 5.060000e+000 6.034116e-001
    endloop
  endfacet
  facet normal -8.101023e-001 4.866568e-001 -3.269549e-001
    outer loop
      vertex   1.762255e+000 5.260000e+000 7.102524e-001
      vertex   1.685228e+000 5.060000e+000 6.034116e-001
      vertex   1.631960e+000 5.060000e+000 7.353958e-001
    endloop
  endfacet
  facet normal -7.815826e-001 4.866211e-001 -3.902930e-001
    outer loop
      vertex   1.702715e+000 5.260000e+000 8.430677e-001
      vertex   1.631960e+000 5.060000e+000 7.353958e-001
      vertex   1.568374e+000 5.060000e+000 8.627306e-001
    endloop
  endfacet
  facet normal -7.481456e-001 4.865317e-001 -4.511818e-001
    outer loop
      vertex   1.633182e+000 5.260000e+000 9.709355e-001
      vertex   1.568374e+000 5.060000e+000 8.627306e-001
      vertex   1.494872e+000 5.060000e+000 9.846109e-001
    endloop
  endfacet
  facet normal -7.099989e-001 4.863887e-001 -5.092422e-001
    outer loop
      vertex   1.554066e+000 5.260000e+000 1.093105e+000
      vertex   1.494872e+000 5.060000e+000 9.846109e-001
      vertex   1.411919e+000 5.060000e+000 1.100266e+000
    endloop
  endfacet
  facet normal -6.673787e-001 4.861920e-001 -5.641126e-001
    outer loop
      vertex   1.465829e+000 5.260000e+000 1.208861e+000
      vertex   1.411919e+000 5.060000e+000 1.100266e+000
      vertex   1.320039e+000 5.060000e+000 1.208965e+000
    endloop
  endfacet
  facet normal -6.205491e-001 4.859415e-001 -6.154508e-001
    outer loop
      vertex   1.368991e+000 5.260000e+000 1.317522e+000
      vertex   1.320039e+000 5.060000e+000 1.208965e+000
      vertex   1.219814e+000 5.060000e+000 1.310021e+000
    endloop
  endfacet
  facet normal -5.698000e-001 4.856372e-001 -6.629363e-001
    outer loop
      vertex   1.264119e+000 5.260000e+000 1.418451e+000
      vertex   1.219814e+000 5.060000e+000 1.310021e+000
      vertex   1.111876e+000 5.060000e+000 1.402794e+000
    endloop
  endfacet
  facet normal -5.154456e-001 4.852790e-001 -7.062720e-001
    outer loop
      vertex   1.151828e+000 5.260000e+000 1.511056e+000
      vertex   1.111876e+000 5.060000e+000 1.402794e+000
      vertex   9.969093e-001 5.060000e+000 1.486698e+000
    endloop
  endfacet
  facet normal -4.578225e-001 4.848667e-001 -7.451865e-001
    outer loop
      vertex   1.032778e+000 5.260000e+000 1.594794e+000
      vertex   9.969093e-001 5.060000e+000 1.486698e+000
      vertex   8.756394e-001 5.060000e+000 1.561203e+000
    endloop
  endfacet
  facet normal -3.972874e-001 4.844002e-001 -7.794351e-001
    outer loop
      vertex   9.076677e-001 5.260000e+000 1.669173e+000
      vertex   8.756394e-001 5.060000e+000 1.561203e+000
      vertex   7.488335e-001 5.060000e+000 1.625838e+000
    endloop
  endfacet
  facet normal -3.342153e-001 4.838795e-001 -8.088021e-001
    outer loop
      vertex   7.772304e-001 5.260000e+000 1.733757e+000
      vertex   7.488335e-001 5.060000e+000 1.625838e+000
      vertex   6.172933e-001 5.060000e+000 1.680193e+000
    endloop
  endfacet
  facet normal -2.689970e-001 4.833043e-001 -8.331012e-001
    outer loop
      vertex   6.422321e-001 5.260000e+000 1.788166e+000
      vertex   6.172933e-001 5.060000e+000 1.680193e+000
      vertex   4.818503e-001 5.060000e+000 1.723926e+000
    endloop
  endfacet
  facet normal -2.020368e-001 4.826744e-001 -8.521775e-001
    outer loop
      vertex   5.034649e-001 5.260000e+000 1.832082e+000
      vertex   4.818503e-001 5.060000e+000 1.723926e+000
      vertex   3.433609e-001 5.060000e+000 1.756759e+000
    endloop
  endfacet
  facet normal -1.337500e-001 4.819898e-001 -8.659081e-001
    outer loop
      vertex   3.617431e-001 5.260000e+000 1.865246e+000
      vertex   3.433609e-001 5.060000e+000 1.756759e+000
      vertex   2.027007e-001 5.060000e+000 1.778486e+000
    endloop
  endfacet
  facet normal -6.709893e-002 4.813183e-001 -8.739739e-001
    outer loop
      vertex   2.178985e-001 5.260000e+000 1.887464e+000
      vertex   2.027007e-001 5.060000e+000 1.778486e+000
      vertex   7.277519e-002 5.260000e+000 1.898606e+000
    endloop
  endfacet
  facet normal -1.337479e-001 4.819885e-001 -8.659091e-001
    outer loop
      vertex   2.178985e-001 5.260000e+000 1.887464e+000
      vertex   3.617431e-001 5.260000e+000 1.865246e+000
      vertex   2.027007e-001 5.060000e+000 1.778486e+000
    endloop
  endfacet
  facet normal -7.704500e-001 4.805012e-001 4.189574e-001
    outer loop
      vertex   1.633182e+000 5.260000e+000 -9.709355e-001
      vertex   1.543485e+000 5.060000e+000 -9.065065e-001
      vertex   1.702715e+000 5.260000e+000 -8.430677e-001
    endloop
  endfacet
  facet normal -8.005370e-001 4.799473e-001 3.588748e-001
    outer loop
      vertex   1.702715e+000 5.260000e+000 -8.430677e-001
      vertex   1.610628e+000 5.060000e+000 -7.810107e-001
      vertex   1.762255e+000 5.260000e+000 -7.102524e-001
    endloop
  endfacet
  facet normal -8.259186e-001 4.794439e-001 2.966343e-001
    outer loop
      vertex   1.762255e+000 5.260000e+000 -7.102524e-001
      vertex   1.667588e+000 5.060000e+000 -6.505772e-001
      vertex   1.811453e+000 5.260000e+000 -5.732691e-001
    endloop
  endfacet
  facet normal -8.464406e-001 4.789913e-001 2.326060e-001
    outer loop
      vertex   1.811453e+000 5.260000e+000 -5.732691e-001
      vertex   1.714005e+000 5.060000e+000 -5.160305e-001
      vertex   1.850021e+000 5.260000e+000 -4.329217e-001
    endloop
  endfacet
  facet normal -8.619779e-001 4.785897e-001 1.671708e-001
    outer loop
      vertex   1.850021e+000 5.260000e+000 -4.329217e-001
      vertex   1.749585e+000 5.060000e+000 -3.782212e-001
      vertex   1.877733e+000 5.260000e+000 -2.900336e-001
    endloop
  endfacet
  facet normal -8.724352e-001 4.782390e-001 1.007184e-001
    outer loop
      vertex   1.877733e+000 5.260000e+000 -2.900336e-001
      vertex   1.774104e+000 5.060000e+000 -2.380208e-001
      vertex   1.894425e+000 5.260000e+000 -1.454436e-001
    endloop
  endfacet
  facet normal -8.777482e-001 4.779395e-001 3.364484e-002
    outer loop
      vertex   1.894425e+000 5.260000e+000 -1.454436e-001
      vertex   1.787407e+000 5.060000e+000 -9.631547e-002
      vertex   1.900000e+000 5.260000e+000 -6.110866e-016
    endloop
  endfacet
  facet normal -8.778832e-001 4.776911e-001 -3.365002e-002
    outer loop
      vertex   1.900000e+000 5.260000e+000 -6.110866e-016
      vertex   1.789409e+000 5.060000e+000 4.599877e-002
      vertex   1.894425e+000 5.260000e+000 1.454436e-001
    endloop
  endfacet
  facet normal -8.728378e-001 4.774941e-001 -1.007649e-001
    outer loop
      vertex   1.894425e+000 5.260000e+000 1.454436e-001
      vertex   1.780098e+000 5.060000e+000 1.880222e-001
      vertex   1.877733e+000 5.260000e+000 2.900336e-001
    endloop
  endfacet
  facet normal -8.626410e-001 4.773484e-001 -1.672994e-001
    outer loop
      vertex   1.877733e+000 5.260000e+000 2.900336e-001
      vertex   1.759532e+000 5.060000e+000 3.288569e-001
      vertex   1.850021e+000 5.260000e+000 4.329217e-001
    endloop
  endfacet
  facet normal -8.473526e-001 4.772541e-001 -2.328566e-001
    outer loop
      vertex   1.850021e+000 5.260000e+000 4.329217e-001
      vertex   1.727842e+000 5.060000e+000 4.676124e-001
      vertex   1.811453e+000 5.260000e+000 5.732691e-001
    endloop
  endfacet
  facet normal -8.270632e-001 4.772112e-001 -2.970454e-001
    outer loop
      vertex   1.811453e+000 5.260000e+000 5.732691e-001
      vertex   1.685228e+000 5.060000e+000 6.034116e-001
      vertex   1.762255e+000 5.260000e+000 7.102524e-001
    endloop
  endfacet
  facet normal -8.018936e-001 4.772197e-001 -3.594830e-001
    outer loop
      vertex   1.762255e+000 5.260000e+000 7.102524e-001
      vertex   1.631960e+000 5.060000e+000 7.353958e-001
      vertex   1.702715e+000 5.260000e+000 8.430677e-001
    endloop
  endfacet
  facet normal -7.719939e-001 4.772797e-001 -4.197970e-001
    outer loop
      vertex   1.702715e+000 5.260000e+000 8.430677e-001
      vertex   1.568374e+000 5.060000e+000 8.627306e-001
      vertex   1.633182e+000 5.260000e+000 9.709355e-001
    endloop
  endfacet
  facet normal -7.375428e-001 4.773910e-001 -4.776279e-001
    outer loop
      vertex   1.633182e+000 5.260000e+000 9.709355e-001
      vertex   1.494872e+000 5.060000e+000 9.846109e-001
      vertex   1.554066e+000 5.260000e+000 1.093105e+000
    endloop
  endfacet
  facet normal -6.987463e-001 4.775537e-001 -5.326312e-001
    outer loop
      vertex   1.554066e+000 5.260000e+000 1.093105e+000
      vertex   1.411919e+000 5.060000e+000 1.100266e+000
      vertex   1.465829e+000 5.260000e+000 1.208861e+000
    endloop
  endfacet
  facet normal -6.558367e-001 4.777678e-001 -5.844794e-001
    outer loop
      vertex   1.465829e+000 5.260000e+000 1.208861e+000
      vertex   1.320039e+000 5.060000e+000 1.208965e+000
      vertex   1.368991e+000 5.260000e+000 1.317522e+000
    endloop
  endfacet
  facet normal -6.090708e-001 4.780331e-001 -6.328642e-001
    outer loop
      vertex   1.368991e+000 5.260000e+000 1.317522e+000
      vertex   1.219814e+000 5.060000e+000 1.310021e+000
      vertex   1.264119e+000 5.260000e+000 1.418451e+000
    endloop
  endfacet
  facet normal -5.587287e-001 4.783496e-001 -6.774983e-001
    outer loop
      vertex   1.264119e+000 5.260000e+000 1.418451e+000
      vertex   1.111876e+000 5.060000e+000 1.402794e+000
      vertex   1.151828e+000 5.260000e+000 1.511056e+000
    endloop
  endfacet
  facet normal -5.051120e-001 4.787172e-001 -7.181168e-001
    outer loop
      vertex   1.151828e+000 5.260000e+000 1.511056e+000
      vertex   9.969093e-001 5.060000e+000 1.486698e+000
      vertex   1.032778e+000 5.260000e+000 1.594794e+000
    endloop
  endfacet
  facet normal -4.485419e-001 4.791358e-001 -7.544793e-001
    outer loop
      vertex   1.032778e+000 5.260000e+000 1.594794e+000
      vertex   8.756394e-001 5.060000e+000 1.561203e+000
      vertex   9.076677e-001 5.260000e+000 1.669173e+000
    endloop
  endfacet
  facet normal -3.893572e-001 4.796052e-001 -7.863713e-001
    outer loop
      vertex   9.076677e-001 5.260000e+000 1.669173e+000
      vertex   7.488335e-001 5.060000e+000 1.625838e+000
      vertex   7.772304e-001 5.260000e+000 1.733757e+000
    endloop
  endfacet
  facet normal -3.279123e-001 4.801253e-001 -8.136051e-001
    outer loop
      vertex   7.772304e-001 5.260000e+000 1.733757e+000
      vertex   6.172933e-001 5.060000e+000 1.680193e+000
      vertex   6.422321e-001 5.260000e+000 1.788166e+000
    endloop
  endfacet
  facet normal -2.645750e-001 4.806961e-001 -8.360212e-001
    outer loop
      vertex   6.422321e-001 5.260000e+000 1.788166e+000
      vertex   4.818503e-001 5.060000e+000 1.723926e+000
      vertex   5.034649e-001 5.260000e+000 1.832082e+000
    endloop
  endfacet
  facet normal -1.997242e-001 4.813172e-001 -8.534893e-001
    outer loop
      vertex   5.034649e-001 5.260000e+000 1.832082e+000
      vertex   3.433609e-001 5.060000e+000 1.756759e+000
      vertex   3.617431e-001 5.260000e+000 1.865246e+000
    endloop
  endfacet
  facet normal -6.450295e-002 4.826732e-001 -8.734220e-001
    outer loop
      vertex   2.027007e-001 5.060000e+000 1.778486e+000
      vertex   6.075888e-002 5.060000e+000 1.788969e+000
      vertex   7.277519e-002 5.260000e+000 1.898606e+000
    endloop
  endfacet
  facet normal -5.852594e-015 4.806971e-001 -8.768867e-001
    outer loop
      vertex   7.277519e-002 5.260000e+000 1.898606e+000
      vertex   6.075888e-002 5.060000e+000 1.788969e+000
      vertex   -7.277519e-002 5.260000e+000 1.898606e+000
    endloop
  endfacet
  facet normal 5.092454e-003 4.833032e-001 -8.754382e-001
    outer loop
      vertex   -7.277519e-002 5.260000e+000 1.898606e+000
      vertex   6.075888e-002 5.060000e+000 1.788969e+000
      vertex   -8.156704e-002 5.060000e+000 1.788141e+000
    endloop
  endfacet
  facet normal 7.460297e-002 4.838785e-001 -8.719495e-001
    outer loop
      vertex   -2.178985e-001 5.260000e+000 1.887464e+000
      vertex   -8.156704e-002 5.060000e+000 1.788141e+000
      vertex   -2.233773e-001 5.060000e+000 1.776007e+000
    endloop
  endfacet
  facet normal 1.435964e-001 4.843993e-001 -8.629817e-001
    outer loop
      vertex   -3.617431e-001 5.260000e+000 1.865246e+000
      vertex   -2.233773e-001 5.060000e+000 1.776007e+000
      vertex   -3.637752e-001 5.060000e+000 1.752646e+000
    endloop
  endfacet
  facet normal 2.116439e-001 4.848659e-001 -8.485941e-001
    outer loop
      vertex   -5.034649e-001 5.260000e+000 1.832082e+000
      vertex   -3.637752e-001 5.060000e+000 1.752646e+000
      vertex   -5.018733e-001 5.060000e+000 1.718203e+000
    endloop
  endfacet
  facet normal 2.783230e-001 4.852783e-001 -8.288795e-001
    outer loop
      vertex   -6.422321e-001 5.260000e+000 1.788166e+000
      vertex   -5.018733e-001 5.060000e+000 1.718203e+000
      vertex   -6.367983e-001 5.060000e+000 1.672898e+000
    endloop
  endfacet
  facet normal 3.432197e-001 4.856366e-001 -8.039635e-001
    outer loop
      vertex   -7.772304e-001 5.260000e+000 1.733757e+000
      vertex   -6.367983e-001 5.060000e+000 1.672898e+000
      vertex   -7.676973e-001 5.060000e+000 1.617016e+000
    endloop
  endfacet
  facet normal 4.059312e-001 4.859410e-001 -7.740034e-001
    outer loop
      vertex   -9.076677e-001 5.260000e+000 1.669173e+000
      vertex   -7.676973e-001 5.060000e+000 1.617016e+000
      vertex   -8.937427e-001 5.060000e+000 1.550911e+000
    endloop
  endfacet
  facet normal 4.660683e-001 4.861916e-001 -7.391874e-001
    outer loop
      vertex   -1.032778e+000 5.260000e+000 1.594794e+000
      vertex   -8.937427e-001 5.060000e+000 1.550911e+000
      vertex   -1.014138e+000 5.060000e+000 1.475000e+000
    endloop
  endfacet
  facet normal 5.054763e-001 4.775541e-001 -7.186347e-001
    outer loop
      vertex   -1.151828e+000 5.260000e+000 1.511056e+000
      vertex   -1.032778e+000 5.260000e+000 1.594794e+000
      vertex   -1.014138e+000 5.060000e+000 1.475000e+000
    endloop
  endfacet
  facet normal 6.714896e-002 4.801263e-001 -8.746255e-001
    outer loop
      vertex   -7.277519e-002 5.260000e+000 1.898606e+000
      vertex   -8.156704e-002 5.060000e+000 1.788141e+000
      vertex   -2.178985e-001 5.260000e+000 1.887464e+000
    endloop
  endfacet
  facet normal 1.339473e-001 4.796061e-001 -8.672002e-001
    outer loop
      vertex   -2.178985e-001 5.260000e+000 1.887464e+000
      vertex   -2.233773e-001 5.060000e+000 1.776007e+000
      vertex   -3.617431e-001 5.260000e+000 1.865246e+000
    endloop
  endfacet
  facet normal 1.999962e-001 4.791366e-001 -8.546518e-001
    outer loop
      vertex   -3.617431e-001 5.260000e+000 1.865246e+000
      vertex   -3.637752e-001 5.060000e+000 1.752646e+000
      vertex   -5.034649e-001 5.260000e+000 1.832082e+000
    endloop
  endfacet
  facet normal 2.649013e-001 4.787179e-001 -8.370523e-001
    outer loop
      vertex   -5.034649e-001 5.260000e+000 1.832082e+000
      vertex   -5.018733e-001 5.060000e+000 1.718203e+000
      vertex   -6.422321e-001 5.260000e+000 1.788166e+000
    endloop
  endfacet
  facet normal 3.282746e-001 4.783502e-001 -8.145040e-001
    outer loop
      vertex   -6.422321e-001 5.260000e+000 1.788166e+000
      vertex   -6.367983e-001 5.060000e+000 1.672898e+000
      vertex   -7.772304e-001 5.260000e+000 1.733757e+000
    endloop
  endfacet
  facet normal 3.897376e-001 4.780336e-001 -7.871394e-001
    outer loop
      vertex   -7.772304e-001 5.260000e+000 1.733757e+000
      vertex   -7.676973e-001 5.060000e+000 1.617016e+000
      vertex   -9.076677e-001 5.260000e+000 1.669173e+000
    endloop
  endfacet
  facet normal 4.489227e-001 4.777682e-001 -7.551198e-001
    outer loop
      vertex   -9.076677e-001 5.260000e+000 1.669173e+000
      vertex   -8.937427e-001 5.060000e+000 1.550911e+000
      vertex   -1.032778e+000 5.260000e+000 1.594794e+000
    endloop
  endfacet
  facet normal 5.001958e-014 1.000000e+000 -4.423047e-014
    outer loop
      vertex   -8.937427e-001 5.060000e+000 1.550911e+000
      vertex   -9.963810e-001 5.060000e+000 1.475000e+000
      vertex   -1.014138e+000 5.060000e+000 1.475000e+000
    endloop
  endfacet
  facet normal -6.641460e-014 1.000000e+000 1.131993e-013
    outer loop
      vertex   -8.937427e-001 5.060000e+000 1.550911e+000
      vertex   -7.676973e-001 5.060000e+000 1.617016e+000
      vertex   -9.963810e-001 5.060000e+000 1.475000e+000
    endloop
  endfacet
  facet normal -3.025046e-014 1.000000e+000 5.496537e-014
    outer loop
      vertex   -9.963810e-001 5.060000e+000 1.475000e+000
      vertex   -7.676973e-001 5.060000e+000 1.617016e+000
      vertex   -6.367983e-001 5.060000e+000 1.672898e+000
    endloop
  endfacet
  facet normal -1.688403e-014 1.000000e+000 3.067844e-014
    outer loop
      vertex   -5.018733e-001 5.060000e+000 1.718203e+000
      vertex   -9.963810e-001 5.060000e+000 1.475000e+000
      vertex   -6.367983e-001 5.060000e+000 1.672898e+000
    endloop
  endfacet
  facet normal -2.424959e-014 1.000000e+000 4.565489e-014
    outer loop
      vertex   -5.018733e-001 5.060000e+000 1.718203e+000
      vertex   -3.637752e-001 5.060000e+000 1.752646e+000
      vertex   -9.963810e-001 5.060000e+000 1.475000e+000
    endloop
  endfacet
  facet normal -7.617119e-015 1.000000e+000 7.758436e-015
    outer loop
      vertex   -9.963810e-001 5.060000e+000 1.475000e+000
      vertex   -3.637752e-001 5.060000e+000 1.752646e+000
      vertex   -2.233773e-001 5.060000e+000 1.776007e+000
    endloop
  endfacet
  facet normal -6.732606e-015 1.000000e+000 5.486958e-015
    outer loop
      vertex   -8.156704e-002 5.060000e+000 1.788141e+000
      vertex   -9.963810e-001 5.060000e+000 1.475000e+000
      vertex   -2.233773e-001 5.060000e+000 1.776007e+000
    endloop
  endfacet
  facet normal -1.261275e-014 1.000000e+000 2.266532e-014
    outer loop
      vertex   -8.156704e-002 5.060000e+000 1.788141e+000
      vertex   6.075888e-002 5.060000e+000 1.788969e+000
      vertex   -9.963810e-001 5.060000e+000 1.475000e+000
    endloop
  endfacet
  facet normal -5.348427e-015 1.000000e+000 -1.793855e-015
    outer loop
      vertex   -9.963810e-001 5.060000e+000 1.475000e+000
      vertex   6.075888e-002 5.060000e+000 1.788969e+000
      vertex   9.963810e-001 5.060000e+000 1.475000e+000
    endloop
  endfacet
  facet normal -6.683675e-015 1.000000e+000 -5.772878e-015
    outer loop
      vertex   9.963810e-001 5.060000e+000 1.475000e+000
      vertex   6.075888e-002 5.060000e+000 1.788969e+000
      vertex   2.027007e-001 5.060000e+000 1.778486e+000
    endloop
  endfacet
  facet normal -7.560062e-015 1.000000e+000 -8.064814e-015
    outer loop
      vertex   3.433609e-001 5.060000e+000 1.756759e+000
      vertex   9.963810e-001 5.060000e+000 1.475000e+000
      vertex   2.027007e-001 5.060000e+000 1.778486e+000
    endloop
  endfacet
  facet normal -9.258749e-015 1.000000e+000 -1.200178e-014
    outer loop
      vertex   3.433609e-001 5.060000e+000 1.756759e+000
      vertex   4.818503e-001 5.060000e+000 1.723926e+000
      vertex   9.963810e-001 5.060000e+000 1.475000e+000
    endloop
  endfacet
  facet normal -3.250528e-014 1.000000e+000 -6.005244e-014
    outer loop
      vertex   9.963810e-001 5.060000e+000 1.475000e+000
      vertex   4.818503e-001 5.060000e+000 1.723926e+000
      vertex   6.172933e-001 5.060000e+000 1.680193e+000
    endloop
  endfacet
  facet normal -2.854007e-014 1.000000e+000 -5.272686e-014
    outer loop
      vertex   7.488335e-001 5.060000e+000 1.625838e+000
      vertex   9.963810e-001 5.060000e+000 1.475000e+000
      vertex   6.172933e-001 5.060000e+000 1.680193e+000
    endloop
  endfacet
  facet normal -6.120144e-014 1.000000e+000 -1.063291e-013
    outer loop
      vertex   7.488335e-001 5.060000e+000 1.625838e+000
      vertex   8.756394e-001 5.060000e+000 1.561203e+000
      vertex   9.963810e-001 5.060000e+000 1.475000e+000
    endloop
  endfacet
  facet normal -1.432845e-013 1.000000e+000 -2.212997e-013
    outer loop
      vertex   9.963810e-001 5.060000e+000 1.475000e+000
      vertex   8.756394e-001 5.060000e+000 1.561203e+000
      vertex   9.969093e-001 5.060000e+000 1.486698e+000
    endloop
  endfacet
  facet normal -1.684047e-013 1.000000e+000 -2.201652e-013
    outer loop
      vertex   1.111876e+000 5.060000e+000 1.402794e+000
      vertex   9.963810e-001 5.060000e+000 1.475000e+000
      vertex   9.969093e-001 5.060000e+000 1.486698e+000
    endloop
  endfacet
  facet normal -2.539494e-014 1.000000e+000 8.582622e-015
    outer loop
      vertex   1.111876e+000 5.060000e+000 1.402794e+000
      vertex   1.108474e+000 5.060000e+000 1.392726e+000
      vertex   9.963810e-001 5.060000e+000 1.475000e+000
    endloop
  endfacet
  facet normal -6.376397e-015 1.000000e+000 2.155005e-015
    outer loop
      vertex   1.111876e+000 5.060000e+000 1.402794e+000
      vertex   1.219814e+000 5.060000e+000 1.310021e+000
      vertex   1.108474e+000 5.060000e+000 1.392726e+000
    endloop
  endfacet
  facet normal -5.134913e-015 1.000000e+000 3.826322e-015
    outer loop
      vertex   1.108474e+000 5.060000e+000 1.392726e+000
      vertex   1.219814e+000 5.060000e+000 1.310021e+000
      vertex   1.213802e+000 5.060000e+000 1.301954e+000
    endloop
  endfacet
  facet normal -5.179431e-015 1.000000e+000 3.859496e-015
    outer loop
      vertex   1.213802e+000 5.060000e+000 1.301954e+000
      vertex   1.219814e+000 5.060000e+000 1.310021e+000
      vertex   1.311725e+000 5.060000e+000 1.203237e+000
    endloop
  endfacet
  facet normal -3.597297e-015 1.000000e+000 5.221266e-015
    outer loop
      vertex   1.311725e+000 5.060000e+000 1.203237e+000
      vertex   1.219814e+000 5.060000e+000 1.310021e+000
      vertex   1.320039e+000 5.060000e+000 1.208965e+000
    endloop
  endfacet
  facet normal -1.958324e-015 1.000000e+000 6.515681e-015
    outer loop
      vertex   1.401642e+000 5.060000e+000 1.097178e+000
      vertex   1.320039e+000 5.060000e+000 1.208965e+000
      vertex   1.411919e+000 5.060000e+000 1.100266e+000
    endloop
  endfacet
  facet normal -1.200372e-016 1.000000e+000 7.593435e-015
    outer loop
      vertex   1.483007e+000 5.060000e+000 9.844233e-001
      vertex   1.411919e+000 5.060000e+000 1.100266e+000
      vertex   1.494872e+000 5.060000e+000 9.846109e-001
    endloop
  endfacet
  facet normal -7.682545e-014 1.000000e+000 -3.904357e-014
    outer loop
      vertex   1.555323e+000 5.060000e+000 8.656621e-001
      vertex   1.494872e+000 5.060000e+000 9.846109e-001
      vertex   1.568374e+000 5.060000e+000 8.627306e-001
    endloop
  endfacet
  facet normal -0.000000e+000 1.000000e+000 -0.000000e+000
    outer loop
      vertex   1.618148e+000 5.060000e+000 7.416185e-001
      vertex   1.568374e+000 5.060000e+000 8.627306e-001
      vertex   1.631960e+000 5.060000e+000 7.353958e-001
    endloop
  endfacet
  facet normal 6.333786e-015 1.000000e+000 9.285728e-015
    outer loop
      vertex   1.671099e+000 5.060000e+000 6.130495e-001
      vertex   1.631960e+000 5.060000e+000 7.353958e-001
      vertex   1.685228e+000 5.060000e+000 6.034116e-001
    endloop
  endfacet
  facet normal -0.000000e+000 1.000000e+000 -0.000000e+000
    outer loop
      vertex   1.713852e+000 5.060000e+000 4.807396e-001
      vertex   1.685228e+000 5.060000e+000 6.034116e-001
      vertex   1.727842e+000 5.060000e+000 4.676124e-001
    endloop
  endfacet
  facet normal -0.000000e+000 1.000000e+000 -0.000000e+000
    outer loop
      vertex   1.746148e+000 5.060000e+000 3.454963e-001
      vertex   1.727842e+000 5.060000e+000 4.676124e-001
      vertex   1.759532e+000 5.060000e+000 3.288569e-001
    endloop
  endfacet
  facet normal -8.123866e-014 1.000000e+000 -5.556450e-015
    outer loop
      vertex   1.767788e+000 5.060000e+000 2.081447e-001
      vertex   1.759532e+000 5.060000e+000 3.288569e-001
      vertex   1.780098e+000 5.060000e+000 1.880222e-001
    endloop
  endfacet
  facet normal -0.000000e+000 1.000000e+000 0.000000e+000
    outer loop
      vertex   1.778642e+000 5.060000e+000 6.952297e-002
      vertex   1.780098e+000 5.060000e+000 1.880222e-001
      vertex   1.789409e+000 5.060000e+000 4.599877e-002
    endloop
  endfacet
  facet normal -0.000000e+000 1.000000e+000 0.000000e+000
    outer loop
      vertex   1.778642e+000 5.060000e+000 -6.952297e-002
      vertex   1.789409e+000 5.060000e+000 4.599877e-002
      vertex   1.787407e+000 5.060000e+000 -9.631547e-002
    endloop
  endfacet
  facet normal -2.053136e-014 1.000000e+000 -4.340408e-015
    outer loop
      vertex   1.767788e+000 5.060000e+000 -2.081447e-001
      vertex   1.787407e+000 5.060000e+000 -9.631547e-002
      vertex   1.774104e+000 5.060000e+000 -2.380208e-001
    endloop
  endfacet
  facet normal -0.000000e+000 1.000000e+000 0.000000e+000
    outer loop
      vertex   1.746148e+000 5.060000e+000 -3.454963e-001
      vertex   1.774104e+000 5.060000e+000 -2.380208e-001
      vertex   1.749585e+000 5.060000e+000 -3.782212e-001
    endloop
  endfacet
  facet normal -0.000000e+000 1.000000e+000 0.000000e+000
    outer loop
      vertex   1.713852e+000 5.060000e+000 -4.807396e-001
      vertex   1.749585e+000 5.060000e+000 -3.782212e-001
      vertex   1.714005e+000 5.060000e+000 -5.160305e-001
    endloop
  endfacet
  facet normal 6.787335e-014 1.000000e+000 -3.001673e-014
    outer loop
      vertex   1.671099e+000 5.060000e+000 -6.130495e-001
      vertex   1.714005e+000 5.060000e+000 -5.160305e-001
      vertex   1.667588e+000 5.060000e+000 -6.505772e-001
    endloop
  endfacet
  facet normal -0.000000e+000 1.000000e+000 0.000000e+000
    outer loop
      vertex   1.618148e+000 5.060000e+000 -7.416185e-001
      vertex   1.667588e+000 5.060000e+000 -6.505772e-001
      vertex   1.610628e+000 5.060000e+000 -7.810107e-001
    endloop
  endfacet
  facet normal -2.886438e-014 1.000000e+000 8.365698e-015
    outer loop
      vertex   1.555323e+000 5.060000e+000 -8.656621e-001
      vertex   1.610628e+000 5.060000e+000 -7.810107e-001
      vertex   1.543485e+000 5.060000e+000 -9.065065e-001
    endloop
  endfacet
  facet normal -0.000000e+000 1.000000e+000 0.000000e+000
    outer loop
      vertex   1.483007e+000 5.060000e+000 -9.844233e-001
      vertex   1.543485e+000 5.060000e+000 -9.065065e-001
      vertex   1.466584e+000 5.060000e+000 -1.026271e+000
    endloop
  endfacet
  facet normal -3.020119e-014 1.000000e+000 1.513438e-014
    outer loop
      vertex   1.401642e+000 5.060000e+000 -1.097178e+000
      vertex   1.466584e+000 5.060000e+000 -1.026271e+000
      vertex   1.380410e+000 5.060000e+000 -1.139547e+000
    endloop
  endfacet
  facet normal -3.032304e-014 1.000000e+000 1.875626e-014
    outer loop
      vertex   1.311725e+000 5.060000e+000 -1.203237e+000
      vertex   1.380410e+000 5.060000e+000 -1.139547e+000
      vertex   1.285509e+000 5.060000e+000 -1.245619e+000
    endloop
  endfacet
  facet normal -3.005101e-014 1.000000e+000 2.248481e-014
    outer loop
      vertex   1.213802e+000 5.060000e+000 -1.301954e+000
      vertex   1.285509e+000 5.060000e+000 -1.245619e+000
      vertex   1.182481e+000 5.060000e+000 -1.343815e+000
    endloop
  endfacet
  facet normal -2.936816e-014 1.000000e+000 2.627785e-014
    outer loop
      vertex   1.108474e+000 5.060000e+000 -1.392726e+000
      vertex   1.182481e+000 5.060000e+000 -1.343815e+000
      vertex   1.071977e+000 5.060000e+000 -1.433515e+000
    endloop
  endfacet
  facet normal 1.463612e-013 1.000000e+000 -2.238878e-013
    outer loop
      vertex   9.963810e-001 5.060000e+000 -1.475000e+000
      vertex   1.071977e+000 5.060000e+000 -1.433515e+000
      vertex   9.546949e-001 5.060000e+000 -1.514152e+000
    endloop
  endfacet
  facet normal 8.284843e-014 1.000000e+000 -1.562650e-013
    outer loop
      vertex   8.313773e-001 5.060000e+000 -1.585217e+000
      vertex   9.963810e-001 5.060000e+000 -1.475000e+000
      vertex   9.546949e-001 5.060000e+000 -1.514152e+000
    endloop
  endfacet
  facet normal 2.902595e-014 1.000000e+000 -7.568822e-014
    outer loop
      vertex   8.313773e-001 5.060000e+000 -1.585217e+000
      vertex   7.028035e-001 5.060000e+000 -1.646259e+000
      vertex   9.963810e-001 5.060000e+000 -1.475000e+000
    endloop
  endfacet
  facet normal -1.002568e-014 1.000000e+000 -8.744552e-015
    outer loop
      vertex   9.963810e-001 5.060000e+000 -1.475000e+000
      vertex   7.028035e-001 5.060000e+000 -1.646259e+000
      vertex   5.697863e-001 5.060000e+000 -1.696892e+000
    endloop
  endfacet
  facet normal 3.838747e-015 1.000000e+000 -3.539932e-014
    outer loop
      vertex   4.331667e-001 5.060000e+000 -1.736798e+000
      vertex   9.963810e-001 5.060000e+000 -1.475000e+000
      vertex   5.697863e-001 5.060000e+000 -1.696892e+000
    endloop
  endfacet
  facet normal -1.337092e-015 1.000000e+000 -2.426437e-014
    outer loop
      vertex   4.331667e-001 5.060000e+000 -1.736798e+000
      vertex   2.938085e-001 5.060000e+000 -1.765723e+000
      vertex   9.963810e-001 5.060000e+000 -1.475000e+000
    endloop
  endfacet
  facet normal -1.310366e-014 1.000000e+000 4.171215e-015
    outer loop
      vertex   9.963810e-001 5.060000e+000 -1.475000e+000
      vertex   2.938085e-001 5.060000e+000 -1.765723e+000
      vertex   1.525928e-001 5.060000e+000 -1.783484e+000
    endloop
  endfacet
  facet normal -5.486739e-015 1.000000e+000 -1.666315e-014
    outer loop
      vertex   1.041232e-002 5.060000e+000 -1.789970e+000
      vertex   9.963810e-001 5.060000e+000 -1.475000e+000
      vertex   1.525928e-001 5.060000e+000 -1.783484e+000
    endloop
  endfacet
  facet normal -9.805449e-015 1.000000e+000 -3.144035e-015
    outer loop
      vertex   1.041232e-002 5.060000e+000 -1.789970e+000
      vertex   -9.963810e-001 5.060000e+000 -1.475000e+000
      vertex   9.963810e-001 5.060000e+000 -1.475000e+000
    endloop
  endfacet
  facet normal -5.930001e-015 1.000000e+000 9.243743e-015
    outer loop
      vertex   1.041232e-002 5.060000e+000 -1.789970e+000
      vertex   -1.318340e-001 5.060000e+000 -1.785139e+000
      vertex   -9.963810e-001 5.060000e+000 -1.475000e+000
    endloop
  endfacet
  facet normal -1.410540e-014 1.000000e+000 -1.354612e-014
    outer loop
      vertex   -9.963810e-001 5.060000e+000 -1.475000e+000
      vertex   -1.318340e-001 5.060000e+000 -1.785139e+000
      vertex   -2.732468e-001 5.060000e+000 -1.769021e+000
    endloop
  endfacet
  facet normal -4.285611e-015 1.000000e+000 1.060528e-014
    outer loop
      vertex   -4.129321e-001 5.060000e+000 -1.741720e+000
      vertex   -9.963810e-001 5.060000e+000 -1.475000e+000
      vertex   -2.732468e-001 5.060000e+000 -1.769021e+000
    endloop
  endfacet
  facet normal -2.303151e-015 1.000000e+000 1.494191e-014
    outer loop
      vertex   -4.129321e-001 5.060000e+000 -1.741720e+000
      vertex   -5.500066e-001 5.060000e+000 -1.703406e+000
      vertex   -9.963810e-001 5.060000e+000 -1.475000e+000
    endloop
  endfacet
  facet normal 1.755493e-015 1.000000e+000 2.287372e-014
    outer loop
      vertex   -9.963810e-001 5.060000e+000 -1.475000e+000
      vertex   -5.500066e-001 5.060000e+000 -1.703406e+000
      vertex   -6.836039e-001 5.060000e+000 -1.654323e+000
    endloop
  endfacet
  facet normal -2.347305e-014 1.000000e+000 -2.113008e-014
    outer loop
      vertex   -8.128792e-001 5.060000e+000 -1.594781e+000
      vertex   -9.963810e-001 5.060000e+000 -1.475000e+000
      vertex   -6.836039e-001 5.060000e+000 -1.654323e+000
    endloop
  endfacet
  facet normal 8.261805e-015 1.000000e+000 2.748686e-014
    outer loop
      vertex   -8.128792e-001 5.060000e+000 -1.594781e+000
      vertex   -9.370152e-001 5.060000e+000 -1.525157e+000
      vertex   -9.963810e-001 5.060000e+000 -1.475000e+000
    endloop
  endfacet
  facet normal 2.113518e-014 1.000000e+000 4.272391e-014
    outer loop
      vertex   -9.963810e-001 5.060000e+000 -1.475000e+000
      vertex   -9.370152e-001 5.060000e+000 -1.525157e+000
      vertex   -1.055227e+000 5.060000e+000 -1.445889e+000
    endloop
  endfacet
  facet normal -3.862831e-014 1.000000e+000 -3.868896e-014
    outer loop
      vertex   -1.108474e+000 5.060000e+000 -1.392726e+000
      vertex   -1.055227e+000 5.060000e+000 -1.445889e+000
      vertex   -1.166767e+000 5.060000e+000 -1.357481e+000
    endloop
  endfacet
  facet normal -4.036118e-014 1.000000e+000 -3.418864e-014
    outer loop
      vertex   -1.213802e+000 5.060000e+000 -1.301954e+000
      vertex   -1.166767e+000 5.060000e+000 -1.357481e+000
      vertex   -1.270931e+000 5.060000e+000 -1.260490e+000
    endloop
  endfacet
  facet normal -4.161470e-014 1.000000e+000 -2.965102e-014
    outer loop
      vertex   -1.311725e+000 5.060000e+000 -1.203237e+000
      vertex   -1.270931e+000 5.060000e+000 -1.260490e+000
      vertex   -1.367060e+000 5.060000e+000 -1.155529e+000
    endloop
  endfacet
  facet normal 0.000000e+000 1.000000e+000 0.000000e+000
    outer loop
      vertex   -1.401642e+000 5.060000e+000 -1.097178e+000
      vertex   -1.367060e+000 5.060000e+000 -1.155529e+000
      vertex   -1.454545e+000 5.060000e+000 -1.043263e+000
    endloop
  endfacet
  facet normal 4.357228e-014 1.000000e+000 3.617164e-014
    outer loop
      vertex   -1.483007e+000 5.060000e+000 -9.844233e-001
      vertex   -1.454545e+000 5.060000e+000 -1.043263e+000
      vertex   -1.532835e+000 5.060000e+000 -9.244015e-001
    endloop
  endfacet
  facet normal -4.258867e-014 1.000000e+000 -1.630499e-014
    outer loop
      vertex   -1.555323e+000 5.060000e+000 -8.656621e-001
      vertex   -1.532835e+000 5.060000e+000 -9.244015e-001
      vertex   -1.601433e+000 5.060000e+000 -7.996954e-001
    endloop
  endfacet
  facet normal 0.000000e+000 1.000000e+000 0.000000e+000
    outer loop
      vertex   -1.618148e+000 5.060000e+000 -7.416185e-001
      vertex   -1.601433e+000 5.060000e+000 -7.996954e-001
      vertex   -1.659906e+000 5.060000e+000 -6.699333e-001
    endloop
  endfacet
  facet normal 5.570540e-014 1.000000e+000 2.657415e-014
    outer loop
      vertex   -1.671099e+000 5.060000e+000 -6.130495e-001
      vertex   -1.659906e+000 5.060000e+000 -6.699333e-001
      vertex   -1.707886e+000 5.060000e+000 -5.359357e-001
    endloop
  endfacet
  facet normal 0.000000e+000 1.000000e+000 0.000000e+000
    outer loop
      vertex   -1.713852e+000 5.060000e+000 -4.807396e-001
      vertex   -1.707886e+000 5.060000e+000 -5.359357e-001
      vertex   -1.745067e+000 5.060000e+000 -3.985498e-001
    endloop
  endfacet
  facet normal 0.000000e+000 1.000000e+000 0.000000e+000
    outer loop
      vertex   -1.746148e+000 5.060000e+000 -3.454963e-001
      vertex   -1.745067e+000 5.060000e+000 -3.985498e-001
      vertex   -1.771215e+000 5.060000e+000 -2.586440e-001
    endloop
  endfacet
  facet normal -3.617104e-014 1.000000e+000 2.454509e-015
    outer loop
      vertex   -1.767788e+000 5.060000e+000 -2.081447e-001
      vertex   -1.771215e+000 5.060000e+000 -2.586440e-001
      vertex   -1.786165e+000 5.060000e+000 -1.171031e-001
    endloop
  endfacet
  facet normal 0.000000e+000 1.000000e+000 0.000000e+000
    outer loop
      vertex   -1.778642e+000 5.060000e+000 -6.952297e-002
      vertex   -1.786165e+000 5.060000e+000 -1.171031e-001
      vertex   -1.789823e+000 5.060000e+000 2.517826e-002
    endloop
  endfacet
  facet normal 0.000000e+000 1.000000e+000 -0.000000e+000
    outer loop
      vertex   -1.778642e+000 5.060000e+000 6.952297e-002
      vertex   -1.789823e+000 5.060000e+000 2.517826e-002
      vertex   -1.782165e+000 5.060000e+000 1.673004e-001
    endloop
  endfacet
  facet normal -7.092927e-014 1.000000e+000 3.219887e-015
    outer loop
      vertex   -1.767788e+000 5.060000e+000 2.081447e-001
      vertex   -1.782165e+000 5.060000e+000 1.673004e-001
      vertex   -1.763239e+000 5.060000e+000 3.083648e-001
    endloop
  endfacet
  facet normal 0.000000e+000 1.000000e+000 -0.000000e+000
    outer loop
      vertex   -1.746148e+000 5.060000e+000 3.454963e-001
      vertex   -1.763239e+000 5.060000e+000 3.083648e-001
      vertex   -1.733165e+000 5.060000e+000 4.474796e-001
    endloop
  endfacet
  facet normal 0.000000e+000 1.000000e+000 -0.000000e+000
    outer loop
      vertex   -1.713852e+000 5.060000e+000 4.807396e-001
      vertex   -1.733165e+000 5.060000e+000 4.474796e-001
      vertex   -1.692134e+000 5.060000e+000 5.837653e-001
    endloop
  endfacet
  facet normal 2.040976e-014 1.000000e+000 -1.466091e-014
    outer loop
      vertex   -1.671099e+000 5.060000e+000 6.130495e-001
      vertex   -1.692134e+000 5.060000e+000 5.837653e-001
      vertex   -1.640405e+000 5.060000e+000 7.163603e-001
    endloop
  endfacet
  facet normal 0.000000e+000 1.000000e+000 -0.000000e+000
    outer loop
      vertex   -1.618148e+000 5.060000e+000 7.416185e-001
      vertex   -1.640405e+000 5.060000e+000 7.163603e-001
      vertex   -1.578304e+000 5.060000e+000 8.444262e-001
    endloop
  endfacet
  facet normal -6.988958e-014 1.000000e+000 3.380994e-014
    outer loop
      vertex   -1.555323e+000 5.060000e+000 8.656621e-001
      vertex   -1.578304e+000 5.060000e+000 8.444262e-001
      vertex   -1.506225e+000 5.060000e+000 9.671534e-001
    endloop
  endfacet
  facet normal 1.181511e-014 1.000000e+000 -1.588435e-014
    outer loop
      vertex   -1.483007e+000 5.060000e+000 9.844233e-001
      vertex   -1.506225e+000 5.060000e+000 9.671534e-001
      vertex   -1.424623e+000 5.060000e+000 1.083766e+000
    endloop
  endfacet
  facet normal 9.112709e-015 1.000000e+000 -1.561462e-014
    outer loop
      vertex   -1.401642e+000 5.060000e+000 1.097178e+000
      vertex   -1.424623e+000 5.060000e+000 1.083766e+000
      vertex   -1.334014e+000 5.060000e+000 1.193527e+000
    endloop
  endfacet
  facet normal 6.550442e-015 1.000000e+000 -1.503651e-014
    outer loop
      vertex   -1.311725e+000 5.060000e+000 1.203237e+000
      vertex   -1.334014e+000 5.060000e+000 1.193527e+000
      vertex   -1.234972e+000 5.060000e+000 1.295741e+000
    endloop
  endfacet
  facet normal 4.159499e-015 1.000000e+000 -1.417344e-014
    outer loop
      vertex   -1.213802e+000 5.060000e+000 1.301954e+000
      vertex   -1.234972e+000 5.060000e+000 1.295741e+000
      vertex   -1.128121e+000 5.060000e+000 1.389764e+000
    endloop
  endfacet
  facet normal 9.839251e-015 1.000000e+000 -6.525874e-014
    outer loop
      vertex   -1.108474e+000 5.060000e+000 1.392726e+000
      vertex   -1.128121e+000 5.060000e+000 1.389764e+000
      vertex   -1.014138e+000 5.060000e+000 1.475000e+000
    endloop
  endfacet
  facet normal 5.001958e-014 1.000000e+000 -1.113299e-013
    outer loop
      vertex   -9.963810e-001 5.060000e+000 1.475000e+000
      vertex   -1.108474e+000 5.060000e+000 1.392726e+000
      vertex   -1.014138e+000 5.060000e+000 1.475000e+000
    endloop
  endfacet
  facet normal -3.642216e-015 1.000000e+000 5.286464e-015
    outer loop
      vertex   1.311725e+000 5.060000e+000 1.203237e+000
      vertex   1.320039e+000 5.060000e+000 1.208965e+000
      vertex   1.401642e+000 5.060000e+000 1.097178e+000
    endloop
  endfacet
  facet normal -1.945550e-015 1.000000e+000 6.473182e-015
    outer loop
      vertex   1.401642e+000 5.060000e+000 1.097178e+000
      vertex   1.411919e+000 5.060000e+000 1.100266e+000
      vertex   1.483007e+000 5.060000e+000 9.844233e-001
    endloop
  endfacet
  facet normal -0.000000e+000 1.000000e+000 0.000000e+000
    outer loop
      vertex   1.483007e+000 5.060000e+000 9.844233e-001
      vertex   1.494872e+000 5.060000e+000 9.846109e-001
      vertex   1.555323e+000 5.060000e+000 8.656621e-001
    endloop
  endfacet
  facet normal -7.497681e-014 1.000000e+000 -3.081360e-014
    outer loop
      vertex   1.555323e+000 5.060000e+000 8.656621e-001
      vertex   1.568374e+000 5.060000e+000 8.627306e-001
      vertex   1.618148e+000 5.060000e+000 7.416185e-001
    endloop
  endfacet
  facet normal 3.821336e-015 1.000000e+000 8.481993e-015
    outer loop
      vertex   1.618148e+000 5.060000e+000 7.416185e-001
      vertex   1.631960e+000 5.060000e+000 7.353958e-001
      vertex   1.671099e+000 5.060000e+000 6.130495e-001
    endloop
  endfacet
  facet normal 0.000000e+000 1.000000e+000 0.000000e+000
    outer loop
      vertex   1.671099e+000 5.060000e+000 6.130495e-001
      vertex   1.685228e+000 5.060000e+000 6.034116e-001
      vertex   1.713852e+000 5.060000e+000 4.807396e-001
    endloop
  endfacet
  facet normal 0.000000e+000 1.000000e+000 0.000000e+000
    outer loop
      vertex   1.713852e+000 5.060000e+000 4.807396e-001
      vertex   1.727842e+000 5.060000e+000 4.676124e-001
      vertex   1.746148e+000 5.060000e+000 3.454963e-001
    endloop
  endfacet
  facet normal 0.000000e+000 1.000000e+000 0.000000e+000
    outer loop
      vertex   1.746148e+000 5.060000e+000 3.454963e-001
      vertex   1.759532e+000 5.060000e+000 3.288569e-001
      vertex   1.767788e+000 5.060000e+000 2.081447e-001
    endloop
  endfacet
  facet normal -7.073462e-014 1.000000e+000 8.690448e-016
    outer loop
      vertex   1.767788e+000 5.060000e+000 2.081447e-001
      vertex   1.780098e+000 5.060000e+000 1.880222e-001
      vertex   1.778642e+000 5.060000e+000 6.952297e-002
    endloop
  endfacet
  facet normal 0.000000e+000 1.000000e+000 0.000000e+000
    outer loop
      vertex   1.778642e+000 5.060000e+000 6.952297e-002
      vertex   1.789409e+000 5.060000e+000 4.599877e-002
      vertex   1.778642e+000 5.060000e+000 -6.952297e-002
    endloop
  endfacet
  facet normal -1.580301e-014 1.000000e+000 -5.169914e-015
    outer loop
      vertex   1.778642e+000 5.060000e+000 -6.952297e-002
      vertex   1.787407e+000 5.060000e+000 -9.631547e-002
      vertex   1.767788e+000 5.060000e+000 -2.081447e-001
    endloop
  endfacet
  facet normal 0.000000e+000 1.000000e+000 0.000000e+000
    outer loop
      vertex   1.767788e+000 5.060000e+000 -2.081447e-001
      vertex   1.774104e+000 5.060000e+000 -2.380208e-001
      vertex   1.746148e+000 5.060000e+000 -3.454963e-001
    endloop
  endfacet
  facet normal 0.000000e+000 1.000000e+000 0.000000e+000
    outer loop
      vertex   1.746148e+000 5.060000e+000 -3.454963e-001
      vertex   1.749585e+000 5.060000e+000 -3.782212e-001
      vertex   1.713852e+000 5.060000e+000 -4.807396e-001
    endloop
  endfacet
  facet normal 0.000000e+000 1.000000e+000 0.000000e+000
    outer loop
      vertex   1.713852e+000 5.060000e+000 -4.807396e-001
      vertex   1.714005e+000 5.060000e+000 -5.160305e-001
      vertex   1.671099e+000 5.060000e+000 -6.130495e-001
    endloop
  endfacet
  facet normal 5.265205e-014 1.000000e+000 -2.859280e-014
    outer loop
      vertex   1.671099e+000 5.060000e+000 -6.130495e-001
      vertex   1.667588e+000 5.060000e+000 -6.505772e-001
      vertex   1.618148e+000 5.060000e+000 -7.416185e-001
    endloop
  endfacet
  facet normal -2.268919e-014 1.000000e+000 4.331271e-015
    outer loop
      vertex   1.618148e+000 5.060000e+000 -7.416185e-001
      vertex   1.610628e+000 5.060000e+000 -7.810107e-001
      vertex   1.555323e+000 5.060000e+000 -8.656621e-001
    endloop
  endfacet
  facet normal 0.000000e+000 1.000000e+000 0.000000e+000
    outer loop
      vertex   1.555323e+000 5.060000e+000 -8.656621e-001
      vertex   1.543485e+000 5.060000e+000 -9.065065e-001
      vertex   1.483007e+000 5.060000e+000 -9.844233e-001
    endloop
  endfacet
  facet normal -2.393158e-014 1.000000e+000 9.392223e-015
    outer loop
      vertex   1.483007e+000 5.060000e+000 -9.844233e-001
      vertex   1.466584e+000 5.060000e+000 -1.026271e+000
      vertex   1.401642e+000 5.060000e+000 -1.097178e+000
    endloop
  endfacet
  facet normal -2.415524e-014 1.000000e+000 1.210465e-014
    outer loop
      vertex   1.401642e+000 5.060000e+000 -1.097178e+000
      vertex   1.380410e+000 5.060000e+000 -1.139547e+000
      vertex   1.311725e+000 5.060000e+000 -1.203237e+000
    endloop
  endfacet
  facet normal -2.409544e-014 1.000000e+000 1.490419e-014
    outer loop
      vertex   1.311725e+000 5.060000e+000 -1.203237e+000
      vertex   1.285509e+000 5.060000e+000 -1.245619e+000
      vertex   1.213802e+000 5.060000e+000 -1.301954e+000
    endloop
  endfacet
  facet normal -2.374116e-014 1.000000e+000 1.776365e-014
    outer loop
      vertex   1.213802e+000 5.060000e+000 -1.301954e+000
      vertex   1.182481e+000 5.060000e+000 -1.343815e+000
      vertex   1.108474e+000 5.060000e+000 -1.392726e+000
    endloop
  endfacet
  facet normal 4.616759e-014 1.000000e+000 -4.130953e-014
    outer loop
      vertex   1.108474e+000 5.060000e+000 -1.392726e+000
      vertex   1.071977e+000 5.060000e+000 -1.433515e+000
      vertex   9.963810e-001 5.060000e+000 -1.475000e+000
    endloop
  endfacet
  facet normal 0.000000e+000 1.000000e+000 0.000000e+000
    outer loop
      vertex   -9.963810e-001 5.060000e+000 -1.475000e+000
      vertex   -1.055227e+000 5.060000e+000 -1.445889e+000
      vertex   -1.108474e+000 5.060000e+000 -1.392726e+000
    endloop
  endfacet
  facet normal -3.123159e-014 1.000000e+000 -2.645525e-014
    outer loop
      vertex   -1.108474e+000 5.060000e+000 -1.392726e+000
      vertex   -1.166767e+000 5.060000e+000 -1.357481e+000
      vertex   -1.213802e+000 5.060000e+000 -1.301954e+000
    endloop
  endfacet
  facet normal -3.219795e-014 1.000000e+000 -2.294146e-014
    outer loop
      vertex   -1.213802e+000 5.060000e+000 -1.301954e+000
      vertex   -1.270931e+000 5.060000e+000 -1.260490e+000
      vertex   -1.311725e+000 5.060000e+000 -1.203237e+000
    endloop
  endfacet
  facet normal -3.282161e-014 1.000000e+000 -1.945206e-014
    outer loop
      vertex   -1.311725e+000 5.060000e+000 -1.203237e+000
      vertex   -1.367060e+000 5.060000e+000 -1.155529e+000
      vertex   -1.401642e+000 5.060000e+000 -1.097178e+000
    endloop
  endfacet
  facet normal 3.034021e-014 1.000000e+000 2.977101e-014
    outer loop
      vertex   -1.401642e+000 5.060000e+000 -1.097178e+000
      vertex   -1.454545e+000 5.060000e+000 -1.043263e+000
      vertex   -1.483007e+000 5.060000e+000 -9.844233e-001
    endloop
  endfacet
  facet normal 0.000000e+000 1.000000e+000 0.000000e+000
    outer loop
      vertex   -1.483007e+000 5.060000e+000 -9.844233e-001
      vertex   -1.532835e+000 5.060000e+000 -9.244015e-001
      vertex   -1.555323e+000 5.060000e+000 -8.656621e-001
    endloop
  endfacet
  facet normal -3.274454e-014 1.000000e+000 -9.424049e-015
    outer loop
      vertex   -1.555323e+000 5.060000e+000 -8.656621e-001
      vertex   -1.601433e+000 5.060000e+000 -7.996954e-001
      vertex   -1.618148e+000 5.060000e+000 -7.416185e-001
    endloop
  endfacet
  facet normal 4.047404e-014 1.000000e+000 2.357732e-014
    outer loop
      vertex   -1.618148e+000 5.060000e+000 -7.416185e-001
      vertex   -1.659906e+000 5.060000e+000 -6.699333e-001
      vertex   -1.671099e+000 5.060000e+000 -6.130495e-001
    endloop
  endfacet
  facet normal 0.000000e+000 1.000000e+000 0.000000e+000
    outer loop
      vertex   -1.671099e+000 5.060000e+000 -6.130495e-001
      vertex   -1.707886e+000 5.060000e+000 -5.359357e-001
      vertex   -1.713852e+000 5.060000e+000 -4.807396e-001
    endloop
  endfacet
  facet normal 0.000000e+000 1.000000e+000 0.000000e+000
    outer loop
      vertex   -1.713852e+000 5.060000e+000 -4.807396e-001
      vertex   -1.745067e+000 5.060000e+000 -3.985498e-001
      vertex   -1.746148e+000 5.060000e+000 -3.454963e-001
    endloop
  endfacet
  facet normal 0.000000e+000 1.000000e+000 -0.000000e+000
    outer loop
      vertex   -1.746148e+000 5.060000e+000 -3.454963e-001
      vertex   -1.771215e+000 5.060000e+000 -2.586440e-001
      vertex   -1.767788e+000 5.060000e+000 -2.081447e-001
    endloop
  endfacet
  facet normal -2.710088e-014 1.000000e+000 4.285347e-015
    outer loop
      vertex   -1.767788e+000 5.060000e+000 -2.081447e-001
      vertex   -1.786165e+000 5.060000e+000 -1.171031e-001
      vertex   -1.778642e+000 5.060000e+000 -6.952297e-002
    endloop
  endfacet
  facet normal 0.000000e+000 1.000000e+000 -0.000000e+000
    outer loop
      vertex   -1.778642e+000 5.060000e+000 -6.952297e-002
      vertex   -1.789823e+000 5.060000e+000 2.517826e-002
      vertex   -1.778642e+000 5.060000e+000 6.952297e-002
    endloop
  endfacet
  facet normal -5.604442e-014 1.000000e+000 -2.019214e-015
    outer loop
      vertex   -1.778642e+000 5.060000e+000 6.952297e-002
      vertex   -1.782165e+000 5.060000e+000 1.673004e-001
      vertex   -1.767788e+000 5.060000e+000 2.081447e-001
    endloop
  endfacet
  facet normal 0.000000e+000 1.000000e+000 0.000000e+000
    outer loop
      vertex   -1.767788e+000 5.060000e+000 2.081447e-001
      vertex   -1.763239e+000 5.060000e+000 3.083648e-001
      vertex   -1.746148e+000 5.060000e+000 3.454963e-001
    endloop
  endfacet
  facet normal 0.000000e+000 1.000000e+000 0.000000e+000
    outer loop
      vertex   -1.746148e+000 5.060000e+000 3.454963e-001
      vertex   -1.733165e+000 5.060000e+000 4.474796e-001
      vertex   -1.713852e+000 5.060000e+000 4.807396e-001
    endloop
  endfacet
  facet normal 0.000000e+000 1.000000e+000 0.000000e+000
    outer loop
      vertex   -1.713852e+000 5.060000e+000 4.807396e-001
      vertex   -1.692134e+000 5.060000e+000 5.837653e-001
      vertex   -1.671099e+000 5.060000e+000 6.130495e-001
    endloop
  endfacet
  facet normal 1.471906e-014 1.000000e+000 -1.297019e-014
    outer loop
      vertex   -1.671099e+000 5.060000e+000 6.130495e-001
      vertex   -1.640405e+000 5.060000e+000 7.163603e-001
      vertex   -1.618148e+000 5.060000e+000 7.416185e-001
    endloop
  endfacet
  facet normal -6.020980e-014 1.000000e+000 2.333449e-014
    outer loop
      vertex   -1.618148e+000 5.060000e+000 7.416185e-001
      vertex   -1.578304e+000 5.060000e+000 8.444262e-001
      vertex   -1.555323e+000 5.060000e+000 8.656621e-001
    endloop
  endfacet
  facet normal 0.000000e+000 1.000000e+000 0.000000e+000
    outer loop
      vertex   -1.555323e+000 5.060000e+000 8.656621e-001
      vertex   -1.506225e+000 5.060000e+000 9.671534e-001
      vertex   -1.483007e+000 5.060000e+000 9.844233e-001
    endloop
  endfacet
  facet normal 7.941550e-015 1.000000e+000 -1.360784e-014
    outer loop
      vertex   -1.483007e+000 5.060000e+000 9.844233e-001
      vertex   -1.424623e+000 5.060000e+000 1.083766e+000
      vertex   -1.401642e+000 5.060000e+000 1.097178e+000
    endloop
  endfacet
  facet normal 5.784648e-015 1.000000e+000 -1.327864e-014
    outer loop
      vertex   -1.401642e+000 5.060000e+000 1.097178e+000
      vertex   -1.334014e+000 5.060000e+000 1.193527e+000
      vertex   -1.311725e+000 5.060000e+000 1.203237e+000
    endloop
  endfacet
  facet normal 3.724725e-015 1.000000e+000 -1.269195e-014
    outer loop
      vertex   -1.311725e+000 5.060000e+000 1.203237e+000
      vertex   -1.234972e+000 5.060000e+000 1.295741e+000
      vertex   -1.213802e+000 5.060000e+000 1.301954e+000
    endloop
  endfacet
  facet normal 1.788094e-015 1.000000e+000 -1.185951e-014
    outer loop
      vertex   -1.213802e+000 5.060000e+000 1.301954e+000
      vertex   -1.128121e+000 5.060000e+000 1.389764e+000
      vertex   -1.108474e+000 5.060000e+000 1.392726e+000
    endloop
  endfacet
endsolid